priority,stationId,sourceName,locPk,operator,sourcePk,evse,connectors,cacheAt,published,reason,sourcePriceSignature,nationalOwnerCount,nationalStations,localPdcCount,parentCandidates,refSources
"0","FRMGPP93079B","","964957","MGP","3569104","FR*MGP*E93079*B*B1*P1","IEC_62196_T2:22kW","2026-10-04T13:34:04.931Z","false","USER_CONFIRMED_AMBIGUITY|SOURCE_DUPLICATE_DIFFERENT_PRICING|COMPLEX_TIME_OR_DURATION_PRICING|UNPUBLISHED_DESPITE_EXACT_LOCAL_IRVE_ID|UNPUBLISHED_SOURCE_EVSE","e2309ad42ecc0cbe","1","FRMGPP93079B","5","0","2"
"0","FRMGPP93079B","","964957","MGP","3569111","FR*MGP*E93079*B*B1*P2","IEC_62196_T2:22kW","2026-10-04T13:34:04.931Z","false","USER_CONFIRMED_AMBIGUITY|SOURCE_DUPLICATE_DIFFERENT_PRICING|COMPLEX_TIME_OR_DURATION_PRICING|UNPUBLISHED_DESPITE_EXACT_LOCAL_IRVE_ID|UNPUBLISHED_SOURCE_EVSE","e2309ad42ecc0cbe","1","FRMGPP93079B","5","0","2"
"0","FRMGPP93079B","","964957","MGP","3569117","FR*MGP*E93079*B*B1*P3","IEC_62196_T2:22kW","2026-10-04T13:34:04.931Z","false","USER_CONFIRMED_AMBIGUITY|SOURCE_DUPLICATE_DIFFERENT_PRICING|COMPLEX_TIME_OR_DURATION_PRICING|UNPUBLISHED_DESPITE_EXACT_LOCAL_IRVE_ID|UNPUBLISHED_SOURCE_EVSE","e2309ad42ecc0cbe","1","FRMGPP93079B","5","0","2"
"0","FRMGPP93079B","","964957","MGP","3569123","FR*MGP*E93079*B*B1*P4","IEC_62196_T2:22kW","2026-10-04T13:34:04.931Z","false","USER_CONFIRMED_AMBIGUITY|SOURCE_DUPLICATE_DIFFERENT_PRICING|COMPLEX_TIME_OR_DURATION_PRICING|UNPUBLISHED_DESPITE_EXACT_LOCAL_IRVE_ID|UNPUBLISHED_SOURCE_EVSE","e2309ad42ecc0cbe","1","FRMGPP93079B","5","0","2"
"0","FRMGPP93079B","","964957","MGP","708484","FR*MGP*E93079*B*B1*P1","IEC_62196_T2:22kW","2026-10-04T13:34:04.931Z","false","USER_CONFIRMED_AMBIGUITY|SOURCE_DUPLICATE_DIFFERENT_PRICING|COMPLEX_TIME_OR_DURATION_PRICING|UNPUBLISHED_DESPITE_EXACT_LOCAL_IRVE_ID|UNPUBLISHED_SOURCE_EVSE","badced1faa914057","1","FRMGPP93079B","5","0","2"
"0","FRMGPP93079B","","964957","MGP","708487","FR*MGP*E93079*B*B1*P2","IEC_62196_T2:22kW","2026-10-04T13:34:04.931Z","false","USER_CONFIRMED_AMBIGUITY|SOURCE_DUPLICATE_DIFFERENT_PRICING|COMPLEX_TIME_OR_DURATION_PRICING|UNPUBLISHED_DESPITE_EXACT_LOCAL_IRVE_ID|UNPUBLISHED_SOURCE_EVSE","badced1faa914057","1","FRMGPP93079B","5","0","2"
"0","FRMGPP93079B","","964957","MGP","708489","FR*MGP*E93079*B*B1*P3","IEC_62196_T2:22kW","2026-10-04T13:34:04.931Z","false","USER_CONFIRMED_AMBIGUITY|SOURCE_DUPLICATE_DIFFERENT_PRICING|COMPLEX_TIME_OR_DURATION_PRICING|UNPUBLISHED_DESPITE_EXACT_LOCAL_IRVE_ID|UNPUBLISHED_SOURCE_EVSE","badced1faa914057","1","FRMGPP93079B","5","0","2"
"0","FRMGPP93079B","","964957","MGP","708491","FR*MGP*E93079*B*B1*P4","IEC_62196_T2:22kW","2026-10-04T13:34:04.931Z","false","USER_CONFIRMED_AMBIGUITY|SOURCE_DUPLICATE_DIFFERENT_PRICING|COMPLEX_TIME_OR_DURATION_PRICING|UNPUBLISHED_DESPITE_EXACT_LOCAL_IRVE_ID|UNPUBLISHED_SOURCE_EVSE","badced1faa914057","1","FRMGPP93079B","5","0","2"
"0","FRMGPP94015A","","1991854","MGP","3568499","FR*MGP*E94015*A*B1*P1","IEC_62196_T2:22kW","2026-10-04T06:55:08.787Z","false","USER_CONFIRMED_AMBIGUITY|SOURCE_DUPLICATE_DIFFERENT_PRICING|COMPLEX_TIME_OR_DURATION_PRICING|UNPUBLISHED_DESPITE_EXACT_LOCAL_IRVE_ID|UNPUBLISHED_SOURCE_EVSE","e2309ad42ecc0cbe","1","FRMGPP94015A","5","0","2"
"0","FRMGPP94015A","","1991854","MGP","3568504","FR*MGP*E94015*A*B1*P2","IEC_62196_T2:22kW","2026-10-04T06:55:08.787Z","false","USER_CONFIRMED_AMBIGUITY|SOURCE_DUPLICATE_DIFFERENT_PRICING|COMPLEX_TIME_OR_DURATION_PRICING|UNPUBLISHED_DESPITE_EXACT_LOCAL_IRVE_ID|UNPUBLISHED_SOURCE_EVSE","e2309ad42ecc0cbe","1","FRMGPP94015A","5","0","2"
"0","FRMGPP94015A","","1991854","MGP","3568510","FR*MGP*E94015*A*B1*P3","IEC_62196_T2:22kW","2026-10-04T06:55:08.787Z","false","USER_CONFIRMED_AMBIGUITY|SOURCE_DUPLICATE_DIFFERENT_PRICING|COMPLEX_TIME_OR_DURATION_PRICING|UNPUBLISHED_DESPITE_EXACT_LOCAL_IRVE_ID|UNPUBLISHED_SOURCE_EVSE","e2309ad42ecc0cbe","1","FRMGPP94015A","5","0","2"
"0","FRMGPP94015A","","1991854","MGP","3568514","FR*MGP*E94015*A*B1*P4","IEC_62196_T2:22kW","2026-10-04T06:55:08.787Z","false","USER_CONFIRMED_AMBIGUITY|SOURCE_DUPLICATE_DIFFERENT_PRICING|COMPLEX_TIME_OR_DURATION_PRICING|UNPUBLISHED_DESPITE_EXACT_LOCAL_IRVE_ID|UNPUBLISHED_SOURCE_EVSE","e2309ad42ecc0cbe","1","FRMGPP94015A","5","0","2"
"0","FRMGPP94015A","","1991854","MGP","951893","FR*MGP*E94015*A*B1*P1","IEC_62196_T2:22kW","2026-10-04T06:55:08.787Z","false","USER_CONFIRMED_AMBIGUITY|SOURCE_DUPLICATE_DIFFERENT_PRICING|COMPLEX_TIME_OR_DURATION_PRICING|UNPUBLISHED_DESPITE_EXACT_LOCAL_IRVE_ID|UNPUBLISHED_SOURCE_EVSE","badced1faa914057","1","FRMGPP94015A","5","0","2"
"0","FRMGPP94015A","","1991854","MGP","951894","FR*MGP*E94015*A*B1*P2","IEC_62196_T2:22kW","2026-10-04T06:55:08.787Z","false","USER_CONFIRMED_AMBIGUITY|SOURCE_DUPLICATE_DIFFERENT_PRICING|COMPLEX_TIME_OR_DURATION_PRICING|UNPUBLISHED_DESPITE_EXACT_LOCAL_IRVE_ID|UNPUBLISHED_SOURCE_EVSE","badced1faa914057","1","FRMGPP94015A","5","0","2"
"0","FRMGPP94015A","","1991854","MGP","951895","FR*MGP*E94015*A*B1*P3","IEC_62196_T2:22kW","2026-10-04T06:55:08.787Z","false","USER_CONFIRMED_AMBIGUITY|SOURCE_DUPLICATE_DIFFERENT_PRICING|COMPLEX_TIME_OR_DURATION_PRICING|UNPUBLISHED_DESPITE_EXACT_LOCAL_IRVE_ID|UNPUBLISHED_SOURCE_EVSE","badced1faa914057","1","FRMGPP94015A","5","0","2"
"0","FRMGPP94015A","","1991854","MGP","951896","FR*MGP*E94015*A*B1*P4","IEC_62196_T2:22kW","2026-10-04T06:55:08.787Z","false","USER_CONFIRMED_AMBIGUITY|SOURCE_DUPLICATE_DIFFERENT_PRICING|COMPLEX_TIME_OR_DURATION_PRICING|UNPUBLISHED_DESPITE_EXACT_LOCAL_IRVE_ID|UNPUBLISHED_SOURCE_EVSE","badced1faa914057","1","FRMGPP94015A","5","0","2"
"0","FRMGPP94015B","","723862","MGP","3569094","FR*MGP*E94015*B*B1*P1","IEC_62196_T2:22kW","2026-10-04T13:19:11.099Z","false","USER_CONFIRMED_AMBIGUITY|SOURCE_DUPLICATE_DIFFERENT_PRICING|COMPLEX_TIME_OR_DURATION_PRICING|UNPUBLISHED_DESPITE_EXACT_LOCAL_IRVE_ID|UNPUBLISHED_SOURCE_EVSE","e2309ad42ecc0cbe","1","FRMGPP94015B","5","0","2"
"0","FRMGPP94015B","","723862","MGP","3569100","FR*MGP*E94015*B*B1*P2","IEC_62196_T2:22kW","2026-10-04T13:19:11.099Z","false","USER_CONFIRMED_AMBIGUITY|SOURCE_DUPLICATE_DIFFERENT_PRICING|COMPLEX_TIME_OR_DURATION_PRICING|UNPUBLISHED_DESPITE_EXACT_LOCAL_IRVE_ID|UNPUBLISHED_SOURCE_EVSE","e2309ad42ecc0cbe","1","FRMGPP94015B","5","0","2"
"0","FRMGPP94015B","","723862","MGP","3569106","FR*MGP*E94015*B*B1*P3","IEC_62196_T2:22kW","2026-10-04T13:19:11.099Z","false","USER_CONFIRMED_AMBIGUITY|SOURCE_DUPLICATE_DIFFERENT_PRICING|COMPLEX_TIME_OR_DURATION_PRICING|UNPUBLISHED_DESPITE_EXACT_LOCAL_IRVE_ID|UNPUBLISHED_SOURCE_EVSE","e2309ad42ecc0cbe","1","FRMGPP94015B","5","0","2"
"0","FRMGPP94015B","","723862","MGP","3569114","FR*MGP*E94015*B*B1*P4","IEC_62196_T2:22kW","2026-10-04T13:19:11.099Z","false","USER_CONFIRMED_AMBIGUITY|SOURCE_DUPLICATE_DIFFERENT_PRICING|COMPLEX_TIME_OR_DURATION_PRICING|UNPUBLISHED_DESPITE_EXACT_LOCAL_IRVE_ID|UNPUBLISHED_SOURCE_EVSE","e2309ad42ecc0cbe","1","FRMGPP94015B","5","0","2"
"0","FRMGPP94015B","","723862","MGP","951876","FR*MGP*E94015*B*B1*P1","IEC_62196_T2:22kW","2026-10-04T13:19:11.099Z","false","USER_CONFIRMED_AMBIGUITY|SOURCE_DUPLICATE_DIFFERENT_PRICING|COMPLEX_TIME_OR_DURATION_PRICING|UNPUBLISHED_DESPITE_EXACT_LOCAL_IRVE_ID|UNPUBLISHED_SOURCE_EVSE","badced1faa914057","1","FRMGPP94015B","5","0","2"
"0","FRMGPP94015B","","723862","MGP","951877","FR*MGP*E94015*B*B1*P2","IEC_62196_T2:22kW","2026-10-04T13:19:11.099Z","false","USER_CONFIRMED_AMBIGUITY|SOURCE_DUPLICATE_DIFFERENT_PRICING|COMPLEX_TIME_OR_DURATION_PRICING|UNPUBLISHED_DESPITE_EXACT_LOCAL_IRVE_ID|UNPUBLISHED_SOURCE_EVSE","badced1faa914057","1","FRMGPP94015B","5","0","2"
"0","FRMGPP94015B","","723862","MGP","951879","FR*MGP*E94015*B*B1*P3","IEC_62196_T2:22kW","2026-10-04T13:19:11.099Z","false","USER_CONFIRMED_AMBIGUITY|SOURCE_DUPLICATE_DIFFERENT_PRICING|COMPLEX_TIME_OR_DURATION_PRICING|UNPUBLISHED_DESPITE_EXACT_LOCAL_IRVE_ID|UNPUBLISHED_SOURCE_EVSE","badced1faa914057","1","FRMGPP94015B","5","0","2"
"0","FRMGPP94015B","","723862","MGP","951880","FR*MGP*E94015*B*B1*P4","IEC_62196_T2:22kW","2026-10-04T13:19:11.099Z","false","USER_CONFIRMED_AMBIGUITY|SOURCE_DUPLICATE_DIFFERENT_PRICING|COMPLEX_TIME_OR_DURATION_PRICING|UNPUBLISHED_DESPITE_EXACT_LOCAL_IRVE_ID|UNPUBLISHED_SOURCE_EVSE","badced1faa914057","1","FRMGPP94015B","5","0","2"
"0","FRMGPP94018A","","1463845","MGP","2119297","FR*MGP*E94018*A*B1*P5","IEC_62196_T2:22kW","2026-10-04T06:25:08.928Z","false","USER_CONFIRMED_AMBIGUITY|SOURCE_DUPLICATE_DIFFERENT_PRICING|COMPLEX_TIME_OR_DURATION_PRICING|UNPUBLISHED_DESPITE_EXACT_LOCAL_IRVE_ID|UNPUBLISHED_SOURCE_EVSE","badced1faa914057","1","FRMGPP94018A","5","0","2"
"0","FRMGPP94018A","","1463845","MGP","3579227","FR*MGP*E94018*A*B1*P5","IEC_62196_T2:22kW","2026-10-04T06:25:08.928Z","false","USER_CONFIRMED_AMBIGUITY|SOURCE_DUPLICATE_DIFFERENT_PRICING|COMPLEX_TIME_OR_DURATION_PRICING|UNPUBLISHED_DESPITE_EXACT_LOCAL_IRVE_ID|UNPUBLISHED_SOURCE_EVSE","e2309ad42ecc0cbe","1","FRMGPP94018A","5","0","2"
"0","FRS30P30007008","","552862","S30","136371","FR*S30*E30007*008*1*1","IEC_62196_T2:36kW","2026-10-04T12:40:10.775Z","false","USER_CONFIRMED_AMBIGUITY|SOURCE_DUPLICATE_DIFFERENT_PRICING|COMPLEX_TIME_OR_DURATION_PRICING|UNPUBLISHED_DESPITE_EXACT_LOCAL_IRVE_ID|UNPUBLISHED_SOURCE_EVSE","9e9170631eeddd22","1","FRS30P30007008","2","0","2"
"0","FRS30P30007008","","552862","S30","4198383","FR*S30*E30007*008*1*1","IEC_62196_T2:43kW","2026-10-04T12:40:10.775Z","false","USER_CONFIRMED_AMBIGUITY|SOURCE_DUPLICATE_DIFFERENT_PRICING|COMPLEX_TIME_OR_DURATION_PRICING|UNPUBLISHED_DESPITE_EXACT_LOCAL_IRVE_ID|UNPUBLISHED_SOURCE_EVSE","cdb2b14462b3849e","1","FRS30P30007008","2","0","2"
"0","FRS30P30111001","","552837","S30","138295","FR*S30*E30111*001*1*1","IEC_62196_T2:36kW","2026-10-04T12:39:54.461Z","false","USER_CONFIRMED_AMBIGUITY|SOURCE_DUPLICATE_DIFFERENT_PRICING|COMPLEX_TIME_OR_DURATION_PRICING|UNPUBLISHED_DESPITE_EXACT_LOCAL_IRVE_ID|UNPUBLISHED_SOURCE_EVSE","9e9170631eeddd22","1","FRS30P30111001","2","0","2"
"0","FRS30P30111001","","552837","S30","4198373","FR*S30*E30111*001*1*1","IEC_62196_T2:43kW","2026-10-04T12:39:54.461Z","false","USER_CONFIRMED_AMBIGUITY|SOURCE_DUPLICATE_DIFFERENT_PRICING|COMPLEX_TIME_OR_DURATION_PRICING|UNPUBLISHED_DESPITE_EXACT_LOCAL_IRVE_ID|UNPUBLISHED_SOURCE_EVSE","cdb2b14462b3849e","1","FRS30P30111001","2","0","2"
"0","FRS30P30302001","","610212","S30","3422808","FR*S30*E30302*001*1*1","IEC_62196_T2:7kW","2026-10-04T13:08:08.426Z","false","USER_CONFIRMED_AMBIGUITY|SOURCE_DUPLICATE_DIFFERENT_PRICING|COMPLEX_TIME_OR_DURATION_PRICING|UNPUBLISHED_DESPITE_EXACT_LOCAL_IRVE_ID|UNPUBLISHED_SOURCE_EVSE","c8374490ae52f086","1","FRS30P30302001","2","0","2"
"0","FRS30P30302001","","610212","S30","3422809","FR*S30*E30302*001*1*2","IEC_62196_T2:7kW","2026-10-04T13:08:08.426Z","false","USER_CONFIRMED_AMBIGUITY|SOURCE_DUPLICATE_DIFFERENT_PRICING|COMPLEX_TIME_OR_DURATION_PRICING|UNPUBLISHED_DESPITE_EXACT_LOCAL_IRVE_ID|UNPUBLISHED_SOURCE_EVSE","c8374490ae52f086","1","FRS30P30302001","2","0","2"
"0","FRS30P30302001","","610212","S30","828383","FR*S30*E30302*001*1*2","IEC_62196_T2:7kW","2026-10-04T13:08:08.426Z","false","USER_CONFIRMED_AMBIGUITY|SOURCE_DUPLICATE_DIFFERENT_PRICING|COMPLEX_TIME_OR_DURATION_PRICING|UNPUBLISHED_DESPITE_EXACT_LOCAL_IRVE_ID|UNPUBLISHED_SOURCE_EVSE","688d4986d78518c3","1","FRS30P30302001","2","0","2"
"0","FRS30P30302001","","610212","S30","828385","FR*S30*E30302*001*1*1","IEC_62196_T2:7kW","2026-10-04T13:08:08.426Z","false","USER_CONFIRMED_AMBIGUITY|SOURCE_DUPLICATE_DIFFERENT_PRICING|COMPLEX_TIME_OR_DURATION_PRICING|UNPUBLISHED_DESPITE_EXACT_LOCAL_IRVE_ID|UNPUBLISHED_SOURCE_EVSE","688d4986d78518c3","1","FRS30P30302001","2","0","2"
"0","FRS63P63291A","","608134","S63","3569293","FR*S63*E63291*A*B1*D*CCS","IEC_62196_T2_COMBO:31kW","2026-09-28T08:52:15.744Z","false","USER_CONFIRMED_AMBIGUITY|SOURCE_DUPLICATE_DIFFERENT_PRICING|COMPLEX_TIME_OR_DURATION_PRICING|UNPUBLISHED_DESPITE_EXACT_LOCAL_IRVE_ID|UNPUBLISHED_SOURCE_EVSE","a688016274482eb6","1","FRS63P63291A","3","0","2"
"0","FRS63P63291A","","608134","S63","3569296","FR*S63*E63291*A*B1*D*CHADEMO","CHADEMO:31kW","2026-09-28T08:52:15.744Z","false","USER_CONFIRMED_AMBIGUITY|SOURCE_DUPLICATE_DIFFERENT_PRICING|COMPLEX_TIME_OR_DURATION_PRICING|UNPUBLISHED_DESPITE_EXACT_LOCAL_IRVE_ID|UNPUBLISHED_SOURCE_EVSE","3311e645208d6433","1","FRS63P63291A","3","0","2"
"0","FRS63P63291A","","608134","S63","824547","FR*S63*E63291*A*B1*D*CCS","IEC_62196_T2_COMBO:25kW","2026-09-28T08:52:15.744Z","false","USER_CONFIRMED_AMBIGUITY|SOURCE_DUPLICATE_DIFFERENT_PRICING|COMPLEX_TIME_OR_DURATION_PRICING|UNPUBLISHED_DESPITE_EXACT_LOCAL_IRVE_ID|UNPUBLISHED_SOURCE_EVSE","5854a525090d120a","1","FRS63P63291A","3","0","2"
"0","FRS63P63291A","","608134","S63","824551","FR*S63*E63291*A*B1*D*CHADEMO","CHADEMO:25kW","2026-09-28T08:52:15.744Z","false","USER_CONFIRMED_AMBIGUITY|SOURCE_DUPLICATE_DIFFERENT_PRICING|COMPLEX_TIME_OR_DURATION_PRICING|UNPUBLISHED_DESPITE_EXACT_LOCAL_IRVE_ID|UNPUBLISHED_SOURCE_EVSE","d3e6d31b105309a3","1","FRS63P63291A","3","0","2"
"0","FRS63P63319A","","608165","S63","3579220","FR*S63*E63319*A*B1*D*CCS","IEC_62196_T2_COMBO:31kW","2026-09-28T08:53:00.898Z","false","USER_CONFIRMED_AMBIGUITY|SOURCE_DUPLICATE_DIFFERENT_PRICING|COMPLEX_TIME_OR_DURATION_PRICING|UNPUBLISHED_DESPITE_EXACT_LOCAL_IRVE_ID|UNPUBLISHED_SOURCE_EVSE","a688016274482eb6","1","FRS63P63319A","3","0","2"
"0","FRS63P63319A","","608165","S63","3579221","FR*S63*E63319*A*B1*D*CHADEMO","CHADEMO:31kW","2026-09-28T08:53:00.898Z","false","USER_CONFIRMED_AMBIGUITY|SOURCE_DUPLICATE_DIFFERENT_PRICING|COMPLEX_TIME_OR_DURATION_PRICING|UNPUBLISHED_DESPITE_EXACT_LOCAL_IRVE_ID|UNPUBLISHED_SOURCE_EVSE","3311e645208d6433","1","FRS63P63319A","3","0","2"
"0","FRS63P63319A","","608165","S63","824680","FR*S63*E63319*A*B1*D*CHADEMO","CHADEMO:25kW","2026-09-28T08:53:00.898Z","false","USER_CONFIRMED_AMBIGUITY|SOURCE_DUPLICATE_DIFFERENT_PRICING|COMPLEX_TIME_OR_DURATION_PRICING|UNPUBLISHED_DESPITE_EXACT_LOCAL_IRVE_ID|UNPUBLISHED_SOURCE_EVSE","d3e6d31b105309a3","1","FRS63P63319A","3","0","2"
"0","FRS63P63319A","","608165","S63","824681","FR*S63*E63319*A*B1*D*CCS","IEC_62196_T2_COMBO:25kW","2026-09-28T08:53:00.898Z","false","USER_CONFIRMED_AMBIGUITY|SOURCE_DUPLICATE_DIFFERENT_PRICING|COMPLEX_TIME_OR_DURATION_PRICING|UNPUBLISHED_DESPITE_EXACT_LOCAL_IRVE_ID|UNPUBLISHED_SOURCE_EVSE","5854a525090d120a","1","FRS63P63319A","3","0","2"
"0","FRS63P63345B","","608172","S63","3569192","FR*S63*E63345*B*B1*D*CCS","IEC_62196_T2_COMBO:31kW","2026-09-28T08:53:08.806Z","false","USER_CONFIRMED_AMBIGUITY|SOURCE_DUPLICATE_DIFFERENT_PRICING|COMPLEX_TIME_OR_DURATION_PRICING|UNPUBLISHED_DESPITE_EXACT_LOCAL_IRVE_ID|UNPUBLISHED_SOURCE_EVSE","a688016274482eb6","1","FRS63P63345B","3","0","2"
"0","FRS63P63345B","","608172","S63","3569197","FR*S63*E63345*B*B1*D*CHADEMO","CHADEMO:31kW","2026-09-28T08:53:08.806Z","false","USER_CONFIRMED_AMBIGUITY|SOURCE_DUPLICATE_DIFFERENT_PRICING|COMPLEX_TIME_OR_DURATION_PRICING|UNPUBLISHED_DESPITE_EXACT_LOCAL_IRVE_ID|UNPUBLISHED_SOURCE_EVSE","3311e645208d6433","1","FRS63P63345B","3","0","2"
"0","FRS63P63345B","","608172","S63","824718","FR*S63*E63345*B*B1*D*CCS","IEC_62196_T2_COMBO:25kW","2026-09-28T08:53:08.806Z","false","USER_CONFIRMED_AMBIGUITY|SOURCE_DUPLICATE_DIFFERENT_PRICING|COMPLEX_TIME_OR_DURATION_PRICING|UNPUBLISHED_DESPITE_EXACT_LOCAL_IRVE_ID|UNPUBLISHED_SOURCE_EVSE","5854a525090d120a","1","FRS63P63345B","3","0","2"
"0","FRS63P63345B","","608172","S63","824733","FR*S63*E63345*B*B1*D*CHADEMO","CHADEMO:25kW","2026-09-28T08:53:08.806Z","false","USER_CONFIRMED_AMBIGUITY|SOURCE_DUPLICATE_DIFFERENT_PRICING|COMPLEX_TIME_OR_DURATION_PRICING|UNPUBLISHED_DESPITE_EXACT_LOCAL_IRVE_ID|UNPUBLISHED_SOURCE_EVSE","d3e6d31b105309a3","1","FRS63P63345B","3","0","2"
"0","FRS63P63458B","","465016","S63","3579177","FR*S63*E63458*B*B1*D*CCS","IEC_62196_T2_COMBO:31kW","2026-09-28T02:38:32.643Z","false","USER_CONFIRMED_AMBIGUITY|SOURCE_DUPLICATE_DIFFERENT_PRICING|COMPLEX_TIME_OR_DURATION_PRICING|UNPUBLISHED_DESPITE_EXACT_LOCAL_IRVE_ID|UNPUBLISHED_SOURCE_EVSE","a688016274482eb6","1","FRS63P63458B","3","0","2"
"0","FRS63P63458B","","465016","S63","3579178","FR*S63*E63458*B*B1*D*CHADEMO","CHADEMO:31kW","2026-09-28T02:38:32.643Z","false","USER_CONFIRMED_AMBIGUITY|SOURCE_DUPLICATE_DIFFERENT_PRICING|COMPLEX_TIME_OR_DURATION_PRICING|UNPUBLISHED_DESPITE_EXACT_LOCAL_IRVE_ID|UNPUBLISHED_SOURCE_EVSE","3311e645208d6433","1","FRS63P63458B","3","0","2"
"0","FRS63P63458B","","465016","S63","824844","FR*S63*E63458*B*B1*D*CCS","CHADEMO:25kW;IEC_62196_T2_COMBO:25kW","2026-09-28T02:38:32.643Z","false","USER_CONFIRMED_AMBIGUITY|SOURCE_DUPLICATE_DIFFERENT_PRICING|MULTIPLE_CONNECTOR_POWER_NEEDS_PER_CONNECTOR_MATCH|COMPLEX_TIME_OR_DURATION_PRICING|UNPUBLISHED_DESPITE_EXACT_LOCAL_IRVE_ID|UNPUBLISHED_SOURCE_EVSE","588da7d0852fdb14","1","FRS63P63458B","3","0","2"
"0","FRS63P63458B","","465016","S63","824846","FR*S63*E63458*B*B1*D*CHADEMO","CHADEMO:25kW;IEC_62196_T2_COMBO:25kW","2026-09-28T02:38:32.643Z","false","USER_CONFIRMED_AMBIGUITY|SOURCE_DUPLICATE_DIFFERENT_PRICING|MULTIPLE_CONNECTOR_POWER_NEEDS_PER_CONNECTOR_MATCH|COMPLEX_TIME_OR_DURATION_PRICING|UNPUBLISHED_DESPITE_EXACT_LOCAL_IRVE_ID|UNPUBLISHED_SOURCE_EVSE","588da7d0852fdb14","1","FRS63P63458B","3","0","2"
"0","FRSE1PSE60BVNA","","768614","SE1","1457214","FR*SE1*ESE60BVNA*1","IEC_62196_T2_COMBO:24kW","2026-10-04T14:02:49.747Z","false","USER_CONFIRMED_AMBIGUITY|SOURCE_DUPLICATE_DIFFERENT_PRICING|COMPLEX_TIME_OR_DURATION_PRICING|UNPUBLISHED_DESPITE_EXACT_LOCAL_IRVE_ID|UNPUBLISHED_SOURCE_EVSE","a45b7448a69eff59","1","FRSE1PSE60BVNA","2","0","2"
"0","FRSE1PSE60BVNA","","768614","SE1","1457215","FR*SE1*ESE60BVNA*2","IEC_62196_T2:22kW","2026-10-04T14:02:49.747Z","false","USER_CONFIRMED_AMBIGUITY|SOURCE_DUPLICATE_DIFFERENT_PRICING|COMPLEX_TIME_OR_DURATION_PRICING|UNPUBLISHED_DESPITE_EXACT_LOCAL_IRVE_ID|UNPUBLISHED_SOURCE_EVSE","fb96791d5fe8a48a","1","FRSE1PSE60BVNA","2","0","2"
"0","FRSE1PSE60BVNA","","768614","SE1","4444348","FR*SE1*ESE60BVNA*2","IEC_62196_T2:22kW","2026-10-04T14:02:49.747Z","false","USER_CONFIRMED_AMBIGUITY|SOURCE_DUPLICATE_DIFFERENT_PRICING|COMPLEX_TIME_OR_DURATION_PRICING|UNPUBLISHED_DESPITE_EXACT_LOCAL_IRVE_ID|UNPUBLISHED_SOURCE_EVSE","d9a3fced8dcbb614","1","FRSE1PSE60BVNA","2","0","2"
"0","FRSE1PSE60BVNA","","768614","SE1","4444349","FR*SE1*ESE60BVNA*1","IEC_62196_T2_COMBO:24kW","2026-10-04T14:02:49.747Z","false","USER_CONFIRMED_AMBIGUITY|SOURCE_DUPLICATE_DIFFERENT_PRICING|COMPLEX_TIME_OR_DURATION_PRICING|UNPUBLISHED_DESPITE_EXACT_LOCAL_IRVE_ID|UNPUBLISHED_SOURCE_EVSE","ad22dde57cea87b0","1","FRSE1PSE60BVNA","2","0","2"
"1","FR0CUP7625344285399165460","","4528754","CBBVWK","4270019","CBBVWK","IEC_62196_T2:22kW","2026-09-27T21:50:18.393Z","false","SOURCE_DUPLICATE_DIFFERENT_PRICING|COMPLEX_TIME_OR_DURATION_PRICING|NO_DETERMINISTIC_LOCAL_IRVE_MATCH|UNPUBLISHED_SOURCE_EVSE","05998449d6f74888","0","","6","0","2"
"1","FR0CUP7625344285399165460","","4528754","CBBVWK","4270024","CBBVWK","IEC_62196_T2:22kW","2026-09-27T21:50:18.393Z","false","SOURCE_DUPLICATE_DIFFERENT_PRICING|COMPLEX_TIME_OR_DURATION_PRICING|NO_DETERMINISTIC_LOCAL_IRVE_MATCH|UNPUBLISHED_SOURCE_EVSE","dc70cf78716fe51c","0","","6","0","2"
"1","FR0CUP7785716851302521375","","4255650","ZPXZCN","2834991","ZPXZCN","IEC_62196_T2:22kW","2026-09-27T17:56:32.925Z","true","SOURCE_DUPLICATE_DIFFERENT_PRICING","74fb0e7245a2103a","0","","3","0","2"
"1","FR0CUP7785716851302521375","","4255650","ZPXZCN","2834992","ZPXZCN","DOMESTIC_F:4kW","2026-09-27T17:56:32.925Z","true","SOURCE_DUPLICATE_DIFFERENT_PRICING","8f8170ff7079c312","0","","3","0","2"
"1","FR0CUP9101628365785941242","","2858540","DDLCMC","2834997","DDLCMC","IEC_62196_T2:22kW","2026-09-27T06:03:51.526Z","true","SOURCE_DUPLICATE_DIFFERENT_PRICING","7a26c9aaf90bb32c","0","","6","0","4"
"1","FR0CUP9101628365785941242","","2858540","DDLCMC","3610039","DDLCMC","IEC_62196_T2_COMBO:30kW","2026-09-27T06:03:51.526Z","true","SOURCE_DUPLICATE_DIFFERENT_PRICING","94d2dacf5a3785a8","0","","6","0","4"
"1","FR0CUP9101628365785941242","","2858540","DDLCMC","3610040","DDLCMC","IEC_62196_T2:22kW","2026-09-27T06:03:51.526Z","true","SOURCE_DUPLICATE_DIFFERENT_PRICING","7a26c9aaf90bb32c","0","","6","0","4"
"1","FR0CUP9101628365785941242","","2858540","DDLCMC","3610041","DDLCMC","IEC_62196_T2_COMBO:30kW","2026-09-27T06:03:51.526Z","true","SOURCE_DUPLICATE_DIFFERENT_PRICING","94d2dacf5a3785a8","0","","6","0","4"
"1","FRA79P90889149","","4466288","INGETEAM","4165871","Ingeteam","IEC_62196_T2:22kW","2026-09-27T21:26:06.088Z","true","SOURCE_DUPLICATE_DIFFERENT_PRICING|SOURCE_REF_REUSED_ACROSS_LOCATIONS","2f9758680ad88fb5","0","","3","0","3"
"1","FRA79P90889149","","4466288","INGETEAM","4165890","Ingeteam","IEC_62196_T2:22kW","2026-09-27T21:26:06.088Z","true","SOURCE_DUPLICATE_DIFFERENT_PRICING|SOURCE_REF_REUSED_ACROSS_LOCATIONS","2f9758680ad88fb5","0","","3","0","3"
"1","FRA79P90889149","","4466288","INGETEAM","4165911","Ingeteam","DOMESTIC_F:2kW","2026-09-27T21:26:06.088Z","true","SOURCE_DUPLICATE_DIFFERENT_PRICING|SOURCE_REF_REUSED_ACROSS_LOCATIONS","d24e74ef10d25ba8","0","","3","0","3"
"1","FRA79P90889175","","4465871","NEXANS","4164398","Nexans","IEC_62196_T2:22kW","2026-09-27T21:25:49.728Z","true","SOURCE_DUPLICATE_DIFFERENT_PRICING|SOURCE_REF_REUSED_ACROSS_LOCATIONS","2f9758680ad88fb5","0","","4","0","4"
"1","FRA79P90889175","","4465871","NEXANS","4164418","Nexans","IEC_62196_T2:22kW","2026-09-27T21:25:49.728Z","true","SOURCE_DUPLICATE_DIFFERENT_PRICING|SOURCE_REF_REUSED_ACROSS_LOCATIONS","2f9758680ad88fb5","0","","4","0","4"
"1","FRA79P90889175","","4465871","NEXANS","4164434","Nexans","DOMESTIC_F:2kW","2026-09-27T21:25:49.728Z","true","SOURCE_DUPLICATE_DIFFERENT_PRICING|SOURCE_REF_REUSED_ACROSS_LOCATIONS","d24e74ef10d25ba8","0","","4","0","4"
"1","FRA79P90889175","","4465871","NEXANS","4164451","Nexans","DOMESTIC_F:2kW","2026-09-27T21:25:49.728Z","true","SOURCE_DUPLICATE_DIFFERENT_PRICING|SOURCE_REF_REUSED_ACROSS_LOCATIONS","d24e74ef10d25ba8","0","","4","0","4"
"1","FRA79P90889176","","4457931","INGETEAM","4137712","Ingeteam","IEC_62196_T2:22kW","2026-09-27T21:22:53.699Z","true","SOURCE_DUPLICATE_DIFFERENT_PRICING|SOURCE_REF_REUSED_ACROSS_LOCATIONS","2f9758680ad88fb5","0","","3","0","3"
"1","FRA79P90889176","","4457931","INGETEAM","4137727","Ingeteam","IEC_62196_T2:22kW","2026-09-27T21:22:53.699Z","true","SOURCE_DUPLICATE_DIFFERENT_PRICING|SOURCE_REF_REUSED_ACROSS_LOCATIONS","2f9758680ad88fb5","0","","3","0","3"
"1","FRA79P90889176","","4457931","INGETEAM","4137742","Ingeteam","DOMESTIC_F:2kW","2026-09-27T21:22:53.699Z","true","SOURCE_DUPLICATE_DIFFERENT_PRICING|SOURCE_REF_REUSED_ACROSS_LOCATIONS","d24e74ef10d25ba8","0","","3","0","3"
"1","FRA79P90932642","","4466101","INGETEAM","4165256","Ingeteam","IEC_62196_T2:22kW","2026-09-27T21:25:54.027Z","true","SOURCE_DUPLICATE_DIFFERENT_PRICING|SOURCE_REF_REUSED_ACROSS_LOCATIONS","2f9758680ad88fb5","0","","3","0","3"
"1","FRA79P90932642","","4466101","INGETEAM","4165274","Ingeteam","IEC_62196_T2:22kW","2026-09-27T21:25:54.027Z","true","SOURCE_DUPLICATE_DIFFERENT_PRICING|SOURCE_REF_REUSED_ACROSS_LOCATIONS","2f9758680ad88fb5","0","","3","0","3"
"1","FRA79P90932642","","4466101","INGETEAM","4165291","Ingeteam","DOMESTIC_F:2kW","2026-09-27T21:25:54.027Z","true","SOURCE_DUPLICATE_DIFFERENT_PRICING|SOURCE_REF_REUSED_ACROSS_LOCATIONS","d24e74ef10d25ba8","0","","3","0","3"
"1","FRA79P90932644","","4466379","INGETEAM","4166170","Ingeteam","IEC_62196_T2:22kW","2026-09-27T21:26:15.840Z","true","SOURCE_DUPLICATE_DIFFERENT_PRICING|SOURCE_REF_REUSED_ACROSS_LOCATIONS","2f9758680ad88fb5","0","","3","0","3"
"1","FRA79P90932644","","4466379","INGETEAM","4166186","Ingeteam","IEC_62196_T2:22kW","2026-09-27T21:26:15.840Z","true","SOURCE_DUPLICATE_DIFFERENT_PRICING|SOURCE_REF_REUSED_ACROSS_LOCATIONS","2f9758680ad88fb5","0","","3","0","3"
"1","FRA79P90932644","","4466379","INGETEAM","4166202","Ingeteam","DOMESTIC_F:2kW","2026-09-27T21:26:15.840Z","true","SOURCE_DUPLICATE_DIFFERENT_PRICING|SOURCE_REF_REUSED_ACROSS_LOCATIONS","d24e74ef10d25ba8","0","","3","0","3"
"1","FRA79P90932651","","4472998","IES","4188301","IES","IEC_62196_T2:22kW","2026-09-27T21:28:31.041Z","true","SOURCE_DUPLICATE_DIFFERENT_PRICING|SOURCE_REF_REUSED_ACROSS_LOCATIONS","aeb50263ce38615b","0","","3","0","3"
"1","FRA79P90932651","","4472998","IES","4188314","IES","CHADEMO:50kW","2026-09-27T21:28:31.041Z","true","SOURCE_DUPLICATE_DIFFERENT_PRICING|SOURCE_REF_REUSED_ACROSS_LOCATIONS","8850c0f434f17bda","0","","3","0","3"
"1","FRA79P90932651","","4472998","IES","4188334","IES","IEC_62196_T2_COMBO:50kW","2026-09-27T21:28:31.041Z","true","SOURCE_DUPLICATE_DIFFERENT_PRICING|SOURCE_REF_REUSED_ACROSS_LOCATIONS","ef20caae3d6a7c52","0","","3","0","3"
"1","FRA79P90932659","","4450476","NEXANS","4114579","Nexans","IEC_62196_T2:22kW","2026-09-27T21:21:45.395Z","true","SOURCE_DUPLICATE_DIFFERENT_PRICING|SOURCE_REF_REUSED_ACROSS_LOCATIONS","2f9758680ad88fb5","0","","4","0","4"
"1","FRA79P90932659","","4450476","NEXANS","4114592","Nexans","IEC_62196_T2:22kW","2026-09-27T21:21:45.395Z","true","SOURCE_DUPLICATE_DIFFERENT_PRICING|SOURCE_REF_REUSED_ACROSS_LOCATIONS","2f9758680ad88fb5","0","","4","0","4"
"1","FRA79P90932659","","4450476","NEXANS","4114629","Nexans","DOMESTIC_F:2kW","2026-09-27T21:21:45.395Z","true","SOURCE_DUPLICATE_DIFFERENT_PRICING|SOURCE_REF_REUSED_ACROSS_LOCATIONS","d24e74ef10d25ba8","0","","4","0","4"
"1","FRA79P90932659","","4450476","NEXANS","4114642","Nexans","DOMESTIC_F:2kW","2026-09-27T21:21:45.395Z","true","SOURCE_DUPLICATE_DIFFERENT_PRICING|SOURCE_REF_REUSED_ACROSS_LOCATIONS","d24e74ef10d25ba8","0","","4","0","4"
"1","FRA79P90932662","","4466171","NEXANS","4165463","Nexans","IEC_62196_T2:22kW","2026-09-27T21:25:58.758Z","true","SOURCE_DUPLICATE_DIFFERENT_PRICING|SOURCE_REF_REUSED_ACROSS_LOCATIONS","2f9758680ad88fb5","0","","4","0","4"
"1","FRA79P90932662","","4466171","NEXANS","4165481","Nexans","IEC_62196_T2:22kW","2026-09-27T21:25:58.758Z","true","SOURCE_DUPLICATE_DIFFERENT_PRICING|SOURCE_REF_REUSED_ACROSS_LOCATIONS","2f9758680ad88fb5","0","","4","0","4"
"1","FRA79P90932662","","4466171","NEXANS","4165499","Nexans","DOMESTIC_F:2kW","2026-09-27T21:25:58.758Z","true","SOURCE_DUPLICATE_DIFFERENT_PRICING|SOURCE_REF_REUSED_ACROSS_LOCATIONS","d24e74ef10d25ba8","0","","4","0","4"
"1","FRA79P90932662","","4466171","NEXANS","4165517","Nexans","DOMESTIC_F:2kW","2026-09-27T21:25:58.758Z","true","SOURCE_DUPLICATE_DIFFERENT_PRICING|SOURCE_REF_REUSED_ACROSS_LOCATIONS","d24e74ef10d25ba8","0","","4","0","4"
"1","FRA79P90932665","","4458420","NEXANS","4139375","Nexans","IEC_62196_T2:22kW","2026-09-27T21:22:58.360Z","true","SOURCE_DUPLICATE_DIFFERENT_PRICING|SOURCE_REF_REUSED_ACROSS_LOCATIONS","2f9758680ad88fb5","0","","4","0","4"
"1","FRA79P90932665","","4458420","NEXANS","4139391","Nexans","IEC_62196_T2:22kW","2026-09-27T21:22:58.360Z","true","SOURCE_DUPLICATE_DIFFERENT_PRICING|SOURCE_REF_REUSED_ACROSS_LOCATIONS","2f9758680ad88fb5","0","","4","0","4"
"1","FRA79P90932665","","4458420","NEXANS","4139406","Nexans","DOMESTIC_F:2kW","2026-09-27T21:22:58.360Z","true","SOURCE_DUPLICATE_DIFFERENT_PRICING|SOURCE_REF_REUSED_ACROSS_LOCATIONS","d24e74ef10d25ba8","0","","4","0","4"
"1","FRA79P90932665","","4458420","NEXANS","4139422","Nexans","DOMESTIC_F:2kW","2026-09-27T21:22:58.360Z","true","SOURCE_DUPLICATE_DIFFERENT_PRICING|SOURCE_REF_REUSED_ACROSS_LOCATIONS","d24e74ef10d25ba8","0","","4","0","4"
"1","FRA79P90932670","","4466365","NEXANS","4166121","Nexans","IEC_62196_T2:22kW","2026-09-27T21:26:10.692Z","true","SOURCE_DUPLICATE_DIFFERENT_PRICING|SOURCE_REF_REUSED_ACROSS_LOCATIONS","2f9758680ad88fb5","0","","4","0","4"
"1","FRA79P90932670","","4466365","NEXANS","4166139","Nexans","IEC_62196_T2:22kW","2026-09-27T21:26:10.692Z","true","SOURCE_DUPLICATE_DIFFERENT_PRICING|SOURCE_REF_REUSED_ACROSS_LOCATIONS","2f9758680ad88fb5","0","","4","0","4"
"1","FRA79P90932670","","4466365","NEXANS","4166155","Nexans","DOMESTIC_F:2kW","2026-09-27T21:26:10.692Z","true","SOURCE_DUPLICATE_DIFFERENT_PRICING|SOURCE_REF_REUSED_ACROSS_LOCATIONS","d24e74ef10d25ba8","0","","4","0","4"
"1","FRA79P90932670","","4466365","NEXANS","4166172","Nexans","DOMESTIC_F:2kW","2026-09-27T21:26:10.692Z","true","SOURCE_DUPLICATE_DIFFERENT_PRICING|SOURCE_REF_REUSED_ACROSS_LOCATIONS","d24e74ef10d25ba8","0","","4","0","4"
"1","FRA79P90932672","","4466358","NEXANS","4166106","Nexans","IEC_62196_T2:22kW","2026-09-27T21:26:09.182Z","true","SOURCE_DUPLICATE_DIFFERENT_PRICING|SOURCE_REF_REUSED_ACROSS_LOCATIONS","2f9758680ad88fb5","0","","4","0","4"
"1","FRA79P90932672","","4466358","NEXANS","4166122","Nexans","IEC_62196_T2:22kW","2026-09-27T21:26:09.182Z","true","SOURCE_DUPLICATE_DIFFERENT_PRICING|SOURCE_REF_REUSED_ACROSS_LOCATIONS","2f9758680ad88fb5","0","","4","0","4"
"1","FRA79P90932672","","4466358","NEXANS","4166136","Nexans","DOMESTIC_F:2kW","2026-09-27T21:26:09.182Z","true","SOURCE_DUPLICATE_DIFFERENT_PRICING|SOURCE_REF_REUSED_ACROSS_LOCATIONS","d24e74ef10d25ba8","0","","4","0","4"
"1","FRA79P90932672","","4466358","NEXANS","4166149","Nexans","DOMESTIC_F:2kW","2026-09-27T21:26:09.182Z","true","SOURCE_DUPLICATE_DIFFERENT_PRICING|SOURCE_REF_REUSED_ACROSS_LOCATIONS","d24e74ef10d25ba8","0","","4","0","4"
"1","FRA79P90932680","","4466123","NEXANS","4165319","Nexans","IEC_62196_T2:22kW","2026-09-27T21:25:56.498Z","true","SOURCE_DUPLICATE_DIFFERENT_PRICING|SOURCE_REF_REUSED_ACROSS_LOCATIONS","2f9758680ad88fb5","0","","4","0","4"
"1","FRA79P90932680","","4466123","NEXANS","4165340","Nexans","IEC_62196_T2:22kW","2026-09-27T21:25:56.498Z","true","SOURCE_DUPLICATE_DIFFERENT_PRICING|SOURCE_REF_REUSED_ACROSS_LOCATIONS","2f9758680ad88fb5","0","","4","0","4"
"1","FRA79P90932680","","4466123","NEXANS","4165357","Nexans","DOMESTIC_F:2kW","2026-09-27T21:25:56.498Z","true","SOURCE_DUPLICATE_DIFFERENT_PRICING|SOURCE_REF_REUSED_ACROSS_LOCATIONS","d24e74ef10d25ba8","0","","4","0","4"
"1","FRA79P90932680","","4466123","NEXANS","4165377","Nexans","DOMESTIC_F:2kW","2026-09-27T21:25:56.498Z","true","SOURCE_DUPLICATE_DIFFERENT_PRICING|SOURCE_REF_REUSED_ACROSS_LOCATIONS","d24e74ef10d25ba8","0","","4","0","4"
"1","FRA79P90952819","","4466080","NEXANS","4165079","Nexans","IEC_62196_T2:22kW","2026-09-26T21:26:14.141Z","true","SOURCE_DUPLICATE_DIFFERENT_PRICING|SOURCE_REF_REUSED_ACROSS_LOCATIONS","2f9758680ad88fb5","0","","4","0","4"
"1","FRA79P90952819","","4466080","NEXANS","4165101","Nexans","IEC_62196_T2:22kW","2026-09-26T21:26:14.141Z","true","SOURCE_DUPLICATE_DIFFERENT_PRICING|SOURCE_REF_REUSED_ACROSS_LOCATIONS","2f9758680ad88fb5","0","","4","0","4"
"1","FRA79P90952819","","4466080","NEXANS","4165118","Nexans","DOMESTIC_F:2kW","2026-09-26T21:26:14.141Z","true","SOURCE_DUPLICATE_DIFFERENT_PRICING|SOURCE_REF_REUSED_ACROSS_LOCATIONS","d24e74ef10d25ba8","0","","4","0","4"
"1","FRA79P90952819","","4466080","NEXANS","4165141","Nexans","DOMESTIC_F:2kW","2026-09-26T21:26:14.141Z","true","SOURCE_DUPLICATE_DIFFERENT_PRICING|SOURCE_REF_REUSED_ACROSS_LOCATIONS","d24e74ef10d25ba8","0","","4","0","4"
"1","FRA79P90952829","","4466100","NEXANS","4165232","Nexans","IEC_62196_T2:22kW","2026-09-27T21:25:52.728Z","true","SOURCE_DUPLICATE_DIFFERENT_PRICING|SOURCE_REF_REUSED_ACROSS_LOCATIONS","2f9758680ad88fb5","0","","4","0","4"
"1","FRA79P90952829","","4466100","NEXANS","4165248","Nexans","IEC_62196_T2:22kW","2026-09-27T21:25:52.728Z","true","SOURCE_DUPLICATE_DIFFERENT_PRICING|SOURCE_REF_REUSED_ACROSS_LOCATIONS","2f9758680ad88fb5","0","","4","0","4"
"1","FRA79P90952829","","4466100","NEXANS","4165269","Nexans","DOMESTIC_F:2kW","2026-09-27T21:25:52.728Z","true","SOURCE_DUPLICATE_DIFFERENT_PRICING|SOURCE_REF_REUSED_ACROSS_LOCATIONS","d24e74ef10d25ba8","0","","4","0","4"
"1","FRA79P90952829","","4466100","NEXANS","4165289","Nexans","DOMESTIC_F:2kW","2026-09-27T21:25:52.728Z","true","SOURCE_DUPLICATE_DIFFERENT_PRICING|SOURCE_REF_REUSED_ACROSS_LOCATIONS","d24e74ef10d25ba8","0","","4","0","4"
"1","FRA79P90952835","","4466250","NEXANS","4165729","Nexans","IEC_62196_T2:22kW","2026-09-27T21:26:04.693Z","true","SOURCE_DUPLICATE_DIFFERENT_PRICING|SOURCE_REF_REUSED_ACROSS_LOCATIONS","2f9758680ad88fb5","0","","4","0","4"
"1","FRA79P90952835","","4466250","NEXANS","4165747","Nexans","IEC_62196_T2:22kW","2026-09-27T21:26:04.693Z","true","SOURCE_DUPLICATE_DIFFERENT_PRICING|SOURCE_REF_REUSED_ACROSS_LOCATIONS","2f9758680ad88fb5","0","","4","0","4"
"1","FRA79P90952835","","4466250","NEXANS","4165769","Nexans","DOMESTIC_F:2kW","2026-09-27T21:26:04.693Z","true","SOURCE_DUPLICATE_DIFFERENT_PRICING|SOURCE_REF_REUSED_ACROSS_LOCATIONS","d24e74ef10d25ba8","0","","4","0","4"
"1","FRA79P90952835","","4466250","NEXANS","4165791","Nexans","DOMESTIC_F:2kW","2026-09-27T21:26:04.693Z","true","SOURCE_DUPLICATE_DIFFERENT_PRICING|SOURCE_REF_REUSED_ACROSS_LOCATIONS","d24e74ef10d25ba8","0","","4","0","4"
"1","FRA79P90955103","","4459898","INGETEAM","4144122","Ingeteam","IEC_62196_T2:22kW","2026-09-27T21:23:19.595Z","true","SOURCE_DUPLICATE_DIFFERENT_PRICING|SOURCE_REF_REUSED_ACROSS_LOCATIONS","2f9758680ad88fb5","0","","3","0","3"
"1","FRA79P90955103","","4459898","INGETEAM","4144138","Ingeteam","IEC_62196_T2:22kW","2026-09-27T21:23:19.595Z","true","SOURCE_DUPLICATE_DIFFERENT_PRICING|SOURCE_REF_REUSED_ACROSS_LOCATIONS","2f9758680ad88fb5","0","","3","0","3"
"1","FRA79P90955103","","4459898","INGETEAM","4144148","Ingeteam","DOMESTIC_F:2kW","2026-09-27T21:23:19.595Z","true","SOURCE_DUPLICATE_DIFFERENT_PRICING|SOURCE_REF_REUSED_ACROSS_LOCATIONS","d24e74ef10d25ba8","0","","3","0","3"
"1","FRA79P90955104","","4459292","INGETEAM","4142175","Ingeteam","IEC_62196_T2:22kW","2026-09-27T21:23:05.803Z","true","SOURCE_DUPLICATE_DIFFERENT_PRICING|SOURCE_REF_REUSED_ACROSS_LOCATIONS","2f9758680ad88fb5","0","","3","0","3"
"1","FRA79P90955104","","4459292","INGETEAM","4142190","Ingeteam","IEC_62196_T2:22kW","2026-09-27T21:23:05.803Z","true","SOURCE_DUPLICATE_DIFFERENT_PRICING|SOURCE_REF_REUSED_ACROSS_LOCATIONS","2f9758680ad88fb5","0","","3","0","3"
"1","FRA79P90955104","","4459292","INGETEAM","4142205","Ingeteam","DOMESTIC_F:2kW","2026-09-27T21:23:05.803Z","true","SOURCE_DUPLICATE_DIFFERENT_PRICING|SOURCE_REF_REUSED_ACROSS_LOCATIONS","d24e74ef10d25ba8","0","","3","0","3"
"1","FRA79P90967716","","4466472","INGETEAM","4166462","Ingeteam","IEC_62196_T2:22kW","2026-09-27T21:26:21.851Z","true","SOURCE_DUPLICATE_DIFFERENT_PRICING|SOURCE_REF_REUSED_ACROSS_LOCATIONS","2f9758680ad88fb5","0","","3","0","3"
"1","FRA79P90967716","","4466472","INGETEAM","4166480","Ingeteam","IEC_62196_T2:22kW","2026-09-27T21:26:21.851Z","true","SOURCE_DUPLICATE_DIFFERENT_PRICING|SOURCE_REF_REUSED_ACROSS_LOCATIONS","2f9758680ad88fb5","0","","3","0","3"
"1","FRA79P90967716","","4466472","INGETEAM","4166498","Ingeteam","DOMESTIC_F:2kW","2026-09-27T21:26:21.851Z","true","SOURCE_DUPLICATE_DIFFERENT_PRICING|SOURCE_REF_REUSED_ACROSS_LOCATIONS","d24e74ef10d25ba8","0","","3","0","3"
"1","FRA79P90977459","","4466553","INGETEAM","4166742","Ingeteam","IEC_62196_T2:22kW","2026-09-27T21:26:29.330Z","true","SOURCE_DUPLICATE_DIFFERENT_PRICING|SOURCE_REF_REUSED_ACROSS_LOCATIONS","2f9758680ad88fb5","0","","3","0","3"
"1","FRA79P90977459","","4466553","INGETEAM","4166758","Ingeteam","IEC_62196_T2:22kW","2026-09-27T21:26:29.330Z","true","SOURCE_DUPLICATE_DIFFERENT_PRICING|SOURCE_REF_REUSED_ACROSS_LOCATIONS","2f9758680ad88fb5","0","","3","0","3"
"1","FRA79P90977459","","4466553","INGETEAM","4166779","Ingeteam","DOMESTIC_F:2kW","2026-09-27T21:26:29.330Z","true","SOURCE_DUPLICATE_DIFFERENT_PRICING|SOURCE_REF_REUSED_ACROSS_LOCATIONS","d24e74ef10d25ba8","0","","3","0","3"
"1","FRA79P90977466","","4466519","INGETEAM","4166624","Ingeteam","IEC_62196_T2:22kW","2026-09-27T21:26:26.521Z","true","SOURCE_DUPLICATE_DIFFERENT_PRICING|SOURCE_REF_REUSED_ACROSS_LOCATIONS","2f9758680ad88fb5","0","","3","0","3"
"1","FRA79P90977466","","4466519","INGETEAM","4166639","Ingeteam","IEC_62196_T2:22kW","2026-09-27T21:26:26.521Z","true","SOURCE_DUPLICATE_DIFFERENT_PRICING|SOURCE_REF_REUSED_ACROSS_LOCATIONS","2f9758680ad88fb5","0","","3","0","3"
"1","FRA79P90977466","","4466519","INGETEAM","4166658","Ingeteam","DOMESTIC_F:2kW","2026-09-27T21:26:26.521Z","true","SOURCE_DUPLICATE_DIFFERENT_PRICING|SOURCE_REF_REUSED_ACROSS_LOCATIONS","d24e74ef10d25ba8","0","","3","0","3"
"1","FRA79P90977467","","4466514","INGETEAM","4166599","Ingeteam","IEC_62196_T2:22kW","2026-09-27T21:26:25.181Z","true","SOURCE_DUPLICATE_DIFFERENT_PRICING|SOURCE_REF_REUSED_ACROSS_LOCATIONS","2f9758680ad88fb5","0","","3","0","6"
"1","FRA79P90977467","","4466514","INGETEAM","4166620","Ingeteam","IEC_62196_T2:22kW","2026-09-27T21:26:25.181Z","true","SOURCE_DUPLICATE_DIFFERENT_PRICING|SOURCE_REF_REUSED_ACROSS_LOCATIONS","2f9758680ad88fb5","0","","3","0","6"
"1","FRA79P90977467","","4466514","INGETEAM","4166633","Ingeteam","DOMESTIC_F:2kW","2026-09-27T21:26:25.181Z","true","SOURCE_DUPLICATE_DIFFERENT_PRICING|SOURCE_REF_REUSED_ACROSS_LOCATIONS","d24e74ef10d25ba8","0","","3","0","6"
"1","FRA79P90977467","","4466514","INGETEAM","4166952","Ingeteam","IEC_62196_T2:22kW","2026-09-27T21:26:25.181Z","true","SOURCE_DUPLICATE_DIFFERENT_PRICING|SOURCE_REF_REUSED_ACROSS_LOCATIONS","2f9758680ad88fb5","0","","3","0","6"
"1","FRA79P90977467","","4466514","INGETEAM","4166967","Ingeteam","IEC_62196_T2:22kW","2026-09-27T21:26:25.181Z","true","SOURCE_DUPLICATE_DIFFERENT_PRICING|SOURCE_REF_REUSED_ACROSS_LOCATIONS","2f9758680ad88fb5","0","","3","0","6"
"1","FRA79P90977467","","4466514","INGETEAM","4166983","Ingeteam","DOMESTIC_F:2kW","2026-09-27T21:26:25.181Z","true","SOURCE_DUPLICATE_DIFFERENT_PRICING|SOURCE_REF_REUSED_ACROSS_LOCATIONS","d24e74ef10d25ba8","0","","3","0","6"
"1","FRA79P90977469","","4466648","INGETEAM","4167060","Ingeteam","IEC_62196_T2:22kW","2026-09-27T21:26:39.862Z","true","SOURCE_DUPLICATE_DIFFERENT_PRICING|SOURCE_REF_REUSED_ACROSS_LOCATIONS","2f9758680ad88fb5","0","","3","0","3"
"1","FRA79P90977469","","4466648","INGETEAM","4167077","Ingeteam","IEC_62196_T2:22kW","2026-09-27T21:26:39.862Z","true","SOURCE_DUPLICATE_DIFFERENT_PRICING|SOURCE_REF_REUSED_ACROSS_LOCATIONS","2f9758680ad88fb5","0","","3","0","3"
"1","FRA79P90977469","","4466648","INGETEAM","4167092","Ingeteam","DOMESTIC_F:2kW","2026-09-27T21:26:39.862Z","true","SOURCE_DUPLICATE_DIFFERENT_PRICING|SOURCE_REF_REUSED_ACROSS_LOCATIONS","d24e74ef10d25ba8","0","","3","0","3"
"1","FRA79P90977470","","4466579","INGETEAM","4166756","Ingeteam","IEC_62196_T2:22kW","2026-09-27T21:26:32.822Z","true","SOURCE_DUPLICATE_DIFFERENT_PRICING|SOURCE_REF_REUSED_ACROSS_LOCATIONS","2f9758680ad88fb5","0","","6","0","6"
"1","FRA79P90977470","","4466579","INGETEAM","4166773","Ingeteam","DOMESTIC_F:2kW","2026-09-27T21:26:32.822Z","true","SOURCE_DUPLICATE_DIFFERENT_PRICING|SOURCE_REF_REUSED_ACROSS_LOCATIONS","d24e74ef10d25ba8","0","","6","0","6"
"1","FRA79P90977470","","4466579","INGETEAM","4166793","Ingeteam","IEC_62196_T2:22kW","2026-09-27T21:26:32.822Z","true","SOURCE_DUPLICATE_DIFFERENT_PRICING|SOURCE_REF_REUSED_ACROSS_LOCATIONS","2f9758680ad88fb5","0","","6","0","6"
"1","FRA79P90977470","","4466579","INGETEAM","4166812","Ingeteam","IEC_62196_T2:22kW","2026-09-27T21:26:32.822Z","true","SOURCE_DUPLICATE_DIFFERENT_PRICING|SOURCE_REF_REUSED_ACROSS_LOCATIONS","2f9758680ad88fb5","0","","6","0","6"
"1","FRA79P90977470","","4466579","INGETEAM","4166827","Ingeteam","DOMESTIC_F:2kW","2026-09-27T21:26:32.822Z","true","SOURCE_DUPLICATE_DIFFERENT_PRICING|SOURCE_REF_REUSED_ACROSS_LOCATIONS","d24e74ef10d25ba8","0","","6","0","6"
"1","FRA79P90977470","","4466579","INGETEAM","4166849","Ingeteam","IEC_62196_T2:22kW","2026-09-27T21:26:32.822Z","true","SOURCE_DUPLICATE_DIFFERENT_PRICING|SOURCE_REF_REUSED_ACROSS_LOCATIONS","2f9758680ad88fb5","0","","6","0","6"
"1","FRA79P90991812","","4455556","INGETEAM","4130065","Ingeteam","IEC_62196_T2:22kW","2026-09-27T21:22:31.323Z","true","SOURCE_DUPLICATE_DIFFERENT_PRICING|SOURCE_REF_REUSED_ACROSS_LOCATIONS","2f9758680ad88fb5","0","","3","0","3"
"1","FRA79P90991812","","4455556","INGETEAM","4130083","Ingeteam","IEC_62196_T2:22kW","2026-09-27T21:22:31.323Z","true","SOURCE_DUPLICATE_DIFFERENT_PRICING|SOURCE_REF_REUSED_ACROSS_LOCATIONS","2f9758680ad88fb5","0","","3","0","3"
"1","FRA79P90991812","","4455556","INGETEAM","4130103","Ingeteam","IEC_62196_T2:1kW","2026-09-27T21:22:31.323Z","true","SOURCE_DUPLICATE_DIFFERENT_PRICING|SOURCE_REF_REUSED_ACROSS_LOCATIONS","ad2d6e02e33bf95e","0","","3","0","3"
"1","FRA79P90991853","","4456047","INGETEAM","4131662","Ingeteam","IEC_62196_T2:22kW","2026-09-27T21:22:34.787Z","true","SOURCE_DUPLICATE_DIFFERENT_PRICING|SOURCE_REF_REUSED_ACROSS_LOCATIONS","2f9758680ad88fb5","0","","3","0","9"
"1","FRA79P90991853","","4456047","INGETEAM","4131679","Ingeteam","IEC_62196_T2:22kW","2026-09-27T21:22:34.787Z","true","SOURCE_DUPLICATE_DIFFERENT_PRICING|SOURCE_REF_REUSED_ACROSS_LOCATIONS","2f9758680ad88fb5","0","","3","0","9"
"1","FRA79P90991853","","4456047","INGETEAM","4131693","Ingeteam","DOMESTIC_F:1kW","2026-09-27T21:22:34.787Z","true","SOURCE_DUPLICATE_DIFFERENT_PRICING|SOURCE_REF_REUSED_ACROSS_LOCATIONS","2812cb7b82dfbf5e","0","","3","0","9"
"1","FRA79P90991853","","4456047","INGETEAM","4167732","Ingeteam","IEC_62196_T2:22kW","2026-09-27T21:22:34.787Z","true","SOURCE_DUPLICATE_DIFFERENT_PRICING|SOURCE_REF_REUSED_ACROSS_LOCATIONS","2f9758680ad88fb5","0","","3","0","9"
"1","FRA79P90991853","","4456047","INGETEAM","4167745","Ingeteam","IEC_62196_T2:22kW","2026-09-27T21:22:34.787Z","true","SOURCE_DUPLICATE_DIFFERENT_PRICING|SOURCE_REF_REUSED_ACROSS_LOCATIONS","2f9758680ad88fb5","0","","3","0","9"
"1","FRA79P90991853","","4456047","INGETEAM","4167758","Ingeteam","DOMESTIC_F:2kW","2026-09-27T21:22:34.787Z","true","SOURCE_DUPLICATE_DIFFERENT_PRICING|SOURCE_REF_REUSED_ACROSS_LOCATIONS","d24e74ef10d25ba8","0","","3","0","9"
"1","FRA79P90991853","","4456047","INGETEAM","4168497","Ingeteam","IEC_62196_T2:22kW","2026-09-27T21:22:34.787Z","true","SOURCE_DUPLICATE_DIFFERENT_PRICING|SOURCE_REF_REUSED_ACROSS_LOCATIONS","2f9758680ad88fb5","0","","3","0","9"
"1","FRA79P90991853","","4456047","INGETEAM","4168512","Ingeteam","IEC_62196_T2:22kW","2026-09-27T21:22:34.787Z","true","SOURCE_DUPLICATE_DIFFERENT_PRICING|SOURCE_REF_REUSED_ACROSS_LOCATIONS","2f9758680ad88fb5","0","","3","0","9"
"1","FRA79P90991853","","4456047","INGETEAM","4168528","Ingeteam","IEC_62196_T2:1kW","2026-09-27T21:22:34.787Z","true","SOURCE_DUPLICATE_DIFFERENT_PRICING|SOURCE_REF_REUSED_ACROSS_LOCATIONS","ad2d6e02e33bf95e","0","","3","0","9"
"1","FRA79P90991879","","4466910","INGETEAM","4167761","Ingeteam","IEC_62196_T2:22kW","2026-09-27T21:26:51.851Z","true","SOURCE_DUPLICATE_DIFFERENT_PRICING|SOURCE_REF_REUSED_ACROSS_LOCATIONS","2f9758680ad88fb5","0","","3","0","3"
"1","FRA79P90991879","","4466910","INGETEAM","4167775","Ingeteam","IEC_62196_T2:22kW","2026-09-27T21:26:51.851Z","true","SOURCE_DUPLICATE_DIFFERENT_PRICING|SOURCE_REF_REUSED_ACROSS_LOCATIONS","2f9758680ad88fb5","0","","3","0","3"
"1","FRA79P90991879","","4466910","INGETEAM","4167796","Ingeteam","DOMESTIC_F:1kW","2026-09-27T21:26:51.851Z","true","SOURCE_DUPLICATE_DIFFERENT_PRICING|SOURCE_REF_REUSED_ACROSS_LOCATIONS","2812cb7b82dfbf5e","0","","3","0","3"
"1","FRA79P90991930","","4466892","INGETEAM","4167726","Ingeteam","IEC_62196_T2:22kW","2026-09-27T21:26:50.335Z","true","SOURCE_DUPLICATE_DIFFERENT_PRICING|SOURCE_REF_REUSED_ACROSS_LOCATIONS","2f9758680ad88fb5","0","","3","0","3"
"1","FRA79P90991930","","4466892","INGETEAM","4167742","Ingeteam","IEC_62196_T2:22kW","2026-09-27T21:26:50.335Z","true","SOURCE_DUPLICATE_DIFFERENT_PRICING|SOURCE_REF_REUSED_ACROSS_LOCATIONS","2f9758680ad88fb5","0","","3","0","3"
"1","FRA79P90991930","","4466892","INGETEAM","4167753","Ingeteam","DOMESTIC_F:1kW","2026-09-27T21:26:50.335Z","true","SOURCE_DUPLICATE_DIFFERENT_PRICING|SOURCE_REF_REUSED_ACROSS_LOCATIONS","2812cb7b82dfbf5e","0","","3","0","3"
"1","FRA79P90991943","","4467073","INGETEAM","4168119","Ingeteam","IEC_62196_T2:22kW","2026-09-26T21:26:16.073Z","true","SOURCE_DUPLICATE_DIFFERENT_PRICING|SOURCE_REF_REUSED_ACROSS_LOCATIONS","2f9758680ad88fb5","0","","3","0","3"
"1","FRA79P90991943","","4467073","INGETEAM","4168138","Ingeteam","IEC_62196_T2:22kW","2026-09-26T21:26:16.073Z","true","SOURCE_DUPLICATE_DIFFERENT_PRICING|SOURCE_REF_REUSED_ACROSS_LOCATIONS","2f9758680ad88fb5","0","","3","0","3"
"1","FRA79P90991943","","4467073","INGETEAM","4168151","Ingeteam","DOMESTIC_F:1kW","2026-09-26T21:26:16.073Z","true","SOURCE_DUPLICATE_DIFFERENT_PRICING|SOURCE_REF_REUSED_ACROSS_LOCATIONS","2812cb7b82dfbf5e","0","","3","0","3"
"1","FRA79P90991945","","4458469","INGETEAM","4139598","Ingeteam","IEC_62196_T2:22kW","2026-09-27T21:22:59.739Z","true","SOURCE_DUPLICATE_DIFFERENT_PRICING|SOURCE_REF_REUSED_ACROSS_LOCATIONS","2f9758680ad88fb5","0","","3","0","3"
"1","FRA79P90991945","","4458469","INGETEAM","4139610","Ingeteam","IEC_62196_T2:22kW","2026-09-27T21:22:59.739Z","true","SOURCE_DUPLICATE_DIFFERENT_PRICING|SOURCE_REF_REUSED_ACROSS_LOCATIONS","2f9758680ad88fb5","0","","3","0","3"
"1","FRA79P90991945","","4458469","INGETEAM","4139627","Ingeteam","DOMESTIC_F:1kW","2026-09-27T21:22:59.739Z","true","SOURCE_DUPLICATE_DIFFERENT_PRICING|SOURCE_REF_REUSED_ACROSS_LOCATIONS","2812cb7b82dfbf5e","0","","3","0","3"
"1","FRA79P90992147","","4467306","INGETEAM","4168534","Ingeteam","IEC_62196_T2:22kW","2026-09-27T21:27:06.872Z","true","SOURCE_DUPLICATE_DIFFERENT_PRICING|SOURCE_REF_REUSED_ACROSS_LOCATIONS","2f9758680ad88fb5","0","","3","0","3"
"1","FRA79P90992147","","4467306","INGETEAM","4168545","Ingeteam","IEC_62196_T2:22kW","2026-09-27T21:27:06.872Z","true","SOURCE_DUPLICATE_DIFFERENT_PRICING|SOURCE_REF_REUSED_ACROSS_LOCATIONS","2f9758680ad88fb5","0","","3","0","3"
"1","FRA79P90992147","","4467306","INGETEAM","4168557","Ingeteam","DOMESTIC_F:1kW","2026-09-27T21:27:06.872Z","true","SOURCE_DUPLICATE_DIFFERENT_PRICING|SOURCE_REF_REUSED_ACROSS_LOCATIONS","2812cb7b82dfbf5e","0","","3","0","3"
"1","FRA79P91000890","","4466407","INGETEAM","4166234","Ingeteam","IEC_62196_T2:22kW","2026-09-27T21:26:17.329Z","true","SOURCE_DUPLICATE_DIFFERENT_PRICING|SOURCE_REF_REUSED_ACROSS_LOCATIONS","2f9758680ad88fb5","0","","3","0","3"
"1","FRA79P91000890","","4466407","INGETEAM","4166248","Ingeteam","IEC_62196_T2:22kW","2026-09-27T21:26:17.329Z","true","SOURCE_DUPLICATE_DIFFERENT_PRICING|SOURCE_REF_REUSED_ACROSS_LOCATIONS","2f9758680ad88fb5","0","","3","0","3"
"1","FRA79P91000890","","4466407","INGETEAM","4166269","Ingeteam","DOMESTIC_F:1kW","2026-09-27T21:26:17.329Z","true","SOURCE_DUPLICATE_DIFFERENT_PRICING|SOURCE_REF_REUSED_ACROSS_LOCATIONS","2812cb7b82dfbf5e","0","","3","0","3"
"1","FRA79P91000898","","4466849","ENOVATES","4167624","ENovates","IEC_62196_T2:22kW","2026-09-27T21:26:47.288Z","true","SOURCE_DUPLICATE_DIFFERENT_PRICING|SOURCE_REF_REUSED_ACROSS_LOCATIONS","2f9758680ad88fb5","0","","3","0","3"
"1","FRA79P91000898","","4466849","ENOVATES","4167640","ENovates","IEC_62196_T2:22kW","2026-09-27T21:26:47.288Z","true","SOURCE_DUPLICATE_DIFFERENT_PRICING|SOURCE_REF_REUSED_ACROSS_LOCATIONS","2f9758680ad88fb5","0","","3","0","3"
"1","FRA79P91000898","","4466849","ENOVATES","4167659","ENovates","DOMESTIC_F:1kW","2026-09-27T21:26:47.288Z","true","SOURCE_DUPLICATE_DIFFERENT_PRICING|SOURCE_REF_REUSED_ACROSS_LOCATIONS","2812cb7b82dfbf5e","0","","3","0","3"
"1","FRA79P91000906","","4467360","INGETEAM","4168610","Ingeteam","IEC_62196_T2:22kW","2026-09-27T21:27:08.461Z","true","SOURCE_DUPLICATE_DIFFERENT_PRICING|SOURCE_REF_REUSED_ACROSS_LOCATIONS","2f9758680ad88fb5","0","","3","0","3"
"1","FRA79P91000906","","4467360","INGETEAM","4168624","Ingeteam","IEC_62196_T2:22kW","2026-09-27T21:27:08.461Z","true","SOURCE_DUPLICATE_DIFFERENT_PRICING|SOURCE_REF_REUSED_ACROSS_LOCATIONS","2f9758680ad88fb5","0","","3","0","3"
"1","FRA79P91000906","","4467360","INGETEAM","4168636","Ingeteam","DOMESTIC_F:4kW","2026-09-27T21:27:08.461Z","true","SOURCE_DUPLICATE_DIFFERENT_PRICING|SOURCE_REF_REUSED_ACROSS_LOCATIONS","dc73de2856527b3a","0","","3","0","3"
"1","FRA79P91000948","","4466370","INGETEAM","4166147","Ingeteam","IEC_62196_T2:22kW","2026-09-27T21:26:12.934Z","true","SOURCE_DUPLICATE_DIFFERENT_PRICING|SOURCE_REF_REUSED_ACROSS_LOCATIONS","2f9758680ad88fb5","0","","3","0","3"
"1","FRA79P91000948","","4466370","INGETEAM","4166168","Ingeteam","IEC_62196_T2:22kW","2026-09-27T21:26:12.934Z","true","SOURCE_DUPLICATE_DIFFERENT_PRICING|SOURCE_REF_REUSED_ACROSS_LOCATIONS","2f9758680ad88fb5","0","","3","0","3"
"1","FRA79P91000948","","4466370","INGETEAM","4166184","Ingeteam","DOMESTIC_F:1kW","2026-09-27T21:26:12.934Z","true","SOURCE_DUPLICATE_DIFFERENT_PRICING|SOURCE_REF_REUSED_ACROSS_LOCATIONS","2812cb7b82dfbf5e","0","","3","0","3"
"1","FRA79P91004707","","4466743","ENOVATES","4167317","ENovates","IEC_62196_T2:22kW","2026-09-27T21:26:41.361Z","true","SOURCE_DUPLICATE_DIFFERENT_PRICING|SOURCE_REF_REUSED_ACROSS_LOCATIONS","2f9758680ad88fb5","0","","3","0","3"
"1","FRA79P91004707","","4466743","ENOVATES","4167331","ENovates","IEC_62196_T2:22kW","2026-09-27T21:26:41.361Z","true","SOURCE_DUPLICATE_DIFFERENT_PRICING|SOURCE_REF_REUSED_ACROSS_LOCATIONS","2f9758680ad88fb5","0","","3","0","3"
"1","FRA79P91004707","","4466743","ENOVATES","4167350","ENovates","DOMESTIC_F:1kW","2026-09-27T21:26:41.361Z","true","SOURCE_DUPLICATE_DIFFERENT_PRICING|SOURCE_REF_REUSED_ACROSS_LOCATIONS","2812cb7b82dfbf5e","0","","3","0","3"
"1","FRA79P91004711","","4466466","INGETEAM","4166436","Ingeteam","IEC_62196_T2:22kW","2026-09-27T21:26:20.371Z","true","SOURCE_DUPLICATE_DIFFERENT_PRICING|SOURCE_REF_REUSED_ACROSS_LOCATIONS","2f9758680ad88fb5","0","","3","0","3"
"1","FRA79P91004711","","4466466","INGETEAM","4166452","Ingeteam","IEC_62196_T2:22kW","2026-09-27T21:26:20.371Z","true","SOURCE_DUPLICATE_DIFFERENT_PRICING|SOURCE_REF_REUSED_ACROSS_LOCATIONS","2f9758680ad88fb5","0","","3","0","3"
"1","FRA79P91004711","","4466466","INGETEAM","4166470","Ingeteam","DOMESTIC_F:1kW","2026-09-27T21:26:20.371Z","true","SOURCE_DUPLICATE_DIFFERENT_PRICING|SOURCE_REF_REUSED_ACROSS_LOCATIONS","2812cb7b82dfbf5e","0","","3","0","3"
"1","FRA79P91004721","","4468590","INGETEAM","4170706","Ingeteam","IEC_62196_T2:22kW","2026-09-27T21:27:36.527Z","true","SOURCE_DUPLICATE_DIFFERENT_PRICING|SOURCE_REF_REUSED_ACROSS_LOCATIONS","2f9758680ad88fb5","0","","3","0","3"
"1","FRA79P91004721","","4468590","INGETEAM","4170718","Ingeteam","IEC_62196_T2:22kW","2026-09-27T21:27:36.527Z","true","SOURCE_DUPLICATE_DIFFERENT_PRICING|SOURCE_REF_REUSED_ACROSS_LOCATIONS","2f9758680ad88fb5","0","","3","0","3"
"1","FRA79P91004721","","4468590","INGETEAM","4170728","Ingeteam","DOMESTIC_F:1kW","2026-09-27T21:27:36.527Z","true","SOURCE_DUPLICATE_DIFFERENT_PRICING|SOURCE_REF_REUSED_ACROSS_LOCATIONS","2812cb7b82dfbf5e","0","","3","0","3"
"1","FRA79P91004786","","4470205","ENOVATES","4175816","ENovates","IEC_62196_T2:22kW","2026-09-27T21:27:51.842Z","true","SOURCE_DUPLICATE_DIFFERENT_PRICING|SOURCE_REF_REUSED_ACROSS_LOCATIONS","2f9758680ad88fb5","0","","6","0","6"
"1","FRA79P91004786","","4470205","ENOVATES","4175838","ENovates","IEC_62196_T2:22kW","2026-09-27T21:27:51.842Z","true","SOURCE_DUPLICATE_DIFFERENT_PRICING|SOURCE_REF_REUSED_ACROSS_LOCATIONS","2f9758680ad88fb5","0","","6","0","6"
"1","FRA79P91004786","","4470205","ENOVATES","4175860","ENovates","DOMESTIC_F:1kW","2026-09-27T21:27:51.842Z","true","SOURCE_DUPLICATE_DIFFERENT_PRICING|SOURCE_REF_REUSED_ACROSS_LOCATIONS","2812cb7b82dfbf5e","0","","6","0","6"
"1","FRA79P91004786","","4470205","ENOVATES","4175881","ENovates","IEC_62196_T2:22kW","2026-09-27T21:27:51.842Z","true","SOURCE_DUPLICATE_DIFFERENT_PRICING|SOURCE_REF_REUSED_ACROSS_LOCATIONS","2f9758680ad88fb5","0","","6","0","6"
"1","FRA79P91004786","","4470205","ENOVATES","4175900","ENovates","IEC_62196_T2:22kW","2026-09-27T21:27:51.842Z","true","SOURCE_DUPLICATE_DIFFERENT_PRICING|SOURCE_REF_REUSED_ACROSS_LOCATIONS","2f9758680ad88fb5","0","","6","0","6"
"1","FRA79P91004786","","4470205","ENOVATES","4175923","ENovates","DOMESTIC_F:1kW","2026-09-27T21:27:51.842Z","true","SOURCE_DUPLICATE_DIFFERENT_PRICING|SOURCE_REF_REUSED_ACROSS_LOCATIONS","2812cb7b82dfbf5e","0","","6","0","6"
"1","FRA79P91004790","","4457063","INGETEAM","4134821","Ingeteam","IEC_62196_T2:22kW","2026-09-27T21:22:45.989Z","true","SOURCE_DUPLICATE_DIFFERENT_PRICING|SOURCE_REF_REUSED_ACROSS_LOCATIONS","2f9758680ad88fb5","0","","3","0","3"
"1","FRA79P91004790","","4457063","INGETEAM","4134842","Ingeteam","IEC_62196_T2:22kW","2026-09-27T21:22:45.989Z","true","SOURCE_DUPLICATE_DIFFERENT_PRICING|SOURCE_REF_REUSED_ACROSS_LOCATIONS","2f9758680ad88fb5","0","","3","0","3"
"1","FRA79P91004790","","4457063","INGETEAM","4134857","Ingeteam","DOMESTIC_F:1kW","2026-09-27T21:22:45.989Z","true","SOURCE_DUPLICATE_DIFFERENT_PRICING|SOURCE_REF_REUSED_ACROSS_LOCATIONS","2812cb7b82dfbf5e","0","","3","0","3"
"1","FRA79P91004791","","4466439","INGETEAM","4166358","Ingeteam","IEC_62196_T2:22kW","2026-09-27T21:26:18.866Z","true","SOURCE_DUPLICATE_DIFFERENT_PRICING|SOURCE_REF_REUSED_ACROSS_LOCATIONS","2f9758680ad88fb5","0","","3","0","3"
"1","FRA79P91004791","","4466439","INGETEAM","4166374","Ingeteam","IEC_62196_T2:22kW","2026-09-27T21:26:18.866Z","true","SOURCE_DUPLICATE_DIFFERENT_PRICING|SOURCE_REF_REUSED_ACROSS_LOCATIONS","2f9758680ad88fb5","0","","3","0","3"
"1","FRA79P91004791","","4466439","INGETEAM","4166395","Ingeteam","DOMESTIC_F:1kW","2026-09-27T21:26:18.866Z","true","SOURCE_DUPLICATE_DIFFERENT_PRICING|SOURCE_REF_REUSED_ACROSS_LOCATIONS","2812cb7b82dfbf5e","0","","3","0","3"
"1","FRA79P91004794","","4466964","INGETEAM","4167890","Ingeteam","IEC_62196_T2:22kW","2026-09-27T21:26:57.860Z","true","SOURCE_DUPLICATE_DIFFERENT_PRICING|SOURCE_REF_REUSED_ACROSS_LOCATIONS","2f9758680ad88fb5","0","","3","0","3"
"1","FRA79P91004794","","4466964","INGETEAM","4167907","Ingeteam","IEC_62196_T2:22kW","2026-09-27T21:26:57.860Z","true","SOURCE_DUPLICATE_DIFFERENT_PRICING|SOURCE_REF_REUSED_ACROSS_LOCATIONS","2f9758680ad88fb5","0","","3","0","3"
"1","FRA79P91004794","","4466964","INGETEAM","4167920","Ingeteam","DOMESTIC_F:1kW","2026-09-27T21:26:57.860Z","true","SOURCE_DUPLICATE_DIFFERENT_PRICING|SOURCE_REF_REUSED_ACROSS_LOCATIONS","2812cb7b82dfbf5e","0","","3","0","3"
"1","FRA79P91004795","","4466929","INGETEAM","4167802","Ingeteam","IEC_62196_T2:22kW","2026-09-27T21:26:54.861Z","true","SOURCE_DUPLICATE_DIFFERENT_PRICING|SOURCE_REF_REUSED_ACROSS_LOCATIONS","2f9758680ad88fb5","0","","3","0","3"
"1","FRA79P91004795","","4466929","INGETEAM","4167819","Ingeteam","IEC_62196_T2:22kW","2026-09-27T21:26:54.861Z","true","SOURCE_DUPLICATE_DIFFERENT_PRICING|SOURCE_REF_REUSED_ACROSS_LOCATIONS","2f9758680ad88fb5","0","","3","0","3"
"1","FRA79P91004795","","4466929","INGETEAM","4167834","Ingeteam","DOMESTIC_F:1kW","2026-09-27T21:26:54.861Z","true","SOURCE_DUPLICATE_DIFFERENT_PRICING|SOURCE_REF_REUSED_ACROSS_LOCATIONS","2812cb7b82dfbf5e","0","","3","0","3"
"1","FRA79P91004802","","4466566","ENOVATES","4166766","ENovates","IEC_62196_T2:22kW","2026-09-27T21:26:30.872Z","true","SOURCE_DUPLICATE_DIFFERENT_PRICING|SOURCE_REF_REUSED_ACROSS_LOCATIONS","2f9758680ad88fb5","0","","3","0","3"
"1","FRA79P91004802","","4466566","ENOVATES","4166790","ENovates","IEC_62196_T2:22kW","2026-09-27T21:26:30.872Z","true","SOURCE_DUPLICATE_DIFFERENT_PRICING|SOURCE_REF_REUSED_ACROSS_LOCATIONS","2f9758680ad88fb5","0","","3","0","3"
"1","FRA79P91004802","","4466566","ENOVATES","4166810","ENovates","IEC_62196_T2:1kW","2026-09-27T21:26:30.872Z","true","SOURCE_DUPLICATE_DIFFERENT_PRICING|SOURCE_REF_REUSED_ACROSS_LOCATIONS","ad2d6e02e33bf95e","0","","3","0","3"
"1","FRA79P91004805","","4456249","ENOVATES","4132289","ENovates","IEC_62196_T2:22kW","2026-09-27T21:22:35.650Z","true","SOURCE_DUPLICATE_DIFFERENT_PRICING|SOURCE_REF_REUSED_ACROSS_LOCATIONS","2f9758680ad88fb5","0","","3","0","3"
"1","FRA79P91004805","","4456249","ENOVATES","4132305","ENovates","IEC_62196_T2:22kW","2026-09-27T21:22:35.650Z","true","SOURCE_DUPLICATE_DIFFERENT_PRICING|SOURCE_REF_REUSED_ACROSS_LOCATIONS","2f9758680ad88fb5","0","","3","0","3"
"1","FRA79P91004805","","4456249","ENOVATES","4132319","ENovates","DOMESTIC_F:1kW","2026-09-27T21:22:35.650Z","true","SOURCE_DUPLICATE_DIFFERENT_PRICING|SOURCE_REF_REUSED_ACROSS_LOCATIONS","2812cb7b82dfbf5e","0","","3","0","3"
"1","FRA79P91004806","","4457459","INGETEAM","4136171","Ingeteam","IEC_62196_T2:22kW","2026-09-27T21:22:50.672Z","true","SOURCE_DUPLICATE_DIFFERENT_PRICING|SOURCE_REF_REUSED_ACROSS_LOCATIONS","2f9758680ad88fb5","0","","3","0","3"
"1","FRA79P91004806","","4457459","INGETEAM","4136182","Ingeteam","IEC_62196_T2:22kW","2026-09-27T21:22:50.672Z","true","SOURCE_DUPLICATE_DIFFERENT_PRICING|SOURCE_REF_REUSED_ACROSS_LOCATIONS","2f9758680ad88fb5","0","","3","0","3"
"1","FRA79P91004806","","4457459","INGETEAM","4136196","Ingeteam","DOMESTIC_F:1kW","2026-09-27T21:22:50.672Z","true","SOURCE_DUPLICATE_DIFFERENT_PRICING|SOURCE_REF_REUSED_ACROSS_LOCATIONS","2812cb7b82dfbf5e","0","","3","0","3"
"1","FRA79P91011000","","4466772","ENOVATES","4167422","ENovates","IEC_62196_T2:22kW","2026-09-27T21:26:44.297Z","true","SOURCE_DUPLICATE_DIFFERENT_PRICING|SOURCE_REF_REUSED_ACROSS_LOCATIONS","2f9758680ad88fb5","0","","3","0","3"
"1","FRA79P91011000","","4466772","ENOVATES","4167438","ENovates","IEC_62196_T2:22kW","2026-09-27T21:26:44.297Z","true","SOURCE_DUPLICATE_DIFFERENT_PRICING|SOURCE_REF_REUSED_ACROSS_LOCATIONS","2f9758680ad88fb5","0","","3","0","3"
"1","FRA79P91011000","","4466772","ENOVATES","4167459","ENovates","DOMESTIC_F:1kW","2026-09-27T21:26:44.297Z","true","SOURCE_DUPLICATE_DIFFERENT_PRICING|SOURCE_REF_REUSED_ACROSS_LOCATIONS","2812cb7b82dfbf5e","0","","3","0","3"
"1","FRA79P91011024","","4466602","ENOVATES","4166881","ENovates","IEC_62196_T2:22kW","2026-09-27T21:26:35.350Z","true","SOURCE_DUPLICATE_DIFFERENT_PRICING|SOURCE_REF_REUSED_ACROSS_LOCATIONS","2f9758680ad88fb5","0","","3","0","3"
"1","FRA79P91011024","","4466602","ENOVATES","4166898","ENovates","IEC_62196_T2:22kW","2026-09-27T21:26:35.350Z","true","SOURCE_DUPLICATE_DIFFERENT_PRICING|SOURCE_REF_REUSED_ACROSS_LOCATIONS","2f9758680ad88fb5","0","","3","0","3"
"1","FRA79P91011024","","4466602","ENOVATES","4166913","ENovates","DOMESTIC_F:1kW","2026-09-27T21:26:35.350Z","true","SOURCE_DUPLICATE_DIFFERENT_PRICING|SOURCE_REF_REUSED_ACROSS_LOCATIONS","2812cb7b82dfbf5e","0","","3","0","3"
"1","FRA79P91011058","","4466765","INGETEAM","4167348","Ingeteam","IEC_62196_T2:22kW","2026-09-27T21:26:42.832Z","true","SOURCE_DUPLICATE_DIFFERENT_PRICING|SOURCE_REF_REUSED_ACROSS_LOCATIONS","2f9758680ad88fb5","0","","3","0","3"
"1","FRA79P91011058","","4466765","INGETEAM","4167367","Ingeteam","IEC_62196_T2:22kW","2026-09-27T21:26:42.832Z","true","SOURCE_DUPLICATE_DIFFERENT_PRICING|SOURCE_REF_REUSED_ACROSS_LOCATIONS","2f9758680ad88fb5","0","","3","0","3"
"1","FRA79P91011058","","4466765","INGETEAM","4167384","Ingeteam","DOMESTIC_F:1kW","2026-09-27T21:26:42.832Z","true","SOURCE_DUPLICATE_DIFFERENT_PRICING|SOURCE_REF_REUSED_ACROSS_LOCATIONS","2812cb7b82dfbf5e","0","","3","0","3"
"1","FRA79P91036880","","4466888","INGETEAM","4167712","Ingeteam","IEC_62196_T2:22kW","2026-09-27T21:26:48.873Z","true","SOURCE_DUPLICATE_DIFFERENT_PRICING|SOURCE_REF_REUSED_ACROSS_LOCATIONS","2f9758680ad88fb5","0","","3","0","3"
"1","FRA79P91036880","","4466888","INGETEAM","4167728","Ingeteam","IEC_62196_T2:22kW","2026-09-27T21:26:48.873Z","true","SOURCE_DUPLICATE_DIFFERENT_PRICING|SOURCE_REF_REUSED_ACROSS_LOCATIONS","2f9758680ad88fb5","0","","3","0","3"
"1","FRA79P91036880","","4466888","INGETEAM","4167744","Ingeteam","DOMESTIC_F:1kW","2026-09-27T21:26:48.873Z","true","SOURCE_DUPLICATE_DIFFERENT_PRICING|SOURCE_REF_REUSED_ACROSS_LOCATIONS","2812cb7b82dfbf5e","0","","3","0","3"
"1","FRA79P91036882","","4467806","INGETEAM","4169342","Ingeteam","IEC_62196_T2:22kW","2026-09-27T21:27:17.444Z","true","SOURCE_DUPLICATE_DIFFERENT_PRICING|SOURCE_REF_REUSED_ACROSS_LOCATIONS","2f9758680ad88fb5","0","","3","0","3"
"1","FRA79P91036882","","4467806","INGETEAM","4169352","Ingeteam","IEC_62196_T2:22kW","2026-09-27T21:27:17.444Z","true","SOURCE_DUPLICATE_DIFFERENT_PRICING|SOURCE_REF_REUSED_ACROSS_LOCATIONS","2f9758680ad88fb5","0","","3","0","3"
"1","FRA79P91036882","","4467806","INGETEAM","4169366","Ingeteam","DOMESTIC_F:1kW","2026-09-27T21:27:17.444Z","true","SOURCE_DUPLICATE_DIFFERENT_PRICING|SOURCE_REF_REUSED_ACROSS_LOCATIONS","2812cb7b82dfbf5e","0","","3","0","3"
"1","FRA79P91036886","","4466777","INGETEAM","4167432","Ingeteam","IEC_62196_T2:22kW","2026-09-27T21:26:46.699Z","true","SOURCE_DUPLICATE_DIFFERENT_PRICING|SOURCE_REF_REUSED_ACROSS_LOCATIONS","2f9758680ad88fb5","0","","3","0","3"
"1","FRA79P91036886","","4466777","INGETEAM","4167452","Ingeteam","IEC_62196_T2:22kW","2026-09-27T21:26:46.699Z","true","SOURCE_DUPLICATE_DIFFERENT_PRICING|SOURCE_REF_REUSED_ACROSS_LOCATIONS","2f9758680ad88fb5","0","","3","0","3"
"1","FRA79P91036886","","4466777","INGETEAM","4167466","Ingeteam","DOMESTIC_F:1kW","2026-09-27T21:26:46.699Z","true","SOURCE_DUPLICATE_DIFFERENT_PRICING|SOURCE_REF_REUSED_ACROSS_LOCATIONS","2812cb7b82dfbf5e","0","","3","0","3"
"1","FRA79P91046567","","4466969","INGETEAM","4167895","Ingeteam","IEC_62196_T2:22kW","2026-09-27T21:26:59.360Z","true","SOURCE_DUPLICATE_DIFFERENT_PRICING|SOURCE_REF_REUSED_ACROSS_LOCATIONS","2f9758680ad88fb5","0","","3","0","3"
"1","FRA79P91046567","","4466969","INGETEAM","4167915","Ingeteam","IEC_62196_T2:22kW","2026-09-27T21:26:59.360Z","true","SOURCE_DUPLICATE_DIFFERENT_PRICING|SOURCE_REF_REUSED_ACROSS_LOCATIONS","2f9758680ad88fb5","0","","3","0","3"
"1","FRA79P91046567","","4466969","INGETEAM","4167928","Ingeteam","DOMESTIC_F:1kW","2026-09-27T21:26:59.360Z","true","SOURCE_DUPLICATE_DIFFERENT_PRICING|SOURCE_REF_REUSED_ACROSS_LOCATIONS","2812cb7b82dfbf5e","0","","3","0","3"
"1","FRA79P91046569","","4466911","INGETEAM","4167766","Ingeteam","IEC_62196_T2:22kW","2026-09-27T21:26:53.385Z","true","SOURCE_DUPLICATE_DIFFERENT_PRICING|SOURCE_REF_REUSED_ACROSS_LOCATIONS","2f9758680ad88fb5","0","","3","0","3"
"1","FRA79P91046569","","4466911","INGETEAM","4167780","Ingeteam","IEC_62196_T2:22kW","2026-09-27T21:26:53.385Z","true","SOURCE_DUPLICATE_DIFFERENT_PRICING|SOURCE_REF_REUSED_ACROSS_LOCATIONS","2f9758680ad88fb5","0","","3","0","3"
"1","FRA79P91046569","","4466911","INGETEAM","4167801","Ingeteam","DOMESTIC_F:4kW","2026-09-27T21:26:53.385Z","true","SOURCE_DUPLICATE_DIFFERENT_PRICING|SOURCE_REF_REUSED_ACROSS_LOCATIONS","dc73de2856527b3a","0","","3","0","3"
"1","FRA79P91046578","","4467530","INGETEAM","4168875","Ingeteam","IEC_62196_T2:22kW","2026-09-27T21:27:11.464Z","true","SOURCE_DUPLICATE_DIFFERENT_PRICING|SOURCE_REF_REUSED_ACROSS_LOCATIONS","2f9758680ad88fb5","0","","3","0","3"
"1","FRA79P91046578","","4467530","INGETEAM","4168886","Ingeteam","IEC_62196_T2:22kW","2026-09-27T21:27:11.464Z","true","SOURCE_DUPLICATE_DIFFERENT_PRICING|SOURCE_REF_REUSED_ACROSS_LOCATIONS","2f9758680ad88fb5","0","","3","0","3"
"1","FRA79P91046578","","4467530","INGETEAM","4168903","Ingeteam","DOMESTIC_F:1kW","2026-09-27T21:27:11.464Z","true","SOURCE_DUPLICATE_DIFFERENT_PRICING|SOURCE_REF_REUSED_ACROSS_LOCATIONS","2812cb7b82dfbf5e","0","","3","0","3"
"1","FRA79P91050891","","4448284","INGETEAM","4108519","Ingeteam","IEC_62196_T2:22kW","2026-09-27T21:21:28.182Z","true","SOURCE_DUPLICATE_DIFFERENT_PRICING|SOURCE_REF_REUSED_ACROSS_LOCATIONS","2f9758680ad88fb5","0","","3","0","3"
"1","FRA79P91050891","","4448284","INGETEAM","4108532","Ingeteam","IEC_62196_T2:22kW","2026-09-27T21:21:28.182Z","true","SOURCE_DUPLICATE_DIFFERENT_PRICING|SOURCE_REF_REUSED_ACROSS_LOCATIONS","2f9758680ad88fb5","0","","3","0","3"
"1","FRA79P91050891","","4448284","INGETEAM","4108548","Ingeteam","DOMESTIC_F:1kW","2026-09-27T21:21:28.182Z","true","SOURCE_DUPLICATE_DIFFERENT_PRICING|SOURCE_REF_REUSED_ACROSS_LOCATIONS","2812cb7b82dfbf5e","0","","3","0","3"
"1","FRA79P91050899","","4467933","INGETEAM","4169527","Ingeteam","IEC_62196_T2:7kW","2026-09-27T21:27:23.410Z","true","SOURCE_DUPLICATE_DIFFERENT_PRICING|SOURCE_REF_REUSED_ACROSS_LOCATIONS","fe64e4ed78c22481","0","","3","0","3"
"1","FRA79P91050899","","4467933","INGETEAM","4169539","Ingeteam","IEC_62196_T2:7kW","2026-09-27T21:27:23.410Z","true","SOURCE_DUPLICATE_DIFFERENT_PRICING|SOURCE_REF_REUSED_ACROSS_LOCATIONS","fe64e4ed78c22481","0","","3","0","3"
"1","FRA79P91050899","","4467933","INGETEAM","4169548","Ingeteam","DOMESTIC_F:1kW","2026-09-27T21:27:23.410Z","true","SOURCE_DUPLICATE_DIFFERENT_PRICING|SOURCE_REF_REUSED_ACROSS_LOCATIONS","2812cb7b82dfbf5e","0","","3","0","3"
"1","FRA79P91050903","","4467190","INGETEAM","4168323","Ingeteam","IEC_62196_T2:22kW","2026-09-27T21:27:03.873Z","true","SOURCE_DUPLICATE_DIFFERENT_PRICING|SOURCE_REF_REUSED_ACROSS_LOCATIONS","2f9758680ad88fb5","0","","3","0","3"
"1","FRA79P91050903","","4467190","INGETEAM","4168337","Ingeteam","IEC_62196_T2:22kW","2026-09-27T21:27:03.873Z","true","SOURCE_DUPLICATE_DIFFERENT_PRICING|SOURCE_REF_REUSED_ACROSS_LOCATIONS","2f9758680ad88fb5","0","","3","0","3"
"1","FRA79P91050903","","4467190","INGETEAM","4168353","Ingeteam","DOMESTIC_F:1kW","2026-09-27T21:27:03.873Z","true","SOURCE_DUPLICATE_DIFFERENT_PRICING|SOURCE_REF_REUSED_ACROSS_LOCATIONS","2812cb7b82dfbf5e","0","","3","0","3"
"1","FRA79P91050907","","4467203","INGETEAM","4168347","Ingeteam","IEC_62196_T2:22kW","2026-09-27T21:27:06.454Z","true","SOURCE_DUPLICATE_DIFFERENT_PRICING|SOURCE_REF_REUSED_ACROSS_LOCATIONS","2f9758680ad88fb5","0","","3","0","3"
"1","FRA79P91050907","","4467203","INGETEAM","4168363","Ingeteam","IEC_62196_T2:22kW","2026-09-27T21:27:06.454Z","true","SOURCE_DUPLICATE_DIFFERENT_PRICING|SOURCE_REF_REUSED_ACROSS_LOCATIONS","2f9758680ad88fb5","0","","3","0","3"
"1","FRA79P91050907","","4467203","INGETEAM","4168377","Ingeteam","DOMESTIC_F:1kW","2026-09-27T21:27:06.454Z","true","SOURCE_DUPLICATE_DIFFERENT_PRICING|SOURCE_REF_REUSED_ACROSS_LOCATIONS","2812cb7b82dfbf5e","0","","3","0","3"
"1","FRA79P91050910","","4468633","INGETEAM","4170818","Ingeteam","IEC_62196_T2:22kW","2026-09-27T21:27:38.023Z","true","SOURCE_DUPLICATE_DIFFERENT_PRICING|SOURCE_REF_REUSED_ACROSS_LOCATIONS","2f9758680ad88fb5","0","","3","0","3"
"1","FRA79P91050910","","4468633","INGETEAM","4170828","Ingeteam","IEC_62196_T2:22kW","2026-09-27T21:27:38.023Z","true","SOURCE_DUPLICATE_DIFFERENT_PRICING|SOURCE_REF_REUSED_ACROSS_LOCATIONS","2f9758680ad88fb5","0","","3","0","3"
"1","FRA79P91050910","","4468633","INGETEAM","4170845","Ingeteam","DOMESTIC_F:1kW","2026-09-27T21:27:38.023Z","true","SOURCE_DUPLICATE_DIFFERENT_PRICING|SOURCE_REF_REUSED_ACROSS_LOCATIONS","2812cb7b82dfbf5e","0","","3","0","3"
"1","FRA79P91050916","","4448568","INGETEAM","4109355","Ingeteam","IEC_62196_T2:22kW","2026-09-27T21:21:29.943Z","true","SOURCE_DUPLICATE_DIFFERENT_PRICING|SOURCE_REF_REUSED_ACROSS_LOCATIONS","2f9758680ad88fb5","0","","3","0","3"
"1","FRA79P91050916","","4448568","INGETEAM","4109365","Ingeteam","IEC_62196_T2:22kW","2026-09-27T21:21:29.943Z","true","SOURCE_DUPLICATE_DIFFERENT_PRICING|SOURCE_REF_REUSED_ACROSS_LOCATIONS","2f9758680ad88fb5","0","","3","0","3"
"1","FRA79P91050916","","4448568","INGETEAM","4109378","Ingeteam","DOMESTIC_F:4kW","2026-09-27T21:21:29.943Z","true","SOURCE_DUPLICATE_DIFFERENT_PRICING|SOURCE_REF_REUSED_ACROSS_LOCATIONS","dc73de2856527b3a","0","","3","0","3"
"1","FRA79P91050936","","4467497","INGETEAM","4168758","Ingeteam","IEC_62196_T2:22kW","2026-09-27T21:27:10.458Z","true","SOURCE_DUPLICATE_DIFFERENT_PRICING|SOURCE_REF_REUSED_ACROSS_LOCATIONS","2f9758680ad88fb5","0","","3","0","3"
"1","FRA79P91050936","","4467497","INGETEAM","4168794","Ingeteam","IEC_62196_T2:22kW","2026-09-27T21:27:10.458Z","true","SOURCE_DUPLICATE_DIFFERENT_PRICING|SOURCE_REF_REUSED_ACROSS_LOCATIONS","2f9758680ad88fb5","0","","3","0","3"
"1","FRA79P91050936","","4467497","INGETEAM","4168824","Ingeteam","DOMESTIC_F:1kW","2026-09-27T21:27:10.458Z","true","SOURCE_DUPLICATE_DIFFERENT_PRICING|SOURCE_REF_REUSED_ACROSS_LOCATIONS","2812cb7b82dfbf5e","0","","3","0","3"
"1","FRA79P91050944","","4467103","INGETEAM","4168172","Ingeteam","IEC_62196_T2:22kW","2026-09-27T21:27:00.824Z","true","SOURCE_DUPLICATE_DIFFERENT_PRICING|SOURCE_REF_REUSED_ACROSS_LOCATIONS","2f9758680ad88fb5","0","","3","0","3"
"1","FRA79P91050944","","4467103","INGETEAM","4168184","Ingeteam","IEC_62196_T2:22kW","2026-09-27T21:27:00.824Z","true","SOURCE_DUPLICATE_DIFFERENT_PRICING|SOURCE_REF_REUSED_ACROSS_LOCATIONS","2f9758680ad88fb5","0","","3","0","3"
"1","FRA79P91050944","","4467103","INGETEAM","4168198","Ingeteam","DOMESTIC_F:1kW","2026-09-27T21:27:00.824Z","true","SOURCE_DUPLICATE_DIFFERENT_PRICING|SOURCE_REF_REUSED_ACROSS_LOCATIONS","2812cb7b82dfbf5e","0","","3","0","3"
"1","FRA79P91072561","","4468348","INGETEAM","4170227","Ingeteam","IEC_62196_T2:22kW","2026-09-27T21:27:35.034Z","true","SOURCE_DUPLICATE_DIFFERENT_PRICING|SOURCE_REF_REUSED_ACROSS_LOCATIONS","2f9758680ad88fb5","0","","3","0","3"
"1","FRA79P91072561","","4468348","INGETEAM","4170241","Ingeteam","IEC_62196_T2:22kW","2026-09-27T21:27:35.034Z","true","SOURCE_DUPLICATE_DIFFERENT_PRICING|SOURCE_REF_REUSED_ACROSS_LOCATIONS","2f9758680ad88fb5","0","","3","0","3"
"1","FRA79P91072561","","4468348","INGETEAM","4170251","Ingeteam","DOMESTIC_F:1kW","2026-09-27T21:27:35.034Z","true","SOURCE_DUPLICATE_DIFFERENT_PRICING|SOURCE_REF_REUSED_ACROSS_LOCATIONS","2812cb7b82dfbf5e","0","","3","0","3"
"1","FRA79P91072605","","4468152","INGETEAM","4169877","Ingeteam","IEC_62196_T2:22kW","2026-09-27T21:27:29.542Z","true","SOURCE_DUPLICATE_DIFFERENT_PRICING|SOURCE_REF_REUSED_ACROSS_LOCATIONS","2f9758680ad88fb5","0","","3","0","3"
"1","FRA79P91072605","","4468152","INGETEAM","4169892","Ingeteam","IEC_62196_T2:22kW","2026-09-27T21:27:29.542Z","true","SOURCE_DUPLICATE_DIFFERENT_PRICING|SOURCE_REF_REUSED_ACROSS_LOCATIONS","2f9758680ad88fb5","0","","3","0","3"
"1","FRA79P91072605","","4468152","INGETEAM","4169912","Ingeteam","DOMESTIC_F:1kW","2026-09-27T21:27:29.542Z","true","SOURCE_DUPLICATE_DIFFERENT_PRICING|SOURCE_REF_REUSED_ACROSS_LOCATIONS","2812cb7b82dfbf5e","0","","3","0","3"
"1","FRA79P91072608","","4467887","INGETEAM","4169462","Ingeteam","IEC_62196_T2:22kW","2026-09-27T21:27:20.455Z","true","SOURCE_DUPLICATE_DIFFERENT_PRICING|SOURCE_REF_REUSED_ACROSS_LOCATIONS","2f9758680ad88fb5","0","","3","0","3"
"1","FRA79P91072608","","4467887","INGETEAM","4169470","Ingeteam","IEC_62196_T2:22kW","2026-09-27T21:27:20.455Z","true","SOURCE_DUPLICATE_DIFFERENT_PRICING|SOURCE_REF_REUSED_ACROSS_LOCATIONS","2f9758680ad88fb5","0","","3","0","3"
"1","FRA79P91072608","","4467887","INGETEAM","4169482","Ingeteam","DOMESTIC_F:1kW","2026-09-27T21:27:20.455Z","true","SOURCE_DUPLICATE_DIFFERENT_PRICING|SOURCE_REF_REUSED_ACROSS_LOCATIONS","2812cb7b82dfbf5e","0","","3","0","3"
"1","FRA79P91072610","","4456312","INGETEAM","4132469","Ingeteam","IEC_62196_T2:22kW","2026-09-27T21:22:38.722Z","true","SOURCE_DUPLICATE_DIFFERENT_PRICING|SOURCE_REF_REUSED_ACROSS_LOCATIONS","2f9758680ad88fb5","0","","3","0","3"
"1","FRA79P91072610","","4456312","INGETEAM","4132489","Ingeteam","IEC_62196_T2:22kW","2026-09-27T21:22:38.722Z","true","SOURCE_DUPLICATE_DIFFERENT_PRICING|SOURCE_REF_REUSED_ACROSS_LOCATIONS","2f9758680ad88fb5","0","","3","0","3"
"1","FRA79P91072610","","4456312","INGETEAM","4132505","Ingeteam","DOMESTIC_F:1kW","2026-09-27T21:22:38.722Z","true","SOURCE_DUPLICATE_DIFFERENT_PRICING|SOURCE_REF_REUSED_ACROSS_LOCATIONS","2812cb7b82dfbf5e","0","","3","0","3"
"1","FRA79P91072612","","4454424","INGETEAM","4125489","Ingeteam","IEC_62196_T2:22kW","2026-09-27T21:22:13.374Z","true","SOURCE_DUPLICATE_DIFFERENT_PRICING|SOURCE_REF_REUSED_ACROSS_LOCATIONS","2f9758680ad88fb5","0","","3","0","3"
"1","FRA79P91072612","","4454424","INGETEAM","4125501","Ingeteam","IEC_62196_T2:22kW","2026-09-27T21:22:13.374Z","true","SOURCE_DUPLICATE_DIFFERENT_PRICING|SOURCE_REF_REUSED_ACROSS_LOCATIONS","2f9758680ad88fb5","0","","3","0","3"
"1","FRA79P91072612","","4454424","INGETEAM","4125513","Ingeteam","DOMESTIC_F:1kW","2026-09-27T21:22:13.374Z","true","SOURCE_DUPLICATE_DIFFERENT_PRICING|SOURCE_REF_REUSED_ACROSS_LOCATIONS","2812cb7b82dfbf5e","0","","3","0","3"
"1","FRA79P91072613","","4467871","INGETEAM","4169432","Ingeteam","IEC_62196_T2:22kW","2026-09-27T21:27:18.969Z","true","SOURCE_DUPLICATE_DIFFERENT_PRICING|SOURCE_REF_REUSED_ACROSS_LOCATIONS","2f9758680ad88fb5","0","","3","0","3"
"1","FRA79P91072613","","4467871","INGETEAM","4169445","Ingeteam","IEC_62196_T2:22kW","2026-09-27T21:27:18.969Z","true","SOURCE_DUPLICATE_DIFFERENT_PRICING|SOURCE_REF_REUSED_ACROSS_LOCATIONS","2f9758680ad88fb5","0","","3","0","3"
"1","FRA79P91072613","","4467871","INGETEAM","4169454","Ingeteam","DOMESTIC_F:1kW","2026-09-27T21:27:18.969Z","true","SOURCE_DUPLICATE_DIFFERENT_PRICING|SOURCE_REF_REUSED_ACROSS_LOCATIONS","2812cb7b82dfbf5e","0","","3","0","3"
"1","FRA79P91072614","","4467915","INGETEAM","4169505","Ingeteam","IEC_62196_T2:22kW","2026-09-27T21:27:21.935Z","true","SOURCE_DUPLICATE_DIFFERENT_PRICING|SOURCE_REF_REUSED_ACROSS_LOCATIONS","2f9758680ad88fb5","0","","3","0","3"
"1","FRA79P91072614","","4467915","INGETEAM","4169517","Ingeteam","IEC_62196_T2:22kW","2026-09-27T21:27:21.935Z","true","SOURCE_DUPLICATE_DIFFERENT_PRICING|SOURCE_REF_REUSED_ACROSS_LOCATIONS","2f9758680ad88fb5","0","","3","0","3"
"1","FRA79P91072614","","4467915","INGETEAM","4169525","Ingeteam","DOMESTIC_F:1kW","2026-09-27T21:27:21.935Z","true","SOURCE_DUPLICATE_DIFFERENT_PRICING|SOURCE_REF_REUSED_ACROSS_LOCATIONS","2812cb7b82dfbf5e","0","","3","0","3"
"1","FRA79P91072619","","4461969","INGETEAM","4150742","Ingeteam","IEC_62196_T2:22kW","2026-09-27T21:23:49.171Z","true","SOURCE_DUPLICATE_DIFFERENT_PRICING|SOURCE_REF_REUSED_ACROSS_LOCATIONS","2f9758680ad88fb5","0","","6","0","6"
"1","FRA79P91072619","","4461969","INGETEAM","4150759","Ingeteam","IEC_62196_T2:22kW","2026-09-27T21:23:49.171Z","true","SOURCE_DUPLICATE_DIFFERENT_PRICING|SOURCE_REF_REUSED_ACROSS_LOCATIONS","2f9758680ad88fb5","0","","6","0","6"
"1","FRA79P91072619","","4461969","INGETEAM","4150767","Ingeteam","DOMESTIC_F:1kW","2026-09-27T21:23:49.171Z","true","SOURCE_DUPLICATE_DIFFERENT_PRICING|SOURCE_REF_REUSED_ACROSS_LOCATIONS","2812cb7b82dfbf5e","0","","6","0","6"
"1","FRA79P91072619","","4461969","INGETEAM","4150779","Ingeteam","IEC_62196_T2:22kW","2026-09-27T21:23:49.171Z","true","SOURCE_DUPLICATE_DIFFERENT_PRICING|SOURCE_REF_REUSED_ACROSS_LOCATIONS","2f9758680ad88fb5","0","","6","0","6"
"1","FRA79P91072619","","4461969","INGETEAM","4150793","Ingeteam","IEC_62196_T2:22kW","2026-09-27T21:23:49.171Z","true","SOURCE_DUPLICATE_DIFFERENT_PRICING|SOURCE_REF_REUSED_ACROSS_LOCATIONS","2f9758680ad88fb5","0","","6","0","6"
"1","FRA79P91072619","","4461969","INGETEAM","4150807","Ingeteam","DOMESTIC_F:1kW","2026-09-27T21:23:49.171Z","true","SOURCE_DUPLICATE_DIFFERENT_PRICING|SOURCE_REF_REUSED_ACROSS_LOCATIONS","2812cb7b82dfbf5e","0","","6","0","6"
"1","FRA79P91072647","","4468019","INGETEAM","4169660","Ingeteam","IEC_62196_T2:22kW","2026-09-27T21:27:26.896Z","true","SOURCE_DUPLICATE_DIFFERENT_PRICING|SOURCE_REF_REUSED_ACROSS_LOCATIONS","2f9758680ad88fb5","0","","3","0","3"
"1","FRA79P91072647","","4468019","INGETEAM","4169677","Ingeteam","IEC_62196_T2:22kW","2026-09-27T21:27:26.896Z","true","SOURCE_DUPLICATE_DIFFERENT_PRICING|SOURCE_REF_REUSED_ACROSS_LOCATIONS","2f9758680ad88fb5","0","","3","0","3"
"1","FRA79P91072647","","4468019","INGETEAM","4169692","Ingeteam","DOMESTIC_F:4kW","2026-09-27T21:27:26.896Z","true","SOURCE_DUPLICATE_DIFFERENT_PRICING|SOURCE_REF_REUSED_ACROSS_LOCATIONS","dc73de2856527b3a","0","","3","0","3"
"1","FRA79P91082166","","4451034","INGETEAM","4116286","Ingeteam","IEC_62196_T2:22kW","2026-09-27T21:21:53.262Z","true","SOURCE_DUPLICATE_DIFFERENT_PRICING|SOURCE_REF_REUSED_ACROSS_LOCATIONS","2f9758680ad88fb5","0","","3","0","3"
"1","FRA79P91082166","","4451034","INGETEAM","4116300","Ingeteam","IEC_62196_T2:22kW","2026-09-27T21:21:53.262Z","true","SOURCE_DUPLICATE_DIFFERENT_PRICING|SOURCE_REF_REUSED_ACROSS_LOCATIONS","2f9758680ad88fb5","0","","3","0","3"
"1","FRA79P91082166","","4451034","INGETEAM","4116317","Ingeteam","DOMESTIC_F:4kW","2026-09-27T21:21:53.262Z","true","SOURCE_DUPLICATE_DIFFERENT_PRICING|SOURCE_REF_REUSED_ACROSS_LOCATIONS","dc73de2856527b3a","0","","3","0","3"
"1","FRA79P91082169","","4467770","INGETEAM","4169273","Ingeteam","IEC_62196_T2:22kW","2026-09-27T21:27:15.935Z","true","SOURCE_DUPLICATE_DIFFERENT_PRICING|SOURCE_REF_REUSED_ACROSS_LOCATIONS","2f9758680ad88fb5","0","","3","0","3"
"1","FRA79P91082169","","4467770","INGETEAM","4169285","Ingeteam","IEC_62196_T2:22kW","2026-09-27T21:27:15.935Z","true","SOURCE_DUPLICATE_DIFFERENT_PRICING|SOURCE_REF_REUSED_ACROSS_LOCATIONS","2f9758680ad88fb5","0","","3","0","3"
"1","FRA79P91082169","","4467770","INGETEAM","4169298","Ingeteam","DOMESTIC_F:4kW","2026-09-27T21:27:15.935Z","true","SOURCE_DUPLICATE_DIFFERENT_PRICING|SOURCE_REF_REUSED_ACROSS_LOCATIONS","dc73de2856527b3a","0","","3","0","3"
"1","FRA79P91083973","","4467756","INGETEAM","4169246","Ingeteam","IEC_62196_T2:22kW","2026-09-27T21:27:14.708Z","true","SOURCE_DUPLICATE_DIFFERENT_PRICING|SOURCE_REF_REUSED_ACROSS_LOCATIONS","2f9758680ad88fb5","0","","3","0","3"
"1","FRA79P91083973","","4467756","INGETEAM","4169255","Ingeteam","IEC_62196_T2:22kW","2026-09-27T21:27:14.708Z","true","SOURCE_DUPLICATE_DIFFERENT_PRICING|SOURCE_REF_REUSED_ACROSS_LOCATIONS","2f9758680ad88fb5","0","","3","0","3"
"1","FRA79P91083973","","4467756","INGETEAM","4169270","Ingeteam","DOMESTIC_F:1kW","2026-09-27T21:27:14.708Z","true","SOURCE_DUPLICATE_DIFFERENT_PRICING|SOURCE_REF_REUSED_ACROSS_LOCATIONS","2812cb7b82dfbf5e","0","","3","0","3"
"1","FRA79P91144859","","4469800","INGETEAM","4174177","Ingeteam","IEC_62196_T2:22kW","2026-09-27T21:27:45.513Z","true","SOURCE_DUPLICATE_DIFFERENT_PRICING|SOURCE_REF_REUSED_ACROSS_LOCATIONS","2f9758680ad88fb5","0","","3","0","3"
"1","FRA79P91144859","","4469800","INGETEAM","4174191","Ingeteam","IEC_62196_T2:22kW","2026-09-27T21:27:45.513Z","true","SOURCE_DUPLICATE_DIFFERENT_PRICING|SOURCE_REF_REUSED_ACROSS_LOCATIONS","2f9758680ad88fb5","0","","3","0","3"
"1","FRA79P91144859","","4469800","INGETEAM","4174207","Ingeteam","DOMESTIC_F:1kW","2026-09-27T21:27:45.513Z","true","SOURCE_DUPLICATE_DIFFERENT_PRICING|SOURCE_REF_REUSED_ACROSS_LOCATIONS","2812cb7b82dfbf5e","0","","3","0","3"
"1","FRA79P91144869","","4469480","ENOVATES","4173386","ENovates","IEC_62196_T2:22kW","2026-09-27T21:27:44.034Z","true","SOURCE_DUPLICATE_DIFFERENT_PRICING|SOURCE_REF_REUSED_ACROSS_LOCATIONS","2f9758680ad88fb5","0","","3","0","3"
"1","FRA79P91144869","","4469480","ENOVATES","4173397","ENovates","IEC_62196_T2:22kW","2026-09-27T21:27:44.034Z","true","SOURCE_DUPLICATE_DIFFERENT_PRICING|SOURCE_REF_REUSED_ACROSS_LOCATIONS","2f9758680ad88fb5","0","","3","0","3"
"1","FRA79P91144869","","4469480","ENOVATES","4173411","ENovates","DOMESTIC_F:1kW","2026-09-27T21:27:44.034Z","true","SOURCE_DUPLICATE_DIFFERENT_PRICING|SOURCE_REF_REUSED_ACROSS_LOCATIONS","2812cb7b82dfbf5e","0","","3","0","3"
"1","FRA79P91144923","","4470530","INGETEAM","4178899","Ingeteam","IEC_62196_T2:22kW","2026-09-27T21:27:53.048Z","true","SOURCE_DUPLICATE_DIFFERENT_PRICING|SOURCE_REF_REUSED_ACROSS_LOCATIONS","2f9758680ad88fb5","0","","3","0","3"
"1","FRA79P91144923","","4470530","INGETEAM","4178919","Ingeteam","IEC_62196_T2:22kW","2026-09-27T21:27:53.048Z","true","SOURCE_DUPLICATE_DIFFERENT_PRICING|SOURCE_REF_REUSED_ACROSS_LOCATIONS","2f9758680ad88fb5","0","","3","0","3"
"1","FRA79P91144923","","4470530","INGETEAM","4178942","Ingeteam","DOMESTIC_F:4kW","2026-09-27T21:27:53.048Z","true","SOURCE_DUPLICATE_DIFFERENT_PRICING|SOURCE_REF_REUSED_ACROSS_LOCATIONS","dc73de2856527b3a","0","","3","0","3"
"1","FRA79P91155534","","4470102","INGETEAM","4175263","Ingeteam","IEC_62196_T2:22kW","2026-09-27T21:27:48.525Z","true","SOURCE_DUPLICATE_DIFFERENT_PRICING|SOURCE_REF_REUSED_ACROSS_LOCATIONS","2f9758680ad88fb5","0","","3","0","3"
"1","FRA79P91155534","","4470102","INGETEAM","4175281","Ingeteam","IEC_62196_T2:22kW","2026-09-27T21:27:48.525Z","true","SOURCE_DUPLICATE_DIFFERENT_PRICING|SOURCE_REF_REUSED_ACROSS_LOCATIONS","2f9758680ad88fb5","0","","3","0","3"
"1","FRA79P91155534","","4470102","INGETEAM","4175298","Ingeteam","DOMESTIC_F:1kW","2026-09-27T21:27:48.525Z","true","SOURCE_DUPLICATE_DIFFERENT_PRICING|SOURCE_REF_REUSED_ACROSS_LOCATIONS","2812cb7b82dfbf5e","0","","3","0","3"
"1","FRA79P91204357","","4471082","INGETEAM","4181590","Ingeteam","IEC_62196_T2:22kW","2026-09-27T21:27:59.034Z","true","SOURCE_DUPLICATE_DIFFERENT_PRICING|SOURCE_REF_REUSED_ACROSS_LOCATIONS","2f9758680ad88fb5","0","","3","0","3"
"1","FRA79P91204357","","4471082","INGETEAM","4181600","Ingeteam","IEC_62196_T2:22kW","2026-09-27T21:27:59.034Z","true","SOURCE_DUPLICATE_DIFFERENT_PRICING|SOURCE_REF_REUSED_ACROSS_LOCATIONS","2f9758680ad88fb5","0","","3","0","3"
"1","FRA79P91204357","","4471082","INGETEAM","4181617","Ingeteam","DOMESTIC_F:4kW","2026-09-27T21:27:59.034Z","true","SOURCE_DUPLICATE_DIFFERENT_PRICING|SOURCE_REF_REUSED_ACROSS_LOCATIONS","dc73de2856527b3a","0","","3","0","3"
"1","FRA79P91209896","","4470975","INGETEAM","4181193","Ingeteam","IEC_62196_T2:22kW","2026-09-27T21:27:57.503Z","true","SOURCE_DUPLICATE_DIFFERENT_PRICING|SOURCE_REF_REUSED_ACROSS_LOCATIONS","2f9758680ad88fb5","0","","3","0","3"
"1","FRA79P91209896","","4470975","INGETEAM","4181211","Ingeteam","IEC_62196_T2:22kW","2026-09-27T21:27:57.503Z","true","SOURCE_DUPLICATE_DIFFERENT_PRICING|SOURCE_REF_REUSED_ACROSS_LOCATIONS","2f9758680ad88fb5","0","","3","0","3"
"1","FRA79P91209896","","4470975","INGETEAM","4181222","Ingeteam","DOMESTIC_F:1kW","2026-09-27T21:27:57.503Z","true","SOURCE_DUPLICATE_DIFFERENT_PRICING|SOURCE_REF_REUSED_ACROSS_LOCATIONS","2812cb7b82dfbf5e","0","","3","0","3"
"1","FRA79P91246195","","4450520","INGETEAM","4114781","Ingeteam","IEC_62196_T2:22kW","2026-09-27T21:21:47.252Z","true","SOURCE_DUPLICATE_DIFFERENT_PRICING|SOURCE_REF_REUSED_ACROSS_LOCATIONS","2f9758680ad88fb5","0","","3","0","9"
"1","FRA79P91246195","","4450520","INGETEAM","4114796","Ingeteam","IEC_62196_T2:22kW","2026-09-27T21:21:47.252Z","true","SOURCE_DUPLICATE_DIFFERENT_PRICING|SOURCE_REF_REUSED_ACROSS_LOCATIONS","2f9758680ad88fb5","0","","3","0","9"
"1","FRA79P91246195","","4450520","INGETEAM","4114813","Ingeteam","DOMESTIC_F:1kW","2026-09-27T21:21:47.252Z","true","SOURCE_DUPLICATE_DIFFERENT_PRICING|SOURCE_REF_REUSED_ACROSS_LOCATIONS","2812cb7b82dfbf5e","0","","3","0","9"
"1","FRA79P91246195","","4450520","INGETEAM","4149127","Ingeteam","IEC_62196_T2:22kW","2026-09-27T21:21:47.252Z","true","SOURCE_DUPLICATE_DIFFERENT_PRICING|SOURCE_REF_REUSED_ACROSS_LOCATIONS","2f9758680ad88fb5","0","","3","0","9"
"1","FRA79P91246195","","4450520","INGETEAM","4149136","Ingeteam","IEC_62196_T2:22kW","2026-09-27T21:21:47.252Z","true","SOURCE_DUPLICATE_DIFFERENT_PRICING|SOURCE_REF_REUSED_ACROSS_LOCATIONS","2f9758680ad88fb5","0","","3","0","9"
"1","FRA79P91246195","","4450520","INGETEAM","4149145","Ingeteam","DOMESTIC_F:4kW","2026-09-27T21:21:47.252Z","true","SOURCE_DUPLICATE_DIFFERENT_PRICING|SOURCE_REF_REUSED_ACROSS_LOCATIONS","dc73de2856527b3a","0","","3","0","9"
"1","FRA79P91246195","","4450520","INGETEAM","4183354","Ingeteam","IEC_62196_T2:22kW","2026-09-27T21:21:47.252Z","true","SOURCE_DUPLICATE_DIFFERENT_PRICING|SOURCE_REF_REUSED_ACROSS_LOCATIONS","2f9758680ad88fb5","0","","3","0","9"
"1","FRA79P91246195","","4450520","INGETEAM","4183369","Ingeteam","IEC_62196_T2:22kW","2026-09-27T21:21:47.252Z","true","SOURCE_DUPLICATE_DIFFERENT_PRICING|SOURCE_REF_REUSED_ACROSS_LOCATIONS","2f9758680ad88fb5","0","","3","0","9"
"1","FRA79P91246195","","4450520","INGETEAM","4183387","Ingeteam","DOMESTIC_F:1kW","2026-09-27T21:21:47.252Z","true","SOURCE_DUPLICATE_DIFFERENT_PRICING|SOURCE_REF_REUSED_ACROSS_LOCATIONS","2812cb7b82dfbf5e","0","","3","0","9"
"1","FRA79P91326828","","4472808","INGETEAM","4187593","Ingeteam","IEC_62196_T2:22kW","2026-09-27T21:28:21.923Z","true","SOURCE_DUPLICATE_DIFFERENT_PRICING|SOURCE_REF_REUSED_ACROSS_LOCATIONS","2f9758680ad88fb5","0","","3","0","3"
"1","FRA79P91326828","","4472808","INGETEAM","4187610","Ingeteam","IEC_62196_T2:22kW","2026-09-27T21:28:21.923Z","true","SOURCE_DUPLICATE_DIFFERENT_PRICING|SOURCE_REF_REUSED_ACROSS_LOCATIONS","2f9758680ad88fb5","0","","3","0","3"
"1","FRA79P91326828","","4472808","INGETEAM","4187630","Ingeteam","DOMESTIC_F:1kW","2026-09-27T21:28:21.923Z","true","SOURCE_DUPLICATE_DIFFERENT_PRICING|SOURCE_REF_REUSED_ACROSS_LOCATIONS","2812cb7b82dfbf5e","0","","3","0","3"
"1","FRA79P91354320","","4472904","ENOVATES","4187913","ENovates","IEC_62196_T2:22kW","2026-09-27T21:28:24.880Z","true","SOURCE_DUPLICATE_DIFFERENT_PRICING|SOURCE_REF_REUSED_ACROSS_LOCATIONS","2f9758680ad88fb5","0","","3","0","3"
"1","FRA79P91354320","","4472904","ENOVATES","4187931","ENovates","IEC_62196_T2:22kW","2026-09-27T21:28:24.880Z","true","SOURCE_DUPLICATE_DIFFERENT_PRICING|SOURCE_REF_REUSED_ACROSS_LOCATIONS","2f9758680ad88fb5","0","","3","0","3"
"1","FRA79P91354320","","4472904","ENOVATES","4187950","ENovates","DOMESTIC_F:1kW","2026-09-27T21:28:24.880Z","true","SOURCE_DUPLICATE_DIFFERENT_PRICING|SOURCE_REF_REUSED_ACROSS_LOCATIONS","2812cb7b82dfbf5e","0","","3","0","3"
"1","FRA79P91355843","","4472936","INGETEAM","4188052","Ingeteam","IEC_62196_T2:22kW","2026-09-27T21:28:27.907Z","true","SOURCE_DUPLICATE_DIFFERENT_PRICING|SOURCE_REF_REUSED_ACROSS_LOCATIONS","2f9758680ad88fb5","0","","3","0","3"
"1","FRA79P91355843","","4472936","INGETEAM","4188071","Ingeteam","IEC_62196_T2:22kW","2026-09-27T21:28:27.907Z","true","SOURCE_DUPLICATE_DIFFERENT_PRICING|SOURCE_REF_REUSED_ACROSS_LOCATIONS","2f9758680ad88fb5","0","","3","0","3"
"1","FRA79P91355843","","4472936","INGETEAM","4188085","Ingeteam","DOMESTIC_F:4kW","2026-09-27T21:28:27.907Z","true","SOURCE_DUPLICATE_DIFFERENT_PRICING|SOURCE_REF_REUSED_ACROSS_LOCATIONS","dc73de2856527b3a","0","","3","0","3"
"1","FRA79P91355845","","4472763","INGETEAM","4187462","Ingeteam","IEC_62196_T2:22kW","2026-09-27T21:28:20.483Z","true","SOURCE_DUPLICATE_DIFFERENT_PRICING|SOURCE_REF_REUSED_ACROSS_LOCATIONS","2f9758680ad88fb5","0","","3","0","3"
"1","FRA79P91355845","","4472763","INGETEAM","4187478","Ingeteam","IEC_62196_T2:22kW","2026-09-27T21:28:20.483Z","true","SOURCE_DUPLICATE_DIFFERENT_PRICING|SOURCE_REF_REUSED_ACROSS_LOCATIONS","2f9758680ad88fb5","0","","3","0","3"
"1","FRA79P91355845","","4472763","INGETEAM","4187493","Ingeteam","DOMESTIC_F:1kW","2026-09-27T21:28:20.483Z","true","SOURCE_DUPLICATE_DIFFERENT_PRICING|SOURCE_REF_REUSED_ACROSS_LOCATIONS","2812cb7b82dfbf5e","0","","3","0","3"
"1","FRA79P91385495","","4447956","INGETEAM","4107589","Ingeteam","IEC_62196_T2:22kW","2026-09-27T21:21:23.563Z","true","SOURCE_DUPLICATE_DIFFERENT_PRICING|SOURCE_REF_REUSED_ACROSS_LOCATIONS","2f9758680ad88fb5","0","","3","0","3"
"1","FRA79P91385495","","4447956","INGETEAM","4107604","Ingeteam","IEC_62196_T2:22kW","2026-09-27T21:21:23.563Z","true","SOURCE_DUPLICATE_DIFFERENT_PRICING|SOURCE_REF_REUSED_ACROSS_LOCATIONS","2f9758680ad88fb5","0","","3","0","3"
"1","FRA79P91385495","","4447956","INGETEAM","4107617","Ingeteam","DOMESTIC_F:1kW","2026-09-27T21:21:23.563Z","true","SOURCE_DUPLICATE_DIFFERENT_PRICING|SOURCE_REF_REUSED_ACROSS_LOCATIONS","2812cb7b82dfbf5e","0","","3","0","3"
"1","FRA79P91418626","","4479284","INGETEAM","4209053","Ingeteam","DOMESTIC_F:1kW","2026-09-27T21:31:06.513Z","true","SOURCE_DUPLICATE_DIFFERENT_PRICING|SOURCE_REF_REUSED_ACROSS_LOCATIONS","2812cb7b82dfbf5e","0","","3","0","3"
"1","FRA79P91418626","","4479284","INGETEAM","4209054","Ingeteam","IEC_62196_T2:22kW","2026-09-27T21:31:06.513Z","true","SOURCE_DUPLICATE_DIFFERENT_PRICING|SOURCE_REF_REUSED_ACROSS_LOCATIONS","2f9758680ad88fb5","0","","3","0","3"
"1","FRA79P91418626","","4479284","INGETEAM","4209055","Ingeteam","IEC_62196_T2:22kW","2026-09-27T21:31:06.513Z","true","SOURCE_DUPLICATE_DIFFERENT_PRICING|SOURCE_REF_REUSED_ACROSS_LOCATIONS","2f9758680ad88fb5","0","","3","0","3"
"1","FRA79P91422691","","4488551","INGETEAM","4221278","Ingeteam","DOMESTIC_F:1kW","2026-09-27T21:33:50.764Z","true","SOURCE_DUPLICATE_DIFFERENT_PRICING|SOURCE_REF_REUSED_ACROSS_LOCATIONS","2812cb7b82dfbf5e","0","","3","0","3"
"1","FRA79P91422691","","4488551","INGETEAM","4221279","Ingeteam","IEC_62196_T2:22kW","2026-09-27T21:33:50.764Z","true","SOURCE_DUPLICATE_DIFFERENT_PRICING|SOURCE_REF_REUSED_ACROSS_LOCATIONS","2f9758680ad88fb5","0","","3","0","3"
"1","FRA79P91422691","","4488551","INGETEAM","4221280","Ingeteam","IEC_62196_T2:22kW","2026-09-27T21:33:50.764Z","true","SOURCE_DUPLICATE_DIFFERENT_PRICING|SOURCE_REF_REUSED_ACROSS_LOCATIONS","2f9758680ad88fb5","0","","3","0","3"
"1","FRA79P91422692","","4488595","INGETEAM","4221452","Ingeteam","DOMESTIC_F:1kW","2026-09-27T21:33:52.288Z","true","SOURCE_DUPLICATE_DIFFERENT_PRICING|SOURCE_REF_REUSED_ACROSS_LOCATIONS","2812cb7b82dfbf5e","0","","3","0","3"
"1","FRA79P91422692","","4488595","INGETEAM","4221453","Ingeteam","IEC_62196_T2:22kW","2026-09-27T21:33:52.288Z","true","SOURCE_DUPLICATE_DIFFERENT_PRICING|SOURCE_REF_REUSED_ACROSS_LOCATIONS","2f9758680ad88fb5","0","","3","0","3"
"1","FRA79P91422692","","4488595","INGETEAM","4221454","Ingeteam","IEC_62196_T2:22kW","2026-09-27T21:33:52.288Z","true","SOURCE_DUPLICATE_DIFFERENT_PRICING|SOURCE_REF_REUSED_ACROSS_LOCATIONS","2f9758680ad88fb5","0","","3","0","3"
"1","FRA79P91442627","","4523781","INGETEAM","4259322","Ingeteam","IEC_62196_T2:22kW","2026-09-27T21:44:55.424Z","true","SOURCE_DUPLICATE_DIFFERENT_PRICING|SOURCE_REF_REUSED_ACROSS_LOCATIONS","2f9758680ad88fb5","0","","3","0","3"
"1","FRA79P91442627","","4523781","INGETEAM","4259323","Ingeteam","IEC_62196_T2:22kW","2026-09-27T21:44:55.424Z","true","SOURCE_DUPLICATE_DIFFERENT_PRICING|SOURCE_REF_REUSED_ACROSS_LOCATIONS","2f9758680ad88fb5","0","","3","0","3"
"1","FRA79P91442627","","4523781","INGETEAM","4259324","Ingeteam","DOMESTIC_F:1kW","2026-09-27T21:44:55.424Z","true","SOURCE_DUPLICATE_DIFFERENT_PRICING|SOURCE_REF_REUSED_ACROSS_LOCATIONS","2812cb7b82dfbf5e","0","","3","0","3"
"1","FRA79P91443114","","4532217","INGETEAM","4281811","Ingeteam","IEC_62196_T2:22kW","2026-09-27T21:51:57.080Z","true","SOURCE_DUPLICATE_DIFFERENT_PRICING|SOURCE_REF_REUSED_ACROSS_LOCATIONS","2f9758680ad88fb5","0","","3","0","3"
"1","FRA79P91443114","","4532217","INGETEAM","4281812","Ingeteam","DOMESTIC_F:1kW","2026-09-27T21:51:57.080Z","true","SOURCE_DUPLICATE_DIFFERENT_PRICING|SOURCE_REF_REUSED_ACROSS_LOCATIONS","2812cb7b82dfbf5e","0","","3","0","3"
"1","FRA79P91443114","","4532217","INGETEAM","4281813","Ingeteam","IEC_62196_T2:22kW","2026-09-27T21:51:57.080Z","true","SOURCE_DUPLICATE_DIFFERENT_PRICING|SOURCE_REF_REUSED_ACROSS_LOCATIONS","2f9758680ad88fb5","0","","3","0","3"
"1","FRA79P91444793","","4523597","INGETEAM","4258678","Ingeteam","IEC_62196_T2:22kW","2026-09-27T21:44:47.971Z","true","SOURCE_DUPLICATE_DIFFERENT_PRICING|SOURCE_REF_REUSED_ACROSS_LOCATIONS","2f9758680ad88fb5","0","","3","0","3"
"1","FRA79P91444793","","4523597","INGETEAM","4258679","Ingeteam","DOMESTIC_F:4kW","2026-09-27T21:44:47.971Z","true","SOURCE_DUPLICATE_DIFFERENT_PRICING|SOURCE_REF_REUSED_ACROSS_LOCATIONS","dc73de2856527b3a","0","","3","0","3"
"1","FRA79P91444793","","4523597","INGETEAM","4258680","Ingeteam","IEC_62196_T2:22kW","2026-09-27T21:44:47.971Z","true","SOURCE_DUPLICATE_DIFFERENT_PRICING|SOURCE_REF_REUSED_ACROSS_LOCATIONS","2f9758680ad88fb5","0","","3","0","3"
"1","FRA79P91449768","","4529889","INGETEAM","4275630","Ingeteam","IEC_62196_T2:22kW","2026-09-27T21:51:00.548Z","true","SOURCE_DUPLICATE_DIFFERENT_PRICING|SOURCE_REF_REUSED_ACROSS_LOCATIONS","2f9758680ad88fb5","0","","3","0","3"
"1","FRA79P91449768","","4529889","INGETEAM","4275631","Ingeteam","IEC_62196_T2:22kW","2026-09-27T21:51:00.548Z","true","SOURCE_DUPLICATE_DIFFERENT_PRICING|SOURCE_REF_REUSED_ACROSS_LOCATIONS","2f9758680ad88fb5","0","","3","0","3"
"1","FRA79P91449768","","4529889","INGETEAM","4275632","Ingeteam","DOMESTIC_F:1kW","2026-09-27T21:51:00.548Z","true","SOURCE_DUPLICATE_DIFFERENT_PRICING|SOURCE_REF_REUSED_ACROSS_LOCATIONS","2812cb7b82dfbf5e","0","","3","0","3"
"1","FRA79P91449770","","4530405","INGETEAM","4277467","Ingeteam","DOMESTIC_F:1kW","2026-09-27T21:51:03.777Z","true","SOURCE_DUPLICATE_DIFFERENT_PRICING|SOURCE_REF_REUSED_ACROSS_LOCATIONS","2812cb7b82dfbf5e","0","","3","0","3"
"1","FRA79P91449770","","4530405","INGETEAM","4277468","Ingeteam","IEC_62196_T2:22kW","2026-09-27T21:51:03.777Z","true","SOURCE_DUPLICATE_DIFFERENT_PRICING|SOURCE_REF_REUSED_ACROSS_LOCATIONS","2f9758680ad88fb5","0","","3","0","3"
"1","FRA79P91449770","","4530405","INGETEAM","4277469","Ingeteam","IEC_62196_T2:22kW","2026-09-27T21:51:03.777Z","true","SOURCE_DUPLICATE_DIFFERENT_PRICING|SOURCE_REF_REUSED_ACROSS_LOCATIONS","2f9758680ad88fb5","0","","3","0","3"
"1","FRA79P91449795","","4530456","ENOVATES","4277703","ENovates","DOMESTIC_F:1kW","2026-09-27T21:51:04.334Z","true","SOURCE_DUPLICATE_DIFFERENT_PRICING|SOURCE_REF_REUSED_ACROSS_LOCATIONS","2812cb7b82dfbf5e","0","","3","0","3"
"1","FRA79P91449795","","4530456","ENOVATES","4277704","ENovates","IEC_62196_T2:22kW","2026-09-27T21:51:04.334Z","true","SOURCE_DUPLICATE_DIFFERENT_PRICING|SOURCE_REF_REUSED_ACROSS_LOCATIONS","2f9758680ad88fb5","0","","3","0","3"
"1","FRA79P91449795","","4530456","ENOVATES","4277705","ENovates","IEC_62196_T2:22kW","2026-09-27T21:51:04.334Z","true","SOURCE_DUPLICATE_DIFFERENT_PRICING|SOURCE_REF_REUSED_ACROSS_LOCATIONS","2f9758680ad88fb5","0","","3","0","3"
"1","FRA79P91449829","","4531148","INGETEAM","4279677","Ingeteam","IEC_62196_T2:22kW","2026-09-27T21:51:24.126Z","true","SOURCE_DUPLICATE_DIFFERENT_PRICING|SOURCE_REF_REUSED_ACROSS_LOCATIONS","2f9758680ad88fb5","0","","3","0","3"
"1","FRA79P91449829","","4531148","INGETEAM","4279678","Ingeteam","DOMESTIC_F:1kW","2026-09-27T21:51:24.126Z","true","SOURCE_DUPLICATE_DIFFERENT_PRICING|SOURCE_REF_REUSED_ACROSS_LOCATIONS","2812cb7b82dfbf5e","0","","3","0","3"
"1","FRA79P91449829","","4531148","INGETEAM","4279679","Ingeteam","IEC_62196_T2:22kW","2026-09-27T21:51:24.126Z","true","SOURCE_DUPLICATE_DIFFERENT_PRICING|SOURCE_REF_REUSED_ACROSS_LOCATIONS","2f9758680ad88fb5","0","","3","0","3"
"1","FRA79P91449833","","4542926","ENOVATES","4313404","ENovates","IEC_62196_T2:22kW","2026-09-27T21:56:31.630Z","true","SOURCE_DUPLICATE_DIFFERENT_PRICING|SOURCE_REF_REUSED_ACROSS_LOCATIONS","2f9758680ad88fb5","0","","3","0","3"
"1","FRA79P91449833","","4542926","ENOVATES","4313405","ENovates","IEC_62196_T2:22kW","2026-09-27T21:56:31.630Z","true","SOURCE_DUPLICATE_DIFFERENT_PRICING|SOURCE_REF_REUSED_ACROSS_LOCATIONS","2f9758680ad88fb5","0","","3","0","3"
"1","FRA79P91449833","","4542926","ENOVATES","4313406","ENovates","DOMESTIC_F:1kW","2026-09-27T21:56:31.630Z","true","SOURCE_DUPLICATE_DIFFERENT_PRICING|SOURCE_REF_REUSED_ACROSS_LOCATIONS","2812cb7b82dfbf5e","0","","3","0","3"
"1","FRA79P91449839","","4531253","ENOVATES","4280011","ENovates","IEC_62196_T2:22kW","2026-09-27T21:51:25.195Z","true","SOURCE_DUPLICATE_DIFFERENT_PRICING|SOURCE_REF_REUSED_ACROSS_LOCATIONS","2f9758680ad88fb5","0","","3","0","3"
"1","FRA79P91449839","","4531253","ENOVATES","4280012","ENovates","IEC_62196_T2:22kW","2026-09-27T21:51:25.195Z","true","SOURCE_DUPLICATE_DIFFERENT_PRICING|SOURCE_REF_REUSED_ACROSS_LOCATIONS","2f9758680ad88fb5","0","","3","0","3"
"1","FRA79P91449839","","4531253","ENOVATES","4280013","ENovates","DOMESTIC_F:1kW","2026-09-27T21:51:25.195Z","true","SOURCE_DUPLICATE_DIFFERENT_PRICING|SOURCE_REF_REUSED_ACROSS_LOCATIONS","2812cb7b82dfbf5e","0","","3","0","3"
"1","FRA79P91484427","","4539113","ENOVATES","4297708","ENovates","IEC_62196_T2:22kW","2026-09-27T21:56:22.477Z","true","SOURCE_DUPLICATE_DIFFERENT_PRICING|SOURCE_REF_REUSED_ACROSS_LOCATIONS","2f9758680ad88fb5","0","","3","0","3"
"1","FRA79P91484427","","4539113","ENOVATES","4297709","ENovates","IEC_62196_T2:22kW","2026-09-27T21:56:22.477Z","true","SOURCE_DUPLICATE_DIFFERENT_PRICING|SOURCE_REF_REUSED_ACROSS_LOCATIONS","2f9758680ad88fb5","0","","3","0","3"
"1","FRA79P91484427","","4539113","ENOVATES","4297710","ENovates","DOMESTIC_F:1kW","2026-09-27T21:56:22.477Z","true","SOURCE_DUPLICATE_DIFFERENT_PRICING|SOURCE_REF_REUSED_ACROSS_LOCATIONS","2812cb7b82dfbf5e","0","","3","0","3"
"1","FRA79P91491854","","4562701","ENOVATES","4345614","ENovates","IEC_62196_T2:22kW","2026-09-27T22:03:17.823Z","true","SOURCE_DUPLICATE_DIFFERENT_PRICING|SOURCE_REF_REUSED_ACROSS_LOCATIONS","2f9758680ad88fb5","0","","3","0","3"
"1","FRA79P91491854","","4562701","ENOVATES","4345615","ENovates","IEC_62196_T2:22kW","2026-09-27T22:03:17.823Z","true","SOURCE_DUPLICATE_DIFFERENT_PRICING|SOURCE_REF_REUSED_ACROSS_LOCATIONS","2f9758680ad88fb5","0","","3","0","3"
"1","FRA79P91491854","","4562701","ENOVATES","4345616","ENovates","DOMESTIC_F:4kW","2026-09-27T22:03:17.823Z","true","SOURCE_DUPLICATE_DIFFERENT_PRICING|SOURCE_REF_REUSED_ACROSS_LOCATIONS","dc73de2856527b3a","0","","3","0","3"
"1","FRA79P91491858","","4647502","IES","4583589","IES","IEC_62196_T2:22kW","2026-09-26T21:27:53.768Z","true","SOURCE_DUPLICATE_DIFFERENT_PRICING|SOURCE_REF_REUSED_ACROSS_LOCATIONS","aeb50263ce38615b","0","","2","0","2"
"1","FRA79P91491858","","4647502","IES","4583590","IES","IEC_62196_T1_COMBO:50kW","2026-09-26T21:27:53.768Z","true","SOURCE_DUPLICATE_DIFFERENT_PRICING|SOURCE_REF_REUSED_ACROSS_LOCATIONS","20718c6c185df284","0","","2","0","2"
"1","FRA79P91519136","","4647537","ENOVATES","4583690","ENovates","IEC_62196_T2:22kW","2026-09-28T02:37:41.944Z","true","SOURCE_DUPLICATE_DIFFERENT_PRICING|SOURCE_REF_REUSED_ACROSS_LOCATIONS","2f9758680ad88fb5","0","","3","0","3"
"1","FRA79P91519136","","4647537","ENOVATES","4583691","ENovates","IEC_62196_T2:22kW","2026-09-28T02:37:41.944Z","true","SOURCE_DUPLICATE_DIFFERENT_PRICING|SOURCE_REF_REUSED_ACROSS_LOCATIONS","2f9758680ad88fb5","0","","3","0","3"
"1","FRA79P91519136","","4647537","ENOVATES","4583692","ENovates","DOMESTIC_F:1kW","2026-09-28T02:37:41.944Z","true","SOURCE_DUPLICATE_DIFFERENT_PRICING|SOURCE_REF_REUSED_ACROSS_LOCATIONS","2812cb7b82dfbf5e","0","","3","0","3"
"1","FRA79P91519141","","4647541","INGETEAM","4583697","Ingeteam","IEC_62196_T2:22kW","2026-09-28T02:37:43.453Z","true","SOURCE_DUPLICATE_DIFFERENT_PRICING|SOURCE_REF_REUSED_ACROSS_LOCATIONS","2f9758680ad88fb5","0","","3","0","3"
"1","FRA79P91519141","","4647541","INGETEAM","4583700","Ingeteam","IEC_62196_T2:22kW","2026-09-28T02:37:43.453Z","true","SOURCE_DUPLICATE_DIFFERENT_PRICING|SOURCE_REF_REUSED_ACROSS_LOCATIONS","2f9758680ad88fb5","0","","3","0","3"
"1","FRA79P91519141","","4647541","INGETEAM","4583701","Ingeteam","DOMESTIC_F:4kW","2026-09-28T02:37:43.453Z","true","SOURCE_DUPLICATE_DIFFERENT_PRICING|SOURCE_REF_REUSED_ACROSS_LOCATIONS","dc73de2856527b3a","0","","3","0","3"
"1","FRA79P91521984","","4647547","ENOVATES","4583721","ENovates","IEC_62196_T2:22kW","2026-09-28T02:37:44.925Z","true","SOURCE_DUPLICATE_DIFFERENT_PRICING|SOURCE_REF_REUSED_ACROSS_LOCATIONS","2f9758680ad88fb5","0","","3","0","3"
"1","FRA79P91521984","","4647547","ENOVATES","4583722","ENovates","IEC_62196_T2:22kW","2026-09-28T02:37:44.925Z","true","SOURCE_DUPLICATE_DIFFERENT_PRICING|SOURCE_REF_REUSED_ACROSS_LOCATIONS","2f9758680ad88fb5","0","","3","0","3"
"1","FRA79P91521984","","4647547","ENOVATES","4583723","ENovates","DOMESTIC_F:1kW","2026-09-28T02:37:44.925Z","true","SOURCE_DUPLICATE_DIFFERENT_PRICING|SOURCE_REF_REUSED_ACROSS_LOCATIONS","2812cb7b82dfbf5e","0","","3","0","3"
"1","FRA79P91521988","","4647549","ENOVATES","4583728","ENovates","IEC_62196_T2:22kW","2026-09-28T02:37:46.373Z","true","SOURCE_DUPLICATE_DIFFERENT_PRICING|SOURCE_REF_REUSED_ACROSS_LOCATIONS","2f9758680ad88fb5","0","","3","0","3"
"1","FRA79P91521988","","4647549","ENOVATES","4583729","ENovates","IEC_62196_T2:22kW","2026-09-28T02:37:46.373Z","true","SOURCE_DUPLICATE_DIFFERENT_PRICING|SOURCE_REF_REUSED_ACROSS_LOCATIONS","2f9758680ad88fb5","0","","3","0","3"
"1","FRA79P91521988","","4647549","ENOVATES","4583730","ENovates","DOMESTIC_F:1kW","2026-09-28T02:37:46.373Z","true","SOURCE_DUPLICATE_DIFFERENT_PRICING|SOURCE_REF_REUSED_ACROSS_LOCATIONS","2812cb7b82dfbf5e","0","","3","0","3"
"1","FRA79P91525200","","4647564","INGETEAM","4583757","Ingeteam","IEC_62196_T2:22kW","2026-09-28T02:37:47.980Z","true","SOURCE_DUPLICATE_DIFFERENT_PRICING|SOURCE_REF_REUSED_ACROSS_LOCATIONS","2f9758680ad88fb5","0","","3","0","3"
"1","FRA79P91525200","","4647564","INGETEAM","4583759","Ingeteam","IEC_62196_T2:22kW","2026-09-28T02:37:47.980Z","true","SOURCE_DUPLICATE_DIFFERENT_PRICING|SOURCE_REF_REUSED_ACROSS_LOCATIONS","2f9758680ad88fb5","0","","3","0","3"
"1","FRA79P91525200","","4647564","INGETEAM","4583760","Ingeteam","DOMESTIC_F:1kW","2026-09-28T02:37:47.980Z","true","SOURCE_DUPLICATE_DIFFERENT_PRICING|SOURCE_REF_REUSED_ACROSS_LOCATIONS","2812cb7b82dfbf5e","0","","3","0","3"
"1","FRA79P91525206","","4647568","ENOVATES","4583765","ENovates","IEC_62196_T2:22kW","2026-09-28T02:37:49.437Z","true","SOURCE_DUPLICATE_DIFFERENT_PRICING|SOURCE_REF_REUSED_ACROSS_LOCATIONS","2f9758680ad88fb5","0","","3","0","3"
"1","FRA79P91525206","","4647568","ENOVATES","4583767","ENovates","IEC_62196_T2:22kW","2026-09-28T02:37:49.437Z","true","SOURCE_DUPLICATE_DIFFERENT_PRICING|SOURCE_REF_REUSED_ACROSS_LOCATIONS","2f9758680ad88fb5","0","","3","0","3"
"1","FRA79P91525206","","4647568","ENOVATES","4583769","ENovates","DOMESTIC_F:1kW","2026-09-28T02:37:49.437Z","true","SOURCE_DUPLICATE_DIFFERENT_PRICING|SOURCE_REF_REUSED_ACROSS_LOCATIONS","2812cb7b82dfbf5e","0","","3","0","3"
"1","FRADPP77282001","","779059","ADP","1024225","FR*ADP*E77282*001*11*1","IEC_62196_T2:4kW","2026-09-28T09:42:07.732Z","true","SOURCE_DUPLICATE_DIFFERENT_PRICING|AMBIGUOUS_PARENT_PDC","97115f882343ca93","0","","20","2","2"
"1","FRADPP77282001","","779059","ADP","1024226","FR*ADP*E77282*001*11*2","DOMESTIC_F:4kW","2026-09-28T09:42:07.732Z","true","SOURCE_DUPLICATE_DIFFERENT_PRICING|AMBIGUOUS_PARENT_PDC","166d97af4e4b8d6b","0","","20","2","2"
"1","FRADPP77282001","","779059","ADP","1024227","FR*ADP*E77282*001*12*1","IEC_62196_T2:4kW","2026-09-28T09:42:07.732Z","true","SOURCE_DUPLICATE_DIFFERENT_PRICING|AMBIGUOUS_PARENT_PDC","97115f882343ca93","0","","20","2","2"
"1","FRADPP77282001","","779059","ADP","1024228","FR*ADP*E77282*001*12*2","DOMESTIC_F:4kW","2026-09-28T09:42:07.732Z","true","SOURCE_DUPLICATE_DIFFERENT_PRICING|AMBIGUOUS_PARENT_PDC","166d97af4e4b8d6b","0","","20","2","2"
"1","FRADPP77282001","","779059","ADP","1024241","FR*ADP*E77282*001*19*1","IEC_62196_T2:4kW","2026-09-28T09:42:07.732Z","true","SOURCE_DUPLICATE_DIFFERENT_PRICING|AMBIGUOUS_PARENT_PDC","97115f882343ca93","0","","20","2","2"
"1","FRADPP77282001","","779059","ADP","1024242","FR*ADP*E77282*001*19*2","DOMESTIC_F:4kW","2026-09-28T09:42:07.732Z","true","SOURCE_DUPLICATE_DIFFERENT_PRICING|AMBIGUOUS_PARENT_PDC","166d97af4e4b8d6b","0","","20","2","2"
"1","FRADPP77282001","","779059","ADP","1024246","FR*ADP*E77282*001*20*2","DOMESTIC_F:4kW","2026-09-28T09:42:07.732Z","true","SOURCE_DUPLICATE_DIFFERENT_PRICING|AMBIGUOUS_PARENT_PDC","166d97af4e4b8d6b","0","","20","2","2"
"1","FRADPP77282001","","779059","ADP","1401535","FR*ADP*E77282*001*20*1","IEC_62196_T2:4kW","2026-09-28T09:42:07.732Z","true","SOURCE_DUPLICATE_DIFFERENT_PRICING|AMBIGUOUS_PARENT_PDC","97115f882343ca93","0","","20","2","2"
"1","FRADPP77282001","","779059","ADP","4213614","FR*ADP*E77282*001*19*2","DOMESTIC_F:3kW","2026-09-28T09:42:07.732Z","true","SOURCE_DUPLICATE_DIFFERENT_PRICING|AMBIGUOUS_PARENT_PDC","bea5acffaca7384a","0","","20","2","2"
"1","FRADPP77282001","","779059","ADP","4213615","FR*ADP*E77282*001*20*2","DOMESTIC_F:3kW","2026-09-28T09:42:07.732Z","true","SOURCE_DUPLICATE_DIFFERENT_PRICING|AMBIGUOUS_PARENT_PDC","bea5acffaca7384a","0","","20","2","2"
"1","FRADPP77282001","","779059","ADP","4213628","FR*ADP*E77282*001*11*2","DOMESTIC_F:3kW","2026-09-28T09:42:07.732Z","true","SOURCE_DUPLICATE_DIFFERENT_PRICING|AMBIGUOUS_PARENT_PDC","bea5acffaca7384a","0","","20","2","2"
"1","FRADPP77282001","","779059","ADP","4213631","FR*ADP*E77282*001*12*2","DOMESTIC_F:3kW","2026-09-28T09:42:07.732Z","true","SOURCE_DUPLICATE_DIFFERENT_PRICING|AMBIGUOUS_PARENT_PDC","bea5acffaca7384a","0","","20","2","2"
"1","FRADPP77282001","","779059","ADP","4213633","FR*ADP*E77282*001*12*1","IEC_62196_T2:3kW","2026-09-28T09:42:07.732Z","true","SOURCE_DUPLICATE_DIFFERENT_PRICING|AMBIGUOUS_PARENT_PDC","5c2df2328f3d5aa8","0","","20","2","2"
"1","FRADPP77282001","","779059","ADP","4213645","FR*ADP*E77282*001*19*1","IEC_62196_T2:3kW","2026-09-28T09:42:07.732Z","true","SOURCE_DUPLICATE_DIFFERENT_PRICING|AMBIGUOUS_PARENT_PDC","5c2df2328f3d5aa8","0","","20","2","2"
"1","FRADPP77282001","","779059","ADP","4213648","FR*ADP*E77282*001*20*1","IEC_62196_T2:3kW","2026-09-28T09:42:07.732Z","true","SOURCE_DUPLICATE_DIFFERENT_PRICING|AMBIGUOUS_PARENT_PDC","5c2df2328f3d5aa8","0","","20","2","2"
"1","FRADPP77282001","","779059","ADP","4213649","FR*ADP*E77282*001*11*1","IEC_62196_T2:3kW","2026-09-28T09:42:07.732Z","true","SOURCE_DUPLICATE_DIFFERENT_PRICING|AMBIGUOUS_PARENT_PDC","5c2df2328f3d5aa8","0","","20","2","2"
"1","FRADPP91479010","","774490","ADP","1025292","FR*ADP*E91479*010*1*1","IEC_62196_T2:4kW","2026-09-28T09:39:40.234Z","true","SOURCE_DUPLICATE_DIFFERENT_PRICING","97115f882343ca93","1","FRADPP91479010","18","0","2"
"1","FRADPP91479010","","774490","ADP","1025293","FR*ADP*E91479*010*1*2","DOMESTIC_F:4kW","2026-09-28T09:39:40.234Z","true","SOURCE_DUPLICATE_DIFFERENT_PRICING","166d97af4e4b8d6b","1","FRADPP91479010","18","0","2"
"1","FRADPP91479010","","774490","ADP","1025294","FR*ADP*E91479*010*2*1","IEC_62196_T2:4kW","2026-09-28T09:39:40.234Z","true","SOURCE_DUPLICATE_DIFFERENT_PRICING","97115f882343ca93","0","","18","1","2"
"1","FRADPP91479010","","774490","ADP","1025295","FR*ADP*E91479*010*2*2","DOMESTIC_F:4kW","2026-09-28T09:39:40.234Z","true","SOURCE_DUPLICATE_DIFFERENT_PRICING","166d97af4e4b8d6b","0","","18","1","2"
"1","FRADPP91479010","","774490","ADP","1025296","FR*ADP*E91479*010*3*1","IEC_62196_T2:4kW","2026-09-28T09:39:40.234Z","true","SOURCE_DUPLICATE_DIFFERENT_PRICING","97115f882343ca93","0","","18","1","2"
"1","FRADPP91479010","","774490","ADP","1025298","FR*ADP*E91479*010*4*1","IEC_62196_T2:4kW","2026-09-28T09:39:40.234Z","true","SOURCE_DUPLICATE_DIFFERENT_PRICING","97115f882343ca93","0","","18","1","2"
"1","FRADPP91479010","","774490","ADP","1025300","FR*ADP*E91479*010*5*1","IEC_62196_T2:4kW","2026-09-28T09:39:40.234Z","true","SOURCE_DUPLICATE_DIFFERENT_PRICING","97115f882343ca93","0","","18","1","2"
"1","FRADPP91479010","","774490","ADP","1025301","FR*ADP*E91479*010*5*2","DOMESTIC_F:4kW","2026-09-28T09:39:40.234Z","true","SOURCE_DUPLICATE_DIFFERENT_PRICING","166d97af4e4b8d6b","0","","18","1","2"
"1","FRADPP91479010","","774490","ADP","1025302","FR*ADP*E91479*010*6*1","IEC_62196_T2:4kW","2026-09-28T09:39:40.234Z","true","SOURCE_DUPLICATE_DIFFERENT_PRICING","97115f882343ca93","0","","18","1","2"
"1","FRADPP91479010","","774490","ADP","1025303","FR*ADP*E91479*010*6*2","DOMESTIC_F:4kW","2026-09-28T09:39:40.234Z","true","SOURCE_DUPLICATE_DIFFERENT_PRICING","166d97af4e4b8d6b","0","","18","1","2"
"1","FRADPP91479010","","774490","ADP","1025304","FR*ADP*E91479*010*11*1","IEC_62196_T2:7kW","2026-09-28T09:39:40.234Z","true","SOURCE_DUPLICATE_DIFFERENT_PRICING|AMBIGUOUS_PARENT_PDC","f33e5bbb58ac06b6","0","","18","2","2"
"1","FRADPP91479010","","774490","ADP","1025305","FR*ADP*E91479*010*11*2","DOMESTIC_F:4kW","2026-09-28T09:39:40.234Z","true","SOURCE_DUPLICATE_DIFFERENT_PRICING|AMBIGUOUS_PARENT_PDC","166d97af4e4b8d6b","0","","18","2","2"
"1","FRADPP91479010","","774490","ADP","1025306","FR*ADP*E91479*010*12*1","IEC_62196_T2:7kW","2026-09-28T09:39:40.234Z","true","SOURCE_DUPLICATE_DIFFERENT_PRICING|AMBIGUOUS_PARENT_PDC","f33e5bbb58ac06b6","0","","18","2","2"
"1","FRADPP91479010","","774490","ADP","1025307","FR*ADP*E91479*010*12*2","DOMESTIC_F:4kW","2026-09-28T09:39:40.234Z","true","SOURCE_DUPLICATE_DIFFERENT_PRICING|AMBIGUOUS_PARENT_PDC","166d97af4e4b8d6b","0","","18","2","2"
"1","FRADPP91479010","","774490","ADP","1025311","FR*ADP*E91479*010*14*1","IEC_62196_T2:7kW","2026-09-28T09:39:40.234Z","true","SOURCE_DUPLICATE_DIFFERENT_PRICING|AMBIGUOUS_PARENT_PDC","f33e5bbb58ac06b6","0","","18","2","2"
"1","FRADPP91479010","","774490","ADP","1025312","FR*ADP*E91479*010*14*2","DOMESTIC_F:4kW","2026-09-28T09:39:40.234Z","true","SOURCE_DUPLICATE_DIFFERENT_PRICING|AMBIGUOUS_PARENT_PDC","166d97af4e4b8d6b","0","","18","2","2"
"1","FRADPP91479010","","774490","ADP","1025313","FR*ADP*E91479*010*15*1","IEC_62196_T2:7kW","2026-09-28T09:39:40.234Z","true","SOURCE_DUPLICATE_DIFFERENT_PRICING|AMBIGUOUS_PARENT_PDC","f33e5bbb58ac06b6","0","","18","2","2"
"1","FRADPP91479010","","774490","ADP","1025315","FR*ADP*E91479*010*15*2","DOMESTIC_F:4kW","2026-09-28T09:39:40.234Z","true","SOURCE_DUPLICATE_DIFFERENT_PRICING|AMBIGUOUS_PARENT_PDC","166d97af4e4b8d6b","0","","18","2","2"
"1","FRADPP91479010","","774490","ADP","1025317","FR*ADP*E91479*010*16*1","IEC_62196_T2:7kW","2026-09-28T09:39:40.234Z","true","SOURCE_DUPLICATE_DIFFERENT_PRICING|AMBIGUOUS_PARENT_PDC","f33e5bbb58ac06b6","0","","18","2","2"
"1","FRADPP91479010","","774490","ADP","1025318","FR*ADP*E91479*010*17*1","IEC_62196_T2:7kW","2026-09-28T09:39:40.234Z","true","SOURCE_DUPLICATE_DIFFERENT_PRICING|AMBIGUOUS_PARENT_PDC","f33e5bbb58ac06b6","0","","18","2","2"
"1","FRADPP91479010","","774490","ADP","1025320","FR*ADP*E91479*010*17*2","DOMESTIC_F:4kW","2026-09-28T09:39:40.234Z","true","SOURCE_DUPLICATE_DIFFERENT_PRICING|AMBIGUOUS_PARENT_PDC","166d97af4e4b8d6b","0","","18","2","2"
"1","FRADPP91479010","","774490","ADP","1025322","FR*ADP*E91479*010*18*1","IEC_62196_T2:7kW","2026-09-28T09:39:40.234Z","true","SOURCE_DUPLICATE_DIFFERENT_PRICING|AMBIGUOUS_PARENT_PDC","f33e5bbb58ac06b6","0","","18","2","2"
"1","FRADPP91479010","","774490","ADP","1025324","FR*ADP*E91479*010*18*2","DOMESTIC_F:4kW","2026-09-28T09:39:40.234Z","true","SOURCE_DUPLICATE_DIFFERENT_PRICING|AMBIGUOUS_PARENT_PDC","166d97af4e4b8d6b","0","","18","2","2"
"1","FRADPP91479010","","774490","ADP","1025326","FR*ADP*E91479*010*19*1","IEC_62196_T2:7kW","2026-09-28T09:39:40.234Z","true","SOURCE_DUPLICATE_DIFFERENT_PRICING|AMBIGUOUS_PARENT_PDC","f33e5bbb58ac06b6","0","","18","2","2"
"1","FRADPP91479010","","774490","ADP","1025328","FR*ADP*E91479*010*19*2","DOMESTIC_F:4kW","2026-09-28T09:39:40.234Z","true","SOURCE_DUPLICATE_DIFFERENT_PRICING|AMBIGUOUS_PARENT_PDC","166d97af4e4b8d6b","0","","18","2","2"
"1","FRADPP91479010","","774490","ADP","1025329","FR*ADP*E91479*010*7*1","IEC_62196_T2:4kW","2026-09-28T09:39:40.234Z","true","SOURCE_DUPLICATE_DIFFERENT_PRICING","97115f882343ca93","0","","18","1","2"
"1","FRADPP91479010","","774490","ADP","1025330","FR*ADP*E91479*010*7*2","DOMESTIC_F:4kW","2026-09-28T09:39:40.234Z","true","SOURCE_DUPLICATE_DIFFERENT_PRICING","166d97af4e4b8d6b","0","","18","1","2"
"1","FRADPP91479010","","774490","ADP","1025331","FR*ADP*E91479*010*8*1","IEC_62196_T2:4kW","2026-09-28T09:39:40.234Z","true","SOURCE_DUPLICATE_DIFFERENT_PRICING","97115f882343ca93","0","","18","1","2"
"1","FRADPP91479010","","774490","ADP","1025332","FR*ADP*E91479*010*8*2","DOMESTIC_F:4kW","2026-09-28T09:39:40.234Z","true","SOURCE_DUPLICATE_DIFFERENT_PRICING","166d97af4e4b8d6b","0","","18","1","2"
"1","FRADPP91479010","","774490","ADP","1079746","FR*ADP*E91479*010*16*2","DOMESTIC_F:4kW","2026-09-28T09:39:40.234Z","true","SOURCE_DUPLICATE_DIFFERENT_PRICING|AMBIGUOUS_PARENT_PDC","166d97af4e4b8d6b","0","","18","2","2"
"1","FRADPP91479010","","774490","ADP","3229123","FR*ADP*E91479*010*2*1","IEC_62196_T2:3kW","2026-09-28T09:39:40.234Z","true","SOURCE_DUPLICATE_DIFFERENT_PRICING","5c2df2328f3d5aa8","0","","18","1","2"
"1","FRADPP91479010","","774490","ADP","3229124","FR*ADP*E91479*010*18*2","DOMESTIC_F:3kW","2026-09-28T09:39:40.234Z","true","SOURCE_DUPLICATE_DIFFERENT_PRICING|AMBIGUOUS_PARENT_PDC","bea5acffaca7384a","0","","18","2","2"
"1","FRADPP91479010","","774490","ADP","3229125","FR*ADP*E91479*010*11*2","DOMESTIC_F:3kW","2026-09-28T09:39:40.234Z","true","SOURCE_DUPLICATE_DIFFERENT_PRICING|AMBIGUOUS_PARENT_PDC","bea5acffaca7384a","0","","18","2","2"
"1","FRADPP91479010","","774490","ADP","3229126","FR*ADP*E91479*010*12*2","DOMESTIC_F:3kW","2026-09-28T09:39:40.234Z","true","SOURCE_DUPLICATE_DIFFERENT_PRICING|AMBIGUOUS_PARENT_PDC","bea5acffaca7384a","0","","18","2","2"
"1","FRADPP91479010","","774490","ADP","3229127","FR*ADP*E91479*010*19*2","DOMESTIC_F:3kW","2026-09-28T09:39:40.234Z","true","SOURCE_DUPLICATE_DIFFERENT_PRICING|AMBIGUOUS_PARENT_PDC","bea5acffaca7384a","0","","18","2","2"
"1","FRADPP91479010","","774490","ADP","3229128","FR*ADP*E91479*010*3*1","IEC_62196_T2:3kW","2026-09-28T09:39:40.234Z","true","SOURCE_DUPLICATE_DIFFERENT_PRICING","5c2df2328f3d5aa8","0","","18","1","2"
"1","FRADPP91479010","","774490","ADP","3229129","FR*ADP*E91479*010*8*2","DOMESTIC_F:3kW","2026-09-28T09:39:40.234Z","true","SOURCE_DUPLICATE_DIFFERENT_PRICING","bea5acffaca7384a","0","","18","1","2"
"1","FRADPP91479010","","774490","ADP","3229130","FR*ADP*E91479*010*7*2","DOMESTIC_F:3kW","2026-09-28T09:39:40.234Z","true","SOURCE_DUPLICATE_DIFFERENT_PRICING","bea5acffaca7384a","0","","18","1","2"
"1","FRADPP91479010","","774490","ADP","3229131","FR*ADP*E91479*010*6*2","DOMESTIC_F:3kW","2026-09-28T09:39:40.234Z","true","SOURCE_DUPLICATE_DIFFERENT_PRICING","bea5acffaca7384a","0","","18","1","2"
"1","FRADPP91479010","","774490","ADP","3229132","FR*ADP*E91479*010*17*1","IEC_62196_T2:3kW","2026-09-28T09:39:40.234Z","true","SOURCE_DUPLICATE_DIFFERENT_PRICING|AMBIGUOUS_PARENT_PDC","5c2df2328f3d5aa8","0","","18","2","2"
"1","FRADPP91479010","","774490","ADP","3229134","FR*ADP*E91479*010*7*1","IEC_62196_T2:3kW","2026-09-28T09:39:40.234Z","true","SOURCE_DUPLICATE_DIFFERENT_PRICING","5c2df2328f3d5aa8","0","","18","1","2"
"1","FRADPP91479010","","774490","ADP","3229135","FR*ADP*E91479*010*14*1","IEC_62196_T2:3kW","2026-09-28T09:39:40.234Z","true","SOURCE_DUPLICATE_DIFFERENT_PRICING|AMBIGUOUS_PARENT_PDC","5c2df2328f3d5aa8","0","","18","2","2"
"1","FRADPP91479010","","774490","ADP","3229137","FR*ADP*E91479*010*6*1","IEC_62196_T2:3kW","2026-09-28T09:39:40.234Z","true","SOURCE_DUPLICATE_DIFFERENT_PRICING","5c2df2328f3d5aa8","0","","18","1","2"
"1","FRADPP91479010","","774490","ADP","3229139","FR*ADP*E91479*010*16*2","DOMESTIC_F:3kW","2026-09-28T09:39:40.234Z","true","SOURCE_DUPLICATE_DIFFERENT_PRICING|AMBIGUOUS_PARENT_PDC","bea5acffaca7384a","0","","18","2","2"
"1","FRADPP91479010","","774490","ADP","3229140","FR*ADP*E91479*010*14*2","DOMESTIC_F:3kW","2026-09-28T09:39:40.234Z","true","SOURCE_DUPLICATE_DIFFERENT_PRICING|AMBIGUOUS_PARENT_PDC","bea5acffaca7384a","0","","18","2","2"
"1","FRADPP91479010","","774490","ADP","3229141","FR*ADP*E91479*010*4*1","IEC_62196_T2:3kW","2026-09-28T09:39:40.234Z","true","SOURCE_DUPLICATE_DIFFERENT_PRICING","5c2df2328f3d5aa8","0","","18","1","2"
"1","FRADPP91479010","","774490","ADP","3229142","FR*ADP*E91479*010*15*1","IEC_62196_T2:3kW","2026-09-28T09:39:40.234Z","true","SOURCE_DUPLICATE_DIFFERENT_PRICING|AMBIGUOUS_PARENT_PDC","5c2df2328f3d5aa8","0","","18","2","2"
"1","FRADPP91479010","","774490","ADP","3229144","FR*ADP*E91479*010*1*2","DOMESTIC_F:3kW","2026-09-28T09:39:40.234Z","true","SOURCE_DUPLICATE_DIFFERENT_PRICING","bea5acffaca7384a","1","FRADPP91479010","18","0","2"
"1","FRADPP91479010","","774490","ADP","3229145","FR*ADP*E91479*010*11*1","IEC_62196_T2:3kW","2026-09-28T09:39:40.234Z","true","SOURCE_DUPLICATE_DIFFERENT_PRICING|AMBIGUOUS_PARENT_PDC","5c2df2328f3d5aa8","0","","18","2","2"
"1","FRADPP91479010","","774490","ADP","3229146","FR*ADP*E91479*010*18*1","IEC_62196_T2:3kW","2026-09-28T09:39:40.234Z","true","SOURCE_DUPLICATE_DIFFERENT_PRICING|AMBIGUOUS_PARENT_PDC","5c2df2328f3d5aa8","0","","18","2","2"
"1","FRADPP91479010","","774490","ADP","3229147","FR*ADP*E91479*010*16*1","IEC_62196_T2:3kW","2026-09-28T09:39:40.234Z","true","SOURCE_DUPLICATE_DIFFERENT_PRICING|AMBIGUOUS_PARENT_PDC","5c2df2328f3d5aa8","0","","18","2","2"
"1","FRADPP91479010","","774490","ADP","3229150","FR*ADP*E91479*010*17*2","DOMESTIC_F:3kW","2026-09-28T09:39:40.234Z","true","SOURCE_DUPLICATE_DIFFERENT_PRICING|AMBIGUOUS_PARENT_PDC","bea5acffaca7384a","0","","18","2","2"
"1","FRADPP91479010","","774490","ADP","3229151","FR*ADP*E91479*010*5*2","DOMESTIC_F:3kW","2026-09-28T09:39:40.234Z","true","SOURCE_DUPLICATE_DIFFERENT_PRICING","bea5acffaca7384a","0","","18","1","2"
"1","FRADPP91479010","","774490","ADP","3229152","FR*ADP*E91479*010*1*1","IEC_62196_T2:3kW","2026-09-28T09:39:40.234Z","true","SOURCE_DUPLICATE_DIFFERENT_PRICING","5c2df2328f3d5aa8","1","FRADPP91479010","18","0","2"
"1","FRADPP91479010","","774490","ADP","3229153","FR*ADP*E91479*010*19*1","IEC_62196_T2:3kW","2026-09-28T09:39:40.234Z","true","SOURCE_DUPLICATE_DIFFERENT_PRICING|AMBIGUOUS_PARENT_PDC","5c2df2328f3d5aa8","0","","18","2","2"
"1","FRADPP91479010","","774490","ADP","3229154","FR*ADP*E91479*010*12*1","IEC_62196_T2:3kW","2026-09-28T09:39:40.234Z","true","SOURCE_DUPLICATE_DIFFERENT_PRICING|AMBIGUOUS_PARENT_PDC","5c2df2328f3d5aa8","0","","18","2","2"
"1","FRADPP91479010","","774490","ADP","3229155","FR*ADP*E91479*010*2*2","DOMESTIC_F:3kW","2026-09-28T09:39:40.234Z","true","SOURCE_DUPLICATE_DIFFERENT_PRICING","bea5acffaca7384a","0","","18","1","2"
"1","FRADPP91479010","","774490","ADP","3229156","FR*ADP*E91479*010*15*2","DOMESTIC_F:3kW","2026-09-28T09:39:40.234Z","true","SOURCE_DUPLICATE_DIFFERENT_PRICING|AMBIGUOUS_PARENT_PDC","bea5acffaca7384a","0","","18","2","2"
"1","FRADPP91479010","","774490","ADP","3229157","FR*ADP*E91479*010*5*1","IEC_62196_T2:3kW","2026-09-28T09:39:40.234Z","true","SOURCE_DUPLICATE_DIFFERENT_PRICING","5c2df2328f3d5aa8","0","","18","1","2"
"1","FRADPP91479010","","774490","ADP","3229160","FR*ADP*E91479*010*8*1","IEC_62196_T2:3kW","2026-09-28T09:39:40.234Z","true","SOURCE_DUPLICATE_DIFFERENT_PRICING","5c2df2328f3d5aa8","0","","18","1","2"
"1","FRAUTP6554910729053115310","","2565367","NUMERIC","3605572","02","IEC_62196_T2_COMBO:190kW","2026-09-27T05:37:18.519Z","false","SOURCE_DUPLICATE_DIFFERENT_PRICING|SOURCE_REF_REUSED_ACROSS_LOCATIONS|NO_DETERMINISTIC_LOCAL_IRVE_MATCH|UNPUBLISHED_SOURCE_EVSE","0932f5bc739faf69","0","","4","0","2"
"1","FRAUTP6554910729053115310","","2565367","NUMERIC","3605574","02","IEC_62196_T2:22kW","2026-09-27T05:37:18.519Z","false","SOURCE_DUPLICATE_DIFFERENT_PRICING|SOURCE_REF_REUSED_ACROSS_LOCATIONS|NO_DETERMINISTIC_LOCAL_IRVE_MATCH|UNPUBLISHED_SOURCE_EVSE","2511f1f301e7479e","0","","4","0","2"
"1","FRAUTP6554910729053115310","","2565367","NUMERIC","3605578","01","IEC_62196_T2_COMBO:190kW","2026-09-27T05:37:18.519Z","false","SOURCE_DUPLICATE_DIFFERENT_PRICING|SOURCE_REF_REUSED_ACROSS_LOCATIONS|NO_DETERMINISTIC_LOCAL_IRVE_MATCH|UNPUBLISHED_SOURCE_EVSE","0932f5bc739faf69","0","","4","0","2"
"1","FRAUTP6554910729053115310","","2565367","NUMERIC","3605581","01","IEC_62196_T2:22kW","2026-09-27T05:37:18.519Z","false","SOURCE_DUPLICATE_DIFFERENT_PRICING|SOURCE_REF_REUSED_ACROSS_LOCATIONS|NO_DETERMINISTIC_LOCAL_IRVE_MATCH|UNPUBLISHED_SOURCE_EVSE","2511f1f301e7479e","0","","4","0","2"
"1","FRC01P76056001","","1496879","C01","2135459","FR*C01*E76056*001*1*1","IEC_62196_T2:22kW","2026-09-26T23:35:25.243Z","true","SOURCE_DUPLICATE_DIFFERENT_PRICING|COMPLEX_TIME_OR_DURATION_PRICING","b7be84f66e1d61c0","0","","2","1","2"
"1","FRC01P76056001","","1496879","C01","2135463","FR*C01*E76056*001*2*1","IEC_62196_T2:22kW","2026-09-26T23:35:25.243Z","true","SOURCE_DUPLICATE_DIFFERENT_PRICING|COMPLEX_TIME_OR_DURATION_PRICING","b7be84f66e1d61c0","0","","2","1","2"
"1","FRC01P76056001","","1496879","C01","3671924","FR*C01*E76056*001*1*1","IEC_62196_T2:22kW","2026-09-26T23:35:25.243Z","true","SOURCE_DUPLICATE_DIFFERENT_PRICING|COMPLEX_TIME_OR_DURATION_PRICING","78259688d1fddbe9","0","","2","1","2"
"1","FRC01P76056001","","1496879","C01","3671925","FR*C01*E76056*001*2*1","IEC_62196_T2:22kW","2026-09-26T23:35:25.243Z","true","SOURCE_DUPLICATE_DIFFERENT_PRICING|COMPLEX_TIME_OR_DURATION_PRICING","78259688d1fddbe9","0","","2","1","2"
"1","FRC01P76116001","","446223","C01","3672038","FR*C01*E76116*001*2*2","DOMESTIC_F:4kW","2026-09-27T21:23:58.702Z","true","SOURCE_DUPLICATE_DIFFERENT_PRICING|COMPLEX_TIME_OR_DURATION_PRICING","135ea2f71aaf0c72","0","","2","1","2"
"1","FRC01P76116001","","446223","C01","3672039","FR*C01*E76116*001*2*1","IEC_62196_T2:22kW","2026-09-27T21:23:58.702Z","true","SOURCE_DUPLICATE_DIFFERENT_PRICING|COMPLEX_TIME_OR_DURATION_PRICING","78259688d1fddbe9","0","","2","1","2"
"1","FRC01P76116001","","446223","C01","3672040","FR*C01*E76116*001*1*1","IEC_62196_T2:22kW","2026-09-27T21:23:58.702Z","true","SOURCE_DUPLICATE_DIFFERENT_PRICING|COMPLEX_TIME_OR_DURATION_PRICING","78259688d1fddbe9","0","","2","1","2"
"1","FRC01P76116001","","446223","C01","3672041","FR*C01*E76116*001*1*2","DOMESTIC_F:4kW","2026-09-27T21:23:58.702Z","true","SOURCE_DUPLICATE_DIFFERENT_PRICING|COMPLEX_TIME_OR_DURATION_PRICING","135ea2f71aaf0c72","0","","2","1","2"
"1","FRC01P76116001","","446223","C01","825272","FR*C01*E76116*001*1*1","IEC_62196_T2:22kW","2026-09-27T21:23:58.702Z","true","SOURCE_DUPLICATE_DIFFERENT_PRICING|COMPLEX_TIME_OR_DURATION_PRICING","b7be84f66e1d61c0","0","","2","1","2"
"1","FRC01P76116001","","446223","C01","825274","FR*C01*E76116*001*2*2","DOMESTIC_F:4kW","2026-09-27T21:23:58.702Z","true","SOURCE_DUPLICATE_DIFFERENT_PRICING|COMPLEX_TIME_OR_DURATION_PRICING","f5c5d2cf08a38b70","0","","2","1","2"
"1","FRC01P76116001","","446223","C01","953992","FR*C01*E76116*001*1*2","DOMESTIC_F:4kW","2026-09-27T21:23:58.702Z","true","SOURCE_DUPLICATE_DIFFERENT_PRICING|COMPLEX_TIME_OR_DURATION_PRICING","f5c5d2cf08a38b70","0","","2","1","2"
"1","FRC01P76116001","","446223","C01","953994","FR*C01*E76116*001*2*1","IEC_62196_T2:22kW","2026-09-27T21:23:58.702Z","true","SOURCE_DUPLICATE_DIFFERENT_PRICING|COMPLEX_TIME_OR_DURATION_PRICING","b7be84f66e1d61c0","0","","2","1","2"
"1","FRC01P76540011A2","","438169","C01","1481678","FR*C01*E76540*011*1*1","IEC_62196_T2:4kW","2026-09-27T19:47:17.135Z","true","SOURCE_DUPLICATE_DIFFERENT_PRICING|COMPLEX_TIME_OR_DURATION_PRICING","e345cdc77374c01f","0","","4","1","2"
"1","FRC01P76540011A2","","438169","C01","2212640","FR*C01*E76540*011*3*1","IEC_62196_T3A:4kW","2026-09-27T19:47:17.135Z","true","SOURCE_DUPLICATE_DIFFERENT_PRICING|COMPLEX_TIME_OR_DURATION_PRICING","574f8d6dde5cf217","0","","4","1","2"
"1","FRC01P76540011A2","","438169","C01","3671118","FR*C01*E76540*011*3*1","IEC_62196_T2:4kW","2026-09-27T19:47:17.135Z","true","SOURCE_DUPLICATE_DIFFERENT_PRICING","6c7f5b865554afe3","0","","4","1","2"
"1","FRC01P76540011A2","","438169","C01","3671122","FR*C01*E76540*011*2*2","DOMESTIC_F:4kW","2026-09-27T19:47:17.135Z","true","SOURCE_DUPLICATE_DIFFERENT_PRICING","7d53d07b37d91efc","0","","4","1","2"
"1","FRC01P76540011A2","","438169","C01","3671126","FR*C01*E76540*011*4*1","IEC_62196_T2:4kW","2026-09-27T19:47:17.135Z","true","SOURCE_DUPLICATE_DIFFERENT_PRICING","6c7f5b865554afe3","0","","4","1","2"
"1","FRC01P76540011A2","","438169","C01","3671131","FR*C01*E76540*011*1*2","DOMESTIC_F:4kW","2026-09-27T19:47:17.135Z","true","SOURCE_DUPLICATE_DIFFERENT_PRICING","7d53d07b37d91efc","0","","4","1","2"
"1","FRC01P76540011A2","","438169","C01","3671138","FR*C01*E76540*011*3*2","DOMESTIC_F:4kW","2026-09-27T19:47:17.135Z","true","SOURCE_DUPLICATE_DIFFERENT_PRICING","7d53d07b37d91efc","0","","4","1","2"
"1","FRC01P76540011A2","","438169","C01","3671142","FR*C01*E76540*011*4*2","DOMESTIC_F:4kW","2026-09-27T19:47:17.135Z","true","SOURCE_DUPLICATE_DIFFERENT_PRICING","7d53d07b37d91efc","0","","4","1","2"
"1","FRC01P76540011A2","","438169","C01","3671146","FR*C01*E76540*011*2*1","IEC_62196_T2:4kW","2026-09-27T19:47:17.135Z","true","SOURCE_DUPLICATE_DIFFERENT_PRICING","6c7f5b865554afe3","0","","4","1","2"
"1","FRC01P76540011A2","","438169","C01","3671151","FR*C01*E76540*011*1*1","IEC_62196_T2:4kW","2026-09-27T19:47:17.135Z","true","SOURCE_DUPLICATE_DIFFERENT_PRICING","6c7f5b865554afe3","0","","4","1","2"
"1","FRC01P76540011A2","","438169","C01","825264","FR*C01*E76540*011*2*2","DOMESTIC_F:4kW","2026-09-27T19:47:17.135Z","true","SOURCE_DUPLICATE_DIFFERENT_PRICING|COMPLEX_TIME_OR_DURATION_PRICING","f5c5d2cf08a38b70","0","","4","1","2"
"1","FRC01P76540011A2","","438169","C01","953713","FR*C01*E76540*011*1*2","DOMESTIC_F:4kW","2026-09-27T19:47:17.135Z","true","SOURCE_DUPLICATE_DIFFERENT_PRICING|COMPLEX_TIME_OR_DURATION_PRICING","f5c5d2cf08a38b70","0","","4","1","2"
"1","FRC01P76540011A2","","438169","C01","953714","FR*C01*E76540*011*2*1","IEC_62196_T2:4kW","2026-09-27T19:47:17.135Z","true","SOURCE_DUPLICATE_DIFFERENT_PRICING|COMPLEX_TIME_OR_DURATION_PRICING","e345cdc77374c01f","0","","4","1","2"
"1","FRC01P76540011A2","","438169","C01","953715","FR*C01*E76540*011*3*2","DOMESTIC_F:4kW","2026-09-27T19:47:17.135Z","true","SOURCE_DUPLICATE_DIFFERENT_PRICING|COMPLEX_TIME_OR_DURATION_PRICING","f5c5d2cf08a38b70","0","","4","1","2"
"1","FRC01P76540011A2","","438169","C01","953716","FR*C01*E76540*011*4*1","IEC_62196_T2:4kW","2026-09-27T19:47:17.135Z","true","SOURCE_DUPLICATE_DIFFERENT_PRICING|COMPLEX_TIME_OR_DURATION_PRICING","e345cdc77374c01f","0","","4","1","2"
"1","FRC01P76540011A2","","438169","C01","953717","FR*C01*E76540*011*4*2","DOMESTIC_F:4kW","2026-09-27T19:47:17.135Z","true","SOURCE_DUPLICATE_DIFFERENT_PRICING|COMPLEX_TIME_OR_DURATION_PRICING","f5c5d2cf08a38b70","0","","4","1","2"
"1","FRC01P76681001","","438203","C01","3671191","FR*C01*E76681*001*2*2","DOMESTIC_F:4kW","2026-09-27T19:47:56.846Z","true","SOURCE_DUPLICATE_DIFFERENT_PRICING|COMPLEX_TIME_OR_DURATION_PRICING","135ea2f71aaf0c72","0","","4","1","2"
"1","FRC01P76681001","","438203","C01","3671196","FR*C01*E76681*001*3*1","IEC_62196_T2:22kW","2026-09-27T19:47:56.846Z","true","SOURCE_DUPLICATE_DIFFERENT_PRICING|COMPLEX_TIME_OR_DURATION_PRICING","78259688d1fddbe9","0","","4","1","2"
"1","FRC01P76681001","","438203","C01","3671200","FR*C01*E76681*001*4*1","IEC_62196_T2:22kW","2026-09-27T19:47:56.846Z","true","SOURCE_DUPLICATE_DIFFERENT_PRICING|COMPLEX_TIME_OR_DURATION_PRICING","78259688d1fddbe9","0","","4","1","2"
"1","FRC01P76681001","","438203","C01","3671205","FR*C01*E76681*001*2*1","IEC_62196_T2:22kW","2026-09-27T19:47:56.846Z","true","SOURCE_DUPLICATE_DIFFERENT_PRICING|COMPLEX_TIME_OR_DURATION_PRICING","78259688d1fddbe9","0","","4","1","2"
"1","FRC01P76681001","","438203","C01","3671209","FR*C01*E76681*001*1*1","IEC_62196_T2:22kW","2026-09-27T19:47:56.846Z","true","SOURCE_DUPLICATE_DIFFERENT_PRICING|COMPLEX_TIME_OR_DURATION_PRICING","78259688d1fddbe9","0","","4","1","2"
"1","FRC01P76681001","","438203","C01","3671212","FR*C01*E76681*001*1*2","DOMESTIC_F:4kW","2026-09-27T19:47:56.846Z","true","SOURCE_DUPLICATE_DIFFERENT_PRICING|COMPLEX_TIME_OR_DURATION_PRICING","135ea2f71aaf0c72","0","","4","1","2"
"1","FRC01P76681001","","438203","C01","3671214","FR*C01*E76681*001*3*2","DOMESTIC_F:4kW","2026-09-27T19:47:56.846Z","true","SOURCE_DUPLICATE_DIFFERENT_PRICING|COMPLEX_TIME_OR_DURATION_PRICING","135ea2f71aaf0c72","0","","4","1","2"
"1","FRC01P76681001","","438203","C01","3671217","FR*C01*E76681*001*4*2","DOMESTIC_F:4kW","2026-09-27T19:47:56.846Z","true","SOURCE_DUPLICATE_DIFFERENT_PRICING|COMPLEX_TIME_OR_DURATION_PRICING","135ea2f71aaf0c72","0","","4","1","2"
"1","FRC01P76681001","","438203","C01","825523","FR*C01*E76681*001*1*1","IEC_62196_T2:22kW","2026-09-27T19:47:56.846Z","true","SOURCE_DUPLICATE_DIFFERENT_PRICING|COMPLEX_TIME_OR_DURATION_PRICING","b7be84f66e1d61c0","0","","4","1","2"
"1","FRC01P76681001","","438203","C01","825524","FR*C01*E76681*001*2*2","DOMESTIC_F:4kW","2026-09-27T19:47:56.846Z","true","SOURCE_DUPLICATE_DIFFERENT_PRICING|COMPLEX_TIME_OR_DURATION_PRICING","f5c5d2cf08a38b70","0","","4","1","2"
"1","FRC01P76681001","","438203","C01","953912","FR*C01*E76681*001*1*2","DOMESTIC_F:4kW","2026-09-27T19:47:56.846Z","true","SOURCE_DUPLICATE_DIFFERENT_PRICING|COMPLEX_TIME_OR_DURATION_PRICING","f5c5d2cf08a38b70","0","","4","1","2"
"1","FRC01P76681001","","438203","C01","953915","FR*C01*E76681*001*2*1","IEC_62196_T2:22kW","2026-09-27T19:47:56.846Z","true","SOURCE_DUPLICATE_DIFFERENT_PRICING|COMPLEX_TIME_OR_DURATION_PRICING","b7be84f66e1d61c0","0","","4","1","2"
"1","FRC01P76681001","","438203","C01","953918","FR*C01*E76681*001*3*1","IEC_62196_T2:22kW","2026-09-27T19:47:56.846Z","true","SOURCE_DUPLICATE_DIFFERENT_PRICING|COMPLEX_TIME_OR_DURATION_PRICING","b7be84f66e1d61c0","0","","4","1","2"
"1","FRC01P76681001","","438203","C01","953921","FR*C01*E76681*001*3*2","DOMESTIC_F:4kW","2026-09-27T19:47:56.846Z","true","SOURCE_DUPLICATE_DIFFERENT_PRICING|COMPLEX_TIME_OR_DURATION_PRICING","f5c5d2cf08a38b70","0","","4","1","2"
"1","FRC01P76681001","","438203","C01","953924","FR*C01*E76681*001*4*1","IEC_62196_T2:22kW","2026-09-27T19:47:56.846Z","true","SOURCE_DUPLICATE_DIFFERENT_PRICING|COMPLEX_TIME_OR_DURATION_PRICING","b7be84f66e1d61c0","0","","4","1","2"
"1","FRC01P76681001","","438203","C01","953927","FR*C01*E76681*001*4*2","DOMESTIC_F:4kW","2026-09-27T19:47:56.846Z","true","SOURCE_DUPLICATE_DIFFERENT_PRICING|COMPLEX_TIME_OR_DURATION_PRICING","f5c5d2cf08a38b70","0","","4","1","2"
"1","FRC01P76705002","","757613","C01","4471043","FR*C01*E76705*002*1*1","IEC_62196_T2:22kW","2026-09-26T21:30:38.509Z","true","SOURCE_DUPLICATE_DIFFERENT_PRICING|COMPLEX_TIME_OR_DURATION_PRICING","78259688d1fddbe9","0","","2","1","2"
"1","FRC01P76705002","","757613","C01","4471044","FR*C01*E76705*002*2*1","IEC_62196_T2:22kW","2026-09-26T21:30:38.509Z","true","SOURCE_DUPLICATE_DIFFERENT_PRICING|COMPLEX_TIME_OR_DURATION_PRICING","78259688d1fddbe9","0","","2","1","2"
"1","FRC01P76705002","","757613","C01","4471046","FR*C01*E76705*002*1*2","DOMESTIC_F:4kW","2026-09-26T21:30:38.509Z","true","SOURCE_DUPLICATE_DIFFERENT_PRICING|COMPLEX_TIME_OR_DURATION_PRICING","135ea2f71aaf0c72","0","","2","1","2"
"1","FRC01P76705002","","757613","C01","4471047","FR*C01*E76705*002*2*2","DOMESTIC_F:4kW","2026-09-26T21:30:38.509Z","true","SOURCE_DUPLICATE_DIFFERENT_PRICING|COMPLEX_TIME_OR_DURATION_PRICING","135ea2f71aaf0c72","0","","2","1","2"
"1","FRC01P76705002","","757613","C01","982223","FR*C01*E76705*002*1*1","IEC_62196_T2:22kW","2026-09-26T21:30:38.509Z","true","SOURCE_DUPLICATE_DIFFERENT_PRICING|COMPLEX_TIME_OR_DURATION_PRICING","b7be84f66e1d61c0","0","","2","1","2"
"1","FRC01P76705002","","757613","C01","982224","FR*C01*E76705*002*1*2","DOMESTIC_F:4kW","2026-09-26T21:30:38.509Z","true","SOURCE_DUPLICATE_DIFFERENT_PRICING|COMPLEX_TIME_OR_DURATION_PRICING","f5c5d2cf08a38b70","0","","2","1","2"
"1","FRC01P76705002","","757613","C01","982225","FR*C01*E76705*002*2*1","IEC_62196_T2:22kW","2026-09-26T21:30:38.509Z","true","SOURCE_DUPLICATE_DIFFERENT_PRICING|COMPLEX_TIME_OR_DURATION_PRICING","b7be84f66e1d61c0","0","","2","1","2"
"1","FRC01P76705002","","757613","C01","982226","FR*C01*E76705*002*2*2","DOMESTIC_F:4kW","2026-09-26T21:30:38.509Z","true","SOURCE_DUPLICATE_DIFFERENT_PRICING|COMPLEX_TIME_OR_DURATION_PRICING","f5c5d2cf08a38b70","0","","2","1","2"
"1","FRELCP12954082","","4051990","NUMERIC","3262756","11","CHADEMO:100kW","2026-10-06T21:19:16.691Z","false","SOURCE_DUPLICATE_DIFFERENT_PRICING|SOURCE_REF_REUSED_ACROSS_LOCATIONS|COMPLEX_TIME_OR_DURATION_PRICING|NO_DETERMINISTIC_LOCAL_IRVE_MATCH|UNPUBLISHED_SOURCE_EVSE","c448271ea81f8fb3","0","","19","0","2"
"1","FRELCP12954082","","4051990","NUMERIC","3262758","11","IEC_62196_T2_COMBO:400kW","2026-10-06T21:19:16.691Z","false","SOURCE_DUPLICATE_DIFFERENT_PRICING|SOURCE_REF_REUSED_ACROSS_LOCATIONS|COMPLEX_TIME_OR_DURATION_PRICING|NO_DETERMINISTIC_LOCAL_IRVE_MATCH|UNPUBLISHED_SOURCE_EVSE","a8d5e1520b7fc11c","0","","19","0","2"
"1","FRELCP5690372","","4052136","NUMERIC","3263772","01","IEC_62196_T2:22kW","2026-10-04T09:18:00.622Z","true","SOURCE_DUPLICATE_DIFFERENT_PRICING|SOURCE_REF_REUSED_ACROSS_LOCATIONS|COMPLEX_TIME_OR_DURATION_PRICING","5b30eacd5d51cbe2","0","","5","0","2"
"1","FRELCP5690372","","4052136","NUMERIC","3263793","01","IEC_62196_T2_COMBO:150kW","2026-10-04T09:18:00.622Z","true","SOURCE_DUPLICATE_DIFFERENT_PRICING|SOURCE_REF_REUSED_ACROSS_LOCATIONS|COMPLEX_TIME_OR_DURATION_PRICING","a7e19d1b50d031e1","0","","5","0","2"
"1","FRELCPPUTPA","","4052268","NUMERIC","3264651","09","IEC_62196_T2_COMBO:200kW","2026-10-04T09:18:00.622Z","true","SOURCE_DUPLICATE_DIFFERENT_PRICING|SOURCE_REF_REUSED_ACROSS_LOCATIONS|COMPLEX_TIME_OR_DURATION_PRICING","5695160b498a21b4","0","","12","0","2"
"1","FRELCPPUTPA","","4052268","NUMERIC","3264676","09","IEC_62196_T2:22kW","2026-10-04T09:18:00.622Z","true","SOURCE_DUPLICATE_DIFFERENT_PRICING|SOURCE_REF_REUSED_ACROSS_LOCATIONS|COMPLEX_TIME_OR_DURATION_PRICING","bd2cbeb3b9773a5c","0","","12","0","2"
"1","FRELCPPUTPA","","4052268","NUMERIC","3264678","07","IEC_62196_T2:22kW","2026-10-04T09:18:00.622Z","true","SOURCE_DUPLICATE_DIFFERENT_PRICING|SOURCE_REF_REUSED_ACROSS_LOCATIONS|COMPLEX_TIME_OR_DURATION_PRICING","bd2cbeb3b9773a5c","0","","12","0","2"
"1","FRELCPPUTPA","","4052268","NUMERIC","3264683","07","IEC_62196_T2_COMBO:200kW","2026-10-04T09:18:00.622Z","true","SOURCE_DUPLICATE_DIFFERENT_PRICING|SOURCE_REF_REUSED_ACROSS_LOCATIONS|COMPLEX_TIME_OR_DURATION_PRICING","5695160b498a21b4","0","","12","0","2"
"1","FREMSP91062054","","4449246","NUMERIC","4583040","1132311379810510","IEC_62196_T2_COMBO:140kW","2026-09-27T21:21:38.796Z","true","SOURCE_DUPLICATE_DIFFERENT_PRICING|COMPLEX_TIME_OR_DURATION_PRICING","607019861e546090","0","","5","0","2"
"1","FREMSP91062054","","4449246","NUMERIC","4583041","1132311379810510","IEC_62196_T2:22kW","2026-09-27T21:21:38.796Z","true","SOURCE_DUPLICATE_DIFFERENT_PRICING|COMPLEX_TIME_OR_DURATION_PRICING","5b30eacd5d51cbe2","0","","5","0","2"
"1","FREMSP91548321","","4648141","NUMERIC","4585218","1234933462","IEC_62196_T2:22kW","2026-09-28T02:38:01.600Z","true","SOURCE_DUPLICATE_DIFFERENT_PRICING|COMPLEX_TIME_OR_DURATION_PRICING","5b30eacd5d51cbe2","0","","2","0","2"
"1","FREMSP91548321","","4648141","NUMERIC","4585219","1234933462","IEC_62196_T2_COMBO:60kW","2026-09-28T02:38:01.600Z","true","SOURCE_DUPLICATE_DIFFERENT_PRICING|COMPLEX_TIME_OR_DURATION_PRICING","1f6ec418e1ad6e14","0","","2","0","2"
"1","FRETIP13063A","","965671","NUMERIC","2650061","4","IEC_62196_T2:22kW","2026-10-04T13:34:27.385Z","false","SOURCE_DUPLICATE_DIFFERENT_PRICING|SOURCE_REF_REUSED_ACROSS_LOCATIONS|NO_DETERMINISTIC_LOCAL_IRVE_MATCH|UNPUBLISHED_SOURCE_EVSE","b3d2f740dba844b9","0","","6","0","2"
"1","FRETIP13063A","","965671","NUMERIC","2650070","3","IEC_62196_T2:22kW","2026-10-04T13:34:27.385Z","false","SOURCE_DUPLICATE_DIFFERENT_PRICING|SOURCE_REF_REUSED_ACROSS_LOCATIONS|NO_DETERMINISTIC_LOCAL_IRVE_MATCH|UNPUBLISHED_SOURCE_EVSE","b3d2f740dba844b9","0","","6","0","2"
"1","FRETIP13063A","","965671","NUMERIC","2650077","2","DOMESTIC_F:2kW;IEC_62196_T2:22kW","2026-10-04T13:34:27.385Z","false","SOURCE_DUPLICATE_DIFFERENT_PRICING|SOURCE_REF_REUSED_ACROSS_LOCATIONS|MULTIPLE_CONNECTOR_POWER_NEEDS_PER_CONNECTOR_MATCH|NO_DETERMINISTIC_LOCAL_IRVE_MATCH|UNPUBLISHED_SOURCE_EVSE","a064981e418b40a3","0","","6","0","2"
"1","FRETIP13063A","","965671","NUMERIC","2650082","1","IEC_62196_T2:22kW","2026-10-04T13:34:27.385Z","false","SOURCE_DUPLICATE_DIFFERENT_PRICING|SOURCE_REF_REUSED_ACROSS_LOCATIONS|NO_DETERMINISTIC_LOCAL_IRVE_MATCH|UNPUBLISHED_SOURCE_EVSE","b3d2f740dba844b9","0","","6","0","2"
"1","FRETIP13063A","","965671","NUMERIC","2650085","5","IEC_62196_T2:22kW","2026-10-04T13:34:27.385Z","false","SOURCE_DUPLICATE_DIFFERENT_PRICING|SOURCE_REF_REUSED_ACROSS_LOCATIONS|NO_DETERMINISTIC_LOCAL_IRVE_MATCH|UNPUBLISHED_SOURCE_EVSE","b3d2f740dba844b9","0","","6","0","2"
"1","FRETIP13063A","","965671","NUMERIC","2650362","1","IEC_62196_T2_COMBO:150kW","2026-10-04T13:34:27.385Z","false","SOURCE_DUPLICATE_DIFFERENT_PRICING|SOURCE_REF_REUSED_ACROSS_LOCATIONS|COMPLEX_TIME_OR_DURATION_PRICING|NO_DETERMINISTIC_LOCAL_IRVE_MATCH|UNPUBLISHED_SOURCE_EVSE","878e58d142ae32a6","0","","6","0","2"
"1","FRETIP13063A","","965671","NUMERIC","2650365","4","IEC_62196_T2_COMBO:100kW","2026-10-04T13:34:27.385Z","false","SOURCE_DUPLICATE_DIFFERENT_PRICING|SOURCE_REF_REUSED_ACROSS_LOCATIONS|COMPLEX_TIME_OR_DURATION_PRICING|NO_DETERMINISTIC_LOCAL_IRVE_MATCH|UNPUBLISHED_SOURCE_EVSE","1fd0c67b159b4e27","0","","6","0","2"
"1","FRETIP13063A","","965671","NUMERIC","2650368","2","IEC_62196_T2_COMBO:150kW","2026-10-04T13:34:27.385Z","false","SOURCE_DUPLICATE_DIFFERENT_PRICING|SOURCE_REF_REUSED_ACROSS_LOCATIONS|COMPLEX_TIME_OR_DURATION_PRICING|NO_DETERMINISTIC_LOCAL_IRVE_MATCH|UNPUBLISHED_SOURCE_EVSE","878e58d142ae32a6","0","","6","0","2"
"1","FRETIP13063A","","965671","NUMERIC","2650374","5","DOMESTIC_F:2kW;IEC_62196_T2:22kW","2026-10-04T13:34:27.385Z","false","SOURCE_DUPLICATE_DIFFERENT_PRICING|SOURCE_REF_REUSED_ACROSS_LOCATIONS|MULTIPLE_CONNECTOR_POWER_NEEDS_PER_CONNECTOR_MATCH|COMPLEX_TIME_OR_DURATION_PRICING|NO_DETERMINISTIC_LOCAL_IRVE_MATCH|UNPUBLISHED_SOURCE_EVSE","17677822a6e0cb11","0","","6","0","2"
"1","FRETIP13063A","","965671","NUMERIC","2650378","3","IEC_62196_T2_COMBO:100kW","2026-10-04T13:34:27.385Z","false","SOURCE_DUPLICATE_DIFFERENT_PRICING|SOURCE_REF_REUSED_ACROSS_LOCATIONS|COMPLEX_TIME_OR_DURATION_PRICING|NO_DETERMINISTIC_LOCAL_IRVE_MATCH|UNPUBLISHED_SOURCE_EVSE","1fd0c67b159b4e27","0","","6","0","2"
"1","FRETIP21054E","","4332278","NUMERIC","3726202","4","IEC_62196_T2:22kW","2026-10-04T12:02:56.667Z","false","SOURCE_DUPLICATE_DIFFERENT_PRICING|SOURCE_REF_REUSED_ACROSS_LOCATIONS|NO_DETERMINISTIC_LOCAL_IRVE_MATCH|UNPUBLISHED_SOURCE_EVSE","6058991c7f042140","0","","5","0","2"
"1","FRETIP21054E","","4332278","NUMERIC","3726203","3","IEC_62196_T2:22kW","2026-10-04T12:02:56.667Z","false","SOURCE_DUPLICATE_DIFFERENT_PRICING|SOURCE_REF_REUSED_ACROSS_LOCATIONS|NO_DETERMINISTIC_LOCAL_IRVE_MATCH|UNPUBLISHED_SOURCE_EVSE","6058991c7f042140","0","","5","0","2"
"1","FRETIP21054E","","4332278","NUMERIC","3726204","1","IEC_62196_T2:22kW","2026-10-04T12:02:56.667Z","false","SOURCE_DUPLICATE_DIFFERENT_PRICING|SOURCE_REF_REUSED_ACROSS_LOCATIONS|NO_DETERMINISTIC_LOCAL_IRVE_MATCH|UNPUBLISHED_SOURCE_EVSE","6058991c7f042140","0","","5","0","2"
"1","FRETIP21054E","","4332278","NUMERIC","3726205","5","IEC_62196_T2:22kW","2026-10-04T12:02:56.667Z","false","SOURCE_DUPLICATE_DIFFERENT_PRICING|SOURCE_REF_REUSED_ACROSS_LOCATIONS|NO_DETERMINISTIC_LOCAL_IRVE_MATCH|UNPUBLISHED_SOURCE_EVSE","6058991c7f042140","0","","5","0","2"
"1","FRETIP21054E","","4332278","NUMERIC","3726206","2","DOMESTIC_F:2kW;IEC_62196_T2:22kW","2026-10-04T12:02:56.667Z","false","SOURCE_DUPLICATE_DIFFERENT_PRICING|SOURCE_REF_REUSED_ACROSS_LOCATIONS|MULTIPLE_CONNECTOR_POWER_NEEDS_PER_CONNECTOR_MATCH|NO_DETERMINISTIC_LOCAL_IRVE_MATCH|UNPUBLISHED_SOURCE_EVSE","f33b7146d10b0b4c","0","","5","0","2"
"1","FRETIP21054E","","4332278","NUMERIC","3954251","2","IEC_62196_T2_COMBO:180kW","2026-10-04T12:02:56.667Z","false","SOURCE_DUPLICATE_DIFFERENT_PRICING|SOURCE_REF_REUSED_ACROSS_LOCATIONS|COMPLEX_TIME_OR_DURATION_PRICING|NO_DETERMINISTIC_LOCAL_IRVE_MATCH|UNPUBLISHED_SOURCE_EVSE","d767e8ac757fdb88","0","","5","0","2"
"1","FRETIP21054E","","4332278","NUMERIC","3954254","5","DOMESTIC_F:2kW;IEC_62196_T2:22kW","2026-10-04T12:02:56.667Z","false","SOURCE_DUPLICATE_DIFFERENT_PRICING|SOURCE_REF_REUSED_ACROSS_LOCATIONS|MULTIPLE_CONNECTOR_POWER_NEEDS_PER_CONNECTOR_MATCH|NO_DETERMINISTIC_LOCAL_IRVE_MATCH|UNPUBLISHED_SOURCE_EVSE","f33b7146d10b0b4c","0","","5","0","2"
"1","FRETIP21054E","","4332278","NUMERIC","3954259","4","IEC_62196_T2_COMBO:180kW","2026-10-04T12:02:56.667Z","false","SOURCE_DUPLICATE_DIFFERENT_PRICING|SOURCE_REF_REUSED_ACROSS_LOCATIONS|COMPLEX_TIME_OR_DURATION_PRICING|NO_DETERMINISTIC_LOCAL_IRVE_MATCH|UNPUBLISHED_SOURCE_EVSE","d767e8ac757fdb88","0","","5","0","2"
"1","FRETIP21054E","","4332278","NUMERIC","3954261","1","IEC_62196_T2_COMBO:180kW","2026-10-04T12:02:56.667Z","false","SOURCE_DUPLICATE_DIFFERENT_PRICING|SOURCE_REF_REUSED_ACROSS_LOCATIONS|COMPLEX_TIME_OR_DURATION_PRICING|NO_DETERMINISTIC_LOCAL_IRVE_MATCH|UNPUBLISHED_SOURCE_EVSE","d767e8ac757fdb88","0","","5","0","2"
"1","FRETIP21054E","","4332278","NUMERIC","3954262","3","IEC_62196_T2_COMBO:180kW","2026-10-04T12:02:56.667Z","false","SOURCE_DUPLICATE_DIFFERENT_PRICING|SOURCE_REF_REUSED_ACROSS_LOCATIONS|COMPLEX_TIME_OR_DURATION_PRICING|NO_DETERMINISTIC_LOCAL_IRVE_MATCH|UNPUBLISHED_SOURCE_EVSE","d767e8ac757fdb88","0","","5","0","2"
"1","FRETIP42218A","","1034726","NUMERIC","2650804","3","IEC_62196_T2:22kW","2026-10-04T05:59:02.838Z","false","SOURCE_DUPLICATE_DIFFERENT_PRICING|SOURCE_REF_REUSED_ACROSS_LOCATIONS|COMPLEX_TIME_OR_DURATION_PRICING|NO_DETERMINISTIC_LOCAL_IRVE_MATCH|UNPUBLISHED_SOURCE_EVSE","5b30eacd5d51cbe2","0","","12","0","2"
"1","FRETIP42218A","","1034726","NUMERIC","2650811","5","DOMESTIC_F:2kW;IEC_62196_T2:22kW","2026-10-04T05:59:02.838Z","false","SOURCE_DUPLICATE_DIFFERENT_PRICING|SOURCE_REF_REUSED_ACROSS_LOCATIONS|MULTIPLE_CONNECTOR_POWER_NEEDS_PER_CONNECTOR_MATCH|COMPLEX_TIME_OR_DURATION_PRICING|NO_DETERMINISTIC_LOCAL_IRVE_MATCH|UNPUBLISHED_SOURCE_EVSE","17677822a6e0cb11","0","","12","0","2"
"1","FRETIP42218A","","1034726","NUMERIC","2650827","4","IEC_62196_T2_COMBO:100kW","2026-10-04T05:59:02.838Z","false","SOURCE_DUPLICATE_DIFFERENT_PRICING|SOURCE_REF_REUSED_ACROSS_LOCATIONS|COMPLEX_TIME_OR_DURATION_PRICING|NO_DETERMINISTIC_LOCAL_IRVE_MATCH|UNPUBLISHED_SOURCE_EVSE","1fd0c67b159b4e27","0","","12","0","2"
"1","FRETIP42218A","","1034726","NUMERIC","2650835","1","IEC_62196_T2:22kW","2026-10-04T05:59:02.838Z","false","SOURCE_DUPLICATE_DIFFERENT_PRICING|SOURCE_REF_REUSED_ACROSS_LOCATIONS|COMPLEX_TIME_OR_DURATION_PRICING|NO_DETERMINISTIC_LOCAL_IRVE_MATCH|UNPUBLISHED_SOURCE_EVSE","5b30eacd5d51cbe2","0","","12","0","2"
"1","FRETIP42218A","","1034726","NUMERIC","2650843","5","IEC_62196_T2:22kW","2026-10-04T05:59:02.838Z","false","SOURCE_DUPLICATE_DIFFERENT_PRICING|SOURCE_REF_REUSED_ACROSS_LOCATIONS|COMPLEX_TIME_OR_DURATION_PRICING|NO_DETERMINISTIC_LOCAL_IRVE_MATCH|UNPUBLISHED_SOURCE_EVSE","5b30eacd5d51cbe2","0","","12","0","2"
"1","FRETIP42218A","","1034726","NUMERIC","2650855","2","IEC_62196_T2:22kW","2026-10-04T05:59:02.838Z","false","SOURCE_DUPLICATE_DIFFERENT_PRICING|SOURCE_REF_REUSED_ACROSS_LOCATIONS|COMPLEX_TIME_OR_DURATION_PRICING|NO_DETERMINISTIC_LOCAL_IRVE_MATCH|UNPUBLISHED_SOURCE_EVSE","5b30eacd5d51cbe2","0","","12","0","2"
"1","FRETIP42218A","","1034726","NUMERIC","2650865","3","IEC_62196_T2_COMBO:100kW","2026-10-04T05:59:02.838Z","false","SOURCE_DUPLICATE_DIFFERENT_PRICING|SOURCE_REF_REUSED_ACROSS_LOCATIONS|COMPLEX_TIME_OR_DURATION_PRICING|NO_DETERMINISTIC_LOCAL_IRVE_MATCH|UNPUBLISHED_SOURCE_EVSE","1fd0c67b159b4e27","0","","12","0","2"
"1","FRETIP42218A","","1034726","NUMERIC","2650875","2","IEC_62196_T2_COMBO:150kW","2026-10-04T05:59:02.838Z","false","SOURCE_DUPLICATE_DIFFERENT_PRICING|SOURCE_REF_REUSED_ACROSS_LOCATIONS|COMPLEX_TIME_OR_DURATION_PRICING|NO_DETERMINISTIC_LOCAL_IRVE_MATCH|UNPUBLISHED_SOURCE_EVSE","878e58d142ae32a6","0","","12","0","2"
"1","FRETIP42218A","","1034726","NUMERIC","2650887","1","IEC_62196_T2_COMBO:150kW","2026-10-04T05:59:02.838Z","false","SOURCE_DUPLICATE_DIFFERENT_PRICING|SOURCE_REF_REUSED_ACROSS_LOCATIONS|COMPLEX_TIME_OR_DURATION_PRICING|NO_DETERMINISTIC_LOCAL_IRVE_MATCH|UNPUBLISHED_SOURCE_EVSE","878e58d142ae32a6","0","","12","0","2"
"1","FRETIP42218A","","1034726","NUMERIC","2650905","4","IEC_62196_T2:22kW","2026-10-04T05:59:02.838Z","false","SOURCE_DUPLICATE_DIFFERENT_PRICING|SOURCE_REF_REUSED_ACROSS_LOCATIONS|COMPLEX_TIME_OR_DURATION_PRICING|NO_DETERMINISTIC_LOCAL_IRVE_MATCH|UNPUBLISHED_SOURCE_EVSE","5b30eacd5d51cbe2","0","","12","0","2"
"1","FRETIP44162F","","4531994","NUMERIC","4249054","2","IEC_62196_T2:22kW","2026-09-27T21:51:36.881Z","false","SOURCE_DUPLICATE_DIFFERENT_PRICING|SOURCE_REF_REUSED_ACROSS_LOCATIONS|COMPLEX_TIME_OR_DURATION_PRICING|NO_DETERMINISTIC_LOCAL_IRVE_MATCH|UNPUBLISHED_SOURCE_EVSE","5b30eacd5d51cbe2","0","","4","0","2"
"1","FRETIP44162F","","4531994","NUMERIC","4249058","4","IEC_62196_T2:22kW","2026-09-27T21:51:36.881Z","false","SOURCE_DUPLICATE_DIFFERENT_PRICING|SOURCE_REF_REUSED_ACROSS_LOCATIONS|COMPLEX_TIME_OR_DURATION_PRICING|NO_DETERMINISTIC_LOCAL_IRVE_MATCH|UNPUBLISHED_SOURCE_EVSE","5b30eacd5d51cbe2","0","","4","0","2"
"1","FRETIP44162F","","4531994","NUMERIC","4249064","3","IEC_62196_T2:22kW","2026-09-27T21:51:36.881Z","false","SOURCE_DUPLICATE_DIFFERENT_PRICING|SOURCE_REF_REUSED_ACROSS_LOCATIONS|COMPLEX_TIME_OR_DURATION_PRICING|NO_DETERMINISTIC_LOCAL_IRVE_MATCH|UNPUBLISHED_SOURCE_EVSE","5b30eacd5d51cbe2","0","","4","0","2"
"1","FRETIP44162F","","4531994","NUMERIC","4249069","1","IEC_62196_T2:22kW","2026-09-27T21:51:36.881Z","false","SOURCE_DUPLICATE_DIFFERENT_PRICING|SOURCE_REF_REUSED_ACROSS_LOCATIONS|COMPLEX_TIME_OR_DURATION_PRICING|NO_DETERMINISTIC_LOCAL_IRVE_MATCH|UNPUBLISHED_SOURCE_EVSE","5b30eacd5d51cbe2","0","","4","0","2"
"1","FRETIP44162F","","4531994","NUMERIC","4249079","3","IEC_62196_T2_COMBO:180kW","2026-09-27T21:51:36.881Z","false","SOURCE_DUPLICATE_DIFFERENT_PRICING|SOURCE_REF_REUSED_ACROSS_LOCATIONS|COMPLEX_TIME_OR_DURATION_PRICING|NO_DETERMINISTIC_LOCAL_IRVE_MATCH|UNPUBLISHED_SOURCE_EVSE","e2922a3432e6f0c4","0","","4","0","2"
"1","FRETIP44162F","","4531994","NUMERIC","4249081","2","IEC_62196_T2_COMBO:180kW","2026-09-27T21:51:36.881Z","false","SOURCE_DUPLICATE_DIFFERENT_PRICING|SOURCE_REF_REUSED_ACROSS_LOCATIONS|COMPLEX_TIME_OR_DURATION_PRICING|NO_DETERMINISTIC_LOCAL_IRVE_MATCH|UNPUBLISHED_SOURCE_EVSE","e2922a3432e6f0c4","0","","4","0","2"
"1","FRETIP44162F","","4531994","NUMERIC","4249083","4","IEC_62196_T2_COMBO:180kW","2026-09-27T21:51:36.881Z","false","SOURCE_DUPLICATE_DIFFERENT_PRICING|SOURCE_REF_REUSED_ACROSS_LOCATIONS|COMPLEX_TIME_OR_DURATION_PRICING|NO_DETERMINISTIC_LOCAL_IRVE_MATCH|UNPUBLISHED_SOURCE_EVSE","e2922a3432e6f0c4","0","","4","0","2"
"1","FRETIP44162F","","4531994","NUMERIC","4249084","1","IEC_62196_T2_COMBO:180kW","2026-09-27T21:51:36.881Z","false","SOURCE_DUPLICATE_DIFFERENT_PRICING|SOURCE_REF_REUSED_ACROSS_LOCATIONS|COMPLEX_TIME_OR_DURATION_PRICING|NO_DETERMINISTIC_LOCAL_IRVE_MATCH|UNPUBLISHED_SOURCE_EVSE","e2922a3432e6f0c4","0","","4","0","2"
"1","FRETIP53084A","","1763045","NUMERIC","2652060","2","IEC_62196_T2_COMBO:100kW","2026-10-04T06:39:41.727Z","false","SOURCE_DUPLICATE_DIFFERENT_PRICING|SOURCE_REF_REUSED_ACROSS_LOCATIONS|COMPLEX_TIME_OR_DURATION_PRICING|NO_DETERMINISTIC_LOCAL_IRVE_MATCH|UNPUBLISHED_SOURCE_EVSE","1fd0c67b159b4e27","0","","6","0","2"
"1","FRETIP53084A","","1763045","NUMERIC","2652073","1","IEC_62196_T2_COMBO:100kW","2026-10-04T06:39:41.727Z","false","SOURCE_DUPLICATE_DIFFERENT_PRICING|SOURCE_REF_REUSED_ACROSS_LOCATIONS|COMPLEX_TIME_OR_DURATION_PRICING|NO_DETERMINISTIC_LOCAL_IRVE_MATCH|UNPUBLISHED_SOURCE_EVSE","1fd0c67b159b4e27","0","","6","0","2"
"1","FRETIP53084A","","1763045","NUMERIC","3605577","1","IEC_62196_T2:22kW","2026-10-04T06:39:41.727Z","false","SOURCE_DUPLICATE_DIFFERENT_PRICING|SOURCE_REF_REUSED_ACROSS_LOCATIONS|NO_DETERMINISTIC_LOCAL_IRVE_MATCH|UNPUBLISHED_SOURCE_EVSE","6058991c7f042140","0","","6","0","2"
"1","FRETIP53084A","","1763045","NUMERIC","3605580","2","IEC_62196_T2:22kW","2026-10-04T06:39:41.727Z","false","SOURCE_DUPLICATE_DIFFERENT_PRICING|SOURCE_REF_REUSED_ACROSS_LOCATIONS|NO_DETERMINISTIC_LOCAL_IRVE_MATCH|UNPUBLISHED_SOURCE_EVSE","6058991c7f042140","0","","6","0","2"
"1","FRETIP59368A","","862524","NUMERIC","1304350","1","IEC_62196_T2_COMBO:150kW","2026-09-28T10:01:09.533Z","false","SOURCE_DUPLICATE_DIFFERENT_PRICING|SOURCE_REF_REUSED_ACROSS_LOCATIONS|COMPLEX_TIME_OR_DURATION_PRICING|NO_DETERMINISTIC_LOCAL_IRVE_MATCH|UNPUBLISHED_SOURCE_EVSE","afe3acd1e16bea4e","0","","28","0","8"
"1","FRETIP59368A","","862524","NUMERIC","1304359","2","IEC_62196_T2_COMBO:150kW","2026-09-28T10:01:09.533Z","false","SOURCE_DUPLICATE_DIFFERENT_PRICING|SOURCE_REF_REUSED_ACROSS_LOCATIONS|COMPLEX_TIME_OR_DURATION_PRICING|NO_DETERMINISTIC_LOCAL_IRVE_MATCH|UNPUBLISHED_SOURCE_EVSE","afe3acd1e16bea4e","0","","28","0","8"
"1","FRETIP59368A","","862524","NUMERIC","1304364","3","IEC_62196_T2_COMBO:100kW","2026-09-28T10:01:09.533Z","false","SOURCE_DUPLICATE_DIFFERENT_PRICING|SOURCE_REF_REUSED_ACROSS_LOCATIONS|COMPLEX_TIME_OR_DURATION_PRICING|NO_DETERMINISTIC_LOCAL_IRVE_MATCH|UNPUBLISHED_SOURCE_EVSE","458da11af9ebb705","0","","28","0","8"
"1","FRETIP59368A","","862524","NUMERIC","1304367","4","IEC_62196_T2_COMBO:100kW","2026-09-28T10:01:09.533Z","false","SOURCE_DUPLICATE_DIFFERENT_PRICING|SOURCE_REF_REUSED_ACROSS_LOCATIONS|COMPLEX_TIME_OR_DURATION_PRICING|NO_DETERMINISTIC_LOCAL_IRVE_MATCH|UNPUBLISHED_SOURCE_EVSE","458da11af9ebb705","0","","28","0","8"
"1","FRETIP59368A","","862524","NUMERIC","1304381","1","IEC_62196_T2:22kW","2026-09-28T10:01:09.533Z","false","SOURCE_DUPLICATE_DIFFERENT_PRICING|SOURCE_REF_REUSED_ACROSS_LOCATIONS|COMPLEX_TIME_OR_DURATION_PRICING|NO_DETERMINISTIC_LOCAL_IRVE_MATCH|UNPUBLISHED_SOURCE_EVSE","5b30eacd5d51cbe2","0","","28","0","8"
"1","FRETIP59368A","","862524","NUMERIC","1304390","2","IEC_62196_T2:22kW","2026-09-28T10:01:09.533Z","false","SOURCE_DUPLICATE_DIFFERENT_PRICING|SOURCE_REF_REUSED_ACROSS_LOCATIONS|COMPLEX_TIME_OR_DURATION_PRICING|NO_DETERMINISTIC_LOCAL_IRVE_MATCH|UNPUBLISHED_SOURCE_EVSE","5b30eacd5d51cbe2","0","","28","0","8"
"1","FRETIP59368A","","862524","NUMERIC","1304392","3","IEC_62196_T2:22kW","2026-09-28T10:01:09.533Z","false","SOURCE_DUPLICATE_DIFFERENT_PRICING|SOURCE_REF_REUSED_ACROSS_LOCATIONS|COMPLEX_TIME_OR_DURATION_PRICING|NO_DETERMINISTIC_LOCAL_IRVE_MATCH|UNPUBLISHED_SOURCE_EVSE","5b30eacd5d51cbe2","0","","28","0","8"
"1","FRETIP59368A","","862524","NUMERIC","1304395","4","IEC_62196_T2:22kW","2026-09-28T10:01:09.533Z","false","SOURCE_DUPLICATE_DIFFERENT_PRICING|SOURCE_REF_REUSED_ACROSS_LOCATIONS|COMPLEX_TIME_OR_DURATION_PRICING|NO_DETERMINISTIC_LOCAL_IRVE_MATCH|UNPUBLISHED_SOURCE_EVSE","5b30eacd5d51cbe2","0","","28","0","8"
"1","FRETIP59368A","","862524","NUMERIC","1304412","7","IEC_62196_T2:22kW","2026-09-28T10:01:09.533Z","false","SOURCE_DUPLICATE_DIFFERENT_PRICING|SOURCE_REF_REUSED_ACROSS_LOCATIONS|COMPLEX_TIME_OR_DURATION_PRICING|NO_DETERMINISTIC_LOCAL_IRVE_MATCH|UNPUBLISHED_SOURCE_EVSE","5b30eacd5d51cbe2","0","","28","0","4"
"1","FRETIP59368A","","862524","NUMERIC","1304433","1","IEC_62196_T2_COMBO:150kW","2026-09-28T10:01:09.533Z","false","SOURCE_DUPLICATE_DIFFERENT_PRICING|SOURCE_REF_REUSED_ACROSS_LOCATIONS|COMPLEX_TIME_OR_DURATION_PRICING|NO_DETERMINISTIC_LOCAL_IRVE_MATCH|UNPUBLISHED_SOURCE_EVSE","afe3acd1e16bea4e","0","","28","0","8"
"1","FRETIP59368A","","862524","NUMERIC","1304438","2","IEC_62196_T2_COMBO:150kW","2026-09-28T10:01:09.533Z","false","SOURCE_DUPLICATE_DIFFERENT_PRICING|SOURCE_REF_REUSED_ACROSS_LOCATIONS|COMPLEX_TIME_OR_DURATION_PRICING|NO_DETERMINISTIC_LOCAL_IRVE_MATCH|UNPUBLISHED_SOURCE_EVSE","afe3acd1e16bea4e","0","","28","0","8"
"1","FRETIP59368A","","862524","NUMERIC","1304447","3","CHADEMO:50kW","2026-09-28T10:01:09.533Z","false","SOURCE_DUPLICATE_DIFFERENT_PRICING|SOURCE_REF_REUSED_ACROSS_LOCATIONS|COMPLEX_TIME_OR_DURATION_PRICING|NO_DETERMINISTIC_LOCAL_IRVE_MATCH|UNPUBLISHED_SOURCE_EVSE","25f4cc0214617234","0","","28","0","8"
"1","FRETIP59368A","","862524","NUMERIC","1304454","4","IEC_62196_T2_COMBO:100kW","2026-09-28T10:01:09.533Z","false","SOURCE_DUPLICATE_DIFFERENT_PRICING|SOURCE_REF_REUSED_ACROSS_LOCATIONS|COMPLEX_TIME_OR_DURATION_PRICING|NO_DETERMINISTIC_LOCAL_IRVE_MATCH|UNPUBLISHED_SOURCE_EVSE","458da11af9ebb705","0","","28","0","8"
"1","FRETIP59368A","","862524","NUMERIC","1304458","1","IEC_62196_T2:22kW","2026-09-28T10:01:09.533Z","false","SOURCE_DUPLICATE_DIFFERENT_PRICING|SOURCE_REF_REUSED_ACROSS_LOCATIONS|COMPLEX_TIME_OR_DURATION_PRICING|NO_DETERMINISTIC_LOCAL_IRVE_MATCH|UNPUBLISHED_SOURCE_EVSE","5b30eacd5d51cbe2","0","","28","0","8"
"1","FRETIP59368A","","862524","NUMERIC","1304463","2","IEC_62196_T2:22kW","2026-09-28T10:01:09.533Z","false","SOURCE_DUPLICATE_DIFFERENT_PRICING|SOURCE_REF_REUSED_ACROSS_LOCATIONS|COMPLEX_TIME_OR_DURATION_PRICING|NO_DETERMINISTIC_LOCAL_IRVE_MATCH|UNPUBLISHED_SOURCE_EVSE","5b30eacd5d51cbe2","0","","28","0","8"
"1","FRETIP59368A","","862524","NUMERIC","1304466","3","IEC_62196_T2:22kW","2026-09-28T10:01:09.533Z","false","SOURCE_DUPLICATE_DIFFERENT_PRICING|SOURCE_REF_REUSED_ACROSS_LOCATIONS|COMPLEX_TIME_OR_DURATION_PRICING|NO_DETERMINISTIC_LOCAL_IRVE_MATCH|UNPUBLISHED_SOURCE_EVSE","5b30eacd5d51cbe2","0","","28","0","8"
"1","FRETIP59368A","","862524","NUMERIC","1304469","4","IEC_62196_T2:22kW","2026-09-28T10:01:09.533Z","false","SOURCE_DUPLICATE_DIFFERENT_PRICING|SOURCE_REF_REUSED_ACROSS_LOCATIONS|COMPLEX_TIME_OR_DURATION_PRICING|NO_DETERMINISTIC_LOCAL_IRVE_MATCH|UNPUBLISHED_SOURCE_EVSE","5b30eacd5d51cbe2","0","","28","0","8"
"1","FRETIP59368A","","862524","NUMERIC","1353748","7","DOMESTIC_F:2kW","2026-09-28T10:01:09.533Z","false","SOURCE_DUPLICATE_DIFFERENT_PRICING|SOURCE_REF_REUSED_ACROSS_LOCATIONS|COMPLEX_TIME_OR_DURATION_PRICING|NO_DETERMINISTIC_LOCAL_IRVE_MATCH|UNPUBLISHED_SOURCE_EVSE","f54f5464fee727e0","0","","28","0","4"
"1","FRETIP59368A","","862524","NUMERIC","2702636","1","IEC_62196_T2_COMBO:150kW","2026-09-28T10:01:09.533Z","false","SOURCE_DUPLICATE_DIFFERENT_PRICING|SOURCE_REF_REUSED_ACROSS_LOCATIONS|COMPLEX_TIME_OR_DURATION_PRICING|NO_DETERMINISTIC_LOCAL_IRVE_MATCH|UNPUBLISHED_SOURCE_EVSE","afe3acd1e16bea4e","0","","28","0","8"
"1","FRETIP59368A","","862524","NUMERIC","2702640","4","IEC_62196_T2_COMBO:100kW","2026-09-28T10:01:09.533Z","false","SOURCE_DUPLICATE_DIFFERENT_PRICING|SOURCE_REF_REUSED_ACROSS_LOCATIONS|COMPLEX_TIME_OR_DURATION_PRICING|NO_DETERMINISTIC_LOCAL_IRVE_MATCH|UNPUBLISHED_SOURCE_EVSE","458da11af9ebb705","0","","28","0","8"
"1","FRETIP59368A","","862524","NUMERIC","2702642","4","IEC_62196_T2:22kW","2026-09-28T10:01:09.533Z","false","SOURCE_DUPLICATE_DIFFERENT_PRICING|SOURCE_REF_REUSED_ACROSS_LOCATIONS|COMPLEX_TIME_OR_DURATION_PRICING|NO_DETERMINISTIC_LOCAL_IRVE_MATCH|UNPUBLISHED_SOURCE_EVSE","5b30eacd5d51cbe2","0","","28","0","8"
"1","FRETIP59368A","","862524","NUMERIC","2702645","3","IEC_62196_T2:22kW","2026-09-28T10:01:09.533Z","false","SOURCE_DUPLICATE_DIFFERENT_PRICING|SOURCE_REF_REUSED_ACROSS_LOCATIONS|COMPLEX_TIME_OR_DURATION_PRICING|NO_DETERMINISTIC_LOCAL_IRVE_MATCH|UNPUBLISHED_SOURCE_EVSE","5b30eacd5d51cbe2","0","","28","0","8"
"1","FRETIP59368A","","862524","NUMERIC","2702651","2","IEC_62196_T2_COMBO:150kW","2026-09-28T10:01:09.533Z","false","SOURCE_DUPLICATE_DIFFERENT_PRICING|SOURCE_REF_REUSED_ACROSS_LOCATIONS|COMPLEX_TIME_OR_DURATION_PRICING|NO_DETERMINISTIC_LOCAL_IRVE_MATCH|UNPUBLISHED_SOURCE_EVSE","afe3acd1e16bea4e","0","","28","0","8"
"1","FRETIP59368A","","862524","NUMERIC","2702652","2","IEC_62196_T2:22kW","2026-09-28T10:01:09.533Z","false","SOURCE_DUPLICATE_DIFFERENT_PRICING|SOURCE_REF_REUSED_ACROSS_LOCATIONS|COMPLEX_TIME_OR_DURATION_PRICING|NO_DETERMINISTIC_LOCAL_IRVE_MATCH|UNPUBLISHED_SOURCE_EVSE","5b30eacd5d51cbe2","0","","28","0","8"
"1","FRETIP59368A","","862524","NUMERIC","2702654","7","IEC_62196_T2:22kW","2026-09-28T10:01:09.533Z","false","SOURCE_DUPLICATE_DIFFERENT_PRICING|SOURCE_REF_REUSED_ACROSS_LOCATIONS|COMPLEX_TIME_OR_DURATION_PRICING|NO_DETERMINISTIC_LOCAL_IRVE_MATCH|UNPUBLISHED_SOURCE_EVSE","5b30eacd5d51cbe2","0","","28","0","4"
"1","FRETIP59368A","","862524","NUMERIC","2702656","7","DOMESTIC_F:2kW","2026-09-28T10:01:09.533Z","false","SOURCE_DUPLICATE_DIFFERENT_PRICING|SOURCE_REF_REUSED_ACROSS_LOCATIONS|COMPLEX_TIME_OR_DURATION_PRICING|NO_DETERMINISTIC_LOCAL_IRVE_MATCH|UNPUBLISHED_SOURCE_EVSE","f54f5464fee727e0","0","","28","0","4"
"1","FRETIP59368A","","862524","NUMERIC","2702658","4","IEC_62196_T2_COMBO:100kW","2026-09-28T10:01:09.533Z","false","SOURCE_DUPLICATE_DIFFERENT_PRICING|SOURCE_REF_REUSED_ACROSS_LOCATIONS|COMPLEX_TIME_OR_DURATION_PRICING|NO_DETERMINISTIC_LOCAL_IRVE_MATCH|UNPUBLISHED_SOURCE_EVSE","458da11af9ebb705","0","","28","0","8"
"1","FRETIP59368A","","862524","NUMERIC","2702660","3","IEC_62196_T2_COMBO:100kW","2026-09-28T10:01:09.533Z","false","SOURCE_DUPLICATE_DIFFERENT_PRICING|SOURCE_REF_REUSED_ACROSS_LOCATIONS|COMPLEX_TIME_OR_DURATION_PRICING|NO_DETERMINISTIC_LOCAL_IRVE_MATCH|UNPUBLISHED_SOURCE_EVSE","458da11af9ebb705","0","","28","0","8"
"1","FRETIP59368A","","862524","NUMERIC","2702664","1","IEC_62196_T2_COMBO:150kW","2026-09-28T10:01:09.533Z","false","SOURCE_DUPLICATE_DIFFERENT_PRICING|SOURCE_REF_REUSED_ACROSS_LOCATIONS|COMPLEX_TIME_OR_DURATION_PRICING|NO_DETERMINISTIC_LOCAL_IRVE_MATCH|UNPUBLISHED_SOURCE_EVSE","afe3acd1e16bea4e","0","","28","0","8"
"1","FRETIP59368A","","862524","NUMERIC","2702666","3","IEC_62196_T2:22kW","2026-09-28T10:01:09.533Z","false","SOURCE_DUPLICATE_DIFFERENT_PRICING|SOURCE_REF_REUSED_ACROSS_LOCATIONS|COMPLEX_TIME_OR_DURATION_PRICING|NO_DETERMINISTIC_LOCAL_IRVE_MATCH|UNPUBLISHED_SOURCE_EVSE","5b30eacd5d51cbe2","0","","28","0","8"
"1","FRETIP59368A","","862524","NUMERIC","2702667","2","IEC_62196_T2_COMBO:150kW","2026-09-28T10:01:09.533Z","false","SOURCE_DUPLICATE_DIFFERENT_PRICING|SOURCE_REF_REUSED_ACROSS_LOCATIONS|COMPLEX_TIME_OR_DURATION_PRICING|NO_DETERMINISTIC_LOCAL_IRVE_MATCH|UNPUBLISHED_SOURCE_EVSE","afe3acd1e16bea4e","0","","28","0","8"
"1","FRETIP59368A","","862524","NUMERIC","2702668","1","IEC_62196_T2:22kW","2026-09-28T10:01:09.533Z","false","SOURCE_DUPLICATE_DIFFERENT_PRICING|SOURCE_REF_REUSED_ACROSS_LOCATIONS|COMPLEX_TIME_OR_DURATION_PRICING|NO_DETERMINISTIC_LOCAL_IRVE_MATCH|UNPUBLISHED_SOURCE_EVSE","5b30eacd5d51cbe2","0","","28","0","8"
"1","FRETIP59368A","","862524","NUMERIC","2702669","2","IEC_62196_T2:22kW","2026-09-28T10:01:09.533Z","false","SOURCE_DUPLICATE_DIFFERENT_PRICING|SOURCE_REF_REUSED_ACROSS_LOCATIONS|COMPLEX_TIME_OR_DURATION_PRICING|NO_DETERMINISTIC_LOCAL_IRVE_MATCH|UNPUBLISHED_SOURCE_EVSE","5b30eacd5d51cbe2","0","","28","0","8"
"1","FRETIP59368A","","862524","NUMERIC","2702670","3","CHADEMO:50kW","2026-09-28T10:01:09.533Z","false","SOURCE_DUPLICATE_DIFFERENT_PRICING|SOURCE_REF_REUSED_ACROSS_LOCATIONS|COMPLEX_TIME_OR_DURATION_PRICING|NO_DETERMINISTIC_LOCAL_IRVE_MATCH|UNPUBLISHED_SOURCE_EVSE","25f4cc0214617234","0","","28","0","8"
"1","FRETIP59368A","","862524","NUMERIC","2702672","1","IEC_62196_T2:22kW","2026-09-28T10:01:09.533Z","false","SOURCE_DUPLICATE_DIFFERENT_PRICING|SOURCE_REF_REUSED_ACROSS_LOCATIONS|COMPLEX_TIME_OR_DURATION_PRICING|NO_DETERMINISTIC_LOCAL_IRVE_MATCH|UNPUBLISHED_SOURCE_EVSE","5b30eacd5d51cbe2","0","","28","0","8"
"1","FRETIP59368A","","862524","NUMERIC","2702676","4","IEC_62196_T2:22kW","2026-09-28T10:01:09.533Z","false","SOURCE_DUPLICATE_DIFFERENT_PRICING|SOURCE_REF_REUSED_ACROSS_LOCATIONS|COMPLEX_TIME_OR_DURATION_PRICING|NO_DETERMINISTIC_LOCAL_IRVE_MATCH|UNPUBLISHED_SOURCE_EVSE","5b30eacd5d51cbe2","0","","28","0","8"
"1","FRETIP62350A","","1034723","NUMERIC","2650159","1","IEC_62196_T2_COMBO:100kW","2026-10-04T05:58:51.239Z","false","SOURCE_DUPLICATE_DIFFERENT_PRICING|SOURCE_REF_REUSED_ACROSS_LOCATIONS|COMPLEX_TIME_OR_DURATION_PRICING|NO_DETERMINISTIC_LOCAL_IRVE_MATCH|UNPUBLISHED_SOURCE_EVSE","1fd0c67b159b4e27","0","","3","0","2"
"1","FRETIP62350A","","1034723","NUMERIC","2650161","1","DOMESTIC_F:2kW;IEC_62196_T2:22kW","2026-10-04T05:58:51.239Z","false","SOURCE_DUPLICATE_DIFFERENT_PRICING|SOURCE_REF_REUSED_ACROSS_LOCATIONS|MULTIPLE_CONNECTOR_POWER_NEEDS_PER_CONNECTOR_MATCH|COMPLEX_TIME_OR_DURATION_PRICING|NO_DETERMINISTIC_LOCAL_IRVE_MATCH|UNPUBLISHED_SOURCE_EVSE","17677822a6e0cb11","0","","3","0","2"
"1","FRETIP63164A","","1034716","NUMERIC","2650220","1","IEC_62196_T2_COMBO:150kW","2026-10-04T05:58:51.238Z","false","SOURCE_DUPLICATE_DIFFERENT_PRICING|SOURCE_REF_REUSED_ACROSS_LOCATIONS|COMPLEX_TIME_OR_DURATION_PRICING|NO_DETERMINISTIC_LOCAL_IRVE_MATCH|UNPUBLISHED_SOURCE_EVSE","878e58d142ae32a6","0","","7","0","2"
"1","FRETIP63164A","","1034716","NUMERIC","2650225","2","IEC_62196_T2_COMBO:150kW","2026-10-04T05:58:51.238Z","false","SOURCE_DUPLICATE_DIFFERENT_PRICING|SOURCE_REF_REUSED_ACROSS_LOCATIONS|COMPLEX_TIME_OR_DURATION_PRICING|NO_DETERMINISTIC_LOCAL_IRVE_MATCH|UNPUBLISHED_SOURCE_EVSE","878e58d142ae32a6","0","","7","0","2"
"1","FRETIP63164A","","1034716","NUMERIC","2650236","2","DOMESTIC_F:2kW;IEC_62196_T2:22kW","2026-10-04T05:58:51.238Z","false","SOURCE_DUPLICATE_DIFFERENT_PRICING|SOURCE_REF_REUSED_ACROSS_LOCATIONS|MULTIPLE_CONNECTOR_POWER_NEEDS_PER_CONNECTOR_MATCH|NO_DETERMINISTIC_LOCAL_IRVE_MATCH|UNPUBLISHED_SOURCE_EVSE","f33b7146d10b0b4c","0","","7","0","2"
"1","FRETIP63164A","","1034716","NUMERIC","2650242","1","IEC_62196_T2:22kW","2026-10-04T05:58:51.238Z","false","SOURCE_DUPLICATE_DIFFERENT_PRICING|SOURCE_REF_REUSED_ACROSS_LOCATIONS|NO_DETERMINISTIC_LOCAL_IRVE_MATCH|UNPUBLISHED_SOURCE_EVSE","6058991c7f042140","0","","7","0","2"
"1","FRETIP64122AB","","1191263","NUMERIC","2651505","5","DOMESTIC_F:2kW;IEC_62196_T2:22kW","2026-09-26T22:23:18.695Z","false","SOURCE_DUPLICATE_DIFFERENT_PRICING|SOURCE_REF_REUSED_ACROSS_LOCATIONS|MULTIPLE_CONNECTOR_POWER_NEEDS_PER_CONNECTOR_MATCH|COMPLEX_TIME_OR_DURATION_PRICING|NO_DETERMINISTIC_LOCAL_IRVE_MATCH|UNPUBLISHED_SOURCE_EVSE","17677822a6e0cb11","0","","7","0","3"
"1","FRETIP64122AB","","1191263","NUMERIC","2651517","5","IEC_62196_T2:22kW","2026-09-26T22:23:18.695Z","false","SOURCE_DUPLICATE_DIFFERENT_PRICING|SOURCE_REF_REUSED_ACROSS_LOCATIONS|COMPLEX_TIME_OR_DURATION_PRICING|NO_DETERMINISTIC_LOCAL_IRVE_MATCH|UNPUBLISHED_SOURCE_EVSE","5b30eacd5d51cbe2","0","","7","0","3"
"1","FRETIP64122AB","","1191263","NUMERIC","2651522","3","IEC_62196_T2:22kW","2026-09-26T22:23:18.695Z","false","SOURCE_DUPLICATE_DIFFERENT_PRICING|SOURCE_REF_REUSED_ACROSS_LOCATIONS|COMPLEX_TIME_OR_DURATION_PRICING|NO_DETERMINISTIC_LOCAL_IRVE_MATCH|UNPUBLISHED_SOURCE_EVSE","5b30eacd5d51cbe2","0","","7","0","3"
"1","FRETIP64122AB","","1191263","NUMERIC","2651534","2","IEC_62196_T2_COMBO:150kW","2026-09-26T22:23:18.695Z","false","SOURCE_DUPLICATE_DIFFERENT_PRICING|SOURCE_REF_REUSED_ACROSS_LOCATIONS|COMPLEX_TIME_OR_DURATION_PRICING|NO_DETERMINISTIC_LOCAL_IRVE_MATCH|UNPUBLISHED_SOURCE_EVSE","afe3acd1e16bea4e","0","","7","0","3"
"1","FRETIP64122AB","","1191263","NUMERIC","2651554","3","IEC_62196_T2_COMBO:100kW","2026-09-26T22:23:18.695Z","false","SOURCE_DUPLICATE_DIFFERENT_PRICING|SOURCE_REF_REUSED_ACROSS_LOCATIONS|COMPLEX_TIME_OR_DURATION_PRICING|NO_DETERMINISTIC_LOCAL_IRVE_MATCH|UNPUBLISHED_SOURCE_EVSE","458da11af9ebb705","0","","7","0","3"
"1","FRETIP64122AB","","1191263","NUMERIC","2651563","2","IEC_62196_T2:22kW","2026-09-26T22:23:18.695Z","false","SOURCE_DUPLICATE_DIFFERENT_PRICING|SOURCE_REF_REUSED_ACROSS_LOCATIONS|COMPLEX_TIME_OR_DURATION_PRICING|NO_DETERMINISTIC_LOCAL_IRVE_MATCH|UNPUBLISHED_SOURCE_EVSE","5b30eacd5d51cbe2","0","","7","0","3"
"1","FRETIP64122AB","","1191263","NUMERIC","2651572","4","IEC_62196_T2:22kW","2026-09-26T22:23:18.695Z","false","SOURCE_DUPLICATE_DIFFERENT_PRICING|SOURCE_REF_REUSED_ACROSS_LOCATIONS|COMPLEX_TIME_OR_DURATION_PRICING|NO_DETERMINISTIC_LOCAL_IRVE_MATCH|UNPUBLISHED_SOURCE_EVSE","5b30eacd5d51cbe2","0","","7","0","3"
"1","FRETIP64122AB","","1191263","NUMERIC","2651578","4","IEC_62196_T2_COMBO:100kW","2026-09-26T22:23:18.695Z","false","SOURCE_DUPLICATE_DIFFERENT_PRICING|SOURCE_REF_REUSED_ACROSS_LOCATIONS|COMPLEX_TIME_OR_DURATION_PRICING|NO_DETERMINISTIC_LOCAL_IRVE_MATCH|UNPUBLISHED_SOURCE_EVSE","458da11af9ebb705","0","","7","0","3"
"1","FRETIP64122AB","","1191263","NUMERIC","2651589","1","IEC_62196_T2:22kW","2026-09-26T22:23:18.695Z","false","SOURCE_DUPLICATE_DIFFERENT_PRICING|SOURCE_REF_REUSED_ACROSS_LOCATIONS|COMPLEX_TIME_OR_DURATION_PRICING|NO_DETERMINISTIC_LOCAL_IRVE_MATCH|UNPUBLISHED_SOURCE_EVSE","5b30eacd5d51cbe2","0","","7","0","3"
"1","FRETIP64122AB","","1191263","NUMERIC","2651597","1","IEC_62196_T2_COMBO:150kW","2026-09-26T22:23:18.695Z","false","SOURCE_DUPLICATE_DIFFERENT_PRICING|SOURCE_REF_REUSED_ACROSS_LOCATIONS|COMPLEX_TIME_OR_DURATION_PRICING|NO_DETERMINISTIC_LOCAL_IRVE_MATCH|UNPUBLISHED_SOURCE_EVSE","afe3acd1e16bea4e","0","","7","0","3"
"1","FRETIP64122AB","","1191263","NUMERIC","4255478","2","IEC_62196_T2:22kW","2026-09-26T22:23:18.695Z","false","SOURCE_DUPLICATE_DIFFERENT_PRICING|SOURCE_REF_REUSED_ACROSS_LOCATIONS|COMPLEX_TIME_OR_DURATION_PRICING|NO_DETERMINISTIC_LOCAL_IRVE_MATCH|UNPUBLISHED_SOURCE_EVSE","5b30eacd5d51cbe2","0","","7","0","3"
"1","FRETIP64122AB","","1191263","NUMERIC","4255482","5","IEC_62196_T2:22kW","2026-09-26T22:23:18.695Z","false","SOURCE_DUPLICATE_DIFFERENT_PRICING|SOURCE_REF_REUSED_ACROSS_LOCATIONS|COMPLEX_TIME_OR_DURATION_PRICING|NO_DETERMINISTIC_LOCAL_IRVE_MATCH|UNPUBLISHED_SOURCE_EVSE","5b30eacd5d51cbe2","0","","7","0","3"
"1","FRETIP64122AB","","1191263","NUMERIC","4255488","4","IEC_62196_T2:22kW","2026-09-26T22:23:18.695Z","false","SOURCE_DUPLICATE_DIFFERENT_PRICING|SOURCE_REF_REUSED_ACROSS_LOCATIONS|COMPLEX_TIME_OR_DURATION_PRICING|NO_DETERMINISTIC_LOCAL_IRVE_MATCH|UNPUBLISHED_SOURCE_EVSE","5b30eacd5d51cbe2","0","","7","0","3"
"1","FRETIP64122AB","","1191263","NUMERIC","4255504","1","IEC_62196_T2:22kW","2026-09-26T22:23:18.695Z","false","SOURCE_DUPLICATE_DIFFERENT_PRICING|SOURCE_REF_REUSED_ACROSS_LOCATIONS|COMPLEX_TIME_OR_DURATION_PRICING|NO_DETERMINISTIC_LOCAL_IRVE_MATCH|UNPUBLISHED_SOURCE_EVSE","5b30eacd5d51cbe2","0","","7","0","3"
"1","FRETIP64122AB","","1191263","NUMERIC","4255510","3","IEC_62196_T2:22kW","2026-09-26T22:23:18.695Z","false","SOURCE_DUPLICATE_DIFFERENT_PRICING|SOURCE_REF_REUSED_ACROSS_LOCATIONS|COMPLEX_TIME_OR_DURATION_PRICING|NO_DETERMINISTIC_LOCAL_IRVE_MATCH|UNPUBLISHED_SOURCE_EVSE","5b30eacd5d51cbe2","0","","7","0","3"
"1","FRETIP64122J","","1191246","NUMERIC","2651743","2","IEC_62196_T2_COMBO:150kW","2026-09-26T22:22:47.208Z","false","SOURCE_DUPLICATE_DIFFERENT_PRICING|SOURCE_REF_REUSED_ACROSS_LOCATIONS|COMPLEX_TIME_OR_DURATION_PRICING|NO_DETERMINISTIC_LOCAL_IRVE_MATCH|UNPUBLISHED_SOURCE_EVSE","afe3acd1e16bea4e","0","","12","0","2"
"1","FRETIP64122J","","1191246","NUMERIC","2651754","5","IEC_62196_T2:22kW","2026-09-26T22:22:47.208Z","false","SOURCE_DUPLICATE_DIFFERENT_PRICING|SOURCE_REF_REUSED_ACROSS_LOCATIONS|COMPLEX_TIME_OR_DURATION_PRICING|NO_DETERMINISTIC_LOCAL_IRVE_MATCH|UNPUBLISHED_SOURCE_EVSE","5b30eacd5d51cbe2","0","","12","0","2"
"1","FRETIP64122J","","1191246","NUMERIC","2651764","2","IEC_62196_T2:22kW","2026-09-26T22:22:47.208Z","false","SOURCE_DUPLICATE_DIFFERENT_PRICING|SOURCE_REF_REUSED_ACROSS_LOCATIONS|COMPLEX_TIME_OR_DURATION_PRICING|NO_DETERMINISTIC_LOCAL_IRVE_MATCH|UNPUBLISHED_SOURCE_EVSE","5b30eacd5d51cbe2","0","","12","0","2"
"1","FRETIP64122J","","1191246","NUMERIC","2651777","5","DOMESTIC_F:2kW;IEC_62196_T2:22kW","2026-09-26T22:22:47.208Z","false","SOURCE_DUPLICATE_DIFFERENT_PRICING|SOURCE_REF_REUSED_ACROSS_LOCATIONS|MULTIPLE_CONNECTOR_POWER_NEEDS_PER_CONNECTOR_MATCH|COMPLEX_TIME_OR_DURATION_PRICING|NO_DETERMINISTIC_LOCAL_IRVE_MATCH|UNPUBLISHED_SOURCE_EVSE","17677822a6e0cb11","0","","12","0","2"
"1","FRETIP64122J","","1191246","NUMERIC","2651792","1","IEC_62196_T2:22kW","2026-09-26T22:22:47.208Z","false","SOURCE_DUPLICATE_DIFFERENT_PRICING|SOURCE_REF_REUSED_ACROSS_LOCATIONS|COMPLEX_TIME_OR_DURATION_PRICING|NO_DETERMINISTIC_LOCAL_IRVE_MATCH|UNPUBLISHED_SOURCE_EVSE","5b30eacd5d51cbe2","0","","12","0","2"
"1","FRETIP64122J","","1191246","NUMERIC","2651800","4","IEC_62196_T2_COMBO:100kW","2026-09-26T22:22:47.208Z","false","SOURCE_DUPLICATE_DIFFERENT_PRICING|SOURCE_REF_REUSED_ACROSS_LOCATIONS|COMPLEX_TIME_OR_DURATION_PRICING|NO_DETERMINISTIC_LOCAL_IRVE_MATCH|UNPUBLISHED_SOURCE_EVSE","458da11af9ebb705","0","","12","0","2"
"1","FRETIP64122J","","1191246","NUMERIC","2651809","1","IEC_62196_T2_COMBO:150kW","2026-09-26T22:22:47.208Z","false","SOURCE_DUPLICATE_DIFFERENT_PRICING|SOURCE_REF_REUSED_ACROSS_LOCATIONS|COMPLEX_TIME_OR_DURATION_PRICING|NO_DETERMINISTIC_LOCAL_IRVE_MATCH|UNPUBLISHED_SOURCE_EVSE","afe3acd1e16bea4e","0","","12","0","2"
"1","FRETIP64122J","","1191246","NUMERIC","2651815","4","IEC_62196_T2:22kW","2026-09-26T22:22:47.208Z","false","SOURCE_DUPLICATE_DIFFERENT_PRICING|SOURCE_REF_REUSED_ACROSS_LOCATIONS|COMPLEX_TIME_OR_DURATION_PRICING|NO_DETERMINISTIC_LOCAL_IRVE_MATCH|UNPUBLISHED_SOURCE_EVSE","5b30eacd5d51cbe2","0","","12","0","2"
"1","FRETIP64122J","","1191246","NUMERIC","2651821","3","IEC_62196_T2:22kW","2026-09-26T22:22:47.208Z","false","SOURCE_DUPLICATE_DIFFERENT_PRICING|SOURCE_REF_REUSED_ACROSS_LOCATIONS|COMPLEX_TIME_OR_DURATION_PRICING|NO_DETERMINISTIC_LOCAL_IRVE_MATCH|UNPUBLISHED_SOURCE_EVSE","5b30eacd5d51cbe2","0","","12","0","2"
"1","FRETIP64122J","","1191246","NUMERIC","2651829","3","CHADEMO:50kW","2026-09-26T22:22:47.208Z","false","SOURCE_DUPLICATE_DIFFERENT_PRICING|SOURCE_REF_REUSED_ACROSS_LOCATIONS|COMPLEX_TIME_OR_DURATION_PRICING|NO_DETERMINISTIC_LOCAL_IRVE_MATCH|UNPUBLISHED_SOURCE_EVSE","25f4cc0214617234","0","","12","0","2"
"1","FRETIP69123A","","1328973","NUMERIC","2652083","2","DOMESTIC_F:2kW;IEC_62196_T2:22kW","2026-10-04T07:31:55.246Z","true","SOURCE_DUPLICATE_DIFFERENT_PRICING|SOURCE_REF_REUSED_ACROSS_LOCATIONS|MULTIPLE_CONNECTOR_POWER_NEEDS_PER_CONNECTOR_MATCH","a064981e418b40a3","0","","10","0","2"
"1","FRETIP69123A","","1328973","NUMERIC","2652093","1","DOMESTIC_F:2kW;IEC_62196_T2:22kW","2026-10-04T07:31:55.246Z","true","SOURCE_DUPLICATE_DIFFERENT_PRICING|SOURCE_REF_REUSED_ACROSS_LOCATIONS|MULTIPLE_CONNECTOR_POWER_NEEDS_PER_CONNECTOR_MATCH","a064981e418b40a3","0","","10","0","2"
"1","FRETIP69123A","","1328973","NUMERIC","2652106","4","IEC_62196_T2_COMBO:100kW","2026-10-04T07:31:55.246Z","true","SOURCE_DUPLICATE_DIFFERENT_PRICING|SOURCE_REF_REUSED_ACROSS_LOCATIONS|COMPLEX_TIME_OR_DURATION_PRICING","1fd0c67b159b4e27","0","","10","0","2"
"1","FRETIP69123A","","1328973","NUMERIC","2652113","2","IEC_62196_T2_COMBO:150kW","2026-10-04T07:31:55.246Z","true","SOURCE_DUPLICATE_DIFFERENT_PRICING|SOURCE_REF_REUSED_ACROSS_LOCATIONS|COMPLEX_TIME_OR_DURATION_PRICING","878e58d142ae32a6","0","","10","0","2"
"1","FRETIP69123A","","1328973","NUMERIC","2652118","4","DOMESTIC_F:2kW;IEC_62196_T2:22kW","2026-10-04T07:31:55.246Z","true","SOURCE_DUPLICATE_DIFFERENT_PRICING|SOURCE_REF_REUSED_ACROSS_LOCATIONS|MULTIPLE_CONNECTOR_POWER_NEEDS_PER_CONNECTOR_MATCH","a064981e418b40a3","0","","10","0","2"
"1","FRETIP69123A","","1328973","NUMERIC","2652129","1","IEC_62196_T2_COMBO:150kW","2026-10-04T07:31:55.246Z","true","SOURCE_DUPLICATE_DIFFERENT_PRICING|SOURCE_REF_REUSED_ACROSS_LOCATIONS|COMPLEX_TIME_OR_DURATION_PRICING","878e58d142ae32a6","0","","10","0","2"
"1","FRETIP69123A","","1328973","NUMERIC","2652136","3","IEC_62196_T2_COMBO:100kW","2026-10-04T07:31:55.246Z","true","SOURCE_DUPLICATE_DIFFERENT_PRICING|SOURCE_REF_REUSED_ACROSS_LOCATIONS|COMPLEX_TIME_OR_DURATION_PRICING","1fd0c67b159b4e27","0","","10","0","2"
"1","FRETIP69123A","","1328973","NUMERIC","2652163","3","DOMESTIC_F:2kW;IEC_62196_T2:22kW","2026-10-04T07:31:55.246Z","true","SOURCE_DUPLICATE_DIFFERENT_PRICING|SOURCE_REF_REUSED_ACROSS_LOCATIONS|MULTIPLE_CONNECTOR_POWER_NEEDS_PER_CONNECTOR_MATCH","a064981e418b40a3","0","","10","0","2"
"1","FRETIP71230A","","1034715","NUMERIC","1431224","1","IEC_62196_T2_COMBO:150kW","2026-10-04T05:58:51.238Z","false","SOURCE_DUPLICATE_DIFFERENT_PRICING|SOURCE_REF_REUSED_ACROSS_LOCATIONS|COMPLEX_TIME_OR_DURATION_PRICING|NO_DETERMINISTIC_LOCAL_IRVE_MATCH|UNPUBLISHED_SOURCE_EVSE","afe3acd1e16bea4e","0","","5","0","2"
"1","FRETIP71230A","","1034715","NUMERIC","1431225","2","IEC_62196_T2_COMBO:150kW","2026-10-04T05:58:51.238Z","false","SOURCE_DUPLICATE_DIFFERENT_PRICING|SOURCE_REF_REUSED_ACROSS_LOCATIONS|COMPLEX_TIME_OR_DURATION_PRICING|NO_DETERMINISTIC_LOCAL_IRVE_MATCH|UNPUBLISHED_SOURCE_EVSE","afe3acd1e16bea4e","0","","5","0","2"
"1","FRETIP71230A","","1034715","NUMERIC","1431226","3","IEC_62196_T2_COMBO:100kW","2026-10-04T05:58:51.238Z","false","SOURCE_DUPLICATE_DIFFERENT_PRICING|SOURCE_REF_REUSED_ACROSS_LOCATIONS|COMPLEX_TIME_OR_DURATION_PRICING|NO_DETERMINISTIC_LOCAL_IRVE_MATCH|UNPUBLISHED_SOURCE_EVSE","458da11af9ebb705","0","","5","0","2"
"1","FRETIP71230A","","1034715","NUMERIC","1431227","4","IEC_62196_T2_COMBO:100kW","2026-10-04T05:58:51.238Z","false","SOURCE_DUPLICATE_DIFFERENT_PRICING|SOURCE_REF_REUSED_ACROSS_LOCATIONS|COMPLEX_TIME_OR_DURATION_PRICING|NO_DETERMINISTIC_LOCAL_IRVE_MATCH|UNPUBLISHED_SOURCE_EVSE","458da11af9ebb705","0","","5","0","2"
"1","FRETIP71230A","","1034715","NUMERIC","2651924","1","IEC_62196_T2_COMBO:150kW","2026-10-04T05:58:51.238Z","false","SOURCE_DUPLICATE_DIFFERENT_PRICING|SOURCE_REF_REUSED_ACROSS_LOCATIONS|COMPLEX_TIME_OR_DURATION_PRICING|NO_DETERMINISTIC_LOCAL_IRVE_MATCH|UNPUBLISHED_SOURCE_EVSE","878e58d142ae32a6","0","","5","0","2"
"1","FRETIP71230A","","1034715","NUMERIC","2651929","4","IEC_62196_T2_COMBO:100kW","2026-10-04T05:58:51.238Z","false","SOURCE_DUPLICATE_DIFFERENT_PRICING|SOURCE_REF_REUSED_ACROSS_LOCATIONS|COMPLEX_TIME_OR_DURATION_PRICING|NO_DETERMINISTIC_LOCAL_IRVE_MATCH|UNPUBLISHED_SOURCE_EVSE","1fd0c67b159b4e27","0","","5","0","2"
"1","FRETIP71230A","","1034715","NUMERIC","2651938","3","IEC_62196_T2_COMBO:100kW","2026-10-04T05:58:51.238Z","false","SOURCE_DUPLICATE_DIFFERENT_PRICING|SOURCE_REF_REUSED_ACROSS_LOCATIONS|COMPLEX_TIME_OR_DURATION_PRICING|NO_DETERMINISTIC_LOCAL_IRVE_MATCH|UNPUBLISHED_SOURCE_EVSE","1fd0c67b159b4e27","0","","5","0","2"
"1","FRETIP71230A","","1034715","NUMERIC","2651948","2","IEC_62196_T2_COMBO:150kW","2026-10-04T05:58:51.238Z","false","SOURCE_DUPLICATE_DIFFERENT_PRICING|SOURCE_REF_REUSED_ACROSS_LOCATIONS|COMPLEX_TIME_OR_DURATION_PRICING|NO_DETERMINISTIC_LOCAL_IRVE_MATCH|UNPUBLISHED_SOURCE_EVSE","878e58d142ae32a6","0","","5","0","2"
"1","FRETIP77131A","","1034718","NUMERIC","1431240","1","IEC_62196_T2_COMBO:150kW","2026-10-04T05:58:51.239Z","false","SOURCE_DUPLICATE_DIFFERENT_PRICING|SOURCE_REF_REUSED_ACROSS_LOCATIONS|COMPLEX_TIME_OR_DURATION_PRICING|NO_DETERMINISTIC_LOCAL_IRVE_MATCH|UNPUBLISHED_SOURCE_EVSE","afe3acd1e16bea4e","0","","5","0","2"
"1","FRETIP77131A","","1034718","NUMERIC","1431241","2","IEC_62196_T2_COMBO:150kW","2026-10-04T05:58:51.239Z","false","SOURCE_DUPLICATE_DIFFERENT_PRICING|SOURCE_REF_REUSED_ACROSS_LOCATIONS|COMPLEX_TIME_OR_DURATION_PRICING|NO_DETERMINISTIC_LOCAL_IRVE_MATCH|UNPUBLISHED_SOURCE_EVSE","afe3acd1e16bea4e","0","","5","0","2"
"1","FRETIP77131A","","1034718","NUMERIC","1431242","3","IEC_62196_T2_COMBO:100kW","2026-10-04T05:58:51.239Z","false","SOURCE_DUPLICATE_DIFFERENT_PRICING|SOURCE_REF_REUSED_ACROSS_LOCATIONS|COMPLEX_TIME_OR_DURATION_PRICING|NO_DETERMINISTIC_LOCAL_IRVE_MATCH|UNPUBLISHED_SOURCE_EVSE","458da11af9ebb705","0","","5","0","2"
"1","FRETIP77131A","","1034718","NUMERIC","1431246","4","IEC_62196_T2_COMBO:100kW","2026-10-04T05:58:51.239Z","false","SOURCE_DUPLICATE_DIFFERENT_PRICING|SOURCE_REF_REUSED_ACROSS_LOCATIONS|COMPLEX_TIME_OR_DURATION_PRICING|NO_DETERMINISTIC_LOCAL_IRVE_MATCH|UNPUBLISHED_SOURCE_EVSE","458da11af9ebb705","0","","5","0","2"
"1","FRETIP77131A","","1034718","NUMERIC","2652238","1","IEC_62196_T2_COMBO:150kW","2026-10-04T05:58:51.239Z","false","SOURCE_DUPLICATE_DIFFERENT_PRICING|SOURCE_REF_REUSED_ACROSS_LOCATIONS|COMPLEX_TIME_OR_DURATION_PRICING|NO_DETERMINISTIC_LOCAL_IRVE_MATCH|UNPUBLISHED_SOURCE_EVSE","878e58d142ae32a6","0","","5","0","2"
"1","FRETIP77131A","","1034718","NUMERIC","2652240","3","IEC_62196_T2_COMBO:100kW","2026-10-04T05:58:51.239Z","false","SOURCE_DUPLICATE_DIFFERENT_PRICING|SOURCE_REF_REUSED_ACROSS_LOCATIONS|COMPLEX_TIME_OR_DURATION_PRICING|NO_DETERMINISTIC_LOCAL_IRVE_MATCH|UNPUBLISHED_SOURCE_EVSE","1fd0c67b159b4e27","0","","5","0","2"
"1","FRETIP77131A","","1034718","NUMERIC","2652242","4","IEC_62196_T2_COMBO:100kW","2026-10-04T05:58:51.239Z","false","SOURCE_DUPLICATE_DIFFERENT_PRICING|SOURCE_REF_REUSED_ACROSS_LOCATIONS|COMPLEX_TIME_OR_DURATION_PRICING|NO_DETERMINISTIC_LOCAL_IRVE_MATCH|UNPUBLISHED_SOURCE_EVSE","1fd0c67b159b4e27","0","","5","0","2"
"1","FRETIP77131A","","1034718","NUMERIC","2652246","2","IEC_62196_T2_COMBO:150kW","2026-10-04T05:58:51.239Z","false","SOURCE_DUPLICATE_DIFFERENT_PRICING|SOURCE_REF_REUSED_ACROSS_LOCATIONS|COMPLEX_TIME_OR_DURATION_PRICING|NO_DETERMINISTIC_LOCAL_IRVE_MATCH|UNPUBLISHED_SOURCE_EVSE","878e58d142ae32a6","0","","5","0","2"
"1","FRETIP83115K","","3642238","NUMERIC","2945443","2","IEC_62196_T2_COMBO:25kW","2026-10-04T08:50:14.294Z","false","SOURCE_DUPLICATE_DIFFERENT_PRICING|SOURCE_REF_REUSED_ACROSS_LOCATIONS|COMPLEX_TIME_OR_DURATION_PRICING|NO_DETERMINISTIC_LOCAL_IRVE_MATCH|UNPUBLISHED_SOURCE_EVSE","30ba3de94f212668","0","","5","0","2"
"1","FRETIP83115K","","3642238","NUMERIC","2945444","1","IEC_62196_T2:22kW","2026-10-04T08:50:14.294Z","false","SOURCE_DUPLICATE_DIFFERENT_PRICING|SOURCE_REF_REUSED_ACROSS_LOCATIONS|COMPLEX_TIME_OR_DURATION_PRICING|NO_DETERMINISTIC_LOCAL_IRVE_MATCH|UNPUBLISHED_SOURCE_EVSE","5b30eacd5d51cbe2","0","","5","0","2"
"1","FRETIP83115K","","3642238","NUMERIC","4364521","1","IEC_62196_T2_COMBO:180kW","2026-10-04T08:50:14.294Z","false","SOURCE_DUPLICATE_DIFFERENT_PRICING|SOURCE_REF_REUSED_ACROSS_LOCATIONS|COMPLEX_TIME_OR_DURATION_PRICING|NO_DETERMINISTIC_LOCAL_IRVE_MATCH|UNPUBLISHED_SOURCE_EVSE","d767e8ac757fdb88","0","","5","0","2"
"1","FRETIP83115K","","3642238","NUMERIC","4364525","2","IEC_62196_T2_COMBO:180kW","2026-10-04T08:50:14.294Z","false","SOURCE_DUPLICATE_DIFFERENT_PRICING|SOURCE_REF_REUSED_ACROSS_LOCATIONS|COMPLEX_TIME_OR_DURATION_PRICING|NO_DETERMINISTIC_LOCAL_IRVE_MATCH|UNPUBLISHED_SOURCE_EVSE","d767e8ac757fdb88","0","","5","0","2"
"1","FRETIP84087B","","1328982","NUMERIC","2650058","6","IEC_62196_T2:22kW","2026-10-04T06:20:41.110Z","false","SOURCE_DUPLICATE_DIFFERENT_PRICING|SOURCE_REF_REUSED_ACROSS_LOCATIONS|NO_DETERMINISTIC_LOCAL_IRVE_MATCH|UNPUBLISHED_SOURCE_EVSE","6058991c7f042140","0","","6","0","2"
"1","FRETIP84087B","","1328982","NUMERIC","2650059","4","IEC_62196_T2_COMBO:100kW","2026-10-04T06:20:41.110Z","false","SOURCE_DUPLICATE_DIFFERENT_PRICING|SOURCE_REF_REUSED_ACROSS_LOCATIONS|COMPLEX_TIME_OR_DURATION_PRICING|NO_DETERMINISTIC_LOCAL_IRVE_MATCH|UNPUBLISHED_SOURCE_EVSE","1fd0c67b159b4e27","0","","6","0","2"
"1","FRETIP84087B","","1328982","NUMERIC","2650060","1","IEC_62196_T2_COMBO:150kW","2026-10-04T06:20:41.110Z","false","SOURCE_DUPLICATE_DIFFERENT_PRICING|SOURCE_REF_REUSED_ACROSS_LOCATIONS|COMPLEX_TIME_OR_DURATION_PRICING|NO_DETERMINISTIC_LOCAL_IRVE_MATCH|UNPUBLISHED_SOURCE_EVSE","878e58d142ae32a6","0","","6","0","2"
"1","FRETIP84087B","","1328982","NUMERIC","2650062","5","IEC_62196_T2:22kW","2026-10-04T06:20:41.110Z","false","SOURCE_DUPLICATE_DIFFERENT_PRICING|SOURCE_REF_REUSED_ACROSS_LOCATIONS|NO_DETERMINISTIC_LOCAL_IRVE_MATCH|UNPUBLISHED_SOURCE_EVSE","6058991c7f042140","0","","6","0","2"
"1","FRETIP84087B","","1328982","NUMERIC","2650065","3","IEC_62196_T2_COMBO:100kW","2026-10-04T06:20:41.110Z","false","SOURCE_DUPLICATE_DIFFERENT_PRICING|SOURCE_REF_REUSED_ACROSS_LOCATIONS|COMPLEX_TIME_OR_DURATION_PRICING|NO_DETERMINISTIC_LOCAL_IRVE_MATCH|UNPUBLISHED_SOURCE_EVSE","1fd0c67b159b4e27","0","","6","0","2"
"1","FRETIP84087B","","1328982","NUMERIC","2650071","2","IEC_62196_T2_COMBO:150kW","2026-10-04T06:20:41.110Z","false","SOURCE_DUPLICATE_DIFFERENT_PRICING|SOURCE_REF_REUSED_ACROSS_LOCATIONS|COMPLEX_TIME_OR_DURATION_PRICING|NO_DETERMINISTIC_LOCAL_IRVE_MATCH|UNPUBLISHED_SOURCE_EVSE","878e58d142ae32a6","0","","6","0","2"
"1","FRETIP84087B","","1328982","NUMERIC","2651337","3","IEC_62196_T2:22kW","2026-10-04T06:20:41.110Z","false","SOURCE_DUPLICATE_DIFFERENT_PRICING|SOURCE_REF_REUSED_ACROSS_LOCATIONS|NO_DETERMINISTIC_LOCAL_IRVE_MATCH|UNPUBLISHED_SOURCE_EVSE","b3d2f740dba844b9","0","","6","0","2"
"1","FRETIP84087B","","1328982","NUMERIC","2651346","6","IEC_62196_T2:22kW","2026-10-04T06:20:41.110Z","false","SOURCE_DUPLICATE_DIFFERENT_PRICING|SOURCE_REF_REUSED_ACROSS_LOCATIONS|NO_DETERMINISTIC_LOCAL_IRVE_MATCH|UNPUBLISHED_SOURCE_EVSE","b3d2f740dba844b9","0","","6","0","2"
"1","FRETIP84087B","","1328982","NUMERIC","2651355","2","DOMESTIC_F:2kW;IEC_62196_T2:22kW","2026-10-04T06:20:41.110Z","false","SOURCE_DUPLICATE_DIFFERENT_PRICING|SOURCE_REF_REUSED_ACROSS_LOCATIONS|MULTIPLE_CONNECTOR_POWER_NEEDS_PER_CONNECTOR_MATCH|NO_DETERMINISTIC_LOCAL_IRVE_MATCH|UNPUBLISHED_SOURCE_EVSE","a064981e418b40a3","0","","6","0","2"
"1","FRETIP84087B","","1328982","NUMERIC","2651371","5","IEC_62196_T2:22kW","2026-10-04T06:20:41.110Z","false","SOURCE_DUPLICATE_DIFFERENT_PRICING|SOURCE_REF_REUSED_ACROSS_LOCATIONS|NO_DETERMINISTIC_LOCAL_IRVE_MATCH|UNPUBLISHED_SOURCE_EVSE","b3d2f740dba844b9","0","","6","0","2"
"1","FRETIP84087B","","1328982","NUMERIC","2651380","4","IEC_62196_T2:22kW","2026-10-04T06:20:41.110Z","false","SOURCE_DUPLICATE_DIFFERENT_PRICING|SOURCE_REF_REUSED_ACROSS_LOCATIONS|NO_DETERMINISTIC_LOCAL_IRVE_MATCH|UNPUBLISHED_SOURCE_EVSE","b3d2f740dba844b9","0","","6","0","2"
"1","FRETIP84087B","","1328982","NUMERIC","2651392","1","IEC_62196_T2:22kW","2026-10-04T06:20:41.110Z","false","SOURCE_DUPLICATE_DIFFERENT_PRICING|SOURCE_REF_REUSED_ACROSS_LOCATIONS|NO_DETERMINISTIC_LOCAL_IRVE_MATCH|UNPUBLISHED_SOURCE_EVSE","b3d2f740dba844b9","0","","6","0","2"
"1","FREVAP31161A","","1082213","EVA","1494554","FR*EVA*E31161*A*B1*CCS","IEC_62196_T2_COMBO:150kW","2026-09-26T22:07:00.411Z","true","SOURCE_DUPLICATE_DIFFERENT_PRICING|COMPLEX_TIME_OR_DURATION_PRICING","4eaac7f9e871138d","1","FREVAP31161A","29","0","2"
"1","FREVAP31161A","","1082213","EVA","1494557","FR*EVA*E31161*A*B2*CCS1","IEC_62196_T2_COMBO:150kW","2026-09-26T22:07:00.411Z","true","SOURCE_DUPLICATE_DIFFERENT_PRICING|COMPLEX_TIME_OR_DURATION_PRICING","4eaac7f9e871138d","1","FREVAP31161A","29","0","2"
"1","FREVAP31161A","","1082213","EVA","1494558","FR*EVA*E31161*A*B2*CCS2","IEC_62196_T2_COMBO:150kW","2026-09-26T22:07:00.411Z","true","SOURCE_DUPLICATE_DIFFERENT_PRICING|COMPLEX_TIME_OR_DURATION_PRICING","4eaac7f9e871138d","1","FREVAP31161A","29","0","2"
"1","FREVAP31161A","","1082213","EVA","1494561","FR*EVA*E31161*A*B3*CCS1","IEC_62196_T2_COMBO:150kW","2026-09-26T22:07:00.411Z","true","SOURCE_DUPLICATE_DIFFERENT_PRICING|COMPLEX_TIME_OR_DURATION_PRICING","4eaac7f9e871138d","1","FREVAP31161A","29","0","2"
"1","FREVAP31161A","","1082213","EVA","1494562","FR*EVA*E31161*A*B3*CCS2","IEC_62196_T2_COMBO:150kW","2026-09-26T22:07:00.411Z","true","SOURCE_DUPLICATE_DIFFERENT_PRICING|COMPLEX_TIME_OR_DURATION_PRICING","4eaac7f9e871138d","1","FREVAP31161A","29","0","2"
"1","FREVAP31161A","","1082213","EVA","1494565","FR*EVA*E31161*A*B4*CCS1","IEC_62196_T2_COMBO:150kW","2026-09-26T22:07:00.411Z","true","SOURCE_DUPLICATE_DIFFERENT_PRICING|COMPLEX_TIME_OR_DURATION_PRICING","4eaac7f9e871138d","1","FREVAP31161A","29","0","2"
"1","FREVAP31161A","","1082213","EVA","1494566","FR*EVA*E31161*A*B4*CCS2","IEC_62196_T2_COMBO:150kW","2026-09-26T22:07:00.411Z","true","SOURCE_DUPLICATE_DIFFERENT_PRICING|COMPLEX_TIME_OR_DURATION_PRICING","4eaac7f9e871138d","1","FREVAP31161A","29","0","2"
"1","FREVAP31161A","","1082213","EVA","1494569","FR*EVA*E31161*A*B5*CCS1","IEC_62196_T2_COMBO:150kW","2026-09-26T22:07:00.411Z","true","SOURCE_DUPLICATE_DIFFERENT_PRICING|COMPLEX_TIME_OR_DURATION_PRICING","4eaac7f9e871138d","1","FREVAP31161A","29","0","2"
"1","FREVAP31161A","","1082213","EVA","1494573","FR*EVA*E31161*A*B5*CCS2","IEC_62196_T2_COMBO:150kW","2026-09-26T22:07:00.411Z","true","SOURCE_DUPLICATE_DIFFERENT_PRICING|COMPLEX_TIME_OR_DURATION_PRICING","4eaac7f9e871138d","1","FREVAP31161A","29","0","2"
"1","FREVAP31161A","","1082213","EVA","1546486","FR*EVA*E31161*A*B6*CCS1","IEC_62196_T2_COMBO:150kW","2026-09-26T22:07:00.411Z","true","SOURCE_DUPLICATE_DIFFERENT_PRICING|COMPLEX_TIME_OR_DURATION_PRICING","4eaac7f9e871138d","1","FREVAP31161A","29","0","2"
"1","FREVAP31161A","","1082213","EVA","1546487","FR*EVA*E31161*A*B6*CCS2","IEC_62196_T2_COMBO:300kW","2026-09-26T22:07:00.411Z","true","SOURCE_DUPLICATE_DIFFERENT_PRICING|COMPLEX_TIME_OR_DURATION_PRICING","fb6f38fc342836e9","1","FREVAP31161A","29","0","2"
"1","FREVAP31161A","","1082213","EVA","3568905","FR*EVA*E31161*A*B1*CCS","IEC_62196_T2_COMBO:238kW","2026-09-26T22:07:00.411Z","true","SOURCE_DUPLICATE_DIFFERENT_PRICING|COMPLEX_TIME_OR_DURATION_PRICING","14dd85b75b474e14","1","FREVAP31161A","29","0","2"
"1","FREVAP31161A","","1082213","EVA","3568938","FR*EVA*E31161*A*B2*CCS1","IEC_62196_T2_COMBO:475kW","2026-09-26T22:07:00.411Z","true","SOURCE_DUPLICATE_DIFFERENT_PRICING|COMPLEX_TIME_OR_DURATION_PRICING","29d60746daf32d7e","1","FREVAP31161A","29","0","2"
"1","FREVAP31161A","","1082213","EVA","3568945","FR*EVA*E31161*A*B2*CCS2","IEC_62196_T2_COMBO:475kW","2026-09-26T22:07:00.411Z","true","SOURCE_DUPLICATE_DIFFERENT_PRICING|COMPLEX_TIME_OR_DURATION_PRICING","29d60746daf32d7e","1","FREVAP31161A","29","0","2"
"1","FREVAP31161A","","1082213","EVA","3568972","FR*EVA*E31161*A*B3*CCS1","IEC_62196_T2_COMBO:475kW","2026-09-26T22:07:00.411Z","true","SOURCE_DUPLICATE_DIFFERENT_PRICING|COMPLEX_TIME_OR_DURATION_PRICING","29d60746daf32d7e","1","FREVAP31161A","29","0","2"
"1","FREVAP31161A","","1082213","EVA","3568979","FR*EVA*E31161*A*B3*CCS2","IEC_62196_T2_COMBO:475kW","2026-09-26T22:07:00.411Z","true","SOURCE_DUPLICATE_DIFFERENT_PRICING|COMPLEX_TIME_OR_DURATION_PRICING","29d60746daf32d7e","1","FREVAP31161A","29","0","2"
"1","FREVAP31161A","","1082213","EVA","3569001","FR*EVA*E31161*A*B4*CCS1","IEC_62196_T2_COMBO:475kW","2026-09-26T22:07:00.411Z","true","SOURCE_DUPLICATE_DIFFERENT_PRICING|COMPLEX_TIME_OR_DURATION_PRICING","29d60746daf32d7e","1","FREVAP31161A","29","0","2"
"1","FREVAP31161A","","1082213","EVA","3569008","FR*EVA*E31161*A*B4*CCS2","IEC_62196_T2_COMBO:475kW","2026-09-26T22:07:00.411Z","true","SOURCE_DUPLICATE_DIFFERENT_PRICING|COMPLEX_TIME_OR_DURATION_PRICING","29d60746daf32d7e","1","FREVAP31161A","29","0","2"
"1","FREVAP31161A","","1082213","EVA","3569030","FR*EVA*E31161*A*B5*CCS1","IEC_62196_T2_COMBO:475kW","2026-09-26T22:07:00.411Z","true","SOURCE_DUPLICATE_DIFFERENT_PRICING|COMPLEX_TIME_OR_DURATION_PRICING","29d60746daf32d7e","1","FREVAP31161A","29","0","2"
"1","FREVAP31161A","","1082213","EVA","3569036","FR*EVA*E31161*A*B5*CCS2","IEC_62196_T2_COMBO:475kW","2026-09-26T22:07:00.411Z","true","SOURCE_DUPLICATE_DIFFERENT_PRICING|COMPLEX_TIME_OR_DURATION_PRICING","29d60746daf32d7e","1","FREVAP31161A","29","0","2"
"1","FREVAP31161A","","1082213","EVA","3569055","FR*EVA*E31161*A*B6*CCS1","IEC_62196_T2_COMBO:475kW","2026-09-26T22:07:00.411Z","true","SOURCE_DUPLICATE_DIFFERENT_PRICING|COMPLEX_TIME_OR_DURATION_PRICING","29d60746daf32d7e","1","FREVAP31161A","29","0","2"
"1","FREVAP31161A","","1082213","EVA","3569061","FR*EVA*E31161*A*B6*CCS2","IEC_62196_T2_COMBO:475kW","2026-09-26T22:07:00.411Z","true","SOURCE_DUPLICATE_DIFFERENT_PRICING|COMPLEX_TIME_OR_DURATION_PRICING","29d60746daf32d7e","1","FREVAP31161A","29","0","2"
"1","FREVAP34095A","","843962","EVA","1198674","FR*EVA*E34095*A*B3*CCS1","IEC_62196_T2_COMBO:150kW","2026-09-28T09:56:16.445Z","true","SOURCE_DUPLICATE_DIFFERENT_PRICING|COMPLEX_TIME_OR_DURATION_PRICING","4eaac7f9e871138d","1","FREVAP34095A","34","0","2"
"1","FREVAP34095A","","843962","EVA","1198675","FR*EVA*E34095*A*B3*CCS2","IEC_62196_T2_COMBO:150kW","2026-09-28T09:56:16.445Z","true","SOURCE_DUPLICATE_DIFFERENT_PRICING|COMPLEX_TIME_OR_DURATION_PRICING","4eaac7f9e871138d","1","FREVAP34095A","34","0","2"
"1","FREVAP34095A","","843962","EVA","1198678","FR*EVA*E34095*A*B4*CCS1","IEC_62196_T2_COMBO:150kW","2026-09-28T09:56:16.445Z","true","SOURCE_DUPLICATE_DIFFERENT_PRICING|COMPLEX_TIME_OR_DURATION_PRICING","4eaac7f9e871138d","1","FREVAP34095A","34","0","2"
"1","FREVAP34095A","","843962","EVA","1198679","FR*EVA*E34095*A*B4*CCS2","IEC_62196_T2_COMBO:150kW","2026-09-28T09:56:16.445Z","true","SOURCE_DUPLICATE_DIFFERENT_PRICING|COMPLEX_TIME_OR_DURATION_PRICING","4eaac7f9e871138d","1","FREVAP34095A","34","0","2"
"1","FREVAP34095A","","843962","EVA","1198682","FR*EVA*E34095*A*B5*CCS1","IEC_62196_T2_COMBO:150kW","2026-09-28T09:56:16.445Z","true","SOURCE_DUPLICATE_DIFFERENT_PRICING|COMPLEX_TIME_OR_DURATION_PRICING","4eaac7f9e871138d","1","FREVAP34095A","34","0","2"
"1","FREVAP34095A","","843962","EVA","1198683","FR*EVA*E34095*A*B5*CCS2","IEC_62196_T2_COMBO:150kW","2026-09-28T09:56:16.445Z","true","SOURCE_DUPLICATE_DIFFERENT_PRICING|COMPLEX_TIME_OR_DURATION_PRICING","4eaac7f9e871138d","1","FREVAP34095A","34","0","2"
"1","FREVAP34095A","","843962","EVA","1198686","FR*EVA*E34095*A*B6*CCS1","IEC_62196_T2_COMBO:150kW","2026-09-28T09:56:16.445Z","true","SOURCE_DUPLICATE_DIFFERENT_PRICING|COMPLEX_TIME_OR_DURATION_PRICING","4eaac7f9e871138d","1","FREVAP34095A","34","0","2"
"1","FREVAP34095A","","843962","EVA","1198687","FR*EVA*E34095*A*B6*CCS2","IEC_62196_T2_COMBO:150kW","2026-09-28T09:56:16.445Z","true","SOURCE_DUPLICATE_DIFFERENT_PRICING|COMPLEX_TIME_OR_DURATION_PRICING","4eaac7f9e871138d","1","FREVAP34095A","34","0","2"
"1","FREVAP34095A","","843962","EVA","1198697","FR*EVA*E34095*A*B8*T2","IEC_62196_T2:43kW","2026-09-28T09:56:16.445Z","true","SOURCE_DUPLICATE_DIFFERENT_PRICING|COMPLEX_TIME_OR_DURATION_PRICING","c6e338be0b31da76","1","FREVAP34095A","34","0","2"
"1","FREVAP34095A","","843962","EVA","1198698","FR*EVA*E34095*A*B9*CCS1","IEC_62196_T2_COMBO:150kW","2026-09-28T09:56:16.445Z","true","SOURCE_DUPLICATE_DIFFERENT_PRICING|COMPLEX_TIME_OR_DURATION_PRICING","4eaac7f9e871138d","1","FREVAP34095A","34","0","2"
"1","FREVAP34095A","","843962","EVA","1198699","FR*EVA*E34095*A*B9*CCS2","IEC_62196_T2_COMBO:150kW","2026-09-28T09:56:16.445Z","true","SOURCE_DUPLICATE_DIFFERENT_PRICING|COMPLEX_TIME_OR_DURATION_PRICING","4eaac7f9e871138d","1","FREVAP34095A","34","0","2"
"1","FREVAP34095A","","843962","EVA","1350586","FR*EVA*E34095*A*B1*CCS1","IEC_62196_T2_COMBO:150kW","2026-09-28T09:56:16.445Z","true","SOURCE_DUPLICATE_DIFFERENT_PRICING|COMPLEX_TIME_OR_DURATION_PRICING","4eaac7f9e871138d","1","FREVAP34095A","34","0","2"
"1","FREVAP34095A","","843962","EVA","1350589","FR*EVA*E34095*A*B1*CCS2","IEC_62196_T2_COMBO:150kW","2026-09-28T09:56:16.445Z","true","SOURCE_DUPLICATE_DIFFERENT_PRICING|COMPLEX_TIME_OR_DURATION_PRICING","4eaac7f9e871138d","1","FREVAP34095A","34","0","2"
"1","FREVAP34095A","","843962","EVA","1350592","FR*EVA*E34095*A*B2*CCS2","IEC_62196_T2_COMBO:150kW","2026-09-28T09:56:16.445Z","true","SOURCE_DUPLICATE_DIFFERENT_PRICING|COMPLEX_TIME_OR_DURATION_PRICING","4eaac7f9e871138d","1","FREVAP34095A","34","0","2"
"1","FREVAP34095A","","843962","EVA","1350594","FR*EVA*E34095*A*B2*CCS1","IEC_62196_T2_COMBO:150kW","2026-09-28T09:56:16.445Z","true","SOURCE_DUPLICATE_DIFFERENT_PRICING|COMPLEX_TIME_OR_DURATION_PRICING","4eaac7f9e871138d","1","FREVAP34095A","34","0","2"
"1","FREVAP34095A","","843962","EVA","3569034","FR*EVA*E34095*A*B1*CCS1","IEC_62196_T2_COMBO:475kW","2026-09-28T09:56:16.445Z","true","SOURCE_DUPLICATE_DIFFERENT_PRICING|COMPLEX_TIME_OR_DURATION_PRICING","29d60746daf32d7e","1","FREVAP34095A","34","0","2"
"1","FREVAP34095A","","843962","EVA","3569040","FR*EVA*E34095*A*B1*CCS2","IEC_62196_T2_COMBO:475kW","2026-09-28T09:56:16.445Z","true","SOURCE_DUPLICATE_DIFFERENT_PRICING|COMPLEX_TIME_OR_DURATION_PRICING","29d60746daf32d7e","1","FREVAP34095A","34","0","2"
"1","FREVAP34095A","","843962","EVA","3569054","FR*EVA*E34095*A*B2*CCS1","IEC_62196_T2_COMBO:475kW","2026-09-28T09:56:16.445Z","true","SOURCE_DUPLICATE_DIFFERENT_PRICING|COMPLEX_TIME_OR_DURATION_PRICING","29d60746daf32d7e","1","FREVAP34095A","34","0","2"
"1","FREVAP34095A","","843962","EVA","3569060","FR*EVA*E34095*A*B2*CCS2","IEC_62196_T2_COMBO:475kW","2026-09-28T09:56:16.445Z","true","SOURCE_DUPLICATE_DIFFERENT_PRICING|COMPLEX_TIME_OR_DURATION_PRICING","29d60746daf32d7e","1","FREVAP34095A","34","0","2"
"1","FREVAP34095A","","843962","EVA","3569078","FR*EVA*E34095*A*B3*CCS1","IEC_62196_T2_COMBO:475kW","2026-09-28T09:56:16.445Z","true","SOURCE_DUPLICATE_DIFFERENT_PRICING|COMPLEX_TIME_OR_DURATION_PRICING","29d60746daf32d7e","1","FREVAP34095A","34","0","2"
"1","FREVAP34095A","","843962","EVA","3569085","FR*EVA*E34095*A*B3*CCS2","IEC_62196_T2_COMBO:475kW","2026-09-28T09:56:16.445Z","true","SOURCE_DUPLICATE_DIFFERENT_PRICING|COMPLEX_TIME_OR_DURATION_PRICING","29d60746daf32d7e","1","FREVAP34095A","34","0","2"
"1","FREVAP34095A","","843962","EVA","3569099","FR*EVA*E34095*A*B4*CCS1","IEC_62196_T2_COMBO:475kW","2026-09-28T09:56:16.445Z","true","SOURCE_DUPLICATE_DIFFERENT_PRICING|COMPLEX_TIME_OR_DURATION_PRICING","29d60746daf32d7e","1","FREVAP34095A","34","0","2"
"1","FREVAP34095A","","843962","EVA","3569103","FR*EVA*E34095*A*B4*CCS2","IEC_62196_T2_COMBO:475kW","2026-09-28T09:56:16.445Z","true","SOURCE_DUPLICATE_DIFFERENT_PRICING|COMPLEX_TIME_OR_DURATION_PRICING","29d60746daf32d7e","1","FREVAP34095A","34","0","2"
"1","FREVAP34095A","","843962","EVA","3569119","FR*EVA*E34095*A*B5*CCS1","IEC_62196_T2_COMBO:475kW","2026-09-28T09:56:16.445Z","true","SOURCE_DUPLICATE_DIFFERENT_PRICING|COMPLEX_TIME_OR_DURATION_PRICING","29d60746daf32d7e","1","FREVAP34095A","34","0","2"
"1","FREVAP34095A","","843962","EVA","3569124","FR*EVA*E34095*A*B5*CCS2","IEC_62196_T2_COMBO:475kW","2026-09-28T09:56:16.445Z","true","SOURCE_DUPLICATE_DIFFERENT_PRICING|COMPLEX_TIME_OR_DURATION_PRICING","29d60746daf32d7e","1","FREVAP34095A","34","0","2"
"1","FREVAP34095A","","843962","EVA","3569137","FR*EVA*E34095*A*B6*CCS1","IEC_62196_T2_COMBO:475kW","2026-09-28T09:56:16.445Z","true","SOURCE_DUPLICATE_DIFFERENT_PRICING|COMPLEX_TIME_OR_DURATION_PRICING","29d60746daf32d7e","1","FREVAP34095A","34","0","2"
"1","FREVAP34095A","","843962","EVA","3569141","FR*EVA*E34095*A*B6*CCS2","IEC_62196_T2_COMBO:475kW","2026-09-28T09:56:16.445Z","true","SOURCE_DUPLICATE_DIFFERENT_PRICING|COMPLEX_TIME_OR_DURATION_PRICING","29d60746daf32d7e","1","FREVAP34095A","34","0","2"
"1","FREVAP34095A","","843962","EVA","3569186","FR*EVA*E34095*A*B8*T2","IEC_62196_T2:44kW","2026-09-28T09:56:16.445Z","true","SOURCE_DUPLICATE_DIFFERENT_PRICING|COMPLEX_TIME_OR_DURATION_PRICING","97569466808149b2","1","FREVAP34095A","34","0","2"
"1","FREVAP34095A","","843962","EVA","3569189","FR*EVA*E34095*A*B9*CCS1","IEC_62196_T2_COMBO:475kW","2026-09-28T09:56:16.445Z","true","SOURCE_DUPLICATE_DIFFERENT_PRICING|COMPLEX_TIME_OR_DURATION_PRICING","29d60746daf32d7e","1","FREVAP34095A","34","0","2"
"1","FREVAP34095A","","843962","EVA","3569195","FR*EVA*E34095*A*B9*CCS2","IEC_62196_T2_COMBO:475kW","2026-09-28T09:56:16.445Z","true","SOURCE_DUPLICATE_DIFFERENT_PRICING|COMPLEX_TIME_OR_DURATION_PRICING","29d60746daf32d7e","1","FREVAP34095A","34","0","2"
"1","FREVAP37099A","","963873","EVA","1350617","FR*EVA*E37099*A*B1*T2","IEC_62196_T2:43kW","2026-09-28T10:08:24.411Z","true","SOURCE_DUPLICATE_DIFFERENT_PRICING|COMPLEX_TIME_OR_DURATION_PRICING","c6e338be0b31da76","1","FREVAP37099A","33","0","2"
"1","FREVAP37099A","","963873","EVA","1350620","FR*EVA*E37099*A*B10*CCS1","IEC_62196_T2_COMBO:150kW","2026-09-28T10:08:24.411Z","true","SOURCE_DUPLICATE_DIFFERENT_PRICING|COMPLEX_TIME_OR_DURATION_PRICING","4eaac7f9e871138d","1","FREVAP37099A","33","0","2"
"1","FREVAP37099A","","963873","EVA","1350622","FR*EVA*E37099*A*B10*CCS2","IEC_62196_T2_COMBO:150kW","2026-09-28T10:08:24.411Z","true","SOURCE_DUPLICATE_DIFFERENT_PRICING|COMPLEX_TIME_OR_DURATION_PRICING","4eaac7f9e871138d","1","FREVAP37099A","33","0","2"
"1","FREVAP37099A","","963873","EVA","1350623","FR*EVA*E37099*A*B11*CCS1","IEC_62196_T2_COMBO:150kW","2026-09-28T10:08:24.411Z","true","SOURCE_DUPLICATE_DIFFERENT_PRICING|COMPLEX_TIME_OR_DURATION_PRICING","4eaac7f9e871138d","1","FREVAP37099A","33","0","2"
"1","FREVAP37099A","","963873","EVA","1350625","FR*EVA*E37099*A*B11*CCS2","IEC_62196_T2_COMBO:150kW","2026-09-28T10:08:24.411Z","true","SOURCE_DUPLICATE_DIFFERENT_PRICING|COMPLEX_TIME_OR_DURATION_PRICING","4eaac7f9e871138d","1","FREVAP37099A","33","0","2"
"1","FREVAP37099A","","963873","EVA","1350628","FR*EVA*E37099*A*B2*T2","IEC_62196_T2:43kW","2026-09-28T10:08:24.411Z","true","SOURCE_DUPLICATE_DIFFERENT_PRICING|COMPLEX_TIME_OR_DURATION_PRICING","c6e338be0b31da76","1","FREVAP37099A","33","0","2"
"1","FREVAP37099A","","963873","EVA","1350630","FR*EVA*E37099*A*B3*CCS","IEC_62196_T2_COMBO:150kW","2026-09-28T10:08:24.411Z","true","SOURCE_DUPLICATE_DIFFERENT_PRICING|COMPLEX_TIME_OR_DURATION_PRICING","4eaac7f9e871138d","1","FREVAP37099A","33","0","2"
"1","FREVAP37099A","","963873","EVA","1350632","FR*EVA*E37099*A*B4*CCS1","IEC_62196_T2_COMBO:150kW","2026-09-28T10:08:24.411Z","true","SOURCE_DUPLICATE_DIFFERENT_PRICING|COMPLEX_TIME_OR_DURATION_PRICING","4eaac7f9e871138d","1","FREVAP37099A","33","0","2"
"1","FREVAP37099A","","963873","EVA","1350634","FR*EVA*E37099*A*B4*CCS2","IEC_62196_T2_COMBO:150kW","2026-09-28T10:08:24.411Z","true","SOURCE_DUPLICATE_DIFFERENT_PRICING|COMPLEX_TIME_OR_DURATION_PRICING","4eaac7f9e871138d","1","FREVAP37099A","33","0","2"
"1","FREVAP37099A","","963873","EVA","1350635","FR*EVA*E37099*A*B5*CCS2","IEC_62196_T2_COMBO:150kW","2026-09-28T10:08:24.411Z","true","SOURCE_DUPLICATE_DIFFERENT_PRICING|COMPLEX_TIME_OR_DURATION_PRICING","4eaac7f9e871138d","1","FREVAP37099A","33","0","2"
"1","FREVAP37099A","","963873","EVA","1350637","FR*EVA*E37099*A*B5*CCS1","IEC_62196_T2_COMBO:150kW","2026-09-28T10:08:24.411Z","true","SOURCE_DUPLICATE_DIFFERENT_PRICING|COMPLEX_TIME_OR_DURATION_PRICING","4eaac7f9e871138d","1","FREVAP37099A","33","0","2"
"1","FREVAP37099A","","963873","EVA","1350639","FR*EVA*E37099*A*B6*CCS2","IEC_62196_T2_COMBO:150kW","2026-09-28T10:08:24.411Z","true","SOURCE_DUPLICATE_DIFFERENT_PRICING|COMPLEX_TIME_OR_DURATION_PRICING","4eaac7f9e871138d","1","FREVAP37099A","33","0","2"
"1","FREVAP37099A","","963873","EVA","1350640","FR*EVA*E37099*A*B6*CCS1","IEC_62196_T2_COMBO:150kW","2026-09-28T10:08:24.411Z","true","SOURCE_DUPLICATE_DIFFERENT_PRICING|COMPLEX_TIME_OR_DURATION_PRICING","4eaac7f9e871138d","1","FREVAP37099A","33","0","2"
"1","FREVAP37099A","","963873","EVA","1350642","FR*EVA*E37099*A*B7*CCS2","IEC_62196_T2_COMBO:150kW","2026-09-28T10:08:24.411Z","true","SOURCE_DUPLICATE_DIFFERENT_PRICING|COMPLEX_TIME_OR_DURATION_PRICING","4eaac7f9e871138d","1","FREVAP37099A","33","0","2"
"1","FREVAP37099A","","963873","EVA","1350643","FR*EVA*E37099*A*B7*CCS1","IEC_62196_T2_COMBO:150kW","2026-09-28T10:08:24.411Z","true","SOURCE_DUPLICATE_DIFFERENT_PRICING|COMPLEX_TIME_OR_DURATION_PRICING","4eaac7f9e871138d","1","FREVAP37099A","33","0","2"
"1","FREVAP37099A","","963873","EVA","1350644","FR*EVA*E37099*A*B8*CCS2","IEC_62196_T2_COMBO:150kW","2026-09-28T10:08:24.411Z","true","SOURCE_DUPLICATE_DIFFERENT_PRICING|COMPLEX_TIME_OR_DURATION_PRICING","4eaac7f9e871138d","1","FREVAP37099A","33","0","2"
"1","FREVAP37099A","","963873","EVA","1350646","FR*EVA*E37099*A*B8*CCS1","IEC_62196_T2_COMBO:150kW","2026-09-28T10:08:24.411Z","true","SOURCE_DUPLICATE_DIFFERENT_PRICING|COMPLEX_TIME_OR_DURATION_PRICING","4eaac7f9e871138d","1","FREVAP37099A","33","0","2"
"1","FREVAP37099A","","963873","EVA","1350648","FR*EVA*E37099*A*B9*CCS2","IEC_62196_T2_COMBO:150kW","2026-09-28T10:08:24.411Z","true","SOURCE_DUPLICATE_DIFFERENT_PRICING|COMPLEX_TIME_OR_DURATION_PRICING","4eaac7f9e871138d","1","FREVAP37099A","33","0","2"
"1","FREVAP37099A","","963873","EVA","1350649","FR*EVA*E37099*A*B9*CCS1","IEC_62196_T2_COMBO:150kW","2026-09-28T10:08:24.411Z","true","SOURCE_DUPLICATE_DIFFERENT_PRICING|COMPLEX_TIME_OR_DURATION_PRICING","4eaac7f9e871138d","1","FREVAP37099A","33","0","2"
"1","FREVAP37099A","","963873","EVA","3569544","FR*EVA*E37099*A*B1*T2","IEC_62196_T2:44kW","2026-09-28T10:08:24.411Z","true","SOURCE_DUPLICATE_DIFFERENT_PRICING|COMPLEX_TIME_OR_DURATION_PRICING","97569466808149b2","1","FREVAP37099A","33","0","2"
"1","FREVAP37099A","","963873","EVA","3569545","FR*EVA*E37099*A*B10*CCS1","IEC_62196_T2_COMBO:475kW","2026-09-28T10:08:24.411Z","true","SOURCE_DUPLICATE_DIFFERENT_PRICING|COMPLEX_TIME_OR_DURATION_PRICING","29d60746daf32d7e","1","FREVAP37099A","33","0","2"
"1","FREVAP37099A","","963873","EVA","3569546","FR*EVA*E37099*A*B10*CCS2","IEC_62196_T2_COMBO:475kW","2026-09-28T10:08:24.411Z","true","SOURCE_DUPLICATE_DIFFERENT_PRICING|COMPLEX_TIME_OR_DURATION_PRICING","29d60746daf32d7e","1","FREVAP37099A","33","0","2"
"1","FREVAP37099A","","963873","EVA","3569548","FR*EVA*E37099*A*B11*CCS1","IEC_62196_T2_COMBO:475kW","2026-09-28T10:08:24.411Z","true","SOURCE_DUPLICATE_DIFFERENT_PRICING|COMPLEX_TIME_OR_DURATION_PRICING","29d60746daf32d7e","1","FREVAP37099A","33","0","2"
"1","FREVAP37099A","","963873","EVA","3569550","FR*EVA*E37099*A*B11*CCS2","IEC_62196_T2_COMBO:475kW","2026-09-28T10:08:24.411Z","true","SOURCE_DUPLICATE_DIFFERENT_PRICING|COMPLEX_TIME_OR_DURATION_PRICING","29d60746daf32d7e","1","FREVAP37099A","33","0","2"
"1","FREVAP37099A","","963873","EVA","3569554","FR*EVA*E37099*A*B2*T2","IEC_62196_T2:44kW","2026-09-28T10:08:24.411Z","true","SOURCE_DUPLICATE_DIFFERENT_PRICING|COMPLEX_TIME_OR_DURATION_PRICING","97569466808149b2","1","FREVAP37099A","33","0","2"
"1","FREVAP37099A","","963873","EVA","3569555","FR*EVA*E37099*A*B3*CCS","IEC_62196_T2_COMBO:475kW","2026-09-28T10:08:24.411Z","true","SOURCE_DUPLICATE_DIFFERENT_PRICING|COMPLEX_TIME_OR_DURATION_PRICING","29d60746daf32d7e","1","FREVAP37099A","33","0","2"
"1","FREVAP37099A","","963873","EVA","3569558","FR*EVA*E37099*A*B4*CCS1","IEC_62196_T2_COMBO:475kW","2026-09-28T10:08:24.411Z","true","SOURCE_DUPLICATE_DIFFERENT_PRICING|COMPLEX_TIME_OR_DURATION_PRICING","29d60746daf32d7e","1","FREVAP37099A","33","0","2"
"1","FREVAP37099A","","963873","EVA","3569559","FR*EVA*E37099*A*B4*CCS2","IEC_62196_T2_COMBO:475kW","2026-09-28T10:08:24.411Z","true","SOURCE_DUPLICATE_DIFFERENT_PRICING|COMPLEX_TIME_OR_DURATION_PRICING","29d60746daf32d7e","1","FREVAP37099A","33","0","2"
"1","FREVAP37099A","","963873","EVA","3569561","FR*EVA*E37099*A*B5*CCS1","IEC_62196_T2_COMBO:475kW","2026-09-28T10:08:24.411Z","true","SOURCE_DUPLICATE_DIFFERENT_PRICING|COMPLEX_TIME_OR_DURATION_PRICING","29d60746daf32d7e","1","FREVAP37099A","33","0","2"
"1","FREVAP37099A","","963873","EVA","3569562","FR*EVA*E37099*A*B5*CCS2","IEC_62196_T2_COMBO:475kW","2026-09-28T10:08:24.411Z","true","SOURCE_DUPLICATE_DIFFERENT_PRICING|COMPLEX_TIME_OR_DURATION_PRICING","29d60746daf32d7e","1","FREVAP37099A","33","0","2"
"1","FREVAP37099A","","963873","EVA","3569564","FR*EVA*E37099*A*B6*CCS1","IEC_62196_T2_COMBO:475kW","2026-09-28T10:08:24.411Z","true","SOURCE_DUPLICATE_DIFFERENT_PRICING|COMPLEX_TIME_OR_DURATION_PRICING","29d60746daf32d7e","1","FREVAP37099A","33","0","2"
"1","FREVAP37099A","","963873","EVA","3569565","FR*EVA*E37099*A*B6*CCS2","IEC_62196_T2_COMBO:475kW","2026-09-28T10:08:24.411Z","true","SOURCE_DUPLICATE_DIFFERENT_PRICING|COMPLEX_TIME_OR_DURATION_PRICING","29d60746daf32d7e","1","FREVAP37099A","33","0","2"
"1","FREVAP37099A","","963873","EVA","3569567","FR*EVA*E37099*A*B7*CCS1","IEC_62196_T2_COMBO:475kW","2026-09-28T10:08:24.411Z","true","SOURCE_DUPLICATE_DIFFERENT_PRICING|COMPLEX_TIME_OR_DURATION_PRICING","29d60746daf32d7e","1","FREVAP37099A","33","0","2"
"1","FREVAP37099A","","963873","EVA","3569568","FR*EVA*E37099*A*B7*CCS2","IEC_62196_T2_COMBO:475kW","2026-09-28T10:08:24.411Z","true","SOURCE_DUPLICATE_DIFFERENT_PRICING|COMPLEX_TIME_OR_DURATION_PRICING","29d60746daf32d7e","1","FREVAP37099A","33","0","2"
"1","FREVAP37099A","","963873","EVA","3569570","FR*EVA*E37099*A*B8*CCS1","IEC_62196_T2_COMBO:475kW","2026-09-28T10:08:24.411Z","true","SOURCE_DUPLICATE_DIFFERENT_PRICING|COMPLEX_TIME_OR_DURATION_PRICING","29d60746daf32d7e","1","FREVAP37099A","33","0","2"
"1","FREVAP37099A","","963873","EVA","3569572","FR*EVA*E37099*A*B8*CCS2","IEC_62196_T2_COMBO:475kW","2026-09-28T10:08:24.411Z","true","SOURCE_DUPLICATE_DIFFERENT_PRICING|COMPLEX_TIME_OR_DURATION_PRICING","29d60746daf32d7e","1","FREVAP37099A","33","0","2"
"1","FREVAP37099A","","963873","EVA","3569577","FR*EVA*E37099*A*B9*CCS1","IEC_62196_T2_COMBO:475kW","2026-09-28T10:08:24.411Z","true","SOURCE_DUPLICATE_DIFFERENT_PRICING|COMPLEX_TIME_OR_DURATION_PRICING","29d60746daf32d7e","1","FREVAP37099A","33","0","2"
"1","FREVAP37099A","","963873","EVA","3569579","FR*EVA*E37099*A*B9*CCS2","IEC_62196_T2_COMBO:475kW","2026-09-28T10:08:24.411Z","true","SOURCE_DUPLICATE_DIFFERENT_PRICING|COMPLEX_TIME_OR_DURATION_PRICING","29d60746daf32d7e","1","FREVAP37099A","33","0","2"
"1","FRGLYPLYON1","","557655","MAT008825","934961","MAT-008825","DOMESTIC_F:2kW;IEC_62196_T2:4kW","2026-10-04T12:40:41.166Z","true","SOURCE_DUPLICATE_DIFFERENT_PRICING|MULTIPLE_CONNECTOR_POWER_NEEDS_PER_CONNECTOR_MATCH|COMPLEX_TIME_OR_DURATION_PRICING","9bd19f3fed23f03d","0","","4","0","2"
"1","FRGLYPLYON1","","557655","MAT008825","934962","MAT-008825","DOMESTIC_F:2kW;IEC_62196_T2:7kW","2026-10-04T12:40:41.166Z","true","SOURCE_DUPLICATE_DIFFERENT_PRICING|MULTIPLE_CONNECTOR_POWER_NEEDS_PER_CONNECTOR_MATCH|COMPLEX_TIME_OR_DURATION_PRICING","a58f7894a607f4e6","0","","4","0","2"
"1","FRGLYPLYON10","","564763","MAT008831","935005","MAT-008831","DOMESTIC_F:2kW;IEC_62196_T2:7kW","2026-10-04T12:43:45.648Z","true","SOURCE_DUPLICATE_DIFFERENT_PRICING|MULTIPLE_CONNECTOR_POWER_NEEDS_PER_CONNECTOR_MATCH|COMPLEX_TIME_OR_DURATION_PRICING","a58f7894a607f4e6","0","","4","0","2"
"1","FRGLYPLYON10","","564763","MAT008831","935006","MAT-008831","DOMESTIC_F:2kW;IEC_62196_T2:4kW","2026-10-04T12:43:45.648Z","true","SOURCE_DUPLICATE_DIFFERENT_PRICING|MULTIPLE_CONNECTOR_POWER_NEEDS_PER_CONNECTOR_MATCH|COMPLEX_TIME_OR_DURATION_PRICING","9bd19f3fed23f03d","0","","4","0","2"
"1","FRGLYPLYON10","","564763","MAT008832","935007","MAT-008832","DOMESTIC_F:2kW;IEC_62196_T2:7kW","2026-10-04T12:43:45.648Z","true","SOURCE_DUPLICATE_DIFFERENT_PRICING|MULTIPLE_CONNECTOR_POWER_NEEDS_PER_CONNECTOR_MATCH|COMPLEX_TIME_OR_DURATION_PRICING","a58f7894a607f4e6","0","","4","0","2"
"1","FRGLYPLYON10","","564763","MAT008832","935008","MAT-008832","DOMESTIC_F:2kW;IEC_62196_T2:4kW","2026-10-04T12:43:45.648Z","true","SOURCE_DUPLICATE_DIFFERENT_PRICING|MULTIPLE_CONNECTOR_POWER_NEEDS_PER_CONNECTOR_MATCH|COMPLEX_TIME_OR_DURATION_PRICING","9bd19f3fed23f03d","0","","4","0","2"
"1","FRGLYPLYON11","","398373","MAT025881","934977","MAT-025881","DOMESTIC_F:2kW;IEC_62196_T2:7kW","2026-10-04T09:12:30.511Z","true","SOURCE_DUPLICATE_DIFFERENT_PRICING|MULTIPLE_CONNECTOR_POWER_NEEDS_PER_CONNECTOR_MATCH|COMPLEX_TIME_OR_DURATION_PRICING","a58f7894a607f4e6","0","","4","0","2"
"1","FRGLYPLYON11","","398373","MAT025881","934978","MAT-025881","DOMESTIC_F:2kW;IEC_62196_T2:4kW","2026-10-04T09:12:30.511Z","true","SOURCE_DUPLICATE_DIFFERENT_PRICING|MULTIPLE_CONNECTOR_POWER_NEEDS_PER_CONNECTOR_MATCH|COMPLEX_TIME_OR_DURATION_PRICING","9bd19f3fed23f03d","0","","4","0","2"
"1","FRGLYPLYON118","","570886","MAT009118","935406","MAT-009118","CHADEMO:32kW;IEC_62196_T2_COMBO:32kW","2026-10-04T13:39:50.552Z","true","SOURCE_DUPLICATE_DIFFERENT_PRICING|MULTIPLE_CONNECTOR_POWER_NEEDS_PER_CONNECTOR_MATCH|COMPLEX_TIME_OR_DURATION_PRICING","549902526b3aafd1","0","","4","0","2"
"1","FRGLYPLYON118","","570886","MAT009118","935408","MAT-009118","IEC_62196_T2:22kW","2026-10-04T13:39:50.552Z","true","SOURCE_DUPLICATE_DIFFERENT_PRICING|COMPLEX_TIME_OR_DURATION_PRICING","e6acc86bf83d56b4","0","","4","0","2"
"1","FRGLYPLYON118","","570886","MAT009119","935410","MAT-009119","CHADEMO:32kW;IEC_62196_T2_COMBO:32kW","2026-10-04T13:39:50.552Z","true","SOURCE_DUPLICATE_DIFFERENT_PRICING|MULTIPLE_CONNECTOR_POWER_NEEDS_PER_CONNECTOR_MATCH|COMPLEX_TIME_OR_DURATION_PRICING","549902526b3aafd1","0","","4","0","2"
"1","FRGLYPLYON118","","570886","MAT009119","935412","MAT-009119","IEC_62196_T2:22kW","2026-10-04T13:39:50.552Z","true","SOURCE_DUPLICATE_DIFFERENT_PRICING|COMPLEX_TIME_OR_DURATION_PRICING","e6acc86bf83d56b4","0","","4","0","2"
"1","FRGLYPLYON119","","352217","MAT009122","935327","MAT-009122","CHADEMO:32kW;IEC_62196_T2_COMBO:32kW","2026-10-04T08:46:31.304Z","true","SOURCE_DUPLICATE_DIFFERENT_PRICING|MULTIPLE_CONNECTOR_POWER_NEEDS_PER_CONNECTOR_MATCH|COMPLEX_TIME_OR_DURATION_PRICING","549902526b3aafd1","0","","4","0","2"
"1","FRGLYPLYON119","","352217","MAT009122","935328","MAT-009122","IEC_62196_T2:22kW","2026-10-04T08:46:31.304Z","true","SOURCE_DUPLICATE_DIFFERENT_PRICING|COMPLEX_TIME_OR_DURATION_PRICING","e6acc86bf83d56b4","0","","4","0","2"
"1","FRGLYPLYON119","","352217","MAT009123","935329","MAT-009123","CHADEMO:32kW;IEC_62196_T2_COMBO:32kW","2026-10-04T08:46:31.304Z","true","SOURCE_DUPLICATE_DIFFERENT_PRICING|MULTIPLE_CONNECTOR_POWER_NEEDS_PER_CONNECTOR_MATCH|COMPLEX_TIME_OR_DURATION_PRICING","549902526b3aafd1","0","","4","0","2"
"1","FRGLYPLYON119","","352217","MAT009123","935330","MAT-009123","IEC_62196_T2:22kW","2026-10-04T08:46:31.304Z","true","SOURCE_DUPLICATE_DIFFERENT_PRICING|COMPLEX_TIME_OR_DURATION_PRICING","e6acc86bf83d56b4","0","","4","0","2"
"1","FRGLYPLYON12","","384956","MAT008807","934969","MAT-008807","DOMESTIC_F:2kW;IEC_62196_T2:7kW","2026-10-04T08:59:16.102Z","true","SOURCE_DUPLICATE_DIFFERENT_PRICING|MULTIPLE_CONNECTOR_POWER_NEEDS_PER_CONNECTOR_MATCH|COMPLEX_TIME_OR_DURATION_PRICING","a58f7894a607f4e6","0","","4","0","2"
"1","FRGLYPLYON12","","384956","MAT008807","934970","MAT-008807","DOMESTIC_F:2kW;IEC_62196_T2:4kW","2026-10-04T08:59:16.102Z","true","SOURCE_DUPLICATE_DIFFERENT_PRICING|MULTIPLE_CONNECTOR_POWER_NEEDS_PER_CONNECTOR_MATCH|COMPLEX_TIME_OR_DURATION_PRICING","9bd19f3fed23f03d","0","","4","0","2"
"1","FRGLYPLYON120","","386576","MAT009116","935446","MAT-009116","CHADEMO:32kW;IEC_62196_T2_COMBO:32kW","2026-10-04T09:00:11.656Z","true","SOURCE_DUPLICATE_DIFFERENT_PRICING|MULTIPLE_CONNECTOR_POWER_NEEDS_PER_CONNECTOR_MATCH|COMPLEX_TIME_OR_DURATION_PRICING","549902526b3aafd1","0","","4","0","2"
"1","FRGLYPLYON120","","386576","MAT009116","935447","MAT-009116","IEC_62196_T2:22kW","2026-10-04T09:00:11.656Z","true","SOURCE_DUPLICATE_DIFFERENT_PRICING|COMPLEX_TIME_OR_DURATION_PRICING","e6acc86bf83d56b4","0","","4","0","2"
"1","FRGLYPLYON120","","386576","MAT009117","935448","MAT-009117","CHADEMO:32kW;IEC_62196_T2_COMBO:32kW","2026-10-04T09:00:11.656Z","true","SOURCE_DUPLICATE_DIFFERENT_PRICING|MULTIPLE_CONNECTOR_POWER_NEEDS_PER_CONNECTOR_MATCH|COMPLEX_TIME_OR_DURATION_PRICING","549902526b3aafd1","0","","4","0","2"
"1","FRGLYPLYON120","","386576","MAT009117","935449","MAT-009117","IEC_62196_T2:22kW","2026-10-04T09:00:11.656Z","true","SOURCE_DUPLICATE_DIFFERENT_PRICING|COMPLEX_TIME_OR_DURATION_PRICING","e6acc86bf83d56b4","0","","4","0","2"
"1","FRGLYPLYON121","","382565","MAT009125","935664","MAT-009125","IEC_62196_T2:22kW","2026-10-04T08:57:25.961Z","true","SOURCE_DUPLICATE_DIFFERENT_PRICING|COMPLEX_TIME_OR_DURATION_PRICING","e6acc86bf83d56b4","0","","4","0","2"
"1","FRGLYPLYON121","","382565","MAT009126","935665","MAT-009126","CHADEMO:32kW;IEC_62196_T2_COMBO:32kW","2026-10-04T08:57:25.961Z","true","SOURCE_DUPLICATE_DIFFERENT_PRICING|MULTIPLE_CONNECTOR_POWER_NEEDS_PER_CONNECTOR_MATCH|COMPLEX_TIME_OR_DURATION_PRICING","549902526b3aafd1","0","","4","0","2"
"1","FRGLYPLYON121","","382565","MAT009126","935666","MAT-009126","IEC_62196_T2:22kW","2026-10-04T08:57:25.961Z","true","SOURCE_DUPLICATE_DIFFERENT_PRICING|COMPLEX_TIME_OR_DURATION_PRICING","e6acc86bf83d56b4","0","","4","0","2"
"1","FRGLYPLYON121","","382565","MAT009125","937309","MAT-009125","CHADEMO:32kW;IEC_62196_T2_COMBO:32kW","2026-10-04T08:57:25.961Z","true","SOURCE_DUPLICATE_DIFFERENT_PRICING|MULTIPLE_CONNECTOR_POWER_NEEDS_PER_CONNECTOR_MATCH|COMPLEX_TIME_OR_DURATION_PRICING","549902526b3aafd1","0","","4","0","2"
"1","FRGLYPLYON122","","546647","MAT009131","935651","MAT-009131","IEC_62196_T2:22kW","2026-10-04T11:44:22.071Z","true","SOURCE_DUPLICATE_DIFFERENT_PRICING|COMPLEX_TIME_OR_DURATION_PRICING","e6acc86bf83d56b4","0","","4","0","2"
"1","FRGLYPLYON122","","546647","MAT009132","935652","MAT-009132","CHADEMO:32kW;IEC_62196_T2_COMBO:32kW","2026-10-04T11:44:22.071Z","true","SOURCE_DUPLICATE_DIFFERENT_PRICING|MULTIPLE_CONNECTOR_POWER_NEEDS_PER_CONNECTOR_MATCH|COMPLEX_TIME_OR_DURATION_PRICING","549902526b3aafd1","0","","4","0","2"
"1","FRGLYPLYON122","","546647","MAT009132","935654","MAT-009132","IEC_62196_T2:22kW","2026-10-04T11:44:22.071Z","true","SOURCE_DUPLICATE_DIFFERENT_PRICING|COMPLEX_TIME_OR_DURATION_PRICING","e6acc86bf83d56b4","0","","4","0","2"
"1","FRGLYPLYON122","","546647","MAT009131","936139","MAT-009131","CHADEMO:32kW;IEC_62196_T2_COMBO:32kW","2026-10-04T11:44:22.071Z","true","SOURCE_DUPLICATE_DIFFERENT_PRICING|MULTIPLE_CONNECTOR_POWER_NEEDS_PER_CONNECTOR_MATCH|COMPLEX_TIME_OR_DURATION_PRICING","549902526b3aafd1","0","","4","0","2"
"1","FRGLYPLYON123","","377199","MAT009135","935720","MAT-009135","CHADEMO:32kW;IEC_62196_T2_COMBO:32kW","2026-10-04T08:55:22.430Z","true","SOURCE_DUPLICATE_DIFFERENT_PRICING|MULTIPLE_CONNECTOR_POWER_NEEDS_PER_CONNECTOR_MATCH|COMPLEX_TIME_OR_DURATION_PRICING","549902526b3aafd1","0","","4","0","2"
"1","FRGLYPLYON123","","377199","MAT009135","935721","MAT-009135","IEC_62196_T2:22kW","2026-10-04T08:55:22.430Z","true","SOURCE_DUPLICATE_DIFFERENT_PRICING|COMPLEX_TIME_OR_DURATION_PRICING","e6acc86bf83d56b4","0","","4","0","2"
"1","FRGLYPLYON123","","377199","MAT009136","935722","MAT-009136","CHADEMO:32kW;IEC_62196_T2_COMBO:32kW","2026-10-04T08:55:22.430Z","true","SOURCE_DUPLICATE_DIFFERENT_PRICING|MULTIPLE_CONNECTOR_POWER_NEEDS_PER_CONNECTOR_MATCH|COMPLEX_TIME_OR_DURATION_PRICING","549902526b3aafd1","0","","4","0","2"
"1","FRGLYPLYON123","","377199","MAT009136","935723","MAT-009136","IEC_62196_T2:22kW","2026-10-04T08:55:22.430Z","true","SOURCE_DUPLICATE_DIFFERENT_PRICING|COMPLEX_TIME_OR_DURATION_PRICING","e6acc86bf83d56b4","0","","4","0","2"
"1","FRGLYPLYON124","","349217","MAT009114","935442","MAT-009114","CHADEMO:32kW;IEC_62196_T2_COMBO:32kW","2026-10-04T08:43:19.777Z","true","SOURCE_DUPLICATE_DIFFERENT_PRICING|MULTIPLE_CONNECTOR_POWER_NEEDS_PER_CONNECTOR_MATCH|COMPLEX_TIME_OR_DURATION_PRICING","549902526b3aafd1","0","","4","0","2"
"1","FRGLYPLYON124","","349217","MAT009114","935443","MAT-009114","IEC_62196_T2:22kW","2026-10-04T08:43:19.777Z","true","SOURCE_DUPLICATE_DIFFERENT_PRICING|COMPLEX_TIME_OR_DURATION_PRICING","e6acc86bf83d56b4","0","","4","0","2"
"1","FRGLYPLYON124","","349217","MAT009115","935444","MAT-009115","CHADEMO:32kW;IEC_62196_T2_COMBO:32kW","2026-10-04T08:43:19.777Z","true","SOURCE_DUPLICATE_DIFFERENT_PRICING|MULTIPLE_CONNECTOR_POWER_NEEDS_PER_CONNECTOR_MATCH|COMPLEX_TIME_OR_DURATION_PRICING","549902526b3aafd1","0","","4","0","2"
"1","FRGLYPLYON124","","349217","MAT009115","935445","MAT-009115","IEC_62196_T2:22kW","2026-10-04T08:43:19.777Z","true","SOURCE_DUPLICATE_DIFFERENT_PRICING|COMPLEX_TIME_OR_DURATION_PRICING","e6acc86bf83d56b4","0","","4","0","2"
"1","FRGLYPLYON129","","386600","MAT009099","935356","MAT-009099","CHADEMO:32kW;IEC_62196_T2_COMBO:32kW","2026-10-04T09:00:11.657Z","true","SOURCE_DUPLICATE_DIFFERENT_PRICING|MULTIPLE_CONNECTOR_POWER_NEEDS_PER_CONNECTOR_MATCH|COMPLEX_TIME_OR_DURATION_PRICING","549902526b3aafd1","0","","4","0","2"
"1","FRGLYPLYON129","","386600","MAT009099","935357","MAT-009099","IEC_62196_T2:22kW","2026-10-04T09:00:11.657Z","true","SOURCE_DUPLICATE_DIFFERENT_PRICING|COMPLEX_TIME_OR_DURATION_PRICING","e6acc86bf83d56b4","0","","4","0","2"
"1","FRGLYPLYON129","","386600","MAT009100","935359","MAT-009100","CHADEMO:32kW;IEC_62196_T2_COMBO:32kW","2026-10-04T09:00:11.657Z","true","SOURCE_DUPLICATE_DIFFERENT_PRICING|MULTIPLE_CONNECTOR_POWER_NEEDS_PER_CONNECTOR_MATCH|COMPLEX_TIME_OR_DURATION_PRICING","549902526b3aafd1","0","","4","0","2"
"1","FRGLYPLYON129","","386600","MAT009100","935361","MAT-009100","IEC_62196_T2:22kW","2026-10-04T09:00:11.657Z","true","SOURCE_DUPLICATE_DIFFERENT_PRICING|COMPLEX_TIME_OR_DURATION_PRICING","e6acc86bf83d56b4","0","","4","0","2"
"1","FRGLYPLYON130","","546612","MAT025273","935683","MAT-025273","CHADEMO:32kW;IEC_62196_T2_COMBO:32kW","2026-10-04T11:44:17.178Z","true","SOURCE_DUPLICATE_DIFFERENT_PRICING|MULTIPLE_CONNECTOR_POWER_NEEDS_PER_CONNECTOR_MATCH|COMPLEX_TIME_OR_DURATION_PRICING","549902526b3aafd1","0","","4","0","2"
"1","FRGLYPLYON130","","546612","MAT025273","935684","MAT-025273","IEC_62196_T2:22kW","2026-10-04T11:44:17.178Z","true","SOURCE_DUPLICATE_DIFFERENT_PRICING|COMPLEX_TIME_OR_DURATION_PRICING","e6acc86bf83d56b4","0","","4","0","2"
"1","FRGLYPLYON130","","546612","MAT025274","935685","MAT-025274","CHADEMO:32kW;IEC_62196_T2_COMBO:32kW","2026-10-04T11:44:17.178Z","true","SOURCE_DUPLICATE_DIFFERENT_PRICING|MULTIPLE_CONNECTOR_POWER_NEEDS_PER_CONNECTOR_MATCH|COMPLEX_TIME_OR_DURATION_PRICING","549902526b3aafd1","0","","4","0","2"
"1","FRGLYPLYON130","","546612","MAT025274","935689","MAT-025274","IEC_62196_T2:22kW","2026-10-04T11:44:17.178Z","true","SOURCE_DUPLICATE_DIFFERENT_PRICING|COMPLEX_TIME_OR_DURATION_PRICING","e6acc86bf83d56b4","0","","4","0","2"
"1","FRGLYPLYON131","","392586","MAT009133","935696","MAT-009133","CHADEMO:32kW;IEC_62196_T2_COMBO:32kW","2026-10-04T09:06:53.007Z","true","SOURCE_DUPLICATE_DIFFERENT_PRICING|MULTIPLE_CONNECTOR_POWER_NEEDS_PER_CONNECTOR_MATCH|COMPLEX_TIME_OR_DURATION_PRICING","549902526b3aafd1","0","","4","0","2"
"1","FRGLYPLYON131","","392586","MAT009133","935697","MAT-009133","IEC_62196_T2:22kW","2026-10-04T09:06:53.007Z","true","SOURCE_DUPLICATE_DIFFERENT_PRICING|COMPLEX_TIME_OR_DURATION_PRICING","e6acc86bf83d56b4","0","","4","0","2"
"1","FRGLYPLYON131","","392586","MAT009134","935698","MAT-009134","CHADEMO:32kW;IEC_62196_T2_COMBO:32kW","2026-10-04T09:06:53.007Z","true","SOURCE_DUPLICATE_DIFFERENT_PRICING|MULTIPLE_CONNECTOR_POWER_NEEDS_PER_CONNECTOR_MATCH|COMPLEX_TIME_OR_DURATION_PRICING","549902526b3aafd1","0","","4","0","2"
"1","FRGLYPLYON131","","392586","MAT009134","935699","MAT-009134","IEC_62196_T2:22kW","2026-10-04T09:06:53.007Z","true","SOURCE_DUPLICATE_DIFFERENT_PRICING|COMPLEX_TIME_OR_DURATION_PRICING","e6acc86bf83d56b4","0","","4","0","2"
"1","FRGLYPLYON132","","394244","MAT009147","935988","MAT-009147","CHADEMO:32kW;IEC_62196_T2_COMBO:32kW","2026-10-04T09:07:45.419Z","true","SOURCE_DUPLICATE_DIFFERENT_PRICING|MULTIPLE_CONNECTOR_POWER_NEEDS_PER_CONNECTOR_MATCH|COMPLEX_TIME_OR_DURATION_PRICING","549902526b3aafd1","0","","4","0","2"
"1","FRGLYPLYON132","","394244","MAT009147","935989","MAT-009147","IEC_62196_T2:22kW","2026-10-04T09:07:45.419Z","true","SOURCE_DUPLICATE_DIFFERENT_PRICING|COMPLEX_TIME_OR_DURATION_PRICING","e6acc86bf83d56b4","0","","4","0","2"
"1","FRGLYPLYON132","","394244","MAT009148","935990","MAT-009148","CHADEMO:32kW;IEC_62196_T2_COMBO:32kW","2026-10-04T09:07:45.419Z","true","SOURCE_DUPLICATE_DIFFERENT_PRICING|MULTIPLE_CONNECTOR_POWER_NEEDS_PER_CONNECTOR_MATCH|COMPLEX_TIME_OR_DURATION_PRICING","549902526b3aafd1","0","","4","0","2"
"1","FRGLYPLYON132","","394244","MAT009148","935991","MAT-009148","IEC_62196_T2:22kW","2026-10-04T09:07:45.419Z","true","SOURCE_DUPLICATE_DIFFERENT_PRICING|COMPLEX_TIME_OR_DURATION_PRICING","e6acc86bf83d56b4","0","","4","0","2"
"1","FRGLYPLYON133","","559040","MAT025277","935679","MAT-025277","CHADEMO:32kW;IEC_62196_T2_COMBO:32kW","2026-10-04T13:37:52.543Z","true","SOURCE_DUPLICATE_DIFFERENT_PRICING|MULTIPLE_CONNECTOR_POWER_NEEDS_PER_CONNECTOR_MATCH|COMPLEX_TIME_OR_DURATION_PRICING","549902526b3aafd1","0","","4","0","2"
"1","FRGLYPLYON133","","559040","MAT025277","935680","MAT-025277","IEC_62196_T2:22kW","2026-10-04T13:37:52.543Z","true","SOURCE_DUPLICATE_DIFFERENT_PRICING|COMPLEX_TIME_OR_DURATION_PRICING","e6acc86bf83d56b4","0","","4","0","2"
"1","FRGLYPLYON133","","559040","MAT025278","935681","MAT-025278","CHADEMO:32kW;IEC_62196_T2_COMBO:32kW","2026-10-04T13:37:52.543Z","true","SOURCE_DUPLICATE_DIFFERENT_PRICING|MULTIPLE_CONNECTOR_POWER_NEEDS_PER_CONNECTOR_MATCH|COMPLEX_TIME_OR_DURATION_PRICING","549902526b3aafd1","0","","4","0","2"
"1","FRGLYPLYON133","","559040","MAT025278","935682","MAT-025278","IEC_62196_T2:22kW","2026-10-04T13:37:52.543Z","true","SOURCE_DUPLICATE_DIFFERENT_PRICING|COMPLEX_TIME_OR_DURATION_PRICING","e6acc86bf83d56b4","0","","4","0","2"
"1","FRGLYPLYON134","","546613","MAT025275","935993","MAT-025275","CHADEMO:32kW;IEC_62196_T2_COMBO:32kW","2026-10-04T11:44:17.179Z","true","SOURCE_DUPLICATE_DIFFERENT_PRICING|MULTIPLE_CONNECTOR_POWER_NEEDS_PER_CONNECTOR_MATCH|COMPLEX_TIME_OR_DURATION_PRICING","549902526b3aafd1","0","","4","0","2"
"1","FRGLYPLYON134","","546613","MAT025275","935994","MAT-025275","IEC_62196_T2:22kW","2026-10-04T11:44:17.179Z","true","SOURCE_DUPLICATE_DIFFERENT_PRICING|COMPLEX_TIME_OR_DURATION_PRICING","e6acc86bf83d56b4","0","","4","0","2"
"1","FRGLYPLYON134","","546613","MAT025276","935995","MAT-025276","CHADEMO:32kW;IEC_62196_T2_COMBO:32kW","2026-10-04T11:44:17.179Z","true","SOURCE_DUPLICATE_DIFFERENT_PRICING|MULTIPLE_CONNECTOR_POWER_NEEDS_PER_CONNECTOR_MATCH|COMPLEX_TIME_OR_DURATION_PRICING","549902526b3aafd1","0","","4","0","2"
"1","FRGLYPLYON134","","546613","MAT025276","935996","MAT-025276","IEC_62196_T2:22kW","2026-10-04T11:44:17.179Z","true","SOURCE_DUPLICATE_DIFFERENT_PRICING|COMPLEX_TIME_OR_DURATION_PRICING","e6acc86bf83d56b4","0","","4","0","2"
"1","FRGLYPLYON135","","580482","MAT025279","766076","MAT-025279","DOMESTIC_F:2kW;IEC_62196_T2:4kW","2026-10-04T12:50:06.517Z","true","SOURCE_DUPLICATE_DIFFERENT_PRICING|MULTIPLE_CONNECTOR_POWER_NEEDS_PER_CONNECTOR_MATCH|COMPLEX_TIME_OR_DURATION_PRICING","9bd19f3fed23f03d","0","","2","0","2"
"1","FRGLYPLYON135","","580482","MAT025279","766077","MAT-025279","DOMESTIC_F:2kW;IEC_62196_T2:7kW","2026-10-04T12:50:06.517Z","true","SOURCE_DUPLICATE_DIFFERENT_PRICING|MULTIPLE_CONNECTOR_POWER_NEEDS_PER_CONNECTOR_MATCH|COMPLEX_TIME_OR_DURATION_PRICING","a58f7894a607f4e6","0","","2","0","2"
"1","FRGLYPLYON137","","382139","MAT025266","728104","MAT-025266","DOMESTIC_F:2kW;IEC_62196_T2:4kW","2026-10-04T08:57:08.078Z","true","SOURCE_DUPLICATE_DIFFERENT_PRICING|MULTIPLE_CONNECTOR_POWER_NEEDS_PER_CONNECTOR_MATCH|COMPLEX_TIME_OR_DURATION_PRICING","9bd19f3fed23f03d","0","","2","0","2"
"1","FRGLYPLYON137","","382139","MAT025266","728105","MAT-025266","DOMESTIC_F:2kW;IEC_62196_T2:7kW","2026-10-04T08:57:08.078Z","true","SOURCE_DUPLICATE_DIFFERENT_PRICING|MULTIPLE_CONNECTOR_POWER_NEEDS_PER_CONNECTOR_MATCH|COMPLEX_TIME_OR_DURATION_PRICING","a58f7894a607f4e6","0","","2","0","2"
"1","FRGLYPLYON138","","589490","MAT009145","728099","MAT-009145","DOMESTIC_F:2kW;IEC_62196_T2:4kW","2026-10-04T12:59:26.676Z","true","SOURCE_DUPLICATE_DIFFERENT_PRICING|MULTIPLE_CONNECTOR_POWER_NEEDS_PER_CONNECTOR_MATCH|COMPLEX_TIME_OR_DURATION_PRICING","9bd19f3fed23f03d","0","","2","0","2"
"1","FRGLYPLYON138","","589490","MAT009145","728100","MAT-009145","DOMESTIC_F:2kW;IEC_62196_T2:7kW","2026-10-04T12:59:26.676Z","true","SOURCE_DUPLICATE_DIFFERENT_PRICING|MULTIPLE_CONNECTOR_POWER_NEEDS_PER_CONNECTOR_MATCH|COMPLEX_TIME_OR_DURATION_PRICING","a58f7894a607f4e6","0","","2","0","2"
"1","FRGLYPLYON139","","585801","MAT009120","728095","MAT-009120","DOMESTIC_F:2kW;IEC_62196_T2:4kW","2026-10-04T12:55:52.445Z","true","SOURCE_DUPLICATE_DIFFERENT_PRICING|MULTIPLE_CONNECTOR_POWER_NEEDS_PER_CONNECTOR_MATCH|COMPLEX_TIME_OR_DURATION_PRICING","9bd19f3fed23f03d","0","","2","0","2"
"1","FRGLYPLYON139","","585801","MAT009120","728096","MAT-009120","DOMESTIC_F:2kW;IEC_62196_T2:7kW","2026-10-04T12:55:52.445Z","true","SOURCE_DUPLICATE_DIFFERENT_PRICING|MULTIPLE_CONNECTOR_POWER_NEEDS_PER_CONNECTOR_MATCH|COMPLEX_TIME_OR_DURATION_PRICING","a58f7894a607f4e6","0","","2","0","2"
"1","FRGLYPLYON140","","390929","MAT009121","665958","MAT-009121","DOMESTIC_F:2kW;IEC_62196_T2:7kW","2026-10-04T09:04:34.192Z","true","SOURCE_DUPLICATE_DIFFERENT_PRICING|MULTIPLE_CONNECTOR_POWER_NEEDS_PER_CONNECTOR_MATCH|COMPLEX_TIME_OR_DURATION_PRICING","a58f7894a607f4e6","0","","2","0","2"
"1","FRGLYPLYON140","","390929","MAT009121","665959","MAT-009121","DOMESTIC_F:2kW;IEC_62196_T2:4kW","2026-10-04T09:04:34.192Z","true","SOURCE_DUPLICATE_DIFFERENT_PRICING|MULTIPLE_CONNECTOR_POWER_NEEDS_PER_CONNECTOR_MATCH|COMPLEX_TIME_OR_DURATION_PRICING","9bd19f3fed23f03d","0","","2","0","2"
"1","FRGLYPLYON142","","358168","MAT009124","3767701","MAT-009124","IEC_62196_T2_COMBO:238kW","2026-10-04T10:02:18.864Z","false","SOURCE_DUPLICATE_DIFFERENT_PRICING|COMPLEX_TIME_OR_DURATION_PRICING|NO_DETERMINISTIC_LOCAL_IRVE_MATCH|UNPUBLISHED_SOURCE_EVSE","b924c8f72ae211d0","0","","3","0","3"
"1","FRGLYPLYON142","","358168","MAT009124","3767703","MAT-009124","IEC_62196_T2_COMBO:238kW","2026-10-04T10:02:18.864Z","false","SOURCE_DUPLICATE_DIFFERENT_PRICING|COMPLEX_TIME_OR_DURATION_PRICING|NO_DETERMINISTIC_LOCAL_IRVE_MATCH|UNPUBLISHED_SOURCE_EVSE","b924c8f72ae211d0","0","","3","0","3"
"1","FRGLYPLYON142","","358168","MAT009124","3767704","MAT-009124","IEC_62196_T2:22kW","2026-10-04T10:02:18.864Z","false","SOURCE_DUPLICATE_DIFFERENT_PRICING|COMPLEX_TIME_OR_DURATION_PRICING|NO_DETERMINISTIC_LOCAL_IRVE_MATCH|UNPUBLISHED_SOURCE_EVSE","e6acc86bf83d56b4","0","","3","0","3"
"1","FRGLYPLYON143","","559393","MAT009113","3767679","MAT-009113","IEC_62196_T2_COMBO:238kW","2026-10-04T12:41:45.346Z","false","SOURCE_DUPLICATE_DIFFERENT_PRICING|COMPLEX_TIME_OR_DURATION_PRICING|NO_DETERMINISTIC_LOCAL_IRVE_MATCH|UNPUBLISHED_SOURCE_EVSE","b924c8f72ae211d0","0","","3","0","3"
"1","FRGLYPLYON143","","559393","MAT009113","3767681","MAT-009113","IEC_62196_T2_COMBO:238kW","2026-10-04T12:41:45.346Z","false","SOURCE_DUPLICATE_DIFFERENT_PRICING|COMPLEX_TIME_OR_DURATION_PRICING|NO_DETERMINISTIC_LOCAL_IRVE_MATCH|UNPUBLISHED_SOURCE_EVSE","b924c8f72ae211d0","0","","3","0","3"
"1","FRGLYPLYON143","","559393","MAT009113","3767682","MAT-009113","IEC_62196_T2:22kW","2026-10-04T12:41:45.346Z","false","SOURCE_DUPLICATE_DIFFERENT_PRICING|COMPLEX_TIME_OR_DURATION_PRICING|NO_DETERMINISTIC_LOCAL_IRVE_MATCH|UNPUBLISHED_SOURCE_EVSE","e6acc86bf83d56b4","0","","3","0","3"
"1","FRGLYPLYON144","","717175","MAT025290","944716","MAT-025290","DOMESTIC_F:2kW;IEC_62196_T2:7kW","2026-10-04T13:17:40.449Z","true","SOURCE_DUPLICATE_DIFFERENT_PRICING|MULTIPLE_CONNECTOR_POWER_NEEDS_PER_CONNECTOR_MATCH|COMPLEX_TIME_OR_DURATION_PRICING","a58f7894a607f4e6","0","","4","0","2"
"1","FRGLYPLYON144","","717175","MAT025290","944717","MAT-025290","DOMESTIC_F:2kW;IEC_62196_T2:4kW","2026-10-04T13:17:40.449Z","true","SOURCE_DUPLICATE_DIFFERENT_PRICING|MULTIPLE_CONNECTOR_POWER_NEEDS_PER_CONNECTOR_MATCH|COMPLEX_TIME_OR_DURATION_PRICING","9bd19f3fed23f03d","0","","4","0","2"
"1","FRGLYPLYON144","","717175","MAT025289","948037","MAT-025289","DOMESTIC_F:2kW;IEC_62196_T2:4kW","2026-10-04T13:17:40.449Z","true","SOURCE_DUPLICATE_DIFFERENT_PRICING|MULTIPLE_CONNECTOR_POWER_NEEDS_PER_CONNECTOR_MATCH|COMPLEX_TIME_OR_DURATION_PRICING","9bd19f3fed23f03d","0","","4","0","2"
"1","FRGLYPLYON144","","717175","MAT025289","948038","MAT-025289","DOMESTIC_F:2kW;IEC_62196_T2:7kW","2026-10-04T13:17:40.449Z","true","SOURCE_DUPLICATE_DIFFERENT_PRICING|MULTIPLE_CONNECTOR_POWER_NEEDS_PER_CONNECTOR_MATCH|COMPLEX_TIME_OR_DURATION_PRICING","a58f7894a607f4e6","0","","4","0","2"
"1","FRGLYPLYON145","","568319","MAT009128","3768041","MAT-009128","IEC_62196_T2:22kW","2026-10-04T12:45:26.514Z","false","SOURCE_DUPLICATE_DIFFERENT_PRICING|COMPLEX_TIME_OR_DURATION_PRICING|NO_DETERMINISTIC_LOCAL_IRVE_MATCH|UNPUBLISHED_SOURCE_EVSE","e6acc86bf83d56b4","0","","7","0","3"
"1","FRGLYPLYON145","","568319","MAT019686","3768046","MAT-019686","IEC_62196_T2_COMBO:238kW","2026-10-04T12:45:26.514Z","false","SOURCE_DUPLICATE_DIFFERENT_PRICING|COMPLEX_TIME_OR_DURATION_PRICING|NO_DETERMINISTIC_LOCAL_IRVE_MATCH|UNPUBLISHED_SOURCE_EVSE","b924c8f72ae211d0","0","","7","0","3"
"1","FRGLYPLYON145","","568319","MAT009128","3768048","MAT-009128","CHADEMO:62kW;IEC_62196_T2_COMBO:380kW","2026-10-04T12:45:26.514Z","false","SOURCE_DUPLICATE_DIFFERENT_PRICING|MULTIPLE_CONNECTOR_POWER_NEEDS_PER_CONNECTOR_MATCH|COMPLEX_TIME_OR_DURATION_PRICING|NO_DETERMINISTIC_LOCAL_IRVE_MATCH|UNPUBLISHED_SOURCE_EVSE","8bc53551c5f12078","0","","7","0","3"
"1","FRGLYPLYON145","","568319","MAT019686","3768055","MAT-019686","IEC_62196_T2_COMBO:238kW","2026-10-04T12:45:26.514Z","false","SOURCE_DUPLICATE_DIFFERENT_PRICING|COMPLEX_TIME_OR_DURATION_PRICING|NO_DETERMINISTIC_LOCAL_IRVE_MATCH|UNPUBLISHED_SOURCE_EVSE","b924c8f72ae211d0","0","","7","0","3"
"1","FRGLYPLYON145","","568319","MAT009128","3768058","MAT-009128","IEC_62196_T2_COMBO:380kW","2026-10-04T12:45:26.514Z","false","SOURCE_DUPLICATE_DIFFERENT_PRICING|COMPLEX_TIME_OR_DURATION_PRICING|NO_DETERMINISTIC_LOCAL_IRVE_MATCH|UNPUBLISHED_SOURCE_EVSE","4233457efb358d61","0","","7","0","3"
"1","FRGLYPLYON145","","568319","MAT019686","3768061","MAT-019686","IEC_62196_T2:22kW","2026-10-04T12:45:26.514Z","false","SOURCE_DUPLICATE_DIFFERENT_PRICING|COMPLEX_TIME_OR_DURATION_PRICING|NO_DETERMINISTIC_LOCAL_IRVE_MATCH|UNPUBLISHED_SOURCE_EVSE","e6acc86bf83d56b4","0","","7","0","3"
"1","FRGLYPLYON146","","377210","MAT009129","935732","MAT-009129","DOMESTIC_F:2kW;IEC_62196_T2:4kW","2026-10-04T08:55:32.126Z","true","SOURCE_DUPLICATE_DIFFERENT_PRICING|MULTIPLE_CONNECTOR_POWER_NEEDS_PER_CONNECTOR_MATCH|COMPLEX_TIME_OR_DURATION_PRICING","9bd19f3fed23f03d","0","","4","0","2"
"1","FRGLYPLYON146","","377210","MAT009129","935733","MAT-009129","DOMESTIC_F:2kW;IEC_62196_T2:7kW","2026-10-04T08:55:32.126Z","true","SOURCE_DUPLICATE_DIFFERENT_PRICING|MULTIPLE_CONNECTOR_POWER_NEEDS_PER_CONNECTOR_MATCH|COMPLEX_TIME_OR_DURATION_PRICING","a58f7894a607f4e6","0","","4","0","2"
"1","FRGLYPLYON147","","588309","MAT009142","671163","MAT-009142","DOMESTIC_F:2kW;IEC_62196_T2:4kW","2026-10-04T13:50:23.197Z","true","SOURCE_DUPLICATE_DIFFERENT_PRICING|MULTIPLE_CONNECTOR_POWER_NEEDS_PER_CONNECTOR_MATCH|COMPLEX_TIME_OR_DURATION_PRICING","9bd19f3fed23f03d","0","","2","0","2"
"1","FRGLYPLYON147","","588309","MAT009142","671164","MAT-009142","DOMESTIC_F:2kW;IEC_62196_T2:7kW","2026-10-04T13:50:23.197Z","true","SOURCE_DUPLICATE_DIFFERENT_PRICING|MULTIPLE_CONNECTOR_POWER_NEEDS_PER_CONNECTOR_MATCH|COMPLEX_TIME_OR_DURATION_PRICING","a58f7894a607f4e6","0","","2","0","2"
"1","FRGLYPLYON148","","739225","MAT009150","957535","MAT-009150","DOMESTIC_F:2kW;IEC_62196_T2:4kW","2026-10-04T13:19:48.854Z","true","SOURCE_DUPLICATE_DIFFERENT_PRICING|MULTIPLE_CONNECTOR_POWER_NEEDS_PER_CONNECTOR_MATCH|COMPLEX_TIME_OR_DURATION_PRICING","9bd19f3fed23f03d","0","","2","0","2"
"1","FRGLYPLYON148","","739225","MAT009150","957539","MAT-009150","DOMESTIC_F:2kW;IEC_62196_T2:7kW","2026-10-04T13:19:48.854Z","true","SOURCE_DUPLICATE_DIFFERENT_PRICING|MULTIPLE_CONNECTOR_POWER_NEEDS_PER_CONNECTOR_MATCH|COMPLEX_TIME_OR_DURATION_PRICING","a58f7894a607f4e6","0","","2","0","2"
"1","FRGLYPLYON150","","657297","MAT025295","904228","MAT-025295","DOMESTIC_F:2kW;IEC_62196_T2:4kW","2026-10-04T13:57:55.508Z","true","SOURCE_DUPLICATE_DIFFERENT_PRICING|MULTIPLE_CONNECTOR_POWER_NEEDS_PER_CONNECTOR_MATCH|COMPLEX_TIME_OR_DURATION_PRICING","9bd19f3fed23f03d","0","","2","0","2"
"1","FRGLYPLYON150","","657297","MAT025295","904232","MAT-025295","DOMESTIC_F:2kW;IEC_62196_T2:7kW","2026-10-04T13:57:55.508Z","true","SOURCE_DUPLICATE_DIFFERENT_PRICING|MULTIPLE_CONNECTOR_POWER_NEEDS_PER_CONNECTOR_MATCH|COMPLEX_TIME_OR_DURATION_PRICING","a58f7894a607f4e6","0","","2","0","2"
"1","FRGLYPLYON153","","580483","MAT025270","766078","MAT-025270","DOMESTIC_F:2kW;IEC_62196_T2:7kW","2026-10-04T12:50:02.765Z","true","SOURCE_DUPLICATE_DIFFERENT_PRICING|MULTIPLE_CONNECTOR_POWER_NEEDS_PER_CONNECTOR_MATCH|COMPLEX_TIME_OR_DURATION_PRICING","a58f7894a607f4e6","0","","2","0","2"
"1","FRGLYPLYON153","","580483","MAT025270","766079","MAT-025270","DOMESTIC_F:2kW;IEC_62196_T2:4kW","2026-10-04T12:50:02.765Z","true","SOURCE_DUPLICATE_DIFFERENT_PRICING|MULTIPLE_CONNECTOR_POWER_NEEDS_PER_CONNECTOR_MATCH|COMPLEX_TIME_OR_DURATION_PRICING","9bd19f3fed23f03d","0","","2","0","2"
"1","FRGLYPLYON156","","564685","MAT025271","935708","MAT-025271","CHADEMO:32kW;IEC_62196_T2_COMBO:32kW","2026-10-04T13:38:39.557Z","true","SOURCE_DUPLICATE_DIFFERENT_PRICING|MULTIPLE_CONNECTOR_POWER_NEEDS_PER_CONNECTOR_MATCH|COMPLEX_TIME_OR_DURATION_PRICING","549902526b3aafd1","0","","4","0","2"
"1","FRGLYPLYON156","","564685","MAT025271","935709","MAT-025271","IEC_62196_T2:22kW","2026-10-04T13:38:39.557Z","true","SOURCE_DUPLICATE_DIFFERENT_PRICING|COMPLEX_TIME_OR_DURATION_PRICING","e6acc86bf83d56b4","0","","4","0","2"
"1","FRGLYPLYON156","","564685","MAT025272","935710","MAT-025272","CHADEMO:32kW;IEC_62196_T2_COMBO:32kW","2026-10-04T13:38:39.557Z","true","SOURCE_DUPLICATE_DIFFERENT_PRICING|MULTIPLE_CONNECTOR_POWER_NEEDS_PER_CONNECTOR_MATCH|COMPLEX_TIME_OR_DURATION_PRICING","549902526b3aafd1","0","","4","0","2"
"1","FRGLYPLYON156","","564685","MAT025272","935711","MAT-025272","IEC_62196_T2:22kW","2026-10-04T13:38:39.557Z","true","SOURCE_DUPLICATE_DIFFERENT_PRICING|COMPLEX_TIME_OR_DURATION_PRICING","e6acc86bf83d56b4","0","","4","0","2"
"1","FRGLYPLYON157","","612012","MAT025292","935815","MAT-025292","CHADEMO:32kW;IEC_62196_T2_COMBO:32kW","2026-10-04T13:09:08.289Z","true","SOURCE_DUPLICATE_DIFFERENT_PRICING|MULTIPLE_CONNECTOR_POWER_NEEDS_PER_CONNECTOR_MATCH|COMPLEX_TIME_OR_DURATION_PRICING","549902526b3aafd1","0","","4","0","2"
"1","FRGLYPLYON157","","612012","MAT025292","935816","MAT-025292","IEC_62196_T2:22kW","2026-10-04T13:09:08.289Z","true","SOURCE_DUPLICATE_DIFFERENT_PRICING|COMPLEX_TIME_OR_DURATION_PRICING","e6acc86bf83d56b4","0","","4","0","2"
"1","FRGLYPLYON157","","612012","MAT025293","935817","MAT-025293","CHADEMO:32kW;IEC_62196_T2_COMBO:32kW","2026-10-04T13:09:08.289Z","true","SOURCE_DUPLICATE_DIFFERENT_PRICING|MULTIPLE_CONNECTOR_POWER_NEEDS_PER_CONNECTOR_MATCH|COMPLEX_TIME_OR_DURATION_PRICING","549902526b3aafd1","0","","4","0","2"
"1","FRGLYPLYON157","","612012","MAT025293","935818","MAT-025293","IEC_62196_T2:22kW","2026-10-04T13:09:08.289Z","true","SOURCE_DUPLICATE_DIFFERENT_PRICING|COMPLEX_TIME_OR_DURATION_PRICING","e6acc86bf83d56b4","0","","4","0","2"
"1","FRGLYPLYON158","","612011","MAT921394","935777","MAT-921394","CHADEMO:32kW;IEC_62196_T2_COMBO:32kW","2026-10-04T13:09:08.289Z","false","SOURCE_DUPLICATE_DIFFERENT_PRICING|MULTIPLE_CONNECTOR_POWER_NEEDS_PER_CONNECTOR_MATCH|COMPLEX_TIME_OR_DURATION_PRICING|NO_DETERMINISTIC_LOCAL_IRVE_MATCH|UNPUBLISHED_SOURCE_EVSE","549902526b3aafd1","0","","3","0","2"
"1","FRGLYPLYON158","","612011","MAT921394","935778","MAT-921394","IEC_62196_T2:22kW","2026-10-04T13:09:08.289Z","true","SOURCE_DUPLICATE_DIFFERENT_PRICING|COMPLEX_TIME_OR_DURATION_PRICING","e6acc86bf83d56b4","0","","3","0","2"
"1","FRGLYPLYON158","","612011","MAT025310","935779","MAT-025310","CHADEMO:32kW;IEC_62196_T2_COMBO:32kW","2026-10-04T13:09:08.289Z","false","SOURCE_DUPLICATE_DIFFERENT_PRICING|MULTIPLE_CONNECTOR_POWER_NEEDS_PER_CONNECTOR_MATCH|COMPLEX_TIME_OR_DURATION_PRICING|NO_DETERMINISTIC_LOCAL_IRVE_MATCH|UNPUBLISHED_SOURCE_EVSE","549902526b3aafd1","0","","3","0","2"
"1","FRGLYPLYON158","","612011","MAT025310","935780","MAT-025310","IEC_62196_T2:22kW","2026-10-04T13:09:08.289Z","true","SOURCE_DUPLICATE_DIFFERENT_PRICING|COMPLEX_TIME_OR_DURATION_PRICING","e6acc86bf83d56b4","0","","3","0","2"
"1","FRGLYPLYON159","","580495","MAT009149","4246708","MAT-009149","IEC_62196_T2_COMBO:238kW","2026-10-04T12:50:02.766Z","false","SOURCE_DUPLICATE_DIFFERENT_PRICING|COMPLEX_TIME_OR_DURATION_PRICING|NO_DETERMINISTIC_LOCAL_IRVE_MATCH|UNPUBLISHED_SOURCE_EVSE","b924c8f72ae211d0","0","","3","0","3"
"1","FRGLYPLYON159","","580495","MAT009149","4246709","MAT-009149","IEC_62196_T2_COMBO:238kW","2026-10-04T12:50:02.766Z","false","SOURCE_DUPLICATE_DIFFERENT_PRICING|COMPLEX_TIME_OR_DURATION_PRICING|NO_DETERMINISTIC_LOCAL_IRVE_MATCH|UNPUBLISHED_SOURCE_EVSE","b924c8f72ae211d0","0","","3","0","3"
"1","FRGLYPLYON159","","580495","MAT009149","4246710","MAT-009149","IEC_62196_T2:22kW","2026-10-04T12:50:02.766Z","false","SOURCE_DUPLICATE_DIFFERENT_PRICING|COMPLEX_TIME_OR_DURATION_PRICING|NO_DETERMINISTIC_LOCAL_IRVE_MATCH|UNPUBLISHED_SOURCE_EVSE","e6acc86bf83d56b4","0","","3","0","3"
"1","FRGLYPLYON160","","580498","MAT025280","766125","MAT-025280","DOMESTIC_F:2kW;IEC_62196_T2:7kW","2026-10-04T12:50:02.766Z","true","SOURCE_DUPLICATE_DIFFERENT_PRICING|MULTIPLE_CONNECTOR_POWER_NEEDS_PER_CONNECTOR_MATCH|COMPLEX_TIME_OR_DURATION_PRICING","a58f7894a607f4e6","0","","2","0","2"
"1","FRGLYPLYON160","","580498","MAT025280","766126","MAT-025280","DOMESTIC_F:2kW;IEC_62196_T2:4kW","2026-10-04T12:50:02.766Z","true","SOURCE_DUPLICATE_DIFFERENT_PRICING|MULTIPLE_CONNECTOR_POWER_NEEDS_PER_CONNECTOR_MATCH|COMPLEX_TIME_OR_DURATION_PRICING","9bd19f3fed23f03d","0","","2","0","2"
"1","FRGLYPLYON166","","612033","MAT080722","3940190","MAT-080722","IEC_62196_T2_COMBO:238kW","2026-10-04T13:09:21.119Z","false","SOURCE_DUPLICATE_DIFFERENT_PRICING|COMPLEX_TIME_OR_DURATION_PRICING|NO_DETERMINISTIC_LOCAL_IRVE_MATCH|UNPUBLISHED_SOURCE_EVSE","b924c8f72ae211d0","0","","4","0","3"
"1","FRGLYPLYON166","","612033","MAT080722","3940194","MAT-080722","IEC_62196_T2:22kW","2026-10-04T13:09:21.119Z","false","SOURCE_DUPLICATE_DIFFERENT_PRICING|COMPLEX_TIME_OR_DURATION_PRICING|NO_DETERMINISTIC_LOCAL_IRVE_MATCH|UNPUBLISHED_SOURCE_EVSE","e6acc86bf83d56b4","0","","4","0","3"
"1","FRGLYPLYON166","","612033","MAT080722","3940198","MAT-080722","IEC_62196_T2_COMBO:238kW","2026-10-04T13:09:21.119Z","false","SOURCE_DUPLICATE_DIFFERENT_PRICING|COMPLEX_TIME_OR_DURATION_PRICING|NO_DETERMINISTIC_LOCAL_IRVE_MATCH|UNPUBLISHED_SOURCE_EVSE","b924c8f72ae211d0","0","","4","0","3"
"1","FRGLYPLYON166","","612033","MAT025308","830437","MAT-025308","CHADEMO:50kW;IEC_62196_T2_COMBO:50kW","2026-10-04T13:09:21.119Z","false","SOURCE_DUPLICATE_DIFFERENT_PRICING|MULTIPLE_CONNECTOR_POWER_NEEDS_PER_CONNECTOR_MATCH|COMPLEX_TIME_OR_DURATION_PRICING|NO_DETERMINISTIC_LOCAL_IRVE_MATCH|UNPUBLISHED_SOURCE_EVSE","af4c75bcf4fd3fad","0","","4","0","2"
"1","FRGLYPLYON166","","612033","MAT025308","830438","MAT-025308","IEC_62196_T2:43kW","2026-10-04T13:09:21.119Z","false","SOURCE_DUPLICATE_DIFFERENT_PRICING|COMPLEX_TIME_OR_DURATION_PRICING|NO_DETERMINISTIC_LOCAL_IRVE_MATCH|UNPUBLISHED_SOURCE_EVSE","e6c24f1096245fca","0","","4","0","2"
"1","FRGLYPLYON167","","784890","MAT025328","1041073","MAT-025328","DOMESTIC_F:2kW;IEC_62196_T2:7kW","2026-10-04T13:25:41.327Z","true","SOURCE_DUPLICATE_DIFFERENT_PRICING|MULTIPLE_CONNECTOR_POWER_NEEDS_PER_CONNECTOR_MATCH|COMPLEX_TIME_OR_DURATION_PRICING","a58f7894a607f4e6","0","","4","0","2"
"1","FRGLYPLYON167","","784890","MAT025328","1041079","MAT-025328","DOMESTIC_F:2kW;IEC_62196_T2:4kW","2026-10-04T13:25:41.327Z","true","SOURCE_DUPLICATE_DIFFERENT_PRICING|MULTIPLE_CONNECTOR_POWER_NEEDS_PER_CONNECTOR_MATCH|COMPLEX_TIME_OR_DURATION_PRICING","9bd19f3fed23f03d","0","","4","0","2"
"1","FRGLYPLYON168","","739759","MAT025329","957831","MAT-025329","DOMESTIC_F:2kW;IEC_62196_T2:7kW","2026-10-04T14:01:34.420Z","true","SOURCE_DUPLICATE_DIFFERENT_PRICING|MULTIPLE_CONNECTOR_POWER_NEEDS_PER_CONNECTOR_MATCH|COMPLEX_TIME_OR_DURATION_PRICING","a58f7894a607f4e6","0","","4","0","2"
"1","FRGLYPLYON168","","739759","MAT025329","957832","MAT-025329","DOMESTIC_F:2kW;IEC_62196_T2:4kW","2026-10-04T14:01:34.420Z","true","SOURCE_DUPLICATE_DIFFERENT_PRICING|MULTIPLE_CONNECTOR_POWER_NEEDS_PER_CONNECTOR_MATCH|COMPLEX_TIME_OR_DURATION_PRICING","9bd19f3fed23f03d","0","","4","0","2"
"1","FRGLYPLYON169","","704304","MAT025322","935743","MAT-025322","DOMESTIC_F:2kW;IEC_62196_T2:7kW","2026-10-04T13:16:12.873Z","true","SOURCE_DUPLICATE_DIFFERENT_PRICING|MULTIPLE_CONNECTOR_POWER_NEEDS_PER_CONNECTOR_MATCH|COMPLEX_TIME_OR_DURATION_PRICING","a58f7894a607f4e6","0","","4","0","2"
"1","FRGLYPLYON169","","704304","MAT025322","935744","MAT-025322","DOMESTIC_F:2kW;IEC_62196_T2:4kW","2026-10-04T13:16:12.873Z","true","SOURCE_DUPLICATE_DIFFERENT_PRICING|MULTIPLE_CONNECTOR_POWER_NEEDS_PER_CONNECTOR_MATCH|COMPLEX_TIME_OR_DURATION_PRICING","9bd19f3fed23f03d","0","","4","0","2"
"1","FRGLYPLYON170","","657320","MAT025324","935758","MAT-025324","CHADEMO:32kW;IEC_62196_T2_COMBO:32kW","2026-10-04T13:13:51.288Z","true","SOURCE_DUPLICATE_DIFFERENT_PRICING|MULTIPLE_CONNECTOR_POWER_NEEDS_PER_CONNECTOR_MATCH|COMPLEX_TIME_OR_DURATION_PRICING","549902526b3aafd1","0","","4","0","2"
"1","FRGLYPLYON170","","657320","MAT025324","935760","MAT-025324","IEC_62196_T2:22kW","2026-10-04T13:13:51.288Z","true","SOURCE_DUPLICATE_DIFFERENT_PRICING|COMPLEX_TIME_OR_DURATION_PRICING","e6acc86bf83d56b4","0","","4","0","2"
"1","FRGLYPLYON170","","657320","MAT025325","935762","MAT-025325","CHADEMO:32kW;IEC_62196_T2_COMBO:32kW","2026-10-04T13:13:51.288Z","true","SOURCE_DUPLICATE_DIFFERENT_PRICING|MULTIPLE_CONNECTOR_POWER_NEEDS_PER_CONNECTOR_MATCH|COMPLEX_TIME_OR_DURATION_PRICING","549902526b3aafd1","0","","4","0","2"
"1","FRGLYPLYON170","","657320","MAT025325","935765","MAT-025325","IEC_62196_T2:22kW","2026-10-04T13:13:51.288Z","true","SOURCE_DUPLICATE_DIFFERENT_PRICING|COMPLEX_TIME_OR_DURATION_PRICING","e6acc86bf83d56b4","0","","4","0","2"
"1","FRGLYPLYON171","","757851","MAT025315","983382","MAT-025315","CHADEMO:32kW;IEC_62196_T2_COMBO:32kW","2026-10-04T13:22:10.846Z","true","SOURCE_DUPLICATE_DIFFERENT_PRICING|MULTIPLE_CONNECTOR_POWER_NEEDS_PER_CONNECTOR_MATCH|COMPLEX_TIME_OR_DURATION_PRICING","549902526b3aafd1","0","","4","0","2"
"1","FRGLYPLYON171","","757851","MAT025315","983383","MAT-025315","IEC_62196_T2:22kW","2026-10-04T13:22:10.846Z","true","SOURCE_DUPLICATE_DIFFERENT_PRICING|COMPLEX_TIME_OR_DURATION_PRICING","e6acc86bf83d56b4","0","","4","0","2"
"1","FRGLYPLYON171","","757851","MAT025316","983384","MAT-025316","CHADEMO:32kW;IEC_62196_T2_COMBO:32kW","2026-10-04T13:22:10.846Z","true","SOURCE_DUPLICATE_DIFFERENT_PRICING|MULTIPLE_CONNECTOR_POWER_NEEDS_PER_CONNECTOR_MATCH|COMPLEX_TIME_OR_DURATION_PRICING","549902526b3aafd1","0","","4","0","2"
"1","FRGLYPLYON171","","757851","MAT025316","983385","MAT-025316","IEC_62196_T2:22kW","2026-10-04T13:22:10.846Z","true","SOURCE_DUPLICATE_DIFFERENT_PRICING|COMPLEX_TIME_OR_DURATION_PRICING","e6acc86bf83d56b4","0","","4","0","2"
"1","FRGLYPLYON172","","739243","MAT025313","957649","MAT-025313","CHADEMO:32kW;IEC_62196_T2_COMBO:32kW","2026-10-04T14:01:25.306Z","true","SOURCE_DUPLICATE_DIFFERENT_PRICING|MULTIPLE_CONNECTOR_POWER_NEEDS_PER_CONNECTOR_MATCH|COMPLEX_TIME_OR_DURATION_PRICING","549902526b3aafd1","0","","4","0","2"
"1","FRGLYPLYON172","","739243","MAT025313","957650","MAT-025313","IEC_62196_T2:22kW","2026-10-04T14:01:25.306Z","true","SOURCE_DUPLICATE_DIFFERENT_PRICING|COMPLEX_TIME_OR_DURATION_PRICING","e6acc86bf83d56b4","0","","4","0","2"
"1","FRGLYPLYON172","","739243","MAT025314","957651","MAT-025314","CHADEMO:32kW;IEC_62196_T2_COMBO:32kW","2026-10-04T14:01:25.306Z","true","SOURCE_DUPLICATE_DIFFERENT_PRICING|MULTIPLE_CONNECTOR_POWER_NEEDS_PER_CONNECTOR_MATCH|COMPLEX_TIME_OR_DURATION_PRICING","549902526b3aafd1","0","","4","0","2"
"1","FRGLYPLYON172","","739243","MAT025314","957652","MAT-025314","IEC_62196_T2:22kW","2026-10-04T14:01:25.306Z","true","SOURCE_DUPLICATE_DIFFERENT_PRICING|COMPLEX_TIME_OR_DURATION_PRICING","e6acc86bf83d56b4","0","","4","0","2"
"1","FRGLYPLYON173","","683030","MAT025319","935811","MAT-025319","CHADEMO:32kW;IEC_62196_T2_COMBO:32kW","2026-10-04T13:14:54.855Z","true","SOURCE_DUPLICATE_DIFFERENT_PRICING|MULTIPLE_CONNECTOR_POWER_NEEDS_PER_CONNECTOR_MATCH|COMPLEX_TIME_OR_DURATION_PRICING","549902526b3aafd1","0","","4","0","2"
"1","FRGLYPLYON173","","683030","MAT025319","935812","MAT-025319","IEC_62196_T2:22kW","2026-10-04T13:14:54.855Z","true","SOURCE_DUPLICATE_DIFFERENT_PRICING|COMPLEX_TIME_OR_DURATION_PRICING","e6acc86bf83d56b4","0","","4","0","2"
"1","FRGLYPLYON173","","683030","MAT025320","935813","MAT-025320","CHADEMO:32kW;IEC_62196_T2_COMBO:32kW","2026-10-04T13:14:54.855Z","true","SOURCE_DUPLICATE_DIFFERENT_PRICING|MULTIPLE_CONNECTOR_POWER_NEEDS_PER_CONNECTOR_MATCH|COMPLEX_TIME_OR_DURATION_PRICING","549902526b3aafd1","0","","4","0","2"
"1","FRGLYPLYON173","","683030","MAT025320","935814","MAT-025320","IEC_62196_T2:22kW","2026-10-04T13:14:54.855Z","true","SOURCE_DUPLICATE_DIFFERENT_PRICING|COMPLEX_TIME_OR_DURATION_PRICING","e6acc86bf83d56b4","0","","4","0","2"
"1","FRGLYPLYON174","","757853","MAT025339","983378","MAT-025339","CHADEMO:32kW;IEC_62196_T2_COMBO:32kW","2026-09-28T09:33:06.791Z","true","SOURCE_DUPLICATE_DIFFERENT_PRICING|MULTIPLE_CONNECTOR_POWER_NEEDS_PER_CONNECTOR_MATCH|COMPLEX_TIME_OR_DURATION_PRICING","549902526b3aafd1","0","","4","0","2"
"1","FRGLYPLYON174","","757853","MAT025339","983379","MAT-025339","IEC_62196_T2:22kW","2026-09-28T09:33:06.791Z","true","SOURCE_DUPLICATE_DIFFERENT_PRICING|COMPLEX_TIME_OR_DURATION_PRICING","e6acc86bf83d56b4","0","","4","0","2"
"1","FRGLYPLYON174","","757853","MAT025340","983380","MAT-025340","CHADEMO:32kW;IEC_62196_T2_COMBO:32kW","2026-09-28T09:33:06.791Z","true","SOURCE_DUPLICATE_DIFFERENT_PRICING|MULTIPLE_CONNECTOR_POWER_NEEDS_PER_CONNECTOR_MATCH|COMPLEX_TIME_OR_DURATION_PRICING","549902526b3aafd1","0","","4","0","2"
"1","FRGLYPLYON174","","757853","MAT025340","983381","MAT-025340","IEC_62196_T2:22kW","2026-09-28T09:33:06.791Z","true","SOURCE_DUPLICATE_DIFFERENT_PRICING|COMPLEX_TIME_OR_DURATION_PRICING","e6acc86bf83d56b4","0","","4","0","2"
"1","FRGLYPLYON175","","757835","MAT025332","983344","MAT-025332","CHADEMO:32kW;IEC_62196_T2_COMBO:32kW","2026-10-04T13:21:59.573Z","true","SOURCE_DUPLICATE_DIFFERENT_PRICING|MULTIPLE_CONNECTOR_POWER_NEEDS_PER_CONNECTOR_MATCH|COMPLEX_TIME_OR_DURATION_PRICING","549902526b3aafd1","0","","4","0","2"
"1","FRGLYPLYON175","","757835","MAT025332","983346","MAT-025332","IEC_62196_T2:22kW","2026-10-04T13:21:59.573Z","true","SOURCE_DUPLICATE_DIFFERENT_PRICING|COMPLEX_TIME_OR_DURATION_PRICING","e6acc86bf83d56b4","0","","4","0","2"
"1","FRGLYPLYON175","","757835","MAT025333","983347","MAT-025333","CHADEMO:32kW;IEC_62196_T2_COMBO:32kW","2026-10-04T13:21:59.573Z","true","SOURCE_DUPLICATE_DIFFERENT_PRICING|MULTIPLE_CONNECTOR_POWER_NEEDS_PER_CONNECTOR_MATCH|COMPLEX_TIME_OR_DURATION_PRICING","549902526b3aafd1","0","","4","0","2"
"1","FRGLYPLYON175","","757835","MAT025333","983348","MAT-025333","IEC_62196_T2:22kW","2026-10-04T13:21:59.573Z","true","SOURCE_DUPLICATE_DIFFERENT_PRICING|COMPLEX_TIME_OR_DURATION_PRICING","e6acc86bf83d56b4","0","","4","0","2"
"1","FRGLYPLYON176","","775851","MAT025341","1027442","MAT-025341","CHADEMO:32kW;IEC_62196_T2_COMBO:32kW","2026-10-04T13:24:22.468Z","true","SOURCE_DUPLICATE_DIFFERENT_PRICING|MULTIPLE_CONNECTOR_POWER_NEEDS_PER_CONNECTOR_MATCH|COMPLEX_TIME_OR_DURATION_PRICING","549902526b3aafd1","0","","4","0","2"
"1","FRGLYPLYON176","","775851","MAT025341","1027443","MAT-025341","IEC_62196_T2:22kW","2026-10-04T13:24:22.468Z","true","SOURCE_DUPLICATE_DIFFERENT_PRICING|COMPLEX_TIME_OR_DURATION_PRICING","e6acc86bf83d56b4","0","","4","0","2"
"1","FRGLYPLYON176","","775851","MAT025342","1027444","MAT-025342","CHADEMO:32kW;IEC_62196_T2_COMBO:32kW","2026-10-04T13:24:22.468Z","true","SOURCE_DUPLICATE_DIFFERENT_PRICING|MULTIPLE_CONNECTOR_POWER_NEEDS_PER_CONNECTOR_MATCH|COMPLEX_TIME_OR_DURATION_PRICING","549902526b3aafd1","0","","4","0","2"
"1","FRGLYPLYON176","","775851","MAT025342","1027445","MAT-025342","IEC_62196_T2:22kW","2026-10-04T13:24:22.468Z","true","SOURCE_DUPLICATE_DIFFERENT_PRICING|COMPLEX_TIME_OR_DURATION_PRICING","e6acc86bf83d56b4","0","","4","0","2"
"1","FRGLYPLYON177","","704307","MAT025317","4262157","MAT-025317","IEC_62196_T2_COMBO:238kW","2026-10-04T13:16:12.873Z","false","SOURCE_DUPLICATE_DIFFERENT_PRICING|COMPLEX_TIME_OR_DURATION_PRICING|NO_DETERMINISTIC_LOCAL_IRVE_MATCH|UNPUBLISHED_SOURCE_EVSE","b924c8f72ae211d0","0","","3","0","3"
"1","FRGLYPLYON177","","704307","MAT025317","4262158","MAT-025317","IEC_62196_T2:22kW","2026-10-04T13:16:12.873Z","false","SOURCE_DUPLICATE_DIFFERENT_PRICING|COMPLEX_TIME_OR_DURATION_PRICING|NO_DETERMINISTIC_LOCAL_IRVE_MATCH|UNPUBLISHED_SOURCE_EVSE","e6acc86bf83d56b4","0","","3","0","3"
"1","FRGLYPLYON177","","704307","MAT025317","4262159","MAT-025317","IEC_62196_T2_COMBO:238kW","2026-10-04T13:16:12.873Z","false","SOURCE_DUPLICATE_DIFFERENT_PRICING|COMPLEX_TIME_OR_DURATION_PRICING|NO_DETERMINISTIC_LOCAL_IRVE_MATCH|UNPUBLISHED_SOURCE_EVSE","b924c8f72ae211d0","0","","3","0","3"
"1","FRGLYPLYON178","","683028","MAT080723","3940091","MAT-080723","IEC_62196_T2_COMBO:238kW","2026-10-04T13:14:54.854Z","false","SOURCE_DUPLICATE_DIFFERENT_PRICING|COMPLEX_TIME_OR_DURATION_PRICING|NO_DETERMINISTIC_LOCAL_IRVE_MATCH|UNPUBLISHED_SOURCE_EVSE","b924c8f72ae211d0","0","","4","0","3"
"1","FRGLYPLYON178","","683028","MAT080723","3940092","MAT-080723","IEC_62196_T2:22kW","2026-10-04T13:14:54.854Z","false","SOURCE_DUPLICATE_DIFFERENT_PRICING|COMPLEX_TIME_OR_DURATION_PRICING|NO_DETERMINISTIC_LOCAL_IRVE_MATCH|UNPUBLISHED_SOURCE_EVSE","e6acc86bf83d56b4","0","","4","0","3"
"1","FRGLYPLYON178","","683028","MAT080723","3940094","MAT-080723","IEC_62196_T2_COMBO:238kW","2026-10-04T13:14:54.854Z","false","SOURCE_DUPLICATE_DIFFERENT_PRICING|COMPLEX_TIME_OR_DURATION_PRICING|NO_DETERMINISTIC_LOCAL_IRVE_MATCH|UNPUBLISHED_SOURCE_EVSE","b924c8f72ae211d0","0","","4","0","3"
"1","FRGLYPLYON178","","683028","MAT025326","922203","MAT-025326","CHADEMO:50kW;IEC_62196_T2_COMBO:50kW","2026-10-04T13:14:54.854Z","false","SOURCE_DUPLICATE_DIFFERENT_PRICING|MULTIPLE_CONNECTOR_POWER_NEEDS_PER_CONNECTOR_MATCH|COMPLEX_TIME_OR_DURATION_PRICING|NO_DETERMINISTIC_LOCAL_IRVE_MATCH|UNPUBLISHED_SOURCE_EVSE","af4c75bcf4fd3fad","0","","4","0","2"
"1","FRGLYPLYON178","","683028","MAT025326","922204","MAT-025326","IEC_62196_T2:43kW","2026-10-04T13:14:54.854Z","false","SOURCE_DUPLICATE_DIFFERENT_PRICING|COMPLEX_TIME_OR_DURATION_PRICING|NO_DETERMINISTIC_LOCAL_IRVE_MATCH|UNPUBLISHED_SOURCE_EVSE","e6c24f1096245fca","0","","4","0","2"
"1","FRGLYPLYON179","","757838","MAT080721","3937082","MAT-080721","IEC_62196_T2:22kW","2026-10-04T14:01:56.153Z","false","SOURCE_DUPLICATE_DIFFERENT_PRICING|COMPLEX_TIME_OR_DURATION_PRICING|NO_DETERMINISTIC_LOCAL_IRVE_MATCH|UNPUBLISHED_SOURCE_EVSE","e6acc86bf83d56b4","0","","4","0","3"
"1","FRGLYPLYON179","","757838","MAT080721","3937083","MAT-080721","IEC_62196_T2_COMBO:238kW","2026-10-04T14:01:56.153Z","false","SOURCE_DUPLICATE_DIFFERENT_PRICING|COMPLEX_TIME_OR_DURATION_PRICING|NO_DETERMINISTIC_LOCAL_IRVE_MATCH|UNPUBLISHED_SOURCE_EVSE","b924c8f72ae211d0","0","","4","0","3"
"1","FRGLYPLYON179","","757838","MAT080721","3937085","MAT-080721","IEC_62196_T2_COMBO:238kW","2026-10-04T14:01:56.153Z","false","SOURCE_DUPLICATE_DIFFERENT_PRICING|COMPLEX_TIME_OR_DURATION_PRICING|NO_DETERMINISTIC_LOCAL_IRVE_MATCH|UNPUBLISHED_SOURCE_EVSE","b924c8f72ae211d0","0","","4","0","3"
"1","FRGLYPLYON179","","757838","MAT980721","983343","MAT-980721","CHADEMO:50kW;IEC_62196_T2_COMBO:50kW","2026-10-04T14:01:56.153Z","false","SOURCE_DUPLICATE_DIFFERENT_PRICING|MULTIPLE_CONNECTOR_POWER_NEEDS_PER_CONNECTOR_MATCH|COMPLEX_TIME_OR_DURATION_PRICING|NO_DETERMINISTIC_LOCAL_IRVE_MATCH|UNPUBLISHED_SOURCE_EVSE","af4c75bcf4fd3fad","0","","4","0","2"
"1","FRGLYPLYON179","","757838","MAT980721","983345","MAT-980721","IEC_62196_T2:43kW","2026-10-04T14:01:56.153Z","false","SOURCE_DUPLICATE_DIFFERENT_PRICING|COMPLEX_TIME_OR_DURATION_PRICING|NO_DETERMINISTIC_LOCAL_IRVE_MATCH|UNPUBLISHED_SOURCE_EVSE","e6c24f1096245fca","0","","4","0","2"
"1","FRGLYPLYON180","","775853","MAT925338","1027451","MAT-925338","IEC_62196_T2_COMBO:43kW;CHADEMO:50kW","2026-10-04T13:24:22.469Z","false","SOURCE_DUPLICATE_DIFFERENT_PRICING|MULTIPLE_CONNECTOR_POWER_NEEDS_PER_CONNECTOR_MATCH|COMPLEX_TIME_OR_DURATION_PRICING|NO_DETERMINISTIC_LOCAL_IRVE_MATCH|UNPUBLISHED_SOURCE_EVSE","aa0952ca3700d631","0","","4","0","2"
"1","FRGLYPLYON180","","775853","MAT925338","1027452","MAT-925338","IEC_62196_T2:43kW","2026-10-04T13:24:22.469Z","false","SOURCE_DUPLICATE_DIFFERENT_PRICING|COMPLEX_TIME_OR_DURATION_PRICING|NO_DETERMINISTIC_LOCAL_IRVE_MATCH|UNPUBLISHED_SOURCE_EVSE","e6c24f1096245fca","0","","4","0","2"
"1","FRGLYPLYON180","","775853","MAT025885","4194845","MAT-025885","IEC_62196_T2_COMBO:238kW","2026-10-04T13:24:22.469Z","false","SOURCE_DUPLICATE_DIFFERENT_PRICING|COMPLEX_TIME_OR_DURATION_PRICING|NO_DETERMINISTIC_LOCAL_IRVE_MATCH|UNPUBLISHED_SOURCE_EVSE","b924c8f72ae211d0","0","","4","0","3"
"1","FRGLYPLYON180","","775853","MAT025885","4194847","MAT-025885","IEC_62196_T2:22kW","2026-10-04T13:24:22.469Z","false","SOURCE_DUPLICATE_DIFFERENT_PRICING|COMPLEX_TIME_OR_DURATION_PRICING|NO_DETERMINISTIC_LOCAL_IRVE_MATCH|UNPUBLISHED_SOURCE_EVSE","e6acc86bf83d56b4","0","","4","0","3"
"1","FRGLYPLYON180","","775853","MAT025885","4194850","MAT-025885","IEC_62196_T2_COMBO:238kW","2026-10-04T13:24:22.469Z","false","SOURCE_DUPLICATE_DIFFERENT_PRICING|COMPLEX_TIME_OR_DURATION_PRICING|NO_DETERMINISTIC_LOCAL_IRVE_MATCH|UNPUBLISHED_SOURCE_EVSE","b924c8f72ae211d0","0","","4","0","3"
"1","FRGLYPLYON181","","739755","MAT025884","4227499","MAT-025884","IEC_62196_T2:22kW","2026-10-04T14:01:26.916Z","false","SOURCE_DUPLICATE_DIFFERENT_PRICING|COMPLEX_TIME_OR_DURATION_PRICING|NO_DETERMINISTIC_LOCAL_IRVE_MATCH|UNPUBLISHED_SOURCE_EVSE","e6acc86bf83d56b4","0","","4","0","3"
"1","FRGLYPLYON181","","739755","MAT025884","4227500","MAT-025884","IEC_62196_T2_COMBO:238kW","2026-10-04T14:01:26.916Z","false","SOURCE_DUPLICATE_DIFFERENT_PRICING|COMPLEX_TIME_OR_DURATION_PRICING|NO_DETERMINISTIC_LOCAL_IRVE_MATCH|UNPUBLISHED_SOURCE_EVSE","b924c8f72ae211d0","0","","4","0","3"
"1","FRGLYPLYON181","","739755","MAT025884","4227501","MAT-025884","IEC_62196_T2_COMBO:238kW","2026-10-04T14:01:26.916Z","false","SOURCE_DUPLICATE_DIFFERENT_PRICING|COMPLEX_TIME_OR_DURATION_PRICING|NO_DETERMINISTIC_LOCAL_IRVE_MATCH|UNPUBLISHED_SOURCE_EVSE","b924c8f72ae211d0","0","","4","0","3"
"1","FRGLYPLYON181","","739755","MAT025318","957823","MAT-025318","IEC_62196_T2:43kW","2026-10-04T14:01:26.916Z","false","SOURCE_DUPLICATE_DIFFERENT_PRICING|COMPLEX_TIME_OR_DURATION_PRICING|NO_DETERMINISTIC_LOCAL_IRVE_MATCH|UNPUBLISHED_SOURCE_EVSE","e6c24f1096245fca","0","","4","0","2"
"1","FRGLYPLYON181","","739755","MAT025318","957824","MAT-025318","CHADEMO:50kW;IEC_62196_T2_COMBO:50kW","2026-10-04T14:01:26.916Z","false","SOURCE_DUPLICATE_DIFFERENT_PRICING|MULTIPLE_CONNECTOR_POWER_NEEDS_PER_CONNECTOR_MATCH|COMPLEX_TIME_OR_DURATION_PRICING|NO_DETERMINISTIC_LOCAL_IRVE_MATCH|UNPUBLISHED_SOURCE_EVSE","af4c75bcf4fd3fad","0","","4","0","2"
"1","FRGLYPLYON182","","683029","MAT025323","1783557","MAT-025323","DOMESTIC_F:2kW;IEC_62196_T2:7kW","2026-10-04T13:14:54.854Z","true","SOURCE_DUPLICATE_DIFFERENT_PRICING|MULTIPLE_CONNECTOR_POWER_NEEDS_PER_CONNECTOR_MATCH|COMPLEX_TIME_OR_DURATION_PRICING","a58f7894a607f4e6","0","","2","0","2"
"1","FRGLYPLYON182","","683029","MAT025323","922205","MAT-025323","DOMESTIC_F:2kW;IEC_62196_T2:4kW","2026-10-04T13:14:54.854Z","true","SOURCE_DUPLICATE_DIFFERENT_PRICING|MULTIPLE_CONNECTOR_POWER_NEEDS_PER_CONNECTOR_MATCH|COMPLEX_TIME_OR_DURATION_PRICING","9bd19f3fed23f03d","0","","2","0","2"
"1","FRGLYPLYON184","","837605","MAT025343","1185306","MAT-025343","CHADEMO:32kW;IEC_62196_T2_COMBO:32kW","2026-09-28T09:54:08.445Z","true","SOURCE_DUPLICATE_DIFFERENT_PRICING|MULTIPLE_CONNECTOR_POWER_NEEDS_PER_CONNECTOR_MATCH|COMPLEX_TIME_OR_DURATION_PRICING","549902526b3aafd1","0","","4","0","2"
"1","FRGLYPLYON184","","837605","MAT025343","1185310","MAT-025343","IEC_62196_T2:22kW","2026-09-28T09:54:08.445Z","true","SOURCE_DUPLICATE_DIFFERENT_PRICING|COMPLEX_TIME_OR_DURATION_PRICING","e6acc86bf83d56b4","0","","4","0","2"
"1","FRGLYPLYON184","","837605","MAT025344","1185313","MAT-025344","CHADEMO:32kW;IEC_62196_T2_COMBO:32kW","2026-09-28T09:54:08.445Z","true","SOURCE_DUPLICATE_DIFFERENT_PRICING|MULTIPLE_CONNECTOR_POWER_NEEDS_PER_CONNECTOR_MATCH|COMPLEX_TIME_OR_DURATION_PRICING","549902526b3aafd1","0","","4","0","2"
"1","FRGLYPLYON184","","837605","MAT025344","1185315","MAT-025344","IEC_62196_T2:22kW","2026-09-28T09:54:08.445Z","true","SOURCE_DUPLICATE_DIFFERENT_PRICING|COMPLEX_TIME_OR_DURATION_PRICING","e6acc86bf83d56b4","0","","4","0","2"
"1","FRGLYPLYON185","","837621","MAT025346","1185346","MAT-025346","IEC_62196_T2_COMBO:43kW;CHADEMO:50kW","2026-09-28T09:54:19.918Z","false","SOURCE_DUPLICATE_DIFFERENT_PRICING|MULTIPLE_CONNECTOR_POWER_NEEDS_PER_CONNECTOR_MATCH|COMPLEX_TIME_OR_DURATION_PRICING|NO_DETERMINISTIC_LOCAL_IRVE_MATCH|UNPUBLISHED_SOURCE_EVSE","aa0952ca3700d631","0","","4","0","2"
"1","FRGLYPLYON185","","837621","MAT025346","1783488","MAT-025346","IEC_62196_T2:43kW","2026-09-28T09:54:19.918Z","false","SOURCE_DUPLICATE_DIFFERENT_PRICING|COMPLEX_TIME_OR_DURATION_PRICING|NO_DETERMINISTIC_LOCAL_IRVE_MATCH|UNPUBLISHED_SOURCE_EVSE","e6c24f1096245fca","0","","4","0","2"
"1","FRGLYPLYON185","","837621","MAT080724","3940133","MAT-080724","IEC_62196_T2_COMBO:238kW","2026-09-28T09:54:19.918Z","false","SOURCE_DUPLICATE_DIFFERENT_PRICING|COMPLEX_TIME_OR_DURATION_PRICING|NO_DETERMINISTIC_LOCAL_IRVE_MATCH|UNPUBLISHED_SOURCE_EVSE","b924c8f72ae211d0","0","","4","0","3"
"1","FRGLYPLYON185","","837621","MAT080724","3940137","MAT-080724","IEC_62196_T2:22kW","2026-09-28T09:54:19.918Z","false","SOURCE_DUPLICATE_DIFFERENT_PRICING|COMPLEX_TIME_OR_DURATION_PRICING|NO_DETERMINISTIC_LOCAL_IRVE_MATCH|UNPUBLISHED_SOURCE_EVSE","e6acc86bf83d56b4","0","","4","0","3"
"1","FRGLYPLYON185","","837621","MAT080724","3940139","MAT-080724","IEC_62196_T2_COMBO:238kW","2026-09-28T09:54:19.918Z","false","SOURCE_DUPLICATE_DIFFERENT_PRICING|COMPLEX_TIME_OR_DURATION_PRICING|NO_DETERMINISTIC_LOCAL_IRVE_MATCH|UNPUBLISHED_SOURCE_EVSE","b924c8f72ae211d0","0","","4","0","3"
"1","FRGLYPLYON187","","878283","MAT025348","1306958","MAT-025348","CHADEMO:32kW;IEC_62196_T2_COMBO:32kW","2026-09-28T10:02:05.314Z","true","SOURCE_DUPLICATE_DIFFERENT_PRICING|MULTIPLE_CONNECTOR_POWER_NEEDS_PER_CONNECTOR_MATCH|COMPLEX_TIME_OR_DURATION_PRICING","549902526b3aafd1","0","","4","0","2"
"1","FRGLYPLYON187","","878283","MAT025348","1306964","MAT-025348","IEC_62196_T2:22kW","2026-09-28T10:02:05.314Z","true","SOURCE_DUPLICATE_DIFFERENT_PRICING|COMPLEX_TIME_OR_DURATION_PRICING","e6acc86bf83d56b4","0","","4","0","2"
"1","FRGLYPLYON187","","878283","MAT025349","1306968","MAT-025349","CHADEMO:32kW;IEC_62196_T2_COMBO:32kW","2026-09-28T10:02:05.314Z","true","SOURCE_DUPLICATE_DIFFERENT_PRICING|MULTIPLE_CONNECTOR_POWER_NEEDS_PER_CONNECTOR_MATCH|COMPLEX_TIME_OR_DURATION_PRICING","549902526b3aafd1","0","","4","0","2"
"1","FRGLYPLYON187","","878283","MAT025349","1306972","MAT-025349","IEC_62196_T2:22kW","2026-09-28T10:02:05.314Z","true","SOURCE_DUPLICATE_DIFFERENT_PRICING|COMPLEX_TIME_OR_DURATION_PRICING","e6acc86bf83d56b4","0","","4","0","2"
"1","FRGLYPLYON188","","1021100","MAT025814","1424122","MAT-025814","CHADEMO:32kW;IEC_62196_T2_COMBO:32kW","2026-09-26T21:54:06.429Z","true","SOURCE_DUPLICATE_DIFFERENT_PRICING|MULTIPLE_CONNECTOR_POWER_NEEDS_PER_CONNECTOR_MATCH|COMPLEX_TIME_OR_DURATION_PRICING","549902526b3aafd1","0","","4","0","2"
"1","FRGLYPLYON188","","1021100","MAT025814","1424124","MAT-025814","IEC_62196_T2:22kW","2026-09-26T21:54:06.429Z","true","SOURCE_DUPLICATE_DIFFERENT_PRICING|COMPLEX_TIME_OR_DURATION_PRICING","599c105771518bf6","0","","4","0","2"
"1","FRGLYPLYON188","","1021100","MAT025815","1424125","MAT-025815","CHADEMO:32kW;IEC_62196_T2_COMBO:32kW","2026-09-26T21:54:06.429Z","true","SOURCE_DUPLICATE_DIFFERENT_PRICING|MULTIPLE_CONNECTOR_POWER_NEEDS_PER_CONNECTOR_MATCH|COMPLEX_TIME_OR_DURATION_PRICING","549902526b3aafd1","0","","4","0","2"
"1","FRGLYPLYON188","","1021100","MAT025815","1424127","MAT-025815","IEC_62196_T2:22kW","2026-09-26T21:54:06.429Z","true","SOURCE_DUPLICATE_DIFFERENT_PRICING|COMPLEX_TIME_OR_DURATION_PRICING","599c105771518bf6","0","","4","0","2"
"1","FRGLYPLYON189","","1029694","MAT025816","1424094","MAT-025816","CHADEMO:32kW;IEC_62196_T2_COMBO:32kW","2026-09-26T21:55:45.022Z","true","SOURCE_DUPLICATE_DIFFERENT_PRICING|MULTIPLE_CONNECTOR_POWER_NEEDS_PER_CONNECTOR_MATCH|COMPLEX_TIME_OR_DURATION_PRICING","549902526b3aafd1","0","","4","0","2"
"1","FRGLYPLYON189","","1029694","MAT025816","1424097","MAT-025816","IEC_62196_T2:22kW","2026-09-26T21:55:45.022Z","true","SOURCE_DUPLICATE_DIFFERENT_PRICING|COMPLEX_TIME_OR_DURATION_PRICING","599c105771518bf6","0","","4","0","2"
"1","FRGLYPLYON189","","1029694","MAT025817","1424100","MAT-025817","CHADEMO:32kW;IEC_62196_T2_COMBO:32kW","2026-09-26T21:55:45.022Z","true","SOURCE_DUPLICATE_DIFFERENT_PRICING|MULTIPLE_CONNECTOR_POWER_NEEDS_PER_CONNECTOR_MATCH|COMPLEX_TIME_OR_DURATION_PRICING","549902526b3aafd1","0","","4","0","2"
"1","FRGLYPLYON189","","1029694","MAT025817","1424103","MAT-025817","IEC_62196_T2:22kW","2026-09-26T21:55:45.022Z","true","SOURCE_DUPLICATE_DIFFERENT_PRICING|COMPLEX_TIME_OR_DURATION_PRICING","599c105771518bf6","0","","4","0","2"
"1","FRGLYPLYON190","","1040049","MAT025820","1437851","MAT-025820","CHADEMO:32kW;IEC_62196_T2_COMBO:32kW","2026-09-26T21:58:09.561Z","true","SOURCE_DUPLICATE_DIFFERENT_PRICING|MULTIPLE_CONNECTOR_POWER_NEEDS_PER_CONNECTOR_MATCH|COMPLEX_TIME_OR_DURATION_PRICING","549902526b3aafd1","0","","4","0","2"
"1","FRGLYPLYON190","","1040049","MAT025820","1437852","MAT-025820","IEC_62196_T2:22kW","2026-09-26T21:58:09.561Z","true","SOURCE_DUPLICATE_DIFFERENT_PRICING|COMPLEX_TIME_OR_DURATION_PRICING","599c105771518bf6","0","","4","0","2"
"1","FRGLYPLYON190","","1040049","MAT025821","1437853","MAT-025821","CHADEMO:32kW;IEC_62196_T2_COMBO:32kW","2026-09-26T21:58:09.561Z","true","SOURCE_DUPLICATE_DIFFERENT_PRICING|MULTIPLE_CONNECTOR_POWER_NEEDS_PER_CONNECTOR_MATCH|COMPLEX_TIME_OR_DURATION_PRICING","549902526b3aafd1","0","","4","0","2"
"1","FRGLYPLYON190","","1040049","MAT025821","1437854","MAT-025821","IEC_62196_T2:22kW","2026-09-26T21:58:09.561Z","true","SOURCE_DUPLICATE_DIFFERENT_PRICING|COMPLEX_TIME_OR_DURATION_PRICING","599c105771518bf6","0","","4","0","2"
"1","FRGLYPLYON191","","878285","MAT025812","1313516","MAT-025812","CHADEMO:32kW;IEC_62196_T2_COMBO:32kW","2026-09-28T10:02:07.111Z","true","SOURCE_DUPLICATE_DIFFERENT_PRICING|MULTIPLE_CONNECTOR_POWER_NEEDS_PER_CONNECTOR_MATCH|COMPLEX_TIME_OR_DURATION_PRICING","549902526b3aafd1","0","","4","0","2"
"1","FRGLYPLYON191","","878285","MAT025812","1313524","MAT-025812","IEC_62196_T2:22kW","2026-09-28T10:02:07.111Z","true","SOURCE_DUPLICATE_DIFFERENT_PRICING|COMPLEX_TIME_OR_DURATION_PRICING","e6acc86bf83d56b4","0","","4","0","2"
"1","FRGLYPLYON191","","878285","MAT025813","1313533","MAT-025813","CHADEMO:32kW;IEC_62196_T2_COMBO:32kW","2026-09-28T10:02:07.111Z","true","SOURCE_DUPLICATE_DIFFERENT_PRICING|MULTIPLE_CONNECTOR_POWER_NEEDS_PER_CONNECTOR_MATCH|COMPLEX_TIME_OR_DURATION_PRICING","549902526b3aafd1","0","","4","0","2"
"1","FRGLYPLYON191","","878285","MAT025813","1313544","MAT-025813","IEC_62196_T2:22kW","2026-09-28T10:02:07.111Z","true","SOURCE_DUPLICATE_DIFFERENT_PRICING|COMPLEX_TIME_OR_DURATION_PRICING","e6acc86bf83d56b4","0","","4","0","2"
"1","FRGLYPLYON192","","1058152","MAT025823","1463304","MAT-025823","CHADEMO:50kW;IEC_62196_T2_COMBO:50kW","2026-10-04T07:15:20.245Z","false","SOURCE_DUPLICATE_DIFFERENT_PRICING|MULTIPLE_CONNECTOR_POWER_NEEDS_PER_CONNECTOR_MATCH|COMPLEX_TIME_OR_DURATION_PRICING|NO_DETERMINISTIC_LOCAL_IRVE_MATCH|UNPUBLISHED_SOURCE_EVSE","af4c75bcf4fd3fad","0","","4","0","2"
"1","FRGLYPLYON192","","1058152","MAT025823","1463310","MAT-025823","IEC_62196_T2:43kW","2026-10-04T07:15:20.245Z","false","SOURCE_DUPLICATE_DIFFERENT_PRICING|COMPLEX_TIME_OR_DURATION_PRICING|NO_DETERMINISTIC_LOCAL_IRVE_MATCH|UNPUBLISHED_SOURCE_EVSE","e6c24f1096245fca","0","","4","0","2"
"1","FRGLYPLYON192","","1058152","MAT025883","4227748","MAT-025883","IEC_62196_T2_COMBO:238kW","2026-10-04T07:15:20.245Z","false","SOURCE_DUPLICATE_DIFFERENT_PRICING|COMPLEX_TIME_OR_DURATION_PRICING|NO_DETERMINISTIC_LOCAL_IRVE_MATCH|UNPUBLISHED_SOURCE_EVSE","b924c8f72ae211d0","0","","4","0","3"
"1","FRGLYPLYON192","","1058152","MAT025883","4227749","MAT-025883","IEC_62196_T2_COMBO:238kW","2026-10-04T07:15:20.245Z","false","SOURCE_DUPLICATE_DIFFERENT_PRICING|COMPLEX_TIME_OR_DURATION_PRICING|NO_DETERMINISTIC_LOCAL_IRVE_MATCH|UNPUBLISHED_SOURCE_EVSE","b924c8f72ae211d0","0","","4","0","3"
"1","FRGLYPLYON192","","1058152","MAT025883","4227750","MAT-025883","IEC_62196_T2:22kW","2026-10-04T07:15:20.245Z","false","SOURCE_DUPLICATE_DIFFERENT_PRICING|COMPLEX_TIME_OR_DURATION_PRICING|NO_DETERMINISTIC_LOCAL_IRVE_MATCH|UNPUBLISHED_SOURCE_EVSE","e6acc86bf83d56b4","0","","4","0","3"
"1","FRGLYPLYON193","","1005321","MAT025818","1390306","MAT-025818","CHADEMO:32kW;IEC_62196_T2_COMBO:32kW","2026-09-26T21:52:55.319Z","true","SOURCE_DUPLICATE_DIFFERENT_PRICING|MULTIPLE_CONNECTOR_POWER_NEEDS_PER_CONNECTOR_MATCH|COMPLEX_TIME_OR_DURATION_PRICING","549902526b3aafd1","0","","2","0","2"
"1","FRGLYPLYON193","","1005321","MAT025818","1390307","MAT-025818","IEC_62196_T2:22kW","2026-09-26T21:52:55.319Z","true","SOURCE_DUPLICATE_DIFFERENT_PRICING|COMPLEX_TIME_OR_DURATION_PRICING","599c105771518bf6","0","","2","0","2"
"1","FRGLYPLYON194","","1097087","MAT025822","1530889","MAT-025822","IEC_62196_T2:22kW","2026-10-04T06:02:18.308Z","true","SOURCE_DUPLICATE_DIFFERENT_PRICING|COMPLEX_TIME_OR_DURATION_PRICING","e6acc86bf83d56b4","0","","2","0","2"
"1","FRGLYPLYON194","","1097087","MAT025822","1530893","MAT-025822","CHADEMO:32kW;IEC_62196_T2_COMBO:32kW","2026-10-04T06:02:18.308Z","true","SOURCE_DUPLICATE_DIFFERENT_PRICING|MULTIPLE_CONNECTOR_POWER_NEEDS_PER_CONNECTOR_MATCH|COMPLEX_TIME_OR_DURATION_PRICING","549902526b3aafd1","0","","2","0","2"
"1","FRGLYPLYON195","","1029700","MAT025819","1424120","MAT-025819","IEC_62196_T2:22kW","2026-09-26T21:55:47.346Z","true","SOURCE_DUPLICATE_DIFFERENT_PRICING|COMPLEX_TIME_OR_DURATION_PRICING","599c105771518bf6","0","","2","0","2"
"1","FRGLYPLYON195","","1029700","MAT025819","1424121","MAT-025819","CHADEMO:32kW;IEC_62196_T2_COMBO:32kW","2026-09-26T21:55:47.346Z","true","SOURCE_DUPLICATE_DIFFERENT_PRICING|MULTIPLE_CONNECTOR_POWER_NEEDS_PER_CONNECTOR_MATCH|COMPLEX_TIME_OR_DURATION_PRICING","549902526b3aafd1","0","","2","0","2"
"1","FRGLYPLYON196","","1081702","MAT025824","1493882","MAT-025824","CHADEMO:32kW;IEC_62196_T2_COMBO:32kW","2026-10-04T07:18:03.633Z","true","SOURCE_DUPLICATE_DIFFERENT_PRICING|MULTIPLE_CONNECTOR_POWER_NEEDS_PER_CONNECTOR_MATCH|COMPLEX_TIME_OR_DURATION_PRICING","549902526b3aafd1","0","","2","0","2"
"1","FRGLYPLYON196","","1081702","MAT025824","1493887","MAT-025824","IEC_62196_T2:22kW","2026-10-04T07:18:03.633Z","true","SOURCE_DUPLICATE_DIFFERENT_PRICING|COMPLEX_TIME_OR_DURATION_PRICING","e6acc86bf83d56b4","0","","2","0","2"
"1","FRGLYPLYON197","","1219846","MAT028825","1784944","MAT-028825","IEC_62196_T2:22kW","2026-10-04T06:14:32.352Z","true","SOURCE_DUPLICATE_DIFFERENT_PRICING|COMPLEX_TIME_OR_DURATION_PRICING","e6acc86bf83d56b4","0","","2","0","2"
"1","FRGLYPLYON197","","1219846","MAT028825","1784951","MAT-028825","CHADEMO:32kW;IEC_62196_T2_COMBO:32kW","2026-10-04T06:14:32.352Z","true","SOURCE_DUPLICATE_DIFFERENT_PRICING|MULTIPLE_CONNECTOR_POWER_NEEDS_PER_CONNECTOR_MATCH|COMPLEX_TIME_OR_DURATION_PRICING","549902526b3aafd1","0","","2","0","2"
"1","FRGLYPLYON198","","1219873","MAT025826","1785009","MAT-025826","IEC_62196_T2:22kW","2026-10-04T06:14:41.467Z","true","SOURCE_DUPLICATE_DIFFERENT_PRICING|COMPLEX_TIME_OR_DURATION_PRICING","e6acc86bf83d56b4","0","","2","0","2"
"1","FRGLYPLYON198","","1219873","MAT025826","1785023","MAT-025826","CHADEMO:32kW;IEC_62196_T2_COMBO:32kW","2026-10-04T06:14:41.467Z","true","SOURCE_DUPLICATE_DIFFERENT_PRICING|MULTIPLE_CONNECTOR_POWER_NEEDS_PER_CONNECTOR_MATCH|COMPLEX_TIME_OR_DURATION_PRICING","549902526b3aafd1","0","","2","0","2"
"1","FRGLYPLYON199","","1219797","MAT025828","1784809","MAT-025828","CHADEMO:32kW;IEC_62196_T2_COMBO:32kW","2026-10-04T06:14:14.685Z","true","SOURCE_DUPLICATE_DIFFERENT_PRICING|MULTIPLE_CONNECTOR_POWER_NEEDS_PER_CONNECTOR_MATCH|COMPLEX_TIME_OR_DURATION_PRICING","549902526b3aafd1","0","","2","0","2"
"1","FRGLYPLYON199","","1219797","MAT025828","1784815","MAT-025828","IEC_62196_T2:22kW","2026-10-04T06:14:14.685Z","true","SOURCE_DUPLICATE_DIFFERENT_PRICING|COMPLEX_TIME_OR_DURATION_PRICING","e6acc86bf83d56b4","0","","2","0","2"
"1","FRGLYPLYON2","","551576","MAT008801","935074","MAT-008801","DOMESTIC_F:2kW;IEC_62196_T2:7kW","2026-10-04T12:39:28.859Z","true","SOURCE_DUPLICATE_DIFFERENT_PRICING|MULTIPLE_CONNECTOR_POWER_NEEDS_PER_CONNECTOR_MATCH|COMPLEX_TIME_OR_DURATION_PRICING","a58f7894a607f4e6","0","","4","0","2"
"1","FRGLYPLYON2","","551576","MAT008801","935075","MAT-008801","DOMESTIC_F:2kW;IEC_62196_T2:4kW","2026-10-04T12:39:28.859Z","true","SOURCE_DUPLICATE_DIFFERENT_PRICING|MULTIPLE_CONNECTOR_POWER_NEEDS_PER_CONNECTOR_MATCH|COMPLEX_TIME_OR_DURATION_PRICING","9bd19f3fed23f03d","0","","4","0","2"
"1","FRGLYPLYON2","","551576","MAT008802","935076","MAT-008802","DOMESTIC_F:2kW;IEC_62196_T2:7kW","2026-10-04T12:39:28.859Z","true","SOURCE_DUPLICATE_DIFFERENT_PRICING|MULTIPLE_CONNECTOR_POWER_NEEDS_PER_CONNECTOR_MATCH|COMPLEX_TIME_OR_DURATION_PRICING","a58f7894a607f4e6","0","","4","0","2"
"1","FRGLYPLYON2","","551576","MAT008802","935077","MAT-008802","DOMESTIC_F:2kW;IEC_62196_T2:4kW","2026-10-04T12:39:28.859Z","true","SOURCE_DUPLICATE_DIFFERENT_PRICING|MULTIPLE_CONNECTOR_POWER_NEEDS_PER_CONNECTOR_MATCH|COMPLEX_TIME_OR_DURATION_PRICING","9bd19f3fed23f03d","0","","4","0","2"
"1","FRGLYPLYON20","","570101","MAT008857","935229","MAT-008857","DOMESTIC_F:2kW;IEC_62196_T2:4kW","2026-10-04T12:45:59.101Z","true","SOURCE_DUPLICATE_DIFFERENT_PRICING|MULTIPLE_CONNECTOR_POWER_NEEDS_PER_CONNECTOR_MATCH|COMPLEX_TIME_OR_DURATION_PRICING","9bd19f3fed23f03d","0","","4","0","2"
"1","FRGLYPLYON20","","570101","MAT008857","942248","MAT-008857","DOMESTIC_F:2kW;IEC_62196_T2:7kW","2026-10-04T12:45:59.101Z","true","SOURCE_DUPLICATE_DIFFERENT_PRICING|MULTIPLE_CONNECTOR_POWER_NEEDS_PER_CONNECTOR_MATCH|COMPLEX_TIME_OR_DURATION_PRICING","a58f7894a607f4e6","0","","4","0","2"
"1","FRGLYPLYON200","","1219641","MAT025829","1783855","MAT-025829","CHADEMO:32kW;IEC_62196_T2_COMBO:32kW","2026-10-04T07:23:48.365Z","true","SOURCE_DUPLICATE_DIFFERENT_PRICING|MULTIPLE_CONNECTOR_POWER_NEEDS_PER_CONNECTOR_MATCH|COMPLEX_TIME_OR_DURATION_PRICING","549902526b3aafd1","0","","2","0","2"
"1","FRGLYPLYON200","","1219641","MAT025829","1783865","MAT-025829","IEC_62196_T2:22kW","2026-10-04T07:23:48.365Z","true","SOURCE_DUPLICATE_DIFFERENT_PRICING|COMPLEX_TIME_OR_DURATION_PRICING","e6acc86bf83d56b4","0","","2","0","2"
"1","FRGLYPLYON201","","1213673","MAT025833","1784986","MAT-025833","IEC_62196_T2:22kW","2026-10-04T06:06:38.749Z","true","SOURCE_DUPLICATE_DIFFERENT_PRICING|COMPLEX_TIME_OR_DURATION_PRICING","e6acc86bf83d56b4","0","","2","0","2"
"1","FRGLYPLYON201","","1213673","MAT025833","1784995","MAT-025833","CHADEMO:32kW;IEC_62196_T2_COMBO:32kW","2026-10-04T06:06:38.749Z","true","SOURCE_DUPLICATE_DIFFERENT_PRICING|MULTIPLE_CONNECTOR_POWER_NEEDS_PER_CONNECTOR_MATCH|COMPLEX_TIME_OR_DURATION_PRICING","549902526b3aafd1","0","","2","0","2"
"1","FRGLYPLYON202","","1219626","MAT025832","1783785","MAT-025832","IEC_62196_T2:22kW","2026-10-04T07:23:41.172Z","true","SOURCE_DUPLICATE_DIFFERENT_PRICING|COMPLEX_TIME_OR_DURATION_PRICING","e6acc86bf83d56b4","0","","2","0","2"
"1","FRGLYPLYON202","","1219626","MAT025832","1783788","MAT-025832","CHADEMO:32kW;IEC_62196_T2_COMBO:32kW","2026-10-04T07:23:41.172Z","true","SOURCE_DUPLICATE_DIFFERENT_PRICING|MULTIPLE_CONNECTOR_POWER_NEEDS_PER_CONNECTOR_MATCH|COMPLEX_TIME_OR_DURATION_PRICING","549902526b3aafd1","0","","2","0","2"
"1","FRGLYPLYON203","","1097594","MAT025831","1785033","MAT-025831","CHADEMO:32kW;IEC_62196_T2_COMBO:32kW","2026-10-04T06:02:29.002Z","true","SOURCE_DUPLICATE_DIFFERENT_PRICING|MULTIPLE_CONNECTOR_POWER_NEEDS_PER_CONNECTOR_MATCH|COMPLEX_TIME_OR_DURATION_PRICING","549902526b3aafd1","0","","2","0","2"
"1","FRGLYPLYON203","","1097594","MAT025831","1785047","MAT-025831","IEC_62196_T2:22kW","2026-10-04T06:02:29.002Z","true","SOURCE_DUPLICATE_DIFFERENT_PRICING|COMPLEX_TIME_OR_DURATION_PRICING","e6acc86bf83d56b4","0","","2","0","2"
"1","FRGLYPLYON204","","1167727","MAT025835","1784688","MAT-025835","IEC_62196_T2:22kW","2026-10-04T06:04:44.747Z","true","SOURCE_DUPLICATE_DIFFERENT_PRICING|COMPLEX_TIME_OR_DURATION_PRICING","e6acc86bf83d56b4","0","","2","0","2"
"1","FRGLYPLYON204","","1167727","MAT025835","1784692","MAT-025835","CHADEMO:32kW;IEC_62196_T2_COMBO:32kW","2026-10-04T06:04:44.747Z","true","SOURCE_DUPLICATE_DIFFERENT_PRICING|MULTIPLE_CONNECTOR_POWER_NEEDS_PER_CONNECTOR_MATCH|COMPLEX_TIME_OR_DURATION_PRICING","549902526b3aafd1","0","","2","0","2"
"1","FRGLYPLYON205","","1752041","MAT025840","2274669","MAT-025840","IEC_62196_T2_COMBO:238kW","2026-10-04T06:39:05.446Z","false","SOURCE_DUPLICATE_DIFFERENT_PRICING|COMPLEX_TIME_OR_DURATION_PRICING|NO_DETERMINISTIC_LOCAL_IRVE_MATCH|UNPUBLISHED_SOURCE_EVSE","b924c8f72ae211d0","0","","3","0","3"
"1","FRGLYPLYON205","","1752041","MAT025840","2274670","MAT-025840","IEC_62196_T2:22kW","2026-10-04T06:39:05.446Z","false","SOURCE_DUPLICATE_DIFFERENT_PRICING|COMPLEX_TIME_OR_DURATION_PRICING|NO_DETERMINISTIC_LOCAL_IRVE_MATCH|UNPUBLISHED_SOURCE_EVSE","e6acc86bf83d56b4","0","","3","0","3"
"1","FRGLYPLYON205","","1752041","MAT025840","2274671","MAT-025840","IEC_62196_T2_COMBO:238kW","2026-10-04T06:39:05.446Z","false","SOURCE_DUPLICATE_DIFFERENT_PRICING|COMPLEX_TIME_OR_DURATION_PRICING|NO_DETERMINISTIC_LOCAL_IRVE_MATCH|UNPUBLISHED_SOURCE_EVSE","b924c8f72ae211d0","0","","3","0","3"
"1","FRGLYPLYON206","","1219837","MAT025836","1784905","MAT-025836","IEC_62196_T2_COMBO:238kW","2026-10-04T06:14:26.618Z","false","SOURCE_DUPLICATE_DIFFERENT_PRICING|COMPLEX_TIME_OR_DURATION_PRICING|NO_DETERMINISTIC_LOCAL_IRVE_MATCH|UNPUBLISHED_SOURCE_EVSE","b924c8f72ae211d0","0","","3","0","3"
"1","FRGLYPLYON206","","1219837","MAT025836","1784913","MAT-025836","IEC_62196_T2_COMBO:238kW","2026-10-04T06:14:26.618Z","false","SOURCE_DUPLICATE_DIFFERENT_PRICING|COMPLEX_TIME_OR_DURATION_PRICING|NO_DETERMINISTIC_LOCAL_IRVE_MATCH|UNPUBLISHED_SOURCE_EVSE","b924c8f72ae211d0","0","","3","0","3"
"1","FRGLYPLYON206","","1219837","MAT025836","1784918","MAT-025836","IEC_62196_T2:22kW","2026-10-04T06:14:26.618Z","false","SOURCE_DUPLICATE_DIFFERENT_PRICING|COMPLEX_TIME_OR_DURATION_PRICING|NO_DETERMINISTIC_LOCAL_IRVE_MATCH|UNPUBLISHED_SOURCE_EVSE","e6acc86bf83d56b4","0","","3","0","3"
"1","FRGLYPLYON207","","1219625","MAT025842","1783767","MAT-025842","CHADEMO:32kW;IEC_62196_T2_COMBO:32kW","2026-10-04T07:23:40.230Z","true","SOURCE_DUPLICATE_DIFFERENT_PRICING|MULTIPLE_CONNECTOR_POWER_NEEDS_PER_CONNECTOR_MATCH|COMPLEX_TIME_OR_DURATION_PRICING","549902526b3aafd1","0","","4","0","2"
"1","FRGLYPLYON207","","1219625","MAT025841","1783774","MAT-025841","CHADEMO:32kW;IEC_62196_T2_COMBO:32kW","2026-10-04T07:23:40.230Z","true","SOURCE_DUPLICATE_DIFFERENT_PRICING|MULTIPLE_CONNECTOR_POWER_NEEDS_PER_CONNECTOR_MATCH|COMPLEX_TIME_OR_DURATION_PRICING","549902526b3aafd1","0","","4","0","2"
"1","FRGLYPLYON207","","1219625","MAT025842","1783783","MAT-025842","IEC_62196_T2:22kW","2026-10-04T07:23:40.230Z","true","SOURCE_DUPLICATE_DIFFERENT_PRICING|COMPLEX_TIME_OR_DURATION_PRICING","e6acc86bf83d56b4","0","","4","0","2"
"1","FRGLYPLYON207","","1219625","MAT025841","1783787","MAT-025841","IEC_62196_T2:22kW","2026-10-04T07:23:40.230Z","true","SOURCE_DUPLICATE_DIFFERENT_PRICING|COMPLEX_TIME_OR_DURATION_PRICING","e6acc86bf83d56b4","0","","4","0","2"
"1","FRGLYPLYON208","","1219834","MAT025837","1784906","MAT-025837","IEC_62196_T2:22kW","2026-10-04T06:14:26.617Z","true","SOURCE_DUPLICATE_DIFFERENT_PRICING|COMPLEX_TIME_OR_DURATION_PRICING","e6acc86bf83d56b4","0","","2","0","2"
"1","FRGLYPLYON208","","1219834","MAT025837","1784911","MAT-025837","CHADEMO:32kW;IEC_62196_T2_COMBO:32kW","2026-10-04T06:14:26.617Z","true","SOURCE_DUPLICATE_DIFFERENT_PRICING|MULTIPLE_CONNECTOR_POWER_NEEDS_PER_CONNECTOR_MATCH|COMPLEX_TIME_OR_DURATION_PRICING","549902526b3aafd1","0","","2","0","2"
"1","FRGLYPLYON209","","2060296","MAT025849","2512125","MAT-025849","IEC_62196_T2:22kW","2026-10-04T06:58:06.166Z","false","SOURCE_DUPLICATE_DIFFERENT_PRICING|COMPLEX_TIME_OR_DURATION_PRICING|NO_DETERMINISTIC_LOCAL_IRVE_MATCH|UNPUBLISHED_SOURCE_EVSE","e6acc86bf83d56b4","0","","3","0","3"
"1","FRGLYPLYON209","","2060296","MAT025849","2512140","MAT-025849","IEC_62196_T2_COMBO:238kW","2026-10-04T06:58:06.166Z","false","SOURCE_DUPLICATE_DIFFERENT_PRICING|COMPLEX_TIME_OR_DURATION_PRICING|NO_DETERMINISTIC_LOCAL_IRVE_MATCH|UNPUBLISHED_SOURCE_EVSE","b924c8f72ae211d0","0","","3","0","3"
"1","FRGLYPLYON209","","2060296","MAT025849","2512155","MAT-025849","IEC_62196_T2_COMBO:238kW","2026-10-04T06:58:06.166Z","false","SOURCE_DUPLICATE_DIFFERENT_PRICING|COMPLEX_TIME_OR_DURATION_PRICING|NO_DETERMINISTIC_LOCAL_IRVE_MATCH|UNPUBLISHED_SOURCE_EVSE","b924c8f72ae211d0","0","","3","0","3"
"1","FRGLYPLYON210","","4215012","MAT025870","3517117","MAT-025870","IEC_62196_T2:22kW","2026-10-04T10:31:35.536Z","true","SOURCE_DUPLICATE_DIFFERENT_PRICING|COMPLEX_TIME_OR_DURATION_PRICING","e6acc86bf83d56b4","0","","2","0","2"
"1","FRGLYPLYON210","","4215012","MAT025870","3517118","MAT-025870","CHADEMO:32kW;IEC_62196_T2_COMBO:32kW","2026-10-04T10:31:35.536Z","true","SOURCE_DUPLICATE_DIFFERENT_PRICING|MULTIPLE_CONNECTOR_POWER_NEEDS_PER_CONNECTOR_MATCH|COMPLEX_TIME_OR_DURATION_PRICING","549902526b3aafd1","0","","2","0","2"
"1","FRGLYPLYON211","","2147974","MAT025857","2523957","MAT-025857","CHADEMO:32kW;IEC_62196_T2_COMBO:32kW","2026-10-04T06:59:50.776Z","true","SOURCE_DUPLICATE_DIFFERENT_PRICING|MULTIPLE_CONNECTOR_POWER_NEEDS_PER_CONNECTOR_MATCH|COMPLEX_TIME_OR_DURATION_PRICING","549902526b3aafd1","0","","2","0","2"
"1","FRGLYPLYON211","","2147974","MAT025857","2524005","MAT-025857","IEC_62196_T2:22kW","2026-10-04T06:59:50.776Z","true","SOURCE_DUPLICATE_DIFFERENT_PRICING|COMPLEX_TIME_OR_DURATION_PRICING","e6acc86bf83d56b4","0","","2","0","2"
"1","FRGLYPLYON212","","4525358","MAT025860","2523970","MAT-025860","IEC_62196_T2:22kW","2026-10-04T11:24:57.341Z","true","SOURCE_DUPLICATE_DIFFERENT_PRICING|COMPLEX_TIME_OR_DURATION_PRICING","e6acc86bf83d56b4","0","","2","0","2"
"1","FRGLYPLYON212","","4525358","MAT025860","2523985","MAT-025860","CHADEMO:32kW;IEC_62196_T2_COMBO:32kW","2026-10-04T11:24:57.341Z","true","SOURCE_DUPLICATE_DIFFERENT_PRICING|MULTIPLE_CONNECTOR_POWER_NEEDS_PER_CONNECTOR_MATCH|COMPLEX_TIME_OR_DURATION_PRICING","549902526b3aafd1","0","","2","0","2"
"1","FRGLYPLYON213","","2493323","MAT025861","2710084","MAT-025861","IEC_62196_T2:22kW","2026-10-04T07:06:23.340Z","true","SOURCE_DUPLICATE_DIFFERENT_PRICING|COMPLEX_TIME_OR_DURATION_PRICING","e6acc86bf83d56b4","0","","2","0","2"
"1","FRGLYPLYON213","","2493323","MAT025861","2710086","MAT-025861","CHADEMO:32kW;IEC_62196_T2_COMBO:32kW","2026-10-04T07:06:23.340Z","true","SOURCE_DUPLICATE_DIFFERENT_PRICING|MULTIPLE_CONNECTOR_POWER_NEEDS_PER_CONNECTOR_MATCH|COMPLEX_TIME_OR_DURATION_PRICING","549902526b3aafd1","0","","2","0","2"
"1","FRGLYPLYON214","","4243064","MAT025872","3587403","MAT-025872","IEC_62196_T2_COMBO:238kW","2026-10-04T11:52:51.795Z","false","SOURCE_DUPLICATE_DIFFERENT_PRICING|COMPLEX_TIME_OR_DURATION_PRICING|NO_DETERMINISTIC_LOCAL_IRVE_MATCH|UNPUBLISHED_SOURCE_EVSE","b924c8f72ae211d0","0","","3","0","3"
"1","FRGLYPLYON214","","4243064","MAT025872","3587404","MAT-025872","IEC_62196_T2_COMBO:238kW","2026-10-04T11:52:51.795Z","false","SOURCE_DUPLICATE_DIFFERENT_PRICING|COMPLEX_TIME_OR_DURATION_PRICING|NO_DETERMINISTIC_LOCAL_IRVE_MATCH|UNPUBLISHED_SOURCE_EVSE","b924c8f72ae211d0","0","","3","0","3"
"1","FRGLYPLYON214","","4243064","MAT025872","3587405","MAT-025872","IEC_62196_T2:22kW","2026-10-04T11:52:51.795Z","false","SOURCE_DUPLICATE_DIFFERENT_PRICING|COMPLEX_TIME_OR_DURATION_PRICING|NO_DETERMINISTIC_LOCAL_IRVE_MATCH|UNPUBLISHED_SOURCE_EVSE","e6acc86bf83d56b4","0","","3","0","3"
"1","FRGLYPLYON215","","4242983","MAT025868","3587121","MAT-025868","IEC_62196_T2:22kW","2026-10-04T11:51:54.135Z","true","SOURCE_DUPLICATE_DIFFERENT_PRICING|COMPLEX_TIME_OR_DURATION_PRICING","e6acc86bf83d56b4","0","","2","0","2"
"1","FRGLYPLYON215","","4242983","MAT025868","3587122","MAT-025868","CHADEMO:32kW;IEC_62196_T2_COMBO:32kW","2026-10-04T11:51:54.135Z","true","SOURCE_DUPLICATE_DIFFERENT_PRICING|MULTIPLE_CONNECTOR_POWER_NEEDS_PER_CONNECTOR_MATCH|COMPLEX_TIME_OR_DURATION_PRICING","549902526b3aafd1","0","","2","0","2"
"1","FRGLYPLYON216","","4243053","MAT025869","3587351","MAT-025869","IEC_62196_T2:22kW","2026-10-04T11:52:48.318Z","true","SOURCE_DUPLICATE_DIFFERENT_PRICING|COMPLEX_TIME_OR_DURATION_PRICING","e6acc86bf83d56b4","0","","2","0","2"
"1","FRGLYPLYON216","","4243053","MAT025869","3587352","MAT-025869","CHADEMO:32kW;IEC_62196_T2_COMBO:32kW","2026-10-04T11:52:48.318Z","true","SOURCE_DUPLICATE_DIFFERENT_PRICING|MULTIPLE_CONNECTOR_POWER_NEEDS_PER_CONNECTOR_MATCH|COMPLEX_TIME_OR_DURATION_PRICING","549902526b3aafd1","0","","2","0","2"
"1","FRGLYPLYON217","","4238026","MAT025859","3579516","MAT-025859","IEC_62196_T2:22kW","2026-10-04T10:36:12.336Z","true","SOURCE_DUPLICATE_DIFFERENT_PRICING|COMPLEX_TIME_OR_DURATION_PRICING","e6acc86bf83d56b4","0","","2","0","2"
"1","FRGLYPLYON217","","4238026","MAT025859","3585210","MAT-025859","CHADEMO:32kW;IEC_62196_T2_COMBO:32kW","2026-10-04T10:36:12.336Z","true","SOURCE_DUPLICATE_DIFFERENT_PRICING|MULTIPLE_CONNECTOR_POWER_NEEDS_PER_CONNECTOR_MATCH|COMPLEX_TIME_OR_DURATION_PRICING","549902526b3aafd1","0","","2","0","2"
"1","FRGLYPLYON218","","4243033","MAT025888","3587280","MAT-025888","CHADEMO:32kW;IEC_62196_T2_COMBO:32kW","2026-10-04T11:52:27.282Z","true","SOURCE_DUPLICATE_DIFFERENT_PRICING|MULTIPLE_CONNECTOR_POWER_NEEDS_PER_CONNECTOR_MATCH|COMPLEX_TIME_OR_DURATION_PRICING","549902526b3aafd1","0","","2","0","2"
"1","FRGLYPLYON218","","4243033","MAT025888","3587285","MAT-025888","IEC_62196_T2:22kW","2026-10-04T11:52:27.282Z","true","SOURCE_DUPLICATE_DIFFERENT_PRICING|COMPLEX_TIME_OR_DURATION_PRICING","e6acc86bf83d56b4","0","","2","0","2"
"1","FRGLYPLYON22","","398288","MAT008805","934973","MAT-008805","DOMESTIC_F:2kW;IEC_62196_T2:7kW","2026-10-04T10:17:33.213Z","true","SOURCE_DUPLICATE_DIFFERENT_PRICING|MULTIPLE_CONNECTOR_POWER_NEEDS_PER_CONNECTOR_MATCH|COMPLEX_TIME_OR_DURATION_PRICING","a58f7894a607f4e6","0","","4","0","2"
"1","FRGLYPLYON22","","398288","MAT008805","934974","MAT-008805","DOMESTIC_F:2kW;IEC_62196_T2:4kW","2026-10-04T10:17:33.213Z","true","SOURCE_DUPLICATE_DIFFERENT_PRICING|MULTIPLE_CONNECTOR_POWER_NEEDS_PER_CONNECTOR_MATCH|COMPLEX_TIME_OR_DURATION_PRICING","9bd19f3fed23f03d","0","","4","0","2"
"1","FRGLYPLYON22","","398288","MAT008806","934975","MAT-008806","DOMESTIC_F:2kW;IEC_62196_T2:7kW","2026-10-04T10:17:33.213Z","true","SOURCE_DUPLICATE_DIFFERENT_PRICING|MULTIPLE_CONNECTOR_POWER_NEEDS_PER_CONNECTOR_MATCH|COMPLEX_TIME_OR_DURATION_PRICING","a58f7894a607f4e6","0","","4","0","2"
"1","FRGLYPLYON22","","398288","MAT008806","934976","MAT-008806","DOMESTIC_F:2kW;IEC_62196_T2:4kW","2026-10-04T10:17:33.213Z","true","SOURCE_DUPLICATE_DIFFERENT_PRICING|MULTIPLE_CONNECTOR_POWER_NEEDS_PER_CONNECTOR_MATCH|COMPLEX_TIME_OR_DURATION_PRICING","9bd19f3fed23f03d","0","","4","0","2"
"1","FRGLYPLYON220","","4243023","MAT025873","3587244","MAT-025873","IEC_62196_T2:22kW","2026-10-04T11:52:18.646Z","false","SOURCE_DUPLICATE_DIFFERENT_PRICING|COMPLEX_TIME_OR_DURATION_PRICING|NO_DETERMINISTIC_LOCAL_IRVE_MATCH|UNPUBLISHED_SOURCE_EVSE","e6acc86bf83d56b4","0","","3","0","3"
"1","FRGLYPLYON220","","4243023","MAT025873","3587248","MAT-025873","IEC_62196_T2_COMBO:238kW","2026-10-04T11:52:18.646Z","false","SOURCE_DUPLICATE_DIFFERENT_PRICING|COMPLEX_TIME_OR_DURATION_PRICING|NO_DETERMINISTIC_LOCAL_IRVE_MATCH|UNPUBLISHED_SOURCE_EVSE","b924c8f72ae211d0","0","","3","0","3"
"1","FRGLYPLYON220","","4243023","MAT025873","3587251","MAT-025873","IEC_62196_T2_COMBO:238kW","2026-10-04T11:52:18.646Z","false","SOURCE_DUPLICATE_DIFFERENT_PRICING|COMPLEX_TIME_OR_DURATION_PRICING|NO_DETERMINISTIC_LOCAL_IRVE_MATCH|UNPUBLISHED_SOURCE_EVSE","b924c8f72ae211d0","0","","3","0","3"
"1","FRGLYPLYON221","","4243001","MAT025874","3587167","MAT-025874","IEC_62196_T2:22kW","2026-10-04T10:36:19.290Z","true","SOURCE_DUPLICATE_DIFFERENT_PRICING|COMPLEX_TIME_OR_DURATION_PRICING","e6acc86bf83d56b4","0","","2","0","2"
"1","FRGLYPLYON221","","4243001","MAT025874","3587172","MAT-025874","CHADEMO:32kW;IEC_62196_T2_COMBO:32kW","2026-10-04T10:36:19.290Z","true","SOURCE_DUPLICATE_DIFFERENT_PRICING|MULTIPLE_CONNECTOR_POWER_NEEDS_PER_CONNECTOR_MATCH|COMPLEX_TIME_OR_DURATION_PRICING","549902526b3aafd1","0","","2","0","2"
"1","FRGLYPLYON222","","4242998","MAT025875","3587157","MAT-025875","IEC_62196_T2:22kW","2026-10-04T10:36:19.289Z","true","SOURCE_DUPLICATE_DIFFERENT_PRICING|COMPLEX_TIME_OR_DURATION_PRICING","e6acc86bf83d56b4","0","","2","0","2"
"1","FRGLYPLYON222","","4242998","MAT025875","3587160","MAT-025875","CHADEMO:32kW;IEC_62196_T2_COMBO:32kW","2026-10-04T10:36:19.289Z","true","SOURCE_DUPLICATE_DIFFERENT_PRICING|MULTIPLE_CONNECTOR_POWER_NEEDS_PER_CONNECTOR_MATCH|COMPLEX_TIME_OR_DURATION_PRICING","549902526b3aafd1","0","","2","0","2"
"1","FRGLYPLYON223","","4243005","MAT025876","3587198","MAT-025876","IEC_62196_T2:22kW","2026-10-04T11:52:22.781Z","false","SOURCE_DUPLICATE_DIFFERENT_PRICING|COMPLEX_TIME_OR_DURATION_PRICING|NO_DETERMINISTIC_LOCAL_IRVE_MATCH|UNPUBLISHED_SOURCE_EVSE","e6acc86bf83d56b4","0","","2","0","2"
"1","FRGLYPLYON223","","4243005","MAT025876","3587200","MAT-025876","IEC_62196_T2_COMBO:86kW","2026-10-04T11:52:22.781Z","false","SOURCE_DUPLICATE_DIFFERENT_PRICING|COMPLEX_TIME_OR_DURATION_PRICING|NO_DETERMINISTIC_LOCAL_IRVE_MATCH|UNPUBLISHED_SOURCE_EVSE","3b63cc984e4ce9ea","0","","2","0","2"
"1","FRGLYPLYON225","","4525296","MAT025887","4262033","MAT-025887","IEC_62196_T2:22kW","2026-10-04T11:24:27.197Z","true","SOURCE_DUPLICATE_DIFFERENT_PRICING|COMPLEX_TIME_OR_DURATION_PRICING","e6acc86bf83d56b4","0","","2","0","2"
"1","FRGLYPLYON225","","4525296","MAT025887","4262034","MAT-025887","CHADEMO:32kW;IEC_62196_T2_COMBO:32kW","2026-10-04T11:24:27.197Z","true","SOURCE_DUPLICATE_DIFFERENT_PRICING|MULTIPLE_CONNECTOR_POWER_NEEDS_PER_CONNECTOR_MATCH|COMPLEX_TIME_OR_DURATION_PRICING","549902526b3aafd1","0","","2","0","2"
"1","FRGLYPLYON226","","4525821","MAT025891","4263856","MAT-025891","IEC_62196_T2:22kW","2026-10-04T11:25:21.651Z","false","SOURCE_DUPLICATE_DIFFERENT_PRICING|COMPLEX_TIME_OR_DURATION_PRICING|NO_DETERMINISTIC_LOCAL_IRVE_MATCH|UNPUBLISHED_SOURCE_EVSE","e6acc86bf83d56b4","0","","2","0","2"
"1","FRGLYPLYON226","","4525821","MAT025891","4263857","MAT-025891","IEC_62196_T2_COMBO:86kW","2026-10-04T11:25:21.651Z","false","SOURCE_DUPLICATE_DIFFERENT_PRICING|COMPLEX_TIME_OR_DURATION_PRICING|NO_DETERMINISTIC_LOCAL_IRVE_MATCH|UNPUBLISHED_SOURCE_EVSE","3b63cc984e4ce9ea","0","","2","0","2"
"1","FRGLYPLYON227","","4373574","MAT025879","3858544","MAT-025879","IEC_62196_T2:22kW","2026-10-04T11:06:48.779Z","false","SOURCE_DUPLICATE_DIFFERENT_PRICING|COMPLEX_TIME_OR_DURATION_PRICING|NO_DETERMINISTIC_LOCAL_IRVE_MATCH|UNPUBLISHED_SOURCE_EVSE","e6acc86bf83d56b4","0","","3","0","3"
"1","FRGLYPLYON227","","4373574","MAT025879","3858545","MAT-025879","IEC_62196_T2_COMBO:238kW","2026-10-04T11:06:48.779Z","false","SOURCE_DUPLICATE_DIFFERENT_PRICING|COMPLEX_TIME_OR_DURATION_PRICING|NO_DETERMINISTIC_LOCAL_IRVE_MATCH|UNPUBLISHED_SOURCE_EVSE","b924c8f72ae211d0","0","","3","0","3"
"1","FRGLYPLYON227","","4373574","MAT025879","3858546","MAT-025879","IEC_62196_T2_COMBO:238kW","2026-10-04T11:06:48.779Z","false","SOURCE_DUPLICATE_DIFFERENT_PRICING|COMPLEX_TIME_OR_DURATION_PRICING|NO_DETERMINISTIC_LOCAL_IRVE_MATCH|UNPUBLISHED_SOURCE_EVSE","b924c8f72ae211d0","0","","3","0","3"
"1","FRGLYPLYON228","","4525363","MAT025889","4262326","MAT-025889","IEC_62196_T2:22kW","2026-10-04T11:24:58.237Z","false","SOURCE_DUPLICATE_DIFFERENT_PRICING|COMPLEX_TIME_OR_DURATION_PRICING|NO_DETERMINISTIC_LOCAL_IRVE_MATCH|UNPUBLISHED_SOURCE_EVSE","e6acc86bf83d56b4","0","","2","0","2"
"1","FRGLYPLYON228","","4525363","MAT025889","4262327","MAT-025889","IEC_62196_T2_COMBO:86kW","2026-10-04T11:24:58.237Z","false","SOURCE_DUPLICATE_DIFFERENT_PRICING|COMPLEX_TIME_OR_DURATION_PRICING|NO_DETERMINISTIC_LOCAL_IRVE_MATCH|UNPUBLISHED_SOURCE_EVSE","3b63cc984e4ce9ea","0","","2","0","2"
"1","FRGLYPLYON229","","4344396","MAT025877","3756932","MAT-025877","IEC_62196_T2:22kW","2026-10-04T12:09:43.502Z","true","SOURCE_DUPLICATE_DIFFERENT_PRICING|COMPLEX_TIME_OR_DURATION_PRICING","e6acc86bf83d56b4","0","","2","0","2"
"1","FRGLYPLYON229","","4344396","MAT025877","3756934","MAT-025877","CHADEMO:32kW;IEC_62196_T2_COMBO:32kW","2026-10-04T12:09:43.502Z","true","SOURCE_DUPLICATE_DIFFERENT_PRICING|MULTIPLE_CONNECTOR_POWER_NEEDS_PER_CONNECTOR_MATCH|COMPLEX_TIME_OR_DURATION_PRICING","549902526b3aafd1","0","","2","0","2"
"1","FRGLYPLYON23","","390274","MAT008862","934919","MAT-008862","DOMESTIC_F:2kW;IEC_62196_T2:4kW","2026-10-04T10:10:37.652Z","true","SOURCE_DUPLICATE_DIFFERENT_PRICING|MULTIPLE_CONNECTOR_POWER_NEEDS_PER_CONNECTOR_MATCH|COMPLEX_TIME_OR_DURATION_PRICING","9bd19f3fed23f03d","0","","4","0","2"
"1","FRGLYPLYON23","","390274","MAT008862","934920","MAT-008862","DOMESTIC_F:2kW;IEC_62196_T2:7kW","2026-10-04T10:10:37.652Z","true","SOURCE_DUPLICATE_DIFFERENT_PRICING|MULTIPLE_CONNECTOR_POWER_NEEDS_PER_CONNECTOR_MATCH|COMPLEX_TIME_OR_DURATION_PRICING","a58f7894a607f4e6","0","","4","0","2"
"1","FRGLYPLYON230","","4476604","MAT025886","4262057","MAT-025886","IEC_62196_T2:22kW","2026-10-04T11:17:12.040Z","false","SOURCE_DUPLICATE_DIFFERENT_PRICING|COMPLEX_TIME_OR_DURATION_PRICING|NO_DETERMINISTIC_LOCAL_IRVE_MATCH|UNPUBLISHED_SOURCE_EVSE","e6acc86bf83d56b4","0","","3","0","3"
"1","FRGLYPLYON230","","4476604","MAT025886","4262059","MAT-025886","IEC_62196_T2_COMBO:380kW","2026-10-04T11:17:12.040Z","false","SOURCE_DUPLICATE_DIFFERENT_PRICING|COMPLEX_TIME_OR_DURATION_PRICING|NO_DETERMINISTIC_LOCAL_IRVE_MATCH|UNPUBLISHED_SOURCE_EVSE","4233457efb358d61","0","","3","0","3"
"1","FRGLYPLYON230","","4476604","MAT025886","4262060","MAT-025886","IEC_62196_T2_COMBO:380kW","2026-10-04T11:17:12.040Z","false","SOURCE_DUPLICATE_DIFFERENT_PRICING|COMPLEX_TIME_OR_DURATION_PRICING|NO_DETERMINISTIC_LOCAL_IRVE_MATCH|UNPUBLISHED_SOURCE_EVSE","4233457efb358d61","0","","3","0","3"
"1","FRGLYPLYON231","","4525307","MAT021390","4262154","MAT-021390","IEC_62196_T2_COMBO:380kW","2026-10-04T11:24:35.850Z","false","SOURCE_DUPLICATE_DIFFERENT_PRICING|COMPLEX_TIME_OR_DURATION_PRICING|NO_DETERMINISTIC_LOCAL_IRVE_MATCH|UNPUBLISHED_SOURCE_EVSE","4233457efb358d61","0","","3","0","3"
"1","FRGLYPLYON231","","4525307","MAT021390","4262155","MAT-021390","IEC_62196_T2_COMBO:380kW","2026-10-04T11:24:35.850Z","false","SOURCE_DUPLICATE_DIFFERENT_PRICING|COMPLEX_TIME_OR_DURATION_PRICING|NO_DETERMINISTIC_LOCAL_IRVE_MATCH|UNPUBLISHED_SOURCE_EVSE","4233457efb358d61","0","","3","0","3"
"1","FRGLYPLYON231","","4525307","MAT021390","4262156","MAT-021390","IEC_62196_T2:22kW","2026-10-04T11:24:35.850Z","false","SOURCE_DUPLICATE_DIFFERENT_PRICING|COMPLEX_TIME_OR_DURATION_PRICING|NO_DETERMINISTIC_LOCAL_IRVE_MATCH|UNPUBLISHED_SOURCE_EVSE","e6acc86bf83d56b4","0","","3","0","3"
"1","FRGLYPLYON233","","4329128","MAT025878","3719762","MAT-025878","CHADEMO:32kW;IEC_62196_T2_COMBO:32kW","2026-10-04T10:48:06.118Z","true","SOURCE_DUPLICATE_DIFFERENT_PRICING|MULTIPLE_CONNECTOR_POWER_NEEDS_PER_CONNECTOR_MATCH|COMPLEX_TIME_OR_DURATION_PRICING","549902526b3aafd1","0","","2","0","2"
"1","FRGLYPLYON233","","4329128","MAT025878","3719764","MAT-025878","IEC_62196_T2:22kW","2026-10-04T10:48:06.118Z","true","SOURCE_DUPLICATE_DIFFERENT_PRICING|COMPLEX_TIME_OR_DURATION_PRICING","e6acc86bf83d56b4","0","","2","0","2"
"1","FRGLYPLYON24","","545732","MAT008841","934921","MAT-008841","DOMESTIC_F:2kW;IEC_62196_T2:7kW","2026-10-04T11:43:35.118Z","true","SOURCE_DUPLICATE_DIFFERENT_PRICING|MULTIPLE_CONNECTOR_POWER_NEEDS_PER_CONNECTOR_MATCH|COMPLEX_TIME_OR_DURATION_PRICING","a58f7894a607f4e6","0","","4","0","2"
"1","FRGLYPLYON24","","545732","MAT008841","934922","MAT-008841","DOMESTIC_F:2kW;IEC_62196_T2:4kW","2026-10-04T11:43:35.118Z","true","SOURCE_DUPLICATE_DIFFERENT_PRICING|MULTIPLE_CONNECTOR_POWER_NEEDS_PER_CONNECTOR_MATCH|COMPLEX_TIME_OR_DURATION_PRICING","9bd19f3fed23f03d","0","","4","0","2"
"1","FRGLYPLYON25","","564786","MAT025871","934927","MAT-025871","DOMESTIC_F:2kW;IEC_62196_T2:4kW","2026-10-04T12:43:45.648Z","true","SOURCE_DUPLICATE_DIFFERENT_PRICING|MULTIPLE_CONNECTOR_POWER_NEEDS_PER_CONNECTOR_MATCH|COMPLEX_TIME_OR_DURATION_PRICING","9bd19f3fed23f03d","0","","4","0","2"
"1","FRGLYPLYON25","","564786","MAT025871","934928","MAT-025871","DOMESTIC_F:2kW;IEC_62196_T2:7kW","2026-10-04T12:43:45.648Z","true","SOURCE_DUPLICATE_DIFFERENT_PRICING|MULTIPLE_CONNECTOR_POWER_NEEDS_PER_CONNECTOR_MATCH|COMPLEX_TIME_OR_DURATION_PRICING","a58f7894a607f4e6","0","","4","0","2"
"1","FRGLYPLYON26","","561310","MAT025335","935015","MAT-025335","DOMESTIC_F:2kW;IEC_62196_T2:7kW","2026-10-04T12:42:47.495Z","true","SOURCE_DUPLICATE_DIFFERENT_PRICING|MULTIPLE_CONNECTOR_POWER_NEEDS_PER_CONNECTOR_MATCH|COMPLEX_TIME_OR_DURATION_PRICING","a58f7894a607f4e6","0","","4","0","2"
"1","FRGLYPLYON26","","561310","MAT025335","935018","MAT-025335","DOMESTIC_F:2kW;IEC_62196_T2:4kW","2026-10-04T12:42:47.495Z","true","SOURCE_DUPLICATE_DIFFERENT_PRICING|MULTIPLE_CONNECTOR_POWER_NEEDS_PER_CONNECTOR_MATCH|COMPLEX_TIME_OR_DURATION_PRICING","9bd19f3fed23f03d","0","","4","0","2"
"1","FRGLYPLYON27","","590540","MAT008899","935246","MAT-008899","DOMESTIC_F:2kW;IEC_62196_T2:7kW","2026-10-04T13:00:12.813Z","true","SOURCE_DUPLICATE_DIFFERENT_PRICING|MULTIPLE_CONNECTOR_POWER_NEEDS_PER_CONNECTOR_MATCH|COMPLEX_TIME_OR_DURATION_PRICING","a58f7894a607f4e6","0","","4","0","2"
"1","FRGLYPLYON27","","590540","MAT008899","935248","MAT-008899","DOMESTIC_F:2kW;IEC_62196_T2:4kW","2026-10-04T13:00:12.813Z","true","SOURCE_DUPLICATE_DIFFERENT_PRICING|MULTIPLE_CONNECTOR_POWER_NEEDS_PER_CONNECTOR_MATCH|COMPLEX_TIME_OR_DURATION_PRICING","9bd19f3fed23f03d","0","","4","0","2"
"1","FRGLYPLYON28","","398324","MAT008848","935201","MAT-008848","DOMESTIC_F:2kW;IEC_62196_T2:7kW","2026-10-04T09:12:30.511Z","true","SOURCE_DUPLICATE_DIFFERENT_PRICING|MULTIPLE_CONNECTOR_POWER_NEEDS_PER_CONNECTOR_MATCH|COMPLEX_TIME_OR_DURATION_PRICING","a58f7894a607f4e6","0","","4","0","2"
"1","FRGLYPLYON28","","398324","MAT008848","935202","MAT-008848","DOMESTIC_F:2kW;IEC_62196_T2:4kW","2026-10-04T09:12:30.511Z","true","SOURCE_DUPLICATE_DIFFERENT_PRICING|MULTIPLE_CONNECTOR_POWER_NEEDS_PER_CONNECTOR_MATCH|COMPLEX_TIME_OR_DURATION_PRICING","9bd19f3fed23f03d","0","","4","0","2"
"1","FRGLYPLYON29","","551526","MAT008853","937128","MAT-008853","DOMESTIC_F:2kW;IEC_62196_T2:7kW","2026-10-04T12:39:28.617Z","true","SOURCE_DUPLICATE_DIFFERENT_PRICING|MULTIPLE_CONNECTOR_POWER_NEEDS_PER_CONNECTOR_MATCH|COMPLEX_TIME_OR_DURATION_PRICING","a58f7894a607f4e6","0","","4","0","2"
"1","FRGLYPLYON29","","551526","MAT008853","937129","MAT-008853","DOMESTIC_F:2kW;IEC_62196_T2:4kW","2026-10-04T12:39:28.617Z","true","SOURCE_DUPLICATE_DIFFERENT_PRICING|MULTIPLE_CONNECTOR_POWER_NEEDS_PER_CONNECTOR_MATCH|COMPLEX_TIME_OR_DURATION_PRICING","9bd19f3fed23f03d","0","","4","0","2"
"1","FRGLYPLYON29","","551526","MAT008854","937130","MAT-008854","DOMESTIC_F:2kW;IEC_62196_T2:4kW","2026-10-04T12:39:28.617Z","true","SOURCE_DUPLICATE_DIFFERENT_PRICING|MULTIPLE_CONNECTOR_POWER_NEEDS_PER_CONNECTOR_MATCH|COMPLEX_TIME_OR_DURATION_PRICING","9bd19f3fed23f03d","0","","4","0","2"
"1","FRGLYPLYON29","","551526","MAT008854","937131","MAT-008854","DOMESTIC_F:2kW;IEC_62196_T2:7kW","2026-10-04T12:39:28.617Z","true","SOURCE_DUPLICATE_DIFFERENT_PRICING|MULTIPLE_CONNECTOR_POWER_NEEDS_PER_CONNECTOR_MATCH|COMPLEX_TIME_OR_DURATION_PRICING","a58f7894a607f4e6","0","","4","0","2"
"1","FRGLYPLYON3","","560956","MAT008811","934965","MAT-008811","DOMESTIC_F:2kW;IEC_62196_T2:7kW","2026-10-04T12:42:47.437Z","true","SOURCE_DUPLICATE_DIFFERENT_PRICING|MULTIPLE_CONNECTOR_POWER_NEEDS_PER_CONNECTOR_MATCH|COMPLEX_TIME_OR_DURATION_PRICING","a58f7894a607f4e6","0","","4","0","2"
"1","FRGLYPLYON3","","560956","MAT008811","934966","MAT-008811","DOMESTIC_F:2kW;IEC_62196_T2:4kW","2026-10-04T12:42:47.437Z","true","SOURCE_DUPLICATE_DIFFERENT_PRICING|MULTIPLE_CONNECTOR_POWER_NEEDS_PER_CONNECTOR_MATCH|COMPLEX_TIME_OR_DURATION_PRICING","9bd19f3fed23f03d","0","","4","0","2"
"1","FRGLYPLYON30","","550363","MAT025850","935276","MAT-025850","DOMESTIC_F:2kW;IEC_62196_T2:4kW","2026-10-04T12:39:05.604Z","true","SOURCE_DUPLICATE_DIFFERENT_PRICING|MULTIPLE_CONNECTOR_POWER_NEEDS_PER_CONNECTOR_MATCH|COMPLEX_TIME_OR_DURATION_PRICING","9bd19f3fed23f03d","0","","4","0","2"
"1","FRGLYPLYON30","","550363","MAT025850","935277","MAT-025850","DOMESTIC_F:2kW;IEC_62196_T2:7kW","2026-10-04T12:39:05.604Z","true","SOURCE_DUPLICATE_DIFFERENT_PRICING|MULTIPLE_CONNECTOR_POWER_NEEDS_PER_CONNECTOR_MATCH|COMPLEX_TIME_OR_DURATION_PRICING","a58f7894a607f4e6","0","","4","0","2"
"1","FRGLYPLYON33","","560964","MAT008889","935224","MAT-008889","DOMESTIC_F:2kW;IEC_62196_T2:7kW","2026-10-04T12:42:47.437Z","true","SOURCE_DUPLICATE_DIFFERENT_PRICING|MULTIPLE_CONNECTOR_POWER_NEEDS_PER_CONNECTOR_MATCH|COMPLEX_TIME_OR_DURATION_PRICING","a58f7894a607f4e6","0","","4","0","2"
"1","FRGLYPLYON33","","560964","MAT008889","935225","MAT-008889","DOMESTIC_F:2kW;IEC_62196_T2:4kW","2026-10-04T12:42:47.437Z","true","SOURCE_DUPLICATE_DIFFERENT_PRICING|MULTIPLE_CONNECTOR_POWER_NEEDS_PER_CONNECTOR_MATCH|COMPLEX_TIME_OR_DURATION_PRICING","9bd19f3fed23f03d","0","","4","0","2"
"1","FRGLYPLYON33","","560964","MAT008890","935226","MAT-008890","DOMESTIC_F:2kW;IEC_62196_T2:7kW","2026-10-04T12:42:47.437Z","true","SOURCE_DUPLICATE_DIFFERENT_PRICING|MULTIPLE_CONNECTOR_POWER_NEEDS_PER_CONNECTOR_MATCH|COMPLEX_TIME_OR_DURATION_PRICING","a58f7894a607f4e6","0","","4","0","2"
"1","FRGLYPLYON33","","560964","MAT008890","935227","MAT-008890","DOMESTIC_F:2kW;IEC_62196_T2:4kW","2026-10-04T12:42:47.437Z","true","SOURCE_DUPLICATE_DIFFERENT_PRICING|MULTIPLE_CONNECTOR_POWER_NEEDS_PER_CONNECTOR_MATCH|COMPLEX_TIME_OR_DURATION_PRICING","9bd19f3fed23f03d","0","","4","0","2"
"1","FRGLYPLYON34","","545851","MAT008860","935286","MAT-008860","DOMESTIC_F:2kW;IEC_62196_T2:7kW","2026-10-04T11:43:51.047Z","true","SOURCE_DUPLICATE_DIFFERENT_PRICING|MULTIPLE_CONNECTOR_POWER_NEEDS_PER_CONNECTOR_MATCH|COMPLEX_TIME_OR_DURATION_PRICING","a58f7894a607f4e6","0","","4","0","2"
"1","FRGLYPLYON34","","545851","MAT008860","935288","MAT-008860","DOMESTIC_F:2kW;IEC_62196_T2:4kW","2026-10-04T11:43:51.047Z","true","SOURCE_DUPLICATE_DIFFERENT_PRICING|MULTIPLE_CONNECTOR_POWER_NEEDS_PER_CONNECTOR_MATCH|COMPLEX_TIME_OR_DURATION_PRICING","9bd19f3fed23f03d","0","","4","0","2"
"1","FRGLYPLYON35","","385191","MAT021393","4470963","MAT-021393","IEC_62196_T2:22kW","2026-10-04T08:59:21.678Z","false","SOURCE_DUPLICATE_DIFFERENT_PRICING|COMPLEX_TIME_OR_DURATION_PRICING|NO_DETERMINISTIC_LOCAL_IRVE_MATCH|UNPUBLISHED_SOURCE_EVSE","e6acc86bf83d56b4","0","","5","0","2"
"1","FRGLYPLYON35","","385191","MAT021393","4470964","MAT-021393","IEC_62196_T2_COMBO:86kW","2026-10-04T08:59:21.678Z","false","SOURCE_DUPLICATE_DIFFERENT_PRICING|COMPLEX_TIME_OR_DURATION_PRICING|NO_DETERMINISTIC_LOCAL_IRVE_MATCH|UNPUBLISHED_SOURCE_EVSE","3b63cc984e4ce9ea","0","","5","0","2"
"1","FRGLYPLYON35","","385191","MAT008871","935298","MAT-008871","CHADEMO:32kW;IEC_62196_T2_COMBO:32kW","2026-10-04T08:59:21.678Z","false","SOURCE_DUPLICATE_DIFFERENT_PRICING|MULTIPLE_CONNECTOR_POWER_NEEDS_PER_CONNECTOR_MATCH|COMPLEX_TIME_OR_DURATION_PRICING|NO_DETERMINISTIC_LOCAL_IRVE_MATCH|UNPUBLISHED_SOURCE_EVSE","549902526b3aafd1","0","","5","0","2"
"1","FRGLYPLYON35","","385191","MAT008871","935299","MAT-008871","IEC_62196_T2:22kW","2026-10-04T08:59:21.678Z","false","SOURCE_DUPLICATE_DIFFERENT_PRICING|COMPLEX_TIME_OR_DURATION_PRICING|NO_DETERMINISTIC_LOCAL_IRVE_MATCH|UNPUBLISHED_SOURCE_EVSE","e6acc86bf83d56b4","0","","5","0","2"
"1","FRGLYPLYON35","","385191","MAT008872","935300","MAT-008872","CHADEMO:32kW;IEC_62196_T2_COMBO:32kW","2026-10-04T08:59:21.678Z","false","SOURCE_DUPLICATE_DIFFERENT_PRICING|MULTIPLE_CONNECTOR_POWER_NEEDS_PER_CONNECTOR_MATCH|COMPLEX_TIME_OR_DURATION_PRICING|NO_DETERMINISTIC_LOCAL_IRVE_MATCH|UNPUBLISHED_SOURCE_EVSE","549902526b3aafd1","0","","5","0","2"
"1","FRGLYPLYON35","","385191","MAT008872","935301","MAT-008872","IEC_62196_T2:22kW","2026-10-04T08:59:21.678Z","false","SOURCE_DUPLICATE_DIFFERENT_PRICING|COMPLEX_TIME_OR_DURATION_PRICING|NO_DETERMINISTIC_LOCAL_IRVE_MATCH|UNPUBLISHED_SOURCE_EVSE","e6acc86bf83d56b4","0","","5","0","2"
"1","FRGLYPLYON36","","398406","MAT008905","935240","MAT-008905","IEC_62196_T2:22kW","2026-10-04T09:12:30.511Z","true","SOURCE_DUPLICATE_DIFFERENT_PRICING|COMPLEX_TIME_OR_DURATION_PRICING","e6acc86bf83d56b4","0","","4","0","2"
"1","FRGLYPLYON36","","398406","MAT008906","935242","MAT-008906","CHADEMO:32kW;IEC_62196_T2_COMBO:32kW","2026-10-04T09:12:30.511Z","true","SOURCE_DUPLICATE_DIFFERENT_PRICING|MULTIPLE_CONNECTOR_POWER_NEEDS_PER_CONNECTOR_MATCH|COMPLEX_TIME_OR_DURATION_PRICING","549902526b3aafd1","0","","4","0","2"
"1","FRGLYPLYON36","","398406","MAT008906","935243","MAT-008906","IEC_62196_T2:22kW","2026-10-04T09:12:30.511Z","true","SOURCE_DUPLICATE_DIFFERENT_PRICING|COMPLEX_TIME_OR_DURATION_PRICING","e6acc86bf83d56b4","0","","4","0","2"
"1","FRGLYPLYON36","","398406","MAT008905","937364","MAT-008905","CHADEMO:32kW;IEC_62196_T2_COMBO:32kW","2026-10-04T09:12:30.511Z","true","SOURCE_DUPLICATE_DIFFERENT_PRICING|MULTIPLE_CONNECTOR_POWER_NEEDS_PER_CONNECTOR_MATCH|COMPLEX_TIME_OR_DURATION_PRICING","549902526b3aafd1","0","","4","0","2"
"1","FRGLYPLYON37","","383351","MAT008867","935153","MAT-008867","CHADEMO:32kW;IEC_62196_T2_COMBO:32kW","2026-10-04T08:58:14.818Z","true","SOURCE_DUPLICATE_DIFFERENT_PRICING|MULTIPLE_CONNECTOR_POWER_NEEDS_PER_CONNECTOR_MATCH|COMPLEX_TIME_OR_DURATION_PRICING","549902526b3aafd1","0","","4","0","2"
"1","FRGLYPLYON37","","383351","MAT008867","935155","MAT-008867","IEC_62196_T2:22kW","2026-10-04T08:58:14.818Z","true","SOURCE_DUPLICATE_DIFFERENT_PRICING|COMPLEX_TIME_OR_DURATION_PRICING","e6acc86bf83d56b4","0","","4","0","2"
"1","FRGLYPLYON37","","383351","MAT008868","935158","MAT-008868","CHADEMO:32kW;IEC_62196_T2_COMBO:32kW","2026-10-04T08:58:14.818Z","true","SOURCE_DUPLICATE_DIFFERENT_PRICING|MULTIPLE_CONNECTOR_POWER_NEEDS_PER_CONNECTOR_MATCH|COMPLEX_TIME_OR_DURATION_PRICING","549902526b3aafd1","0","","4","0","2"
"1","FRGLYPLYON37","","383351","MAT008868","935160","MAT-008868","IEC_62196_T2:22kW","2026-10-04T08:58:14.818Z","true","SOURCE_DUPLICATE_DIFFERENT_PRICING|COMPLEX_TIME_OR_DURATION_PRICING","e6acc86bf83d56b4","0","","4","0","2"
"1","FRGLYPLYON38","","397453","MAT008869","935040","MAT-008869","CHADEMO:32kW;IEC_62196_T2_COMBO:32kW","2026-10-04T09:12:14.136Z","true","SOURCE_DUPLICATE_DIFFERENT_PRICING|MULTIPLE_CONNECTOR_POWER_NEEDS_PER_CONNECTOR_MATCH|COMPLEX_TIME_OR_DURATION_PRICING","549902526b3aafd1","0","","4","0","2"
"1","FRGLYPLYON38","","397453","MAT008869","935043","MAT-008869","IEC_62196_T2:22kW","2026-10-04T09:12:14.136Z","true","SOURCE_DUPLICATE_DIFFERENT_PRICING|COMPLEX_TIME_OR_DURATION_PRICING","e6acc86bf83d56b4","0","","4","0","2"
"1","FRGLYPLYON38","","397453","MAT008870","935044","MAT-008870","CHADEMO:32kW;IEC_62196_T2_COMBO:32kW","2026-10-04T09:12:14.136Z","true","SOURCE_DUPLICATE_DIFFERENT_PRICING|MULTIPLE_CONNECTOR_POWER_NEEDS_PER_CONNECTOR_MATCH|COMPLEX_TIME_OR_DURATION_PRICING","549902526b3aafd1","0","","4","0","2"
"1","FRGLYPLYON38","","397453","MAT008870","935045","MAT-008870","IEC_62196_T2:22kW","2026-10-04T09:12:14.136Z","true","SOURCE_DUPLICATE_DIFFERENT_PRICING|COMPLEX_TIME_OR_DURATION_PRICING","e6acc86bf83d56b4","0","","4","0","2"
"1","FRGLYPLYON4","","390268","MAT008833","935254","MAT-008833","DOMESTIC_F:2kW;IEC_62196_T2:7kW","2026-10-04T09:03:58.558Z","true","SOURCE_DUPLICATE_DIFFERENT_PRICING|MULTIPLE_CONNECTOR_POWER_NEEDS_PER_CONNECTOR_MATCH|COMPLEX_TIME_OR_DURATION_PRICING","a58f7894a607f4e6","0","","4","0","2"
"1","FRGLYPLYON4","","390268","MAT008833","935255","MAT-008833","DOMESTIC_F:2kW;IEC_62196_T2:4kW","2026-10-04T09:03:58.558Z","true","SOURCE_DUPLICATE_DIFFERENT_PRICING|MULTIPLE_CONNECTOR_POWER_NEEDS_PER_CONNECTOR_MATCH|COMPLEX_TIME_OR_DURATION_PRICING","9bd19f3fed23f03d","0","","4","0","2"
"1","FRGLYPLYON40","","370164","MAT025863","935036","MAT-025863","CHADEMO:32kW;IEC_62196_T2_COMBO:32kW","2026-10-04T08:51:28.261Z","true","SOURCE_DUPLICATE_DIFFERENT_PRICING|MULTIPLE_CONNECTOR_POWER_NEEDS_PER_CONNECTOR_MATCH|COMPLEX_TIME_OR_DURATION_PRICING","549902526b3aafd1","0","","4","0","2"
"1","FRGLYPLYON40","","370164","MAT025863","935037","MAT-025863","IEC_62196_T2:22kW","2026-10-04T08:51:28.261Z","true","SOURCE_DUPLICATE_DIFFERENT_PRICING|COMPLEX_TIME_OR_DURATION_PRICING","e6acc86bf83d56b4","0","","4","0","2"
"1","FRGLYPLYON40","","370164","MAT008892","935039","MAT-008892","CHADEMO:32kW;IEC_62196_T2_COMBO:32kW","2026-10-04T08:51:28.261Z","true","SOURCE_DUPLICATE_DIFFERENT_PRICING|MULTIPLE_CONNECTOR_POWER_NEEDS_PER_CONNECTOR_MATCH|COMPLEX_TIME_OR_DURATION_PRICING","549902526b3aafd1","0","","4","0","2"
"1","FRGLYPLYON40","","370164","MAT008892","935042","MAT-008892","IEC_62196_T2:22kW","2026-10-04T08:51:28.261Z","true","SOURCE_DUPLICATE_DIFFERENT_PRICING|COMPLEX_TIME_OR_DURATION_PRICING","e6acc86bf83d56b4","0","","4","0","2"
"1","FRGLYPLYON41","","560876","MAT008873","935144","MAT-008873","CHADEMO:32kW;IEC_62196_T2_COMBO:32kW","2026-10-04T12:42:37.117Z","true","SOURCE_DUPLICATE_DIFFERENT_PRICING|MULTIPLE_CONNECTOR_POWER_NEEDS_PER_CONNECTOR_MATCH|COMPLEX_TIME_OR_DURATION_PRICING","549902526b3aafd1","0","","4","0","2"
"1","FRGLYPLYON41","","560876","MAT008873","935145","MAT-008873","IEC_62196_T2:22kW","2026-10-04T12:42:37.117Z","true","SOURCE_DUPLICATE_DIFFERENT_PRICING|COMPLEX_TIME_OR_DURATION_PRICING","e6acc86bf83d56b4","0","","4","0","2"
"1","FRGLYPLYON41","","560876","MAT008874","935146","MAT-008874","CHADEMO:32kW;IEC_62196_T2_COMBO:32kW","2026-10-04T12:42:37.117Z","true","SOURCE_DUPLICATE_DIFFERENT_PRICING|MULTIPLE_CONNECTOR_POWER_NEEDS_PER_CONNECTOR_MATCH|COMPLEX_TIME_OR_DURATION_PRICING","549902526b3aafd1","0","","4","0","2"
"1","FRGLYPLYON41","","560876","MAT008874","935147","MAT-008874","IEC_62196_T2:22kW","2026-10-04T12:42:37.117Z","true","SOURCE_DUPLICATE_DIFFERENT_PRICING|COMPLEX_TIME_OR_DURATION_PRICING","e6acc86bf83d56b4","0","","4","0","2"
"1","FRGLYPLYON42","","559966","MAT008879","935294","MAT-008879","CHADEMO:32kW;IEC_62196_T2_COMBO:32kW","2026-10-04T13:38:19.766Z","true","SOURCE_DUPLICATE_DIFFERENT_PRICING|MULTIPLE_CONNECTOR_POWER_NEEDS_PER_CONNECTOR_MATCH|COMPLEX_TIME_OR_DURATION_PRICING","549902526b3aafd1","0","","4","0","2"
"1","FRGLYPLYON42","","559966","MAT008879","935295","MAT-008879","IEC_62196_T2:22kW","2026-10-04T13:38:19.766Z","true","SOURCE_DUPLICATE_DIFFERENT_PRICING|COMPLEX_TIME_OR_DURATION_PRICING","e6acc86bf83d56b4","0","","4","0","2"
"1","FRGLYPLYON42","","559966","MAT008880","935296","MAT-008880","CHADEMO:32kW;IEC_62196_T2_COMBO:32kW","2026-10-04T13:38:19.766Z","true","SOURCE_DUPLICATE_DIFFERENT_PRICING|MULTIPLE_CONNECTOR_POWER_NEEDS_PER_CONNECTOR_MATCH|COMPLEX_TIME_OR_DURATION_PRICING","549902526b3aafd1","0","","4","0","2"
"1","FRGLYPLYON42","","559966","MAT008880","935297","MAT-008880","IEC_62196_T2:22kW","2026-10-04T13:38:19.766Z","true","SOURCE_DUPLICATE_DIFFERENT_PRICING|COMPLEX_TIME_OR_DURATION_PRICING","e6acc86bf83d56b4","0","","4","0","2"
"1","FRGLYPLYON43","","390036","MAT008916","935166","MAT-008916","CHADEMO:32kW;IEC_62196_T2_COMBO:32kW","2026-10-04T09:03:39.249Z","true","SOURCE_DUPLICATE_DIFFERENT_PRICING|MULTIPLE_CONNECTOR_POWER_NEEDS_PER_CONNECTOR_MATCH|COMPLEX_TIME_OR_DURATION_PRICING","549902526b3aafd1","0","","4","0","2"
"1","FRGLYPLYON43","","390036","MAT008916","935167","MAT-008916","IEC_62196_T2:22kW","2026-10-04T09:03:39.249Z","true","SOURCE_DUPLICATE_DIFFERENT_PRICING|COMPLEX_TIME_OR_DURATION_PRICING","e6acc86bf83d56b4","0","","4","0","2"
"1","FRGLYPLYON43","","390036","MAT008917","935168","MAT-008917","CHADEMO:32kW;IEC_62196_T2_COMBO:32kW","2026-10-04T09:03:39.249Z","true","SOURCE_DUPLICATE_DIFFERENT_PRICING|MULTIPLE_CONNECTOR_POWER_NEEDS_PER_CONNECTOR_MATCH|COMPLEX_TIME_OR_DURATION_PRICING","549902526b3aafd1","0","","4","0","2"
"1","FRGLYPLYON43","","390036","MAT008917","935170","MAT-008917","IEC_62196_T2:22kW","2026-10-04T09:03:39.249Z","true","SOURCE_DUPLICATE_DIFFERENT_PRICING|COMPLEX_TIME_OR_DURATION_PRICING","e6acc86bf83d56b4","0","","4","0","2"
"1","FRGLYPLYON44","","580537","MAT008875","935174","MAT-008875","CHADEMO:32kW;IEC_62196_T2_COMBO:32kW","2026-10-04T12:50:12.599Z","true","SOURCE_DUPLICATE_DIFFERENT_PRICING|MULTIPLE_CONNECTOR_POWER_NEEDS_PER_CONNECTOR_MATCH|COMPLEX_TIME_OR_DURATION_PRICING","549902526b3aafd1","0","","4","0","2"
"1","FRGLYPLYON44","","580537","MAT008875","935177","MAT-008875","IEC_62196_T2:22kW","2026-10-04T12:50:12.599Z","true","SOURCE_DUPLICATE_DIFFERENT_PRICING|COMPLEX_TIME_OR_DURATION_PRICING","e6acc86bf83d56b4","0","","4","0","2"
"1","FRGLYPLYON44","","580537","MAT008876","935179","MAT-008876","CHADEMO:32kW;IEC_62196_T2_COMBO:32kW","2026-10-04T12:50:12.599Z","true","SOURCE_DUPLICATE_DIFFERENT_PRICING|MULTIPLE_CONNECTOR_POWER_NEEDS_PER_CONNECTOR_MATCH|COMPLEX_TIME_OR_DURATION_PRICING","549902526b3aafd1","0","","4","0","2"
"1","FRGLYPLYON44","","580537","MAT008876","935181","MAT-008876","IEC_62196_T2:22kW","2026-10-04T12:50:12.599Z","true","SOURCE_DUPLICATE_DIFFERENT_PRICING|COMPLEX_TIME_OR_DURATION_PRICING","e6acc86bf83d56b4","0","","4","0","2"
"1","FRGLYPLYON45","","545852","MAT025838","935984","MAT-025838","CHADEMO:32kW;IEC_62196_T2_COMBO:32kW","2026-10-04T11:43:51.047Z","true","SOURCE_DUPLICATE_DIFFERENT_PRICING|MULTIPLE_CONNECTOR_POWER_NEEDS_PER_CONNECTOR_MATCH|COMPLEX_TIME_OR_DURATION_PRICING","549902526b3aafd1","0","","4","0","2"
"1","FRGLYPLYON45","","545852","MAT025838","935985","MAT-025838","IEC_62196_T2:22kW","2026-10-04T11:43:51.047Z","true","SOURCE_DUPLICATE_DIFFERENT_PRICING|COMPLEX_TIME_OR_DURATION_PRICING","e6acc86bf83d56b4","0","","4","0","2"
"1","FRGLYPLYON45","","545852","MAT025839","935986","MAT-025839","CHADEMO:32kW;IEC_62196_T2_COMBO:32kW","2026-10-04T11:43:51.047Z","true","SOURCE_DUPLICATE_DIFFERENT_PRICING|MULTIPLE_CONNECTOR_POWER_NEEDS_PER_CONNECTOR_MATCH|COMPLEX_TIME_OR_DURATION_PRICING","549902526b3aafd1","0","","4","0","2"
"1","FRGLYPLYON45","","545852","MAT025839","935987","MAT-025839","IEC_62196_T2:22kW","2026-10-04T11:43:51.047Z","true","SOURCE_DUPLICATE_DIFFERENT_PRICING|COMPLEX_TIME_OR_DURATION_PRICING","e6acc86bf83d56b4","0","","4","0","2"
"1","FRGLYPLYON46","","558485","MAT008887","935028","MAT-008887","CHADEMO:32kW;IEC_62196_T2_COMBO:32kW","2026-10-04T12:40:52.927Z","true","SOURCE_DUPLICATE_DIFFERENT_PRICING|MULTIPLE_CONNECTOR_POWER_NEEDS_PER_CONNECTOR_MATCH|COMPLEX_TIME_OR_DURATION_PRICING","549902526b3aafd1","0","","4","0","2"
"1","FRGLYPLYON46","","558485","MAT008887","935029","MAT-008887","IEC_62196_T2:22kW","2026-10-04T12:40:52.927Z","true","SOURCE_DUPLICATE_DIFFERENT_PRICING|COMPLEX_TIME_OR_DURATION_PRICING","e6acc86bf83d56b4","0","","4","0","2"
"1","FRGLYPLYON46","","558485","MAT008888","935030","MAT-008888","CHADEMO:32kW;IEC_62196_T2_COMBO:32kW","2026-10-04T12:40:52.927Z","true","SOURCE_DUPLICATE_DIFFERENT_PRICING|MULTIPLE_CONNECTOR_POWER_NEEDS_PER_CONNECTOR_MATCH|COMPLEX_TIME_OR_DURATION_PRICING","549902526b3aafd1","0","","4","0","2"
"1","FRGLYPLYON46","","558485","MAT008888","935031","MAT-008888","IEC_62196_T2:22kW","2026-10-04T12:40:52.927Z","true","SOURCE_DUPLICATE_DIFFERENT_PRICING|COMPLEX_TIME_OR_DURATION_PRICING","e6acc86bf83d56b4","0","","4","0","2"
"1","FRGLYPLYON47","","342758","MAT008877","935290","MAT-008877","CHADEMO:32kW;IEC_62196_T2_COMBO:32kW","2026-10-04T08:40:22.274Z","true","SOURCE_DUPLICATE_DIFFERENT_PRICING|MULTIPLE_CONNECTOR_POWER_NEEDS_PER_CONNECTOR_MATCH|COMPLEX_TIME_OR_DURATION_PRICING","549902526b3aafd1","0","","4","0","2"
"1","FRGLYPLYON47","","342758","MAT008877","935291","MAT-008877","IEC_62196_T2:22kW","2026-10-04T08:40:22.274Z","true","SOURCE_DUPLICATE_DIFFERENT_PRICING|COMPLEX_TIME_OR_DURATION_PRICING","e6acc86bf83d56b4","0","","4","0","2"
"1","FRGLYPLYON47","","342758","MAT008878","935292","MAT-008878","CHADEMO:32kW;IEC_62196_T2_COMBO:32kW","2026-10-04T08:40:22.274Z","true","SOURCE_DUPLICATE_DIFFERENT_PRICING|MULTIPLE_CONNECTOR_POWER_NEEDS_PER_CONNECTOR_MATCH|COMPLEX_TIME_OR_DURATION_PRICING","549902526b3aafd1","0","","4","0","2"
"1","FRGLYPLYON47","","342758","MAT008878","935293","MAT-008878","IEC_62196_T2:22kW","2026-10-04T08:40:22.274Z","true","SOURCE_DUPLICATE_DIFFERENT_PRICING|COMPLEX_TIME_OR_DURATION_PRICING","e6acc86bf83d56b4","0","","4","0","2"
"1","FRGLYPLYON48","","397478","MAT008864","935111","MAT-008864","DOMESTIC_F:2kW;IEC_62196_T2:7kW","2026-10-04T09:12:14.137Z","true","SOURCE_DUPLICATE_DIFFERENT_PRICING|MULTIPLE_CONNECTOR_POWER_NEEDS_PER_CONNECTOR_MATCH|COMPLEX_TIME_OR_DURATION_PRICING","a58f7894a607f4e6","0","","4","0","2"
"1","FRGLYPLYON48","","397478","MAT008864","935112","MAT-008864","DOMESTIC_F:2kW;IEC_62196_T2:4kW","2026-10-04T09:12:14.137Z","true","SOURCE_DUPLICATE_DIFFERENT_PRICING|MULTIPLE_CONNECTOR_POWER_NEEDS_PER_CONNECTOR_MATCH|COMPLEX_TIME_OR_DURATION_PRICING","9bd19f3fed23f03d","0","","4","0","2"
"1","FRGLYPLYON51","","367236","MAT008881","935191","MAT-008881","DOMESTIC_F:2kW;IEC_62196_T2:7kW","2026-10-04T08:50:45.761Z","true","SOURCE_DUPLICATE_DIFFERENT_PRICING|MULTIPLE_CONNECTOR_POWER_NEEDS_PER_CONNECTOR_MATCH|COMPLEX_TIME_OR_DURATION_PRICING","a58f7894a607f4e6","0","","4","0","2"
"1","FRGLYPLYON51","","367236","MAT008881","935192","MAT-008881","DOMESTIC_F:2kW;IEC_62196_T2:4kW","2026-10-04T08:50:45.761Z","true","SOURCE_DUPLICATE_DIFFERENT_PRICING|MULTIPLE_CONNECTOR_POWER_NEEDS_PER_CONNECTOR_MATCH|COMPLEX_TIME_OR_DURATION_PRICING","9bd19f3fed23f03d","0","","4","0","2"
"1","FRGLYPLYON51","","367236","MAT008882","935193","MAT-008882","DOMESTIC_F:2kW;IEC_62196_T2:7kW","2026-10-04T08:50:45.761Z","true","SOURCE_DUPLICATE_DIFFERENT_PRICING|MULTIPLE_CONNECTOR_POWER_NEEDS_PER_CONNECTOR_MATCH|COMPLEX_TIME_OR_DURATION_PRICING","a58f7894a607f4e6","0","","4","0","2"
"1","FRGLYPLYON51","","367236","MAT008882","935195","MAT-008882","DOMESTIC_F:2kW;IEC_62196_T2:4kW","2026-10-04T08:50:45.761Z","true","SOURCE_DUPLICATE_DIFFERENT_PRICING|MULTIPLE_CONNECTOR_POWER_NEEDS_PER_CONNECTOR_MATCH|COMPLEX_TIME_OR_DURATION_PRICING","9bd19f3fed23f03d","0","","4","0","2"
"1","FRGLYPLYON52","","571633","MAT008895","935302","MAT-008895","DOMESTIC_F:2kW;IEC_62196_T2:4kW","2026-10-04T12:47:12.631Z","true","SOURCE_DUPLICATE_DIFFERENT_PRICING|MULTIPLE_CONNECTOR_POWER_NEEDS_PER_CONNECTOR_MATCH|COMPLEX_TIME_OR_DURATION_PRICING","9bd19f3fed23f03d","0","","4","0","2"
"1","FRGLYPLYON52","","571633","MAT008895","935303","MAT-008895","DOMESTIC_F:2kW;IEC_62196_T2:7kW","2026-10-04T12:47:12.631Z","true","SOURCE_DUPLICATE_DIFFERENT_PRICING|MULTIPLE_CONNECTOR_POWER_NEEDS_PER_CONNECTOR_MATCH|COMPLEX_TIME_OR_DURATION_PRICING","a58f7894a607f4e6","0","","4","0","2"
"1","FRGLYPLYON52","","571633","MAT008896","935304","MAT-008896","DOMESTIC_F:2kW;IEC_62196_T2:4kW","2026-10-04T12:47:12.631Z","true","SOURCE_DUPLICATE_DIFFERENT_PRICING|MULTIPLE_CONNECTOR_POWER_NEEDS_PER_CONNECTOR_MATCH|COMPLEX_TIME_OR_DURATION_PRICING","9bd19f3fed23f03d","0","","4","0","2"
"1","FRGLYPLYON52","","571633","MAT008896","935305","MAT-008896","DOMESTIC_F:2kW;IEC_62196_T2:7kW","2026-10-04T12:47:12.631Z","true","SOURCE_DUPLICATE_DIFFERENT_PRICING|MULTIPLE_CONNECTOR_POWER_NEEDS_PER_CONNECTOR_MATCH|COMPLEX_TIME_OR_DURATION_PRICING","a58f7894a607f4e6","0","","4","0","2"
"1","FRGLYPLYON53","","401726","MAT008903","935056","MAT-008903","DOMESTIC_F:2kW;IEC_62196_T2:7kW","2026-10-04T09:14:55.155Z","true","SOURCE_DUPLICATE_DIFFERENT_PRICING|MULTIPLE_CONNECTOR_POWER_NEEDS_PER_CONNECTOR_MATCH|COMPLEX_TIME_OR_DURATION_PRICING","a58f7894a607f4e6","0","","4","0","2"
"1","FRGLYPLYON53","","401726","MAT008903","935057","MAT-008903","DOMESTIC_F:2kW;IEC_62196_T2:4kW","2026-10-04T09:14:55.155Z","true","SOURCE_DUPLICATE_DIFFERENT_PRICING|MULTIPLE_CONNECTOR_POWER_NEEDS_PER_CONNECTOR_MATCH|COMPLEX_TIME_OR_DURATION_PRICING","9bd19f3fed23f03d","0","","4","0","2"
"1","FRGLYPLYON54","","385166","MAT008909","935262","MAT-008909","CHADEMO:32kW;IEC_62196_T2_COMBO:32kW","2026-10-04T08:59:16.102Z","true","SOURCE_DUPLICATE_DIFFERENT_PRICING|MULTIPLE_CONNECTOR_POWER_NEEDS_PER_CONNECTOR_MATCH|COMPLEX_TIME_OR_DURATION_PRICING","549902526b3aafd1","0","","4","0","2"
"1","FRGLYPLYON54","","385166","MAT008909","935263","MAT-008909","IEC_62196_T2:22kW","2026-10-04T08:59:16.102Z","true","SOURCE_DUPLICATE_DIFFERENT_PRICING|COMPLEX_TIME_OR_DURATION_PRICING","e6acc86bf83d56b4","0","","4","0","2"
"1","FRGLYPLYON54","","385166","MAT008910","935264","MAT-008910","CHADEMO:32kW;IEC_62196_T2_COMBO:32kW","2026-10-04T08:59:16.102Z","true","SOURCE_DUPLICATE_DIFFERENT_PRICING|MULTIPLE_CONNECTOR_POWER_NEEDS_PER_CONNECTOR_MATCH|COMPLEX_TIME_OR_DURATION_PRICING","549902526b3aafd1","0","","4","0","2"
"1","FRGLYPLYON54","","385166","MAT008910","935265","MAT-008910","IEC_62196_T2:22kW","2026-10-04T08:59:16.102Z","true","SOURCE_DUPLICATE_DIFFERENT_PRICING|COMPLEX_TIME_OR_DURATION_PRICING","e6acc86bf83d56b4","0","","4","0","2"
"1","FRGLYPLYON55","","561356","MAT008897","935066","MAT-008897","CHADEMO:32kW;IEC_62196_T2_COMBO:32kW","2026-10-04T12:42:53.341Z","true","SOURCE_DUPLICATE_DIFFERENT_PRICING|MULTIPLE_CONNECTOR_POWER_NEEDS_PER_CONNECTOR_MATCH|COMPLEX_TIME_OR_DURATION_PRICING","549902526b3aafd1","0","","4","0","2"
"1","FRGLYPLYON55","","561356","MAT008897","935067","MAT-008897","IEC_62196_T2:22kW","2026-10-04T12:42:53.341Z","true","SOURCE_DUPLICATE_DIFFERENT_PRICING|COMPLEX_TIME_OR_DURATION_PRICING","e6acc86bf83d56b4","0","","4","0","2"
"1","FRGLYPLYON55","","561356","MAT008898","935068","MAT-008898","CHADEMO:32kW;IEC_62196_T2_COMBO:32kW","2026-10-04T12:42:53.341Z","true","SOURCE_DUPLICATE_DIFFERENT_PRICING|MULTIPLE_CONNECTOR_POWER_NEEDS_PER_CONNECTOR_MATCH|COMPLEX_TIME_OR_DURATION_PRICING","549902526b3aafd1","0","","4","0","2"
"1","FRGLYPLYON55","","561356","MAT008898","935069","MAT-008898","IEC_62196_T2:22kW","2026-10-04T12:42:53.341Z","true","SOURCE_DUPLICATE_DIFFERENT_PRICING|COMPLEX_TIME_OR_DURATION_PRICING","e6acc86bf83d56b4","0","","4","0","2"
"1","FRGLYPLYON56","","579942","MAT008913","935539","MAT-008913","CHADEMO:32kW;IEC_62196_T2_COMBO:32kW","2026-10-04T12:49:27.640Z","true","SOURCE_DUPLICATE_DIFFERENT_PRICING|MULTIPLE_CONNECTOR_POWER_NEEDS_PER_CONNECTOR_MATCH|COMPLEX_TIME_OR_DURATION_PRICING","549902526b3aafd1","0","","4","0","2"
"1","FRGLYPLYON56","","579942","MAT008913","935542","MAT-008913","IEC_62196_T2:22kW","2026-10-04T12:49:27.640Z","true","SOURCE_DUPLICATE_DIFFERENT_PRICING|COMPLEX_TIME_OR_DURATION_PRICING","e6acc86bf83d56b4","0","","4","0","2"
"1","FRGLYPLYON56","","579942","MAT008914","935544","MAT-008914","CHADEMO:32kW;IEC_62196_T2_COMBO:32kW","2026-10-04T12:49:27.640Z","true","SOURCE_DUPLICATE_DIFFERENT_PRICING|MULTIPLE_CONNECTOR_POWER_NEEDS_PER_CONNECTOR_MATCH|COMPLEX_TIME_OR_DURATION_PRICING","549902526b3aafd1","0","","4","0","2"
"1","FRGLYPLYON56","","579942","MAT008914","935545","MAT-008914","IEC_62196_T2:22kW","2026-10-04T12:49:27.640Z","true","SOURCE_DUPLICATE_DIFFERENT_PRICING|COMPLEX_TIME_OR_DURATION_PRICING","e6acc86bf83d56b4","0","","4","0","2"
"1","FRGLYPLYON59","","367527","MAT008918","3697872","MAT-008918","IEC_62196_T2:22kW","2026-10-04T08:50:50.907Z","false","SOURCE_DUPLICATE_DIFFERENT_PRICING|COMPLEX_TIME_OR_DURATION_PRICING|NO_DETERMINISTIC_LOCAL_IRVE_MATCH|UNPUBLISHED_SOURCE_EVSE","e6acc86bf83d56b4","0","","3","0","3"
"1","FRGLYPLYON59","","367527","MAT008918","3697874","MAT-008918","IEC_62196_T2_COMBO:238kW","2026-10-04T08:50:50.907Z","false","SOURCE_DUPLICATE_DIFFERENT_PRICING|COMPLEX_TIME_OR_DURATION_PRICING|NO_DETERMINISTIC_LOCAL_IRVE_MATCH|UNPUBLISHED_SOURCE_EVSE","b924c8f72ae211d0","0","","3","0","3"
"1","FRGLYPLYON59","","367527","MAT008918","3697875","MAT-008918","IEC_62196_T2_COMBO:238kW","2026-10-04T08:50:50.907Z","false","SOURCE_DUPLICATE_DIFFERENT_PRICING|COMPLEX_TIME_OR_DURATION_PRICING|NO_DETERMINISTIC_LOCAL_IRVE_MATCH|UNPUBLISHED_SOURCE_EVSE","b924c8f72ae211d0","0","","3","0","3"
"1","FRGLYPLYON6","","588306","MAT008835","935258","MAT-008835","DOMESTIC_F:2kW;IEC_62196_T2:4kW","2026-10-04T13:50:20.644Z","true","SOURCE_DUPLICATE_DIFFERENT_PRICING|MULTIPLE_CONNECTOR_POWER_NEEDS_PER_CONNECTOR_MATCH|COMPLEX_TIME_OR_DURATION_PRICING","9bd19f3fed23f03d","0","","4","0","2"
"1","FRGLYPLYON6","","588306","MAT008835","935259","MAT-008835","DOMESTIC_F:2kW;IEC_62196_T2:7kW","2026-10-04T13:50:20.644Z","true","SOURCE_DUPLICATE_DIFFERENT_PRICING|MULTIPLE_CONNECTOR_POWER_NEEDS_PER_CONNECTOR_MATCH|COMPLEX_TIME_OR_DURATION_PRICING","a58f7894a607f4e6","0","","4","0","2"
"1","FRGLYPLYON61","","342843","MAT025866","935283","MAT-025866","DOMESTIC_F:2kW;IEC_62196_T2:7kW","2026-10-04T08:40:22.274Z","true","SOURCE_DUPLICATE_DIFFERENT_PRICING|MULTIPLE_CONNECTOR_POWER_NEEDS_PER_CONNECTOR_MATCH|COMPLEX_TIME_OR_DURATION_PRICING","a58f7894a607f4e6","0","","4","0","2"
"1","FRGLYPLYON61","","342843","MAT025866","935285","MAT-025866","DOMESTIC_F:2kW;IEC_62196_T2:4kW","2026-10-04T08:40:22.274Z","true","SOURCE_DUPLICATE_DIFFERENT_PRICING|MULTIPLE_CONNECTOR_POWER_NEEDS_PER_CONNECTOR_MATCH|COMPLEX_TIME_OR_DURATION_PRICING","9bd19f3fed23f03d","0","","4","0","2"
"1","FRGLYPLYON62","","593237","MAT025267","775102","MAT-025267","CHADEMO:50kW;IEC_62196_T2_COMBO:50kW","2026-09-28T08:45:17.846Z","true","SOURCE_DUPLICATE_DIFFERENT_PRICING|MULTIPLE_CONNECTOR_POWER_NEEDS_PER_CONNECTOR_MATCH|COMPLEX_TIME_OR_DURATION_PRICING","af4c75bcf4fd3fad","0","","1","0","2"
"1","FRGLYPLYON62","","593237","MAT025267","775103","MAT-025267","IEC_62196_T2:43kW","2026-09-28T08:45:17.846Z","true","SOURCE_DUPLICATE_DIFFERENT_PRICING|COMPLEX_TIME_OR_DURATION_PRICING","e6c24f1096245fca","0","","1","0","2"
"1","FRGLYPLYON63","","588305","MAT008927","3767758","MAT-008927","IEC_62196_T2:22kW","2026-10-04T13:50:18.104Z","false","SOURCE_DUPLICATE_DIFFERENT_PRICING|COMPLEX_TIME_OR_DURATION_PRICING|NO_DETERMINISTIC_LOCAL_IRVE_MATCH|UNPUBLISHED_SOURCE_EVSE","e6acc86bf83d56b4","0","","3","0","3"
"1","FRGLYPLYON63","","588305","MAT008927","3767760","MAT-008927","IEC_62196_T2_COMBO:238kW","2026-10-04T13:50:18.104Z","false","SOURCE_DUPLICATE_DIFFERENT_PRICING|COMPLEX_TIME_OR_DURATION_PRICING|NO_DETERMINISTIC_LOCAL_IRVE_MATCH|UNPUBLISHED_SOURCE_EVSE","b924c8f72ae211d0","0","","3","0","3"
"1","FRGLYPLYON63","","588305","MAT008927","3767761","MAT-008927","IEC_62196_T2_COMBO:238kW","2026-10-04T13:50:18.104Z","false","SOURCE_DUPLICATE_DIFFERENT_PRICING|COMPLEX_TIME_OR_DURATION_PRICING|NO_DETERMINISTIC_LOCAL_IRVE_MATCH|UNPUBLISHED_SOURCE_EVSE","b924c8f72ae211d0","0","","3","0","3"
"1","FRGLYPLYON64","","581026","MAT008919","3768075","MAT-008919","IEC_62196_T2:22kW","2026-10-04T12:50:39.794Z","false","SOURCE_DUPLICATE_DIFFERENT_PRICING|COMPLEX_TIME_OR_DURATION_PRICING|NO_DETERMINISTIC_LOCAL_IRVE_MATCH|UNPUBLISHED_SOURCE_EVSE","e6acc86bf83d56b4","0","","3","0","3"
"1","FRGLYPLYON64","","581026","MAT008919","3768079","MAT-008919","IEC_62196_T2_COMBO:238kW","2026-10-04T12:50:39.794Z","false","SOURCE_DUPLICATE_DIFFERENT_PRICING|COMPLEX_TIME_OR_DURATION_PRICING|NO_DETERMINISTIC_LOCAL_IRVE_MATCH|UNPUBLISHED_SOURCE_EVSE","b924c8f72ae211d0","0","","3","0","3"
"1","FRGLYPLYON64","","581026","MAT008919","3768082","MAT-008919","IEC_62196_T2_COMBO:238kW","2026-10-04T12:50:39.794Z","false","SOURCE_DUPLICATE_DIFFERENT_PRICING|COMPLEX_TIME_OR_DURATION_PRICING|NO_DETERMINISTIC_LOCAL_IRVE_MATCH|UNPUBLISHED_SOURCE_EVSE","b924c8f72ae211d0","0","","3","0","3"
"1","FRGLYPLYON65","","557130","MAT008915","3852358","MAT-008915","IEC_62196_T2_COMBO:238kW","2026-10-04T12:40:41.761Z","false","SOURCE_DUPLICATE_DIFFERENT_PRICING|COMPLEX_TIME_OR_DURATION_PRICING|NO_DETERMINISTIC_LOCAL_IRVE_MATCH|UNPUBLISHED_SOURCE_EVSE","b924c8f72ae211d0","0","","3","0","3"
"1","FRGLYPLYON65","","557130","MAT008915","3852359","MAT-008915","IEC_62196_T2_COMBO:238kW","2026-10-04T12:40:41.761Z","false","SOURCE_DUPLICATE_DIFFERENT_PRICING|COMPLEX_TIME_OR_DURATION_PRICING|NO_DETERMINISTIC_LOCAL_IRVE_MATCH|UNPUBLISHED_SOURCE_EVSE","b924c8f72ae211d0","0","","3","0","3"
"1","FRGLYPLYON65","","557130","MAT008915","3852360","MAT-008915","IEC_62196_T2:22kW","2026-10-04T12:40:41.761Z","false","SOURCE_DUPLICATE_DIFFERENT_PRICING|COMPLEX_TIME_OR_DURATION_PRICING|NO_DETERMINISTIC_LOCAL_IRVE_MATCH|UNPUBLISHED_SOURCE_EVSE","e6acc86bf83d56b4","0","","3","0","3"
"1","FRGLYPLYON66","","1097092","MAT025830","1530943","MAT-025830","CHADEMO:50kW;IEC_62196_T2_COMBO:50kW","2026-10-04T06:02:18.308Z","false","SOURCE_DUPLICATE_DIFFERENT_PRICING|MULTIPLE_CONNECTOR_POWER_NEEDS_PER_CONNECTOR_MATCH|COMPLEX_TIME_OR_DURATION_PRICING|NO_DETERMINISTIC_LOCAL_IRVE_MATCH|UNPUBLISHED_SOURCE_EVSE","af4c75bcf4fd3fad","0","","4","0","2"
"1","FRGLYPLYON66","","1097092","MAT025830","1530949","MAT-025830","IEC_62196_T2:43kW","2026-10-04T06:02:18.308Z","false","SOURCE_DUPLICATE_DIFFERENT_PRICING|COMPLEX_TIME_OR_DURATION_PRICING|NO_DETERMINISTIC_LOCAL_IRVE_MATCH|UNPUBLISHED_SOURCE_EVSE","e6c24f1096245fca","0","","4","0","2"
"1","FRGLYPLYON66","","1097092","MAT080726","3947637","MAT-080726","IEC_62196_T2_COMBO:238kW","2026-10-04T06:02:18.308Z","false","SOURCE_DUPLICATE_DIFFERENT_PRICING|COMPLEX_TIME_OR_DURATION_PRICING|NO_DETERMINISTIC_LOCAL_IRVE_MATCH|UNPUBLISHED_SOURCE_EVSE","b924c8f72ae211d0","0","","4","0","3"
"1","FRGLYPLYON66","","1097092","MAT080726","3947643","MAT-080726","IEC_62196_T2_COMBO:238kW","2026-10-04T06:02:18.308Z","false","SOURCE_DUPLICATE_DIFFERENT_PRICING|COMPLEX_TIME_OR_DURATION_PRICING|NO_DETERMINISTIC_LOCAL_IRVE_MATCH|UNPUBLISHED_SOURCE_EVSE","b924c8f72ae211d0","0","","4","0","3"
"1","FRGLYPLYON66","","1097092","MAT080726","3947656","MAT-080726","IEC_62196_T2:22kW","2026-10-04T06:02:18.308Z","false","SOURCE_DUPLICATE_DIFFERENT_PRICING|COMPLEX_TIME_OR_DURATION_PRICING|NO_DETERMINISTIC_LOCAL_IRVE_MATCH|UNPUBLISHED_SOURCE_EVSE","e6acc86bf83d56b4","0","","4","0","3"
"1","FRGLYPLYON67","","390122","MAT025337","935237","MAT-025337","CHADEMO:32kW;IEC_62196_T2_COMBO:32kW","2026-10-04T09:03:52.797Z","true","SOURCE_DUPLICATE_DIFFERENT_PRICING|MULTIPLE_CONNECTOR_POWER_NEEDS_PER_CONNECTOR_MATCH|COMPLEX_TIME_OR_DURATION_PRICING","549902526b3aafd1","0","","4","0","2"
"1","FRGLYPLYON67","","390122","MAT025337","935238","MAT-025337","IEC_62196_T2:22kW","2026-10-04T09:03:52.797Z","true","SOURCE_DUPLICATE_DIFFERENT_PRICING|COMPLEX_TIME_OR_DURATION_PRICING","e6acc86bf83d56b4","0","","4","0","2"
"1","FRGLYPLYON67","","390122","MAT008923","935239","MAT-008923","CHADEMO:32kW;IEC_62196_T2_COMBO:32kW","2026-10-04T09:03:52.797Z","true","SOURCE_DUPLICATE_DIFFERENT_PRICING|MULTIPLE_CONNECTOR_POWER_NEEDS_PER_CONNECTOR_MATCH|COMPLEX_TIME_OR_DURATION_PRICING","549902526b3aafd1","0","","4","0","2"
"1","FRGLYPLYON67","","390122","MAT008923","935241","MAT-008923","IEC_62196_T2:22kW","2026-10-04T09:03:52.797Z","true","SOURCE_DUPLICATE_DIFFERENT_PRICING|COMPLEX_TIME_OR_DURATION_PRICING","e6acc86bf83d56b4","0","","4","0","2"
"1","FRGLYPLYON68","","559387","MAT009089","935348","MAT-009089","CHADEMO:32kW;IEC_62196_T2_COMBO:32kW","2026-10-04T12:41:48.178Z","true","SOURCE_DUPLICATE_DIFFERENT_PRICING|MULTIPLE_CONNECTOR_POWER_NEEDS_PER_CONNECTOR_MATCH|COMPLEX_TIME_OR_DURATION_PRICING","549902526b3aafd1","0","","4","0","2"
"1","FRGLYPLYON68","","559387","MAT009089","935349","MAT-009089","IEC_62196_T2:22kW","2026-10-04T12:41:48.178Z","true","SOURCE_DUPLICATE_DIFFERENT_PRICING|COMPLEX_TIME_OR_DURATION_PRICING","e6acc86bf83d56b4","0","","4","0","2"
"1","FRGLYPLYON68","","559387","MAT009090","935350","MAT-009090","CHADEMO:32kW;IEC_62196_T2_COMBO:32kW","2026-10-04T12:41:48.178Z","true","SOURCE_DUPLICATE_DIFFERENT_PRICING|MULTIPLE_CONNECTOR_POWER_NEEDS_PER_CONNECTOR_MATCH|COMPLEX_TIME_OR_DURATION_PRICING","549902526b3aafd1","0","","4","0","2"
"1","FRGLYPLYON68","","559387","MAT009090","935351","MAT-009090","IEC_62196_T2:22kW","2026-10-04T12:41:48.178Z","true","SOURCE_DUPLICATE_DIFFERENT_PRICING|COMPLEX_TIME_OR_DURATION_PRICING","e6acc86bf83d56b4","0","","4","0","2"
"1","FRGLYPLYON70","","391758","MAT080725","3947569","MAT-080725","IEC_62196_T2:22kW","2026-10-04T09:05:43.665Z","false","SOURCE_DUPLICATE_DIFFERENT_PRICING|COMPLEX_TIME_OR_DURATION_PRICING|NO_DETERMINISTIC_LOCAL_IRVE_MATCH|UNPUBLISHED_SOURCE_EVSE","e6acc86bf83d56b4","0","","4","0","3"
"1","FRGLYPLYON70","","391758","MAT080725","3947578","MAT-080725","IEC_62196_T2_COMBO:238kW","2026-10-04T09:05:43.665Z","false","SOURCE_DUPLICATE_DIFFERENT_PRICING|COMPLEX_TIME_OR_DURATION_PRICING|NO_DETERMINISTIC_LOCAL_IRVE_MATCH|UNPUBLISHED_SOURCE_EVSE","b924c8f72ae211d0","0","","4","0","3"
"1","FRGLYPLYON70","","391758","MAT080725","3947589","MAT-080725","IEC_62196_T2_COMBO:238kW","2026-10-04T09:05:43.665Z","false","SOURCE_DUPLICATE_DIFFERENT_PRICING|COMPLEX_TIME_OR_DURATION_PRICING|NO_DETERMINISTIC_LOCAL_IRVE_MATCH|UNPUBLISHED_SOURCE_EVSE","b924c8f72ae211d0","0","","4","0","3"
"1","FRGLYPLYON70","","391758","MAT008926","666583","MAT-008926","CHADEMO:50kW;IEC_62196_T2_COMBO:50kW","2026-10-04T09:05:43.665Z","false","SOURCE_DUPLICATE_DIFFERENT_PRICING|MULTIPLE_CONNECTOR_POWER_NEEDS_PER_CONNECTOR_MATCH|COMPLEX_TIME_OR_DURATION_PRICING|NO_DETERMINISTIC_LOCAL_IRVE_MATCH|UNPUBLISHED_SOURCE_EVSE","af4c75bcf4fd3fad","0","","4","0","2"
"1","FRGLYPLYON70","","391758","MAT008926","666584","MAT-008926","IEC_62196_T2:43kW","2026-10-04T09:05:43.665Z","false","SOURCE_DUPLICATE_DIFFERENT_PRICING|COMPLEX_TIME_OR_DURATION_PRICING|NO_DETERMINISTIC_LOCAL_IRVE_MATCH|UNPUBLISHED_SOURCE_EVSE","e6c24f1096245fca","0","","4","0","2"
"1","FRGLYPLYON8","","398316","MAT008819","934981","MAT-008819","DOMESTIC_F:2kW;IEC_62196_T2:4kW","2026-10-04T10:17:39.626Z","true","SOURCE_DUPLICATE_DIFFERENT_PRICING|MULTIPLE_CONNECTOR_POWER_NEEDS_PER_CONNECTOR_MATCH|COMPLEX_TIME_OR_DURATION_PRICING","9bd19f3fed23f03d","0","","4","0","2"
"1","FRGLYPLYON8","","398316","MAT008819","934982","MAT-008819","DOMESTIC_F:2kW;IEC_62196_T2:7kW","2026-10-04T10:17:39.626Z","true","SOURCE_DUPLICATE_DIFFERENT_PRICING|MULTIPLE_CONNECTOR_POWER_NEEDS_PER_CONNECTOR_MATCH|COMPLEX_TIME_OR_DURATION_PRICING","a58f7894a607f4e6","0","","4","0","2"
"1","FRGLYPLYON8","","398316","MAT008820","934983","MAT-008820","DOMESTIC_F:2kW;IEC_62196_T2:4kW","2026-10-04T10:17:39.626Z","true","SOURCE_DUPLICATE_DIFFERENT_PRICING|MULTIPLE_CONNECTOR_POWER_NEEDS_PER_CONNECTOR_MATCH|COMPLEX_TIME_OR_DURATION_PRICING","9bd19f3fed23f03d","0","","4","0","2"
"1","FRGLYPLYON8","","398316","MAT008820","934984","MAT-008820","DOMESTIC_F:2kW;IEC_62196_T2:7kW","2026-10-04T10:17:39.626Z","true","SOURCE_DUPLICATE_DIFFERENT_PRICING|MULTIPLE_CONNECTOR_POWER_NEEDS_PER_CONNECTOR_MATCH|COMPLEX_TIME_OR_DURATION_PRICING","a58f7894a607f4e6","0","","4","0","2"
"1","FRGLYPLYON9","","385067","MAT008816","934997","MAT-008816","DOMESTIC_F:2kW;IEC_62196_T2:4kW","2026-10-04T08:59:16.102Z","true","SOURCE_DUPLICATE_DIFFERENT_PRICING|MULTIPLE_CONNECTOR_POWER_NEEDS_PER_CONNECTOR_MATCH|COMPLEX_TIME_OR_DURATION_PRICING","9bd19f3fed23f03d","0","","4","0","2"
"1","FRGLYPLYON9","","385067","MAT008816","934999","MAT-008816","DOMESTIC_F:2kW;IEC_62196_T2:7kW","2026-10-04T08:59:16.102Z","true","SOURCE_DUPLICATE_DIFFERENT_PRICING|MULTIPLE_CONNECTOR_POWER_NEEDS_PER_CONNECTOR_MATCH|COMPLEX_TIME_OR_DURATION_PRICING","a58f7894a607f4e6","0","","4","0","2"
"1","FRGLYPLYON93","","391738","MAT009013","935505","MAT-009013","DOMESTIC_F:2kW;IEC_62196_T2:7kW","2026-10-04T09:05:43.665Z","true","SOURCE_DUPLICATE_DIFFERENT_PRICING|MULTIPLE_CONNECTOR_POWER_NEEDS_PER_CONNECTOR_MATCH|COMPLEX_TIME_OR_DURATION_PRICING","a58f7894a607f4e6","0","","4","0","2"
"1","FRGLYPLYON93","","391738","MAT009013","935507","MAT-009013","DOMESTIC_F:2kW;IEC_62196_T2:4kW","2026-10-04T09:05:43.665Z","true","SOURCE_DUPLICATE_DIFFERENT_PRICING|MULTIPLE_CONNECTOR_POWER_NEEDS_PER_CONNECTOR_MATCH|COMPLEX_TIME_OR_DURATION_PRICING","9bd19f3fed23f03d","0","","4","0","2"
"1","FRGLYPLYON95","","588310","MAT009027","670188","MAT-009027","DOMESTIC_F:2kW;IEC_62196_T2:4kW","2026-10-04T13:50:24.774Z","true","SOURCE_DUPLICATE_DIFFERENT_PRICING|MULTIPLE_CONNECTOR_POWER_NEEDS_PER_CONNECTOR_MATCH|COMPLEX_TIME_OR_DURATION_PRICING","9bd19f3fed23f03d","0","","2","0","2"
"1","FRGLYPLYON95","","588310","MAT009027","670189","MAT-009027","DOMESTIC_F:2kW;IEC_62196_T2:7kW","2026-10-04T13:50:24.774Z","true","SOURCE_DUPLICATE_DIFFERENT_PRICING|MULTIPLE_CONNECTOR_POWER_NEEDS_PER_CONNECTOR_MATCH|COMPLEX_TIME_OR_DURATION_PRICING","a58f7894a607f4e6","0","","2","0","2"
"1","FRGLYPLYON96","","586831","MAT009036","669875","MAT-009036","DOMESTIC_F:2kW;IEC_62196_T2:7kW","2026-10-04T12:56:31.284Z","true","SOURCE_DUPLICATE_DIFFERENT_PRICING|MULTIPLE_CONNECTOR_POWER_NEEDS_PER_CONNECTOR_MATCH|COMPLEX_TIME_OR_DURATION_PRICING","a58f7894a607f4e6","0","","2","0","2"
"1","FRGLYPLYON96","","586831","MAT009036","669876","MAT-009036","DOMESTIC_F:2kW;IEC_62196_T2:4kW","2026-10-04T12:56:31.284Z","true","SOURCE_DUPLICATE_DIFFERENT_PRICING|MULTIPLE_CONNECTOR_POWER_NEEDS_PER_CONNECTOR_MATCH|COMPLEX_TIME_OR_DURATION_PRICING","9bd19f3fed23f03d","0","","2","0","2"
"1","FRGLYPLYON97","","377201","MAT009137","665916","MAT-009137","DOMESTIC_F:2kW;IEC_62196_T2:4kW","2026-10-04T08:55:32.126Z","true","SOURCE_DUPLICATE_DIFFERENT_PRICING|MULTIPLE_CONNECTOR_POWER_NEEDS_PER_CONNECTOR_MATCH|COMPLEX_TIME_OR_DURATION_PRICING","9bd19f3fed23f03d","0","","2","0","2"
"1","FRGLYPLYON97","","377201","MAT009137","665917","MAT-009137","DOMESTIC_F:2kW;IEC_62196_T2:7kW","2026-10-04T08:55:32.126Z","true","SOURCE_DUPLICATE_DIFFERENT_PRICING|MULTIPLE_CONNECTOR_POWER_NEEDS_PER_CONNECTOR_MATCH|COMPLEX_TIME_OR_DURATION_PRICING","a58f7894a607f4e6","0","","2","0","2"
"1","FRGLYPLYON98","","559394","MAT009057","935386","MAT-009057","CHADEMO:32kW;IEC_62196_T2_COMBO:32kW","2026-10-04T12:41:45.346Z","true","SOURCE_DUPLICATE_DIFFERENT_PRICING|MULTIPLE_CONNECTOR_POWER_NEEDS_PER_CONNECTOR_MATCH|COMPLEX_TIME_OR_DURATION_PRICING","549902526b3aafd1","0","","4","0","2"
"1","FRGLYPLYON98","","559394","MAT009057","935387","MAT-009057","IEC_62196_T2:22kW","2026-10-04T12:41:45.346Z","true","SOURCE_DUPLICATE_DIFFERENT_PRICING|COMPLEX_TIME_OR_DURATION_PRICING","e6acc86bf83d56b4","0","","4","0","2"
"1","FRGLYPLYON98","","559394","MAT009058","935388","MAT-009058","CHADEMO:32kW;IEC_62196_T2_COMBO:32kW","2026-10-04T12:41:45.346Z","true","SOURCE_DUPLICATE_DIFFERENT_PRICING|MULTIPLE_CONNECTOR_POWER_NEEDS_PER_CONNECTOR_MATCH|COMPLEX_TIME_OR_DURATION_PRICING","549902526b3aafd1","0","","4","0","2"
"1","FRGLYPLYON98","","559394","MAT009058","935389","MAT-009058","IEC_62196_T2:22kW","2026-10-04T12:41:45.346Z","true","SOURCE_DUPLICATE_DIFFERENT_PRICING|COMPLEX_TIME_OR_DURATION_PRICING","e6acc86bf83d56b4","0","","4","0","2"
"1","FRGSPP89206594","","4462517","ING6S0A21271","4152649","ING-6S0A21271655","IEC_62196_T2:22kW","2026-09-27T21:24:07.426Z","true","SOURCE_DUPLICATE_DIFFERENT_PRICING","3b339c10b5910d4d","0","","5","0","3"
"1","FRGSPP89206594","","4462517","ING6S0A21271","4152664","ING-6S0A21271655","IEC_62196_T2:22kW","2026-09-27T21:24:07.426Z","true","SOURCE_DUPLICATE_DIFFERENT_PRICING","3b339c10b5910d4d","0","","5","0","3"
"1","FRGSPP89206594","","4462517","ING6S0A21271","4152676","ING-6S0A21271655","DOMESTIC_F:4kW","2026-09-27T21:24:07.426Z","true","SOURCE_DUPLICATE_DIFFERENT_PRICING","29de3e230c44824a","0","","5","0","3"
"1","FRGSPP89208164","","4459728","ING6S0A21281","4143578","ING-6S0A21281783","IEC_62196_T2:22kW","2026-09-29T04:12:22.271Z","true","SOURCE_DUPLICATE_DIFFERENT_PRICING|COMPLEX_TIME_OR_DURATION_PRICING","24e7d13c4dfe2420","0","","5","0","3"
"1","FRGSPP89208164","","4459728","ING6S0A21281","4143589","ING-6S0A21281783","IEC_62196_T2:22kW","2026-09-29T04:12:22.271Z","true","SOURCE_DUPLICATE_DIFFERENT_PRICING|COMPLEX_TIME_OR_DURATION_PRICING","24e7d13c4dfe2420","0","","5","0","3"
"1","FRGSPP89208164","","4459728","ING6S0A21281","4143607","ING-6S0A21281783","DOMESTIC_F:4kW","2026-09-29T04:12:22.271Z","true","SOURCE_DUPLICATE_DIFFERENT_PRICING|COMPLEX_TIME_OR_DURATION_PRICING","511eded1b9a22aae","0","","5","0","3"
"1","FRGSPP89208166","","4446027","ING6S0A22222","4101361","ING-6S0A22222089","DOMESTIC_F:22kW","2026-10-04T11:15:22.022Z","true","SOURCE_DUPLICATE_DIFFERENT_PRICING|COMPLEX_TIME_OR_DURATION_PRICING","d02e5002cba3116e","0","","6","0","3"
"1","FRGSPP89208166","","4446027","ING6S0A22222","4101363","ING-6S0A22222089","IEC_62196_T2:22kW","2026-10-04T11:15:22.022Z","true","SOURCE_DUPLICATE_DIFFERENT_PRICING|COMPLEX_TIME_OR_DURATION_PRICING","24e7d13c4dfe2420","0","","6","0","3"
"1","FRGSPP89208166","","4446027","ING6S0A22222","4101364","ING-6S0A22222089","IEC_62196_T2:22kW","2026-10-04T11:15:22.022Z","true","SOURCE_DUPLICATE_DIFFERENT_PRICING|COMPLEX_TIME_OR_DURATION_PRICING","24e7d13c4dfe2420","0","","6","0","3"
"1","FRGSPP89208166","","4446027","ING6S0A22222","4101365","ING-6S0A22222092","DOMESTIC_F:4kW","2026-10-04T11:15:22.022Z","true","SOURCE_DUPLICATE_DIFFERENT_PRICING|COMPLEX_TIME_OR_DURATION_PRICING","511eded1b9a22aae","0","","6","0","3"
"1","FRGSPP89208166","","4446027","ING6S0A22222","4101366","ING-6S0A22222092","IEC_62196_T2:22kW","2026-10-04T11:15:22.022Z","true","SOURCE_DUPLICATE_DIFFERENT_PRICING|COMPLEX_TIME_OR_DURATION_PRICING","24e7d13c4dfe2420","0","","6","0","3"
"1","FRGSPP89208166","","4446027","ING6S0A22222","4101367","ING-6S0A22222092","IEC_62196_T2:22kW","2026-10-04T11:15:22.022Z","true","SOURCE_DUPLICATE_DIFFERENT_PRICING|COMPLEX_TIME_OR_DURATION_PRICING","24e7d13c4dfe2420","0","","6","0","3"
"1","FRGSPP89208212","","4452835","ING6S0A21271","4121625","ING-6S0A21271650","IEC_62196_T2:22kW","2026-09-27T21:22:05.726Z","true","SOURCE_DUPLICATE_DIFFERENT_PRICING","68d4e11fcbe79a5b","0","","3","0","3"
"1","FRGSPP89208212","","4452835","ING6S0A21271","4121639","ING-6S0A21271650","IEC_62196_T2:22kW","2026-09-27T21:22:05.726Z","true","SOURCE_DUPLICATE_DIFFERENT_PRICING","68d4e11fcbe79a5b","0","","3","0","3"
"1","FRGSPP89208212","","4452835","ING6S0A21271","4121658","ING-6S0A21271650","DOMESTIC_F:4kW","2026-09-27T21:22:05.726Z","true","SOURCE_DUPLICATE_DIFFERENT_PRICING","45e1543a273945e8","0","","3","0","3"
"1","FRGSPP89208268","","4458792","ING6S0A21241","4140684","ING-6S0A21241117","IEC_62196_T2:22kW","2026-09-27T21:23:01.321Z","true","SOURCE_DUPLICATE_DIFFERENT_PRICING","68d4e11fcbe79a5b","0","","3","0","3"
"1","FRGSPP89208268","","4458792","ING6S0A21241","4140694","ING-6S0A21241117","IEC_62196_T2:22kW","2026-09-27T21:23:01.321Z","true","SOURCE_DUPLICATE_DIFFERENT_PRICING","68d4e11fcbe79a5b","0","","3","0","3"
"1","FRGSPP89208268","","4458792","ING6S0A21241","4140707","ING-6S0A21241117","DOMESTIC_F:4kW","2026-09-27T21:23:01.321Z","true","SOURCE_DUPLICATE_DIFFERENT_PRICING","45e1543a273945e8","0","","3","0","3"
"1","FRGSPP89208269","","4460034","ING6S0A21241","4144521","ING-6S0A21241118","IEC_62196_T2:22kW","2026-09-27T21:23:25.476Z","true","SOURCE_DUPLICATE_DIFFERENT_PRICING","68d4e11fcbe79a5b","0","","3","0","3"
"1","FRGSPP89208269","","4460034","ING6S0A21241","4144539","ING-6S0A21241118","IEC_62196_T2:22kW","2026-09-27T21:23:25.476Z","true","SOURCE_DUPLICATE_DIFFERENT_PRICING","68d4e11fcbe79a5b","0","","3","0","3"
"1","FRGSPP89208269","","4460034","ING6S0A21241","4144557","ING-6S0A21241118","DOMESTIC_F:4kW","2026-09-27T21:23:25.476Z","true","SOURCE_DUPLICATE_DIFFERENT_PRICING","45e1543a273945e8","0","","3","0","3"
"1","FRGSPP89216573","","4444653","ING6S0A21220","4094472","ING-6S0A21220836","DOMESTIC_F:4kW","2026-09-27T20:03:19.134Z","true","SOURCE_DUPLICATE_DIFFERENT_PRICING","d2c7e2f47f9c8f9e","0","","3","0","3"
"1","FRGSPP89216573","","4444653","ING6S0A21220","4094473","ING-6S0A21220836","IEC_62196_T2:22kW","2026-09-27T20:03:19.134Z","true","SOURCE_DUPLICATE_DIFFERENT_PRICING","89025aa5dccc0848","0","","3","0","3"
"1","FRGSPP89216573","","4444653","ING6S0A21220","4094476","ING-6S0A21220836","IEC_62196_T2:22kW","2026-09-27T20:03:19.134Z","true","SOURCE_DUPLICATE_DIFFERENT_PRICING","89025aa5dccc0848","0","","3","0","3"
"1","FRGSPP89216605","","4458875","ING6S0A21230","4140963","ING-6S0A21230930","IEC_62196_T2:22kW","2026-09-27T21:23:03.244Z","true","SOURCE_DUPLICATE_DIFFERENT_PRICING","630c2df0a82b57d3","0","","3","0","3"
"1","FRGSPP89216605","","4458875","ING6S0A21230","4140973","ING-6S0A21230930","IEC_62196_T2:22kW","2026-09-27T21:23:03.244Z","true","SOURCE_DUPLICATE_DIFFERENT_PRICING","630c2df0a82b57d3","0","","3","0","3"
"1","FRGSPP89216605","","4458875","ING6S0A21230","4140983","ING-6S0A21230930","DOMESTIC_F:3kW","2026-09-27T21:23:03.244Z","true","SOURCE_DUPLICATE_DIFFERENT_PRICING","d004463d9a849c61","0","","3","0","3"
"1","FRGSPP89216608","","4460440","ING6S0A21230","4145980","ING-6S0A21230922","IEC_62196_T2:22kW","2026-09-27T21:23:39.900Z","true","SOURCE_DUPLICATE_DIFFERENT_PRICING","b1413e9a5c45d3d1","0","","3","0","3"
"1","FRGSPP89216608","","4460440","ING6S0A21230","4145994","ING-6S0A21230922","IEC_62196_T2:22kW","2026-09-27T21:23:39.900Z","true","SOURCE_DUPLICATE_DIFFERENT_PRICING","b1413e9a5c45d3d1","0","","3","0","3"
"1","FRGSPP89216608","","4460440","ING6S0A21230","4146007","ING-6S0A21230922","DOMESTIC_F:4kW","2026-09-27T21:23:39.900Z","true","SOURCE_DUPLICATE_DIFFERENT_PRICING","d6438a3da5a9d26e","0","","3","0","3"
"1","FRGSPP89216642","","4459467","ING6S0A21220","4142680","ING-6S0A21220867","IEC_62196_T2:14kW","2026-09-27T21:23:07.286Z","true","SOURCE_DUPLICATE_DIFFERENT_PRICING","c719d3f74d7b49c5","0","","3","0","3"
"1","FRGSPP89216642","","4459467","ING6S0A21220","4142694","ING-6S0A21220867","IEC_62196_T2:14kW","2026-09-27T21:23:07.286Z","true","SOURCE_DUPLICATE_DIFFERENT_PRICING","c719d3f74d7b49c5","0","","3","0","3"
"1","FRGSPP89216642","","4459467","ING6S0A21220","4142711","ING-6S0A21220867","DOMESTIC_F:4kW","2026-09-27T21:23:07.286Z","true","SOURCE_DUPLICATE_DIFFERENT_PRICING","8210239cb029a737","0","","3","0","3"
"1","FRGSPP89218697","","4452001","IESAUTOMALIN","4119224","IES-AUTOMALIN001","IEC_62196_T2:22kW","2026-09-27T21:21:59.661Z","true","SOURCE_DUPLICATE_DIFFERENT_PRICING","bdc8f722152ba478","0","","3","0","3"
"1","FRGSPP89218697","","4452001","IESAUTOMALIN","4119234","IES-AUTOMALIN001","CHADEMO:50kW","2026-09-27T21:21:59.661Z","true","SOURCE_DUPLICATE_DIFFERENT_PRICING","58f8b73bb1b5dc54","0","","3","0","3"
"1","FRGSPP89218697","","4452001","IESAUTOMALIN","4119245","IES-AUTOMALIN001","IEC_62196_T2_COMBO:50kW","2026-09-27T21:21:59.661Z","true","SOURCE_DUPLICATE_DIFFERENT_PRICING","8e8e172e2fab5755","0","","3","0","3"
"1","FRGSPP89218715","","4443992","ING6H0521234","4090844","ING-6H0521234480","CHADEMO:50kW","2026-09-27T20:03:17.993Z","true","SOURCE_DUPLICATE_DIFFERENT_PRICING|COMPLEX_TIME_OR_DURATION_PRICING","e023ef6dae5345d4","0","","3","0","3"
"1","FRGSPP89218715","","4443992","ING6H0521234","4090846","ING-6H0521234480","IEC_62196_T2_COMBO:50kW","2026-09-27T20:03:17.993Z","true","SOURCE_DUPLICATE_DIFFERENT_PRICING|COMPLEX_TIME_OR_DURATION_PRICING","eb192470290c123a","0","","3","0","3"
"1","FRGSPP89218715","","4443992","ING6H0521234","4090849","ING-6H0521234480","IEC_62196_T2:38kW","2026-09-27T20:03:17.993Z","true","SOURCE_DUPLICATE_DIFFERENT_PRICING|COMPLEX_TIME_OR_DURATION_PRICING","e0b2ad66f6715138","0","","3","0","3"
"1","FRGSPP89218747","","4460679","ING6S0A21210","4146641","ING-6S0A21210768","IEC_62196_T2:22kW","2026-09-27T21:23:42.915Z","true","SOURCE_DUPLICATE_DIFFERENT_PRICING","3b339c10b5910d4d","0","","3","0","3"
"1","FRGSPP89218747","","4460679","ING6S0A21210","4146651","ING-6S0A21210768","IEC_62196_T2:22kW","2026-09-27T21:23:42.915Z","true","SOURCE_DUPLICATE_DIFFERENT_PRICING","3b339c10b5910d4d","0","","3","0","3"
"1","FRGSPP89218747","","4460679","ING6S0A21210","4146665","ING-6S0A21210768","DOMESTIC_F:4kW","2026-09-27T21:23:42.915Z","true","SOURCE_DUPLICATE_DIFFERENT_PRICING","29de3e230c44824a","0","","3","0","3"
"1","FRGSPP89218749","","4450530","ING6S0A202B0","4114828","ING-6S0A202B0631","IEC_62196_T2:22kW","2026-09-27T21:21:48.234Z","true","SOURCE_DUPLICATE_DIFFERENT_PRICING","6f457c745ed500aa","0","","3","0","3"
"1","FRGSPP89218749","","4450530","ING6S0A202B0","4114845","ING-6S0A202B0631","IEC_62196_T2:22kW","2026-09-27T21:21:48.234Z","true","SOURCE_DUPLICATE_DIFFERENT_PRICING","6f457c745ed500aa","0","","3","0","3"
"1","FRGSPP89218749","","4450530","ING6S0A202B0","4114856","ING-6S0A202B0631","DOMESTIC_F:4kW","2026-09-27T21:21:48.234Z","true","SOURCE_DUPLICATE_DIFFERENT_PRICING","15acc1383669db5c","0","","3","0","3"
"1","FRGSPP89218750","","4459530","ING6S0A21220","4142961","ING-6S0A21220887","IEC_62196_T2:22kW","2026-09-27T21:23:08.914Z","true","SOURCE_DUPLICATE_DIFFERENT_PRICING","630c2df0a82b57d3","0","","3","0","3"
"1","FRGSPP89218750","","4459530","ING6S0A21220","4142971","ING-6S0A21220887","IEC_62196_T2:22kW","2026-09-27T21:23:08.914Z","true","SOURCE_DUPLICATE_DIFFERENT_PRICING","630c2df0a82b57d3","0","","3","0","3"
"1","FRGSPP89218750","","4459530","ING6S0A21220","4142987","ING-6S0A21220887","DOMESTIC_F:2kW","2026-09-27T21:23:08.914Z","true","SOURCE_DUPLICATE_DIFFERENT_PRICING","7b8db3157d271970","0","","3","0","3"
"1","FRGSPP89228259","","4472630","ING6S0A21271","4186996","ING-6S0A21271552","IEC_62196_T2:22kW","2026-09-26T21:26:17.023Z","true","SOURCE_DUPLICATE_DIFFERENT_PRICING","25f381225e3c20d4","0","","3","0","3"
"1","FRGSPP89228259","","4472630","ING6S0A21271","4187010","ING-6S0A21271552","IEC_62196_T2:22kW","2026-09-26T21:26:17.023Z","true","SOURCE_DUPLICATE_DIFFERENT_PRICING","25f381225e3c20d4","0","","3","0","3"
"1","FRGSPP89228259","","4472630","ING6S0A21271","4187027","ING-6S0A21271552","DOMESTIC_F:4kW","2026-09-26T21:26:17.023Z","true","SOURCE_DUPLICATE_DIFFERENT_PRICING","420040cbc7b7880d","0","","3","0","3"
"1","FRGSPP89228279","","4453219","ING6S0A22222","4123186","ING-6S0A22222054","IEC_62196_T2:22kW","2026-09-27T21:22:07.169Z","true","SOURCE_DUPLICATE_DIFFERENT_PRICING","6f457c745ed500aa","0","","3","0","3"
"1","FRGSPP89228279","","4453219","ING6S0A22222","4123200","ING-6S0A22222054","IEC_62196_T2:22kW","2026-09-27T21:22:07.169Z","true","SOURCE_DUPLICATE_DIFFERENT_PRICING","6f457c745ed500aa","0","","3","0","3"
"1","FRGSPP89228279","","4453219","ING6S0A22222","4123211","ING-6S0A22222054","DOMESTIC_F:4kW","2026-09-27T21:22:07.169Z","true","SOURCE_DUPLICATE_DIFFERENT_PRICING","15acc1383669db5c","0","","3","0","3"
"1","FRGSPP89237842","","4463882","ING6S0921280","4157390","ING-6S0921280487","IEC_62196_T2:7kW","2026-09-29T04:13:58.372Z","true","SOURCE_DUPLICATE_DIFFERENT_PRICING|COMPLEX_TIME_OR_DURATION_PRICING","5bce40d036f5afd2","0","","7","0","3"
"1","FRGSPP89237842","","4463882","ING6S0921280","4157414","ING-6S0921280487","IEC_62196_T2:7kW","2026-09-29T04:13:58.372Z","true","SOURCE_DUPLICATE_DIFFERENT_PRICING|COMPLEX_TIME_OR_DURATION_PRICING","5bce40d036f5afd2","0","","7","0","3"
"1","FRGSPP89237842","","4463882","ING6S0921280","4157436","ING-6S0921280487","DOMESTIC_F:4kW","2026-09-29T04:13:58.372Z","true","SOURCE_DUPLICATE_DIFFERENT_PRICING|COMPLEX_TIME_OR_DURATION_PRICING","511eded1b9a22aae","0","","7","0","3"
"1","FRGSPP89237861","","4463813","ING66S0A2224","4157166","ING-66S0A2224244","IEC_62196_T2:7kW","2026-09-29T04:14:05.424Z","true","SOURCE_DUPLICATE_DIFFERENT_PRICING|COMPLEX_TIME_OR_DURATION_PRICING","5bce40d036f5afd2","0","","5","0","3"
"1","FRGSPP89237861","","4463813","ING66S0A2224","4157187","ING-66S0A2224244","IEC_62196_T2:7kW","2026-09-29T04:14:05.424Z","true","SOURCE_DUPLICATE_DIFFERENT_PRICING|COMPLEX_TIME_OR_DURATION_PRICING","5bce40d036f5afd2","0","","5","0","3"
"1","FRGSPP89237861","","4463813","ING66S0A2224","4157206","ING-66S0A2224244","DOMESTIC_F:4kW","2026-09-29T04:14:05.424Z","true","SOURCE_DUPLICATE_DIFFERENT_PRICING|COMPLEX_TIME_OR_DURATION_PRICING","511eded1b9a22aae","0","","5","0","3"
"1","FRGSPP89241219","","4465850","ING6S0A22222","4164352","ING-6S0A22222058","IEC_62196_T2:22kW","2026-09-27T21:25:49.107Z","true","SOURCE_DUPLICATE_DIFFERENT_PRICING|COMPLEX_TIME_OR_DURATION_PRICING","05ada1b40786cf2c","0","","5","0","3"
"1","FRGSPP89241219","","4465850","ING6S0A22222","4164374","ING-6S0A22222058","IEC_62196_T2:22kW","2026-09-27T21:25:49.107Z","true","SOURCE_DUPLICATE_DIFFERENT_PRICING|COMPLEX_TIME_OR_DURATION_PRICING","05ada1b40786cf2c","0","","5","0","3"
"1","FRGSPP89241219","","4465850","ING6S0A22222","4164399","ING-6S0A22222058","DOMESTIC_F:2kW","2026-09-27T21:25:49.107Z","true","SOURCE_DUPLICATE_DIFFERENT_PRICING|COMPLEX_TIME_OR_DURATION_PRICING","ab1dd97e287327c4","0","","5","0","3"
"1","FRGSPP89241483","","4466209","ING6S0A22252","4165601","ING-6S0A22252519","IEC_62196_T2:22kW","2026-09-29T04:15:34.897Z","true","SOURCE_DUPLICATE_DIFFERENT_PRICING|COMPLEX_TIME_OR_DURATION_PRICING","24e7d13c4dfe2420","0","","5","0","3"
"1","FRGSPP89241483","","4466209","ING6S0A22252","4165617","ING-6S0A22252519","IEC_62196_T2:22kW","2026-09-29T04:15:34.897Z","true","SOURCE_DUPLICATE_DIFFERENT_PRICING|COMPLEX_TIME_OR_DURATION_PRICING","24e7d13c4dfe2420","0","","5","0","3"
"1","FRGSPP89241483","","4466209","ING6S0A22252","4165636","ING-6S0A22252519","DOMESTIC_F:4kW","2026-09-29T04:15:34.897Z","true","SOURCE_DUPLICATE_DIFFERENT_PRICING|COMPLEX_TIME_OR_DURATION_PRICING","511eded1b9a22aae","0","","5","0","3"
"1","FRGSPP89241520","","4458978","ING6S0A23245","4141219","ING-6S0A23245157","IEC_62196_T2:22kW","2026-09-29T04:12:15.811Z","true","SOURCE_DUPLICATE_DIFFERENT_PRICING|COMPLEX_TIME_OR_DURATION_PRICING","24e7d13c4dfe2420","0","","5","0","3"
"1","FRGSPP89241520","","4458978","ING6S0A23245","4141229","ING-6S0A23245157","IEC_62196_T2:22kW","2026-09-29T04:12:15.811Z","true","SOURCE_DUPLICATE_DIFFERENT_PRICING|COMPLEX_TIME_OR_DURATION_PRICING","24e7d13c4dfe2420","0","","5","0","3"
"1","FRGSPP89241520","","4458978","ING6S0A23245","4141239","ING-6S0A23245157","DOMESTIC_F:4kW","2026-09-29T04:12:15.811Z","true","SOURCE_DUPLICATE_DIFFERENT_PRICING|COMPLEX_TIME_OR_DURATION_PRICING","511eded1b9a22aae","0","","5","0","3"
"1","FRGSPP89283426","","4470204","ING6S0A21271","4175880","ING-6S0A21271553","IEC_62196_T2:22kW","2026-09-27T21:27:50.536Z","true","SOURCE_DUPLICATE_DIFFERENT_PRICING|COMPLEX_TIME_OR_DURATION_PRICING","63694b597fb6160b","0","","3","0","3"
"1","FRGSPP89283426","","4470204","ING6S0A21271","4175905","ING-6S0A21271553","IEC_62196_T2:22kW","2026-09-27T21:27:50.536Z","true","SOURCE_DUPLICATE_DIFFERENT_PRICING|COMPLEX_TIME_OR_DURATION_PRICING","63694b597fb6160b","0","","3","0","3"
"1","FRGSPP89283426","","4470204","ING6S0A21271","4175928","ING-6S0A21271553","DOMESTIC_F:4kW","2026-09-27T21:27:50.536Z","true","SOURCE_DUPLICATE_DIFFERENT_PRICING|COMPLEX_TIME_OR_DURATION_PRICING","6fd573be987743a1","0","","3","0","3"
"1","FRGSPP89289144","","4448027","ING6S0A22242","4107831","ING-6S0A22242475","IEC_62196_T2:22kW","2026-09-27T21:21:25.023Z","true","SOURCE_DUPLICATE_DIFFERENT_PRICING","9ee9aefd40859867","0","","3","0","3"
"1","FRGSPP89289144","","4448027","ING6S0A22242","4107840","ING-6S0A22242475","IEC_62196_T2:22kW","2026-09-27T21:21:25.023Z","true","SOURCE_DUPLICATE_DIFFERENT_PRICING","9ee9aefd40859867","0","","3","0","3"
"1","FRGSPP89289144","","4448027","ING6S0A22242","4107847","ING-6S0A22242475","DOMESTIC_F:4kW","2026-09-27T21:21:25.023Z","true","SOURCE_DUPLICATE_DIFFERENT_PRICING","c47cb0c516c0d87d","0","","3","0","3"
"1","FRGSPP89291200","","4456449","EVB","4132860","EVB-","IEC_62196_T2:22kW","2026-09-27T21:22:40.251Z","true","SOURCE_DUPLICATE_DIFFERENT_PRICING","68d4e11fcbe79a5b","0","","4","0","4"
"1","FRGSPP89291200","","4456449","EVB","4132881","EVB-","DOMESTIC_F:4kW","2026-09-27T21:22:40.251Z","true","SOURCE_DUPLICATE_DIFFERENT_PRICING","45e1543a273945e8","0","","4","0","4"
"1","FRGSPP89291200","","4456449","EVB","4132899","EVB-","IEC_62196_T2:22kW","2026-09-27T21:22:40.251Z","true","SOURCE_DUPLICATE_DIFFERENT_PRICING","68d4e11fcbe79a5b","0","","4","0","4"
"1","FRGSPP89291200","","4456449","EVB","4132913","EVB-","DOMESTIC_F:4kW","2026-09-27T21:22:40.251Z","true","SOURCE_DUPLICATE_DIFFERENT_PRICING","45e1543a273945e8","0","","4","0","4"
"1","FRGSPP89304838","","4454826","ING6S0A22242","4127928","ING-6S0A22242414","IEC_62196_T2:22kW","2026-09-27T21:22:21.191Z","false","SOURCE_DUPLICATE_DIFFERENT_PRICING|NO_DETERMINISTIC_LOCAL_IRVE_MATCH|UNPUBLISHED_SOURCE_EVSE","25f381225e3c20d4","0","","8","0","3"
"1","FRGSPP89304838","","4454826","ING6S0A22242","4127942","ING-6S0A22242414","IEC_62196_T2:22kW","2026-09-27T21:22:21.191Z","false","SOURCE_DUPLICATE_DIFFERENT_PRICING|NO_DETERMINISTIC_LOCAL_IRVE_MATCH|UNPUBLISHED_SOURCE_EVSE","25f381225e3c20d4","0","","8","0","3"
"1","FRGSPP89304838","","4454826","ING6S0A22242","4127956","ING-6S0A22242414","DOMESTIC_F:4kW","2026-09-27T21:22:21.191Z","false","SOURCE_DUPLICATE_DIFFERENT_PRICING|NO_DETERMINISTIC_LOCAL_IRVE_MATCH|UNPUBLISHED_SOURCE_EVSE","420040cbc7b7880d","0","","8","0","3"
"1","FRGSPP89324240","","4463033","CIR","4154427","CIR-","IEC_62196_T2:11kW","2026-09-26T21:26:12.559Z","true","SOURCE_DUPLICATE_DIFFERENT_PRICING","d4a6e6702f5e1519","0","","4","0","2"
"1","FRGSPP89324240","","4463033","CIR","4154447","CIR-","DOMESTIC_F:4kW","2026-09-26T21:26:12.559Z","true","SOURCE_DUPLICATE_DIFFERENT_PRICING","add897d09cf16ac2","0","","4","0","2"
"1","FRGSPP89439466","","4463402","ING6S0A222B3","4155749","ING-6S0A222B3589","IEC_62196_T2:22kW","2026-09-27T21:24:30.766Z","true","SOURCE_DUPLICATE_DIFFERENT_PRICING","f5c8f5564ca2737f","0","","3","0","3"
"1","FRGSPP89439466","","4463402","ING6S0A222B3","4155762","ING-6S0A222B3589","IEC_62196_T2:22kW","2026-09-27T21:24:30.766Z","true","SOURCE_DUPLICATE_DIFFERENT_PRICING","f5c8f5564ca2737f","0","","3","0","3"
"1","FRGSPP89439466","","4463402","ING6S0A222B3","4155775","ING-6S0A222B3589","DOMESTIC_F:4kW","2026-09-27T21:24:30.766Z","true","SOURCE_DUPLICATE_DIFFERENT_PRICING","36a6336667c5d3d8","0","","3","0","3"
"1","FRGSPP89443893","","4464224","ING6S0A23224","4158473","ING-6S0A23224190","IEC_62196_T2:7kW","2026-09-29T04:14:00.988Z","true","SOURCE_DUPLICATE_DIFFERENT_PRICING|COMPLEX_TIME_OR_DURATION_PRICING","5bce40d036f5afd2","0","","5","0","3"
"1","FRGSPP89443893","","4464224","ING6S0A23224","4158492","ING-6S0A23224190","IEC_62196_T2:7kW","2026-09-29T04:14:00.988Z","true","SOURCE_DUPLICATE_DIFFERENT_PRICING|COMPLEX_TIME_OR_DURATION_PRICING","5bce40d036f5afd2","0","","5","0","3"
"1","FRGSPP89443893","","4464224","ING6S0A23224","4158510","ING-6S0A23224190","DOMESTIC_F:2kW","2026-09-29T04:14:00.988Z","true","SOURCE_DUPLICATE_DIFFERENT_PRICING|COMPLEX_TIME_OR_DURATION_PRICING","ce2be0954533d86d","0","","5","0","3"
"1","FRGSPP89443909","","4463132","ING6S0A222C3","4154684","ING-6S0A222C3703","IEC_62196_T2:22kW","2026-09-27T21:24:25.817Z","true","SOURCE_DUPLICATE_DIFFERENT_PRICING","4fb70ca5c5771d25","0","","5","0","3"
"1","FRGSPP89443909","","4463132","ING6S0A222C3","4154708","ING-6S0A222C3703","IEC_62196_T2:22kW","2026-09-27T21:24:25.817Z","true","SOURCE_DUPLICATE_DIFFERENT_PRICING","4fb70ca5c5771d25","0","","5","0","3"
"1","FRGSPP89443909","","4463132","ING6S0A222C3","4154730","ING-6S0A222C3703","DOMESTIC_F:2kW","2026-09-27T21:24:25.817Z","true","SOURCE_DUPLICATE_DIFFERENT_PRICING","5dceba6bb65727eb","0","","5","0","3"
"1","FRGSPP89603259","","4454349","ING6W0A22230","4125396","ING-6W0A22230635","IEC_62196_T2:22kW","2026-09-27T21:22:12.532Z","true","SOURCE_DUPLICATE_DIFFERENT_PRICING","6f457c745ed500aa","0","","11","0","3"
"1","FRGSPP89603259","","4454349","ING6W0A22230","4125406","ING-6W0A22230635","IEC_62196_T2:22kW","2026-09-27T21:22:12.532Z","true","SOURCE_DUPLICATE_DIFFERENT_PRICING","6f457c745ed500aa","0","","11","0","3"
"1","FRGSPP89603259","","4454349","ING6W0A22230","4125413","ING-6W0A22230635","DOMESTIC_F:2kW","2026-09-27T21:22:12.532Z","true","SOURCE_DUPLICATE_DIFFERENT_PRICING","1c8c8642cadc77fb","0","","11","0","3"
"1","FRGSPP89657550","","4444858","ING6H0521234","4095306","ING-6H0521234490","IEC_62196_T2_COMBO:50kW","2026-09-27T20:03:21.158Z","true","SOURCE_DUPLICATE_DIFFERENT_PRICING|COMPLEX_TIME_OR_DURATION_PRICING","eb192470290c123a","0","","3","0","3"
"1","FRGSPP89657550","","4444858","ING6H0521234","4095307","ING-6H0521234490","CHADEMO:50kW","2026-09-27T20:03:21.158Z","true","SOURCE_DUPLICATE_DIFFERENT_PRICING|COMPLEX_TIME_OR_DURATION_PRICING","e023ef6dae5345d4","0","","3","0","3"
"1","FRGSPP89657550","","4444858","ING6H0521234","4095308","ING-6H0521234490","IEC_62196_T2:43kW","2026-09-27T20:03:21.158Z","true","SOURCE_DUPLICATE_DIFFERENT_PRICING|COMPLEX_TIME_OR_DURATION_PRICING","5385976ab59047d9","0","","3","0","3"
"1","FRGSPP89911880","","4445064","ING6S0A242B8","4096132","ING-6S0A242B8294","DOMESTIC_F:2kW","2026-09-27T20:03:23.629Z","true","SOURCE_DUPLICATE_DIFFERENT_PRICING","808dc4d38a9d6320","0","","17","0","3"
"1","FRGSPP89911880","","4445064","ING6S0A242B8","4096136","ING-6S0A242B8294","IEC_62196_T2:22kW","2026-09-27T20:03:23.629Z","true","SOURCE_DUPLICATE_DIFFERENT_PRICING","3b339c10b5910d4d","0","","17","0","3"
"1","FRGSPP89911880","","4445064","ING6S0A242B8","4096138","ING-6S0A242B8294","IEC_62196_T2:22kW","2026-09-27T20:03:23.629Z","true","SOURCE_DUPLICATE_DIFFERENT_PRICING","3b339c10b5910d4d","0","","17","0","3"
"1","FRGSPP90168617","","4463386","ING6S0A23276","4155621","ING-6S0A23276461","IEC_62196_T2:7kW","2026-09-27T21:24:29.526Z","true","SOURCE_DUPLICATE_DIFFERENT_PRICING","19057d947642e200","0","","5","0","3"
"1","FRGSPP90168617","","4463386","ING6S0A23276","4155642","ING-6S0A23276461","IEC_62196_T2:7kW","2026-09-27T21:24:29.526Z","true","SOURCE_DUPLICATE_DIFFERENT_PRICING","19057d947642e200","0","","5","0","3"
"1","FRGSPP90168617","","4463386","ING6S0A23276","4155662","ING-6S0A23276461","DOMESTIC_F:4kW","2026-09-27T21:24:29.526Z","true","SOURCE_DUPLICATE_DIFFERENT_PRICING","f504382906592d07","0","","5","0","3"
"1","FRGSPP90171154","","4463505","ING6S0A23296","4155986","ING-6S0A23296619","IEC_62196_T2:7kW","2026-09-27T21:24:32.400Z","true","SOURCE_DUPLICATE_DIFFERENT_PRICING","19057d947642e200","0","","5","0","3"
"1","FRGSPP90171154","","4463505","ING6S0A23296","4156004","ING-6S0A23296619","IEC_62196_T2:7kW","2026-09-27T21:24:32.400Z","true","SOURCE_DUPLICATE_DIFFERENT_PRICING","19057d947642e200","0","","5","0","3"
"1","FRGSPP90171154","","4463505","ING6S0A23296","4156018","ING-6S0A23296619","DOMESTIC_F:4kW","2026-09-27T21:24:32.400Z","true","SOURCE_DUPLICATE_DIFFERENT_PRICING","f504382906592d07","0","","5","0","3"
"1","FRGSPP90171973","","4463586","ING6S0A23255","4156334","ING-6S0A23255703","IEC_62196_T2:7kW","2026-09-27T21:24:33.957Z","true","SOURCE_DUPLICATE_DIFFERENT_PRICING","19057d947642e200","0","","5","0","3"
"1","FRGSPP90171973","","4463586","ING6S0A23255","4156353","ING-6S0A23255703","IEC_62196_T2:7kW","2026-09-27T21:24:33.957Z","true","SOURCE_DUPLICATE_DIFFERENT_PRICING","19057d947642e200","0","","5","0","3"
"1","FRGSPP90171973","","4463586","ING6S0A23255","4156374","ING-6S0A23255703","DOMESTIC_F:4kW","2026-09-27T21:24:33.957Z","true","SOURCE_DUPLICATE_DIFFERENT_PRICING","f504382906592d07","0","","5","0","3"
"1","FRGSPP90215443","","4447365","ING6S0A242B8","4106007","ING-6S0A242B8386","IEC_62196_T2:22kW","2026-09-27T21:21:22.172Z","true","SOURCE_DUPLICATE_DIFFERENT_PRICING","4fb70ca5c5771d25","0","","5","0","3"
"1","FRGSPP90215443","","4447365","ING6S0A242B8","4106015","ING-6S0A242B8386","IEC_62196_T2:22kW","2026-09-27T21:21:22.172Z","true","SOURCE_DUPLICATE_DIFFERENT_PRICING","4fb70ca5c5771d25","0","","5","0","3"
"1","FRGSPP90215443","","4447365","ING6S0A242B8","4106025","ING-6S0A242B8386","DOMESTIC_F:4kW","2026-09-27T21:21:22.172Z","true","SOURCE_DUPLICATE_DIFFERENT_PRICING","f504382906592d07","0","","5","0","3"
"1","FRGSPP90215450","","4465142","ING6S0A242B8","4161890","ING-6S0A242B8380","IEC_62196_T2:22kW","2026-09-27T21:25:12.125Z","true","SOURCE_DUPLICATE_DIFFERENT_PRICING","4fb70ca5c5771d25","0","","3","0","3"
"1","FRGSPP90215450","","4465142","ING6S0A242B8","4161909","ING-6S0A242B8380","IEC_62196_T2:22kW","2026-09-27T21:25:12.125Z","true","SOURCE_DUPLICATE_DIFFERENT_PRICING","4fb70ca5c5771d25","0","","3","0","3"
"1","FRGSPP90215450","","4465142","ING6S0A242B8","4161926","ING-6S0A242B8380","DOMESTIC_F:4kW","2026-09-27T21:25:12.125Z","true","SOURCE_DUPLICATE_DIFFERENT_PRICING","f504382906592d07","0","","3","0","3"
"1","FRGSPP90223016","","4460064","ING6W0A23241","4144468","ING-6W0A23241503","IEC_62196_T2:22kW","2026-09-27T21:23:27.286Z","true","SOURCE_DUPLICATE_DIFFERENT_PRICING|COMPLEX_TIME_OR_DURATION_PRICING","63694b597fb6160b","0","","3","0","3"
"1","FRGSPP90223016","","4460064","ING6W0A23241","4144482","ING-6W0A23241503","IEC_62196_T2:22kW","2026-09-27T21:23:27.286Z","true","SOURCE_DUPLICATE_DIFFERENT_PRICING|COMPLEX_TIME_OR_DURATION_PRICING","63694b597fb6160b","0","","3","0","3"
"1","FRGSPP90223016","","4460064","ING6W0A23241","4144498","ING-6W0A23241503","DOMESTIC_F:4kW","2026-09-27T21:23:27.286Z","true","SOURCE_DUPLICATE_DIFFERENT_PRICING|COMPLEX_TIME_OR_DURATION_PRICING","6fd573be987743a1","0","","3","0","3"
"1","FRGSPP90224362","","4465399","ING6Y0024241","4162783","ING-6Y0024241920","IEC_62196_T2:22kW","2026-09-27T21:25:16.843Z","true","SOURCE_DUPLICATE_DIFFERENT_PRICING|COMPLEX_TIME_OR_DURATION_PRICING","269c0fab3d6ec10b","0","","2","0","2"
"1","FRGSPP90224362","","4465399","ING6Y0024241","4162806","ING-6Y0024241920","IEC_62196_T2_COMBO:40kW","2026-09-27T21:25:16.843Z","true","SOURCE_DUPLICATE_DIFFERENT_PRICING|COMPLEX_TIME_OR_DURATION_PRICING","089d1e8b4934cb8d","0","","2","0","2"
"1","FRGSPP90224462","","4445110","ING6S0A23266","4096293","ING-6S0A23266195","IEC_62196_T2:22kW","2026-09-27T20:03:24.502Z","true","SOURCE_DUPLICATE_DIFFERENT_PRICING|COMPLEX_TIME_OR_DURATION_PRICING","63694b597fb6160b","0","","3","0","3"
"1","FRGSPP90224462","","4445110","ING6S0A23266","4096295","ING-6S0A23266195","DOMESTIC_F:4kW","2026-09-27T20:03:24.502Z","true","SOURCE_DUPLICATE_DIFFERENT_PRICING|COMPLEX_TIME_OR_DURATION_PRICING","6fd573be987743a1","0","","3","0","3"
"1","FRGSPP90224462","","4445110","ING6S0A23266","4096297","ING-6S0A23266195","IEC_62196_T2:22kW","2026-09-27T20:03:24.502Z","true","SOURCE_DUPLICATE_DIFFERENT_PRICING|COMPLEX_TIME_OR_DURATION_PRICING","63694b597fb6160b","0","","3","0","3"
"1","FRGSPP90224718","","4460008","ING6Y0024241","4144455","ING-6Y0024241930","IEC_62196_T2:22kW","2026-09-27T21:23:22.669Z","true","SOURCE_DUPLICATE_DIFFERENT_PRICING|COMPLEX_TIME_OR_DURATION_PRICING","269c0fab3d6ec10b","0","","2","0","2"
"1","FRGSPP90224718","","4460008","ING6Y0024241","4144470","ING-6Y0024241930","IEC_62196_T2_COMBO:30kW","2026-09-27T21:23:22.669Z","true","SOURCE_DUPLICATE_DIFFERENT_PRICING|COMPLEX_TIME_OR_DURATION_PRICING","f84312d14ec0adaa","0","","2","0","2"
"1","FRGSPP90329287","","4456304","NUMERIC","4179421","09940207","DOMESTIC_F:4kW","2026-09-27T21:22:37.240Z","false","SOURCE_DUPLICATE_DIFFERENT_PRICING|NO_DETERMINISTIC_LOCAL_IRVE_MATCH|UNPUBLISHED_SOURCE_EVSE","7e1c9d84f56eb378","0","","2","0","2"
"1","FRGSPP90329287","","4456304","NUMERIC","4179445","09940207","IEC_62196_T2:11kW","2026-09-27T21:22:37.240Z","false","SOURCE_DUPLICATE_DIFFERENT_PRICING|NO_DETERMINISTIC_LOCAL_IRVE_MATCH|UNPUBLISHED_SOURCE_EVSE","008127607d35e57e","0","","2","0","2"
"1","FRGSPP90596614","","4466236","ABBTACW74382","4165696","ABB-TACW743822S2","IEC_62196_T2:7kW","2026-09-27T21:26:03.304Z","true","SOURCE_DUPLICATE_DIFFERENT_PRICING|SOURCE_REF_REUSED_ACROSS_LOCATIONS","eb8bd424b4cd0c6a","0","","2","0","2"
"1","FRGSPP90596614","","4466236","ABBTACW74382","4165714","ABB-TACW743822S2","IEC_62196_T2:22kW","2026-09-27T21:26:03.304Z","true","SOURCE_DUPLICATE_DIFFERENT_PRICING|SOURCE_REF_REUSED_ACROSS_LOCATIONS","5eb31acbd422849b","0","","2","0","2"
"1","FRGSPP90845173","","4460766","NUMERIC","4175195","09910242","IEC_62196_T2:11kW","2026-09-27T21:23:46.101Z","false","SOURCE_DUPLICATE_DIFFERENT_PRICING|NO_DETERMINISTIC_LOCAL_IRVE_MATCH|UNPUBLISHED_SOURCE_EVSE","6e35c029213450bf","0","","2","0","2"
"1","FRGSPP90845173","","4460766","NUMERIC","4175214","09910242","DOMESTIC_F:4kW","2026-09-27T21:23:46.101Z","false","SOURCE_DUPLICATE_DIFFERENT_PRICING|NO_DETERMINISTIC_LOCAL_IRVE_MATCH|UNPUBLISHED_SOURCE_EVSE","e466d2430e6b5af7","0","","2","0","2"
"1","FRGSPP90856432","","4454804","6S0A242A8184","4127944","6S0A242A8184","IEC_62196_T2:22kW","2026-09-27T21:22:19.066Z","true","SOURCE_DUPLICATE_DIFFERENT_PRICING","b1413e9a5c45d3d1","0","","2","0","2"
"1","FRGSPP90856432","","4454804","6S0A242A8184","4127955","6S0A242A8184","DOMESTIC_F:4kW","2026-09-27T21:22:19.066Z","true","SOURCE_DUPLICATE_DIFFERENT_PRICING","d6438a3da5a9d26e","0","","2","0","2"
"1","FRGSPP90909008","","4455935","ING6S0A242B8","4131332","ING-6S0A242B8295","IEC_62196_T2:22kW","2026-09-27T21:22:32.946Z","true","SOURCE_DUPLICATE_DIFFERENT_PRICING","f20eeca271a46f8c","0","","5","0","3"
"1","FRGSPP90909008","","4455935","ING6S0A242B8","4131342","ING-6S0A242B8295","IEC_62196_T2:22kW","2026-09-27T21:22:32.946Z","true","SOURCE_DUPLICATE_DIFFERENT_PRICING","f20eeca271a46f8c","0","","5","0","3"
"1","FRGSPP90909008","","4455935","ING6S0A242B8","4131363","ING-6S0A242B8295","DOMESTIC_F:4kW","2026-09-27T21:22:32.946Z","true","SOURCE_DUPLICATE_DIFFERENT_PRICING","b654892560561326","0","","5","0","3"
"1","FRGSPP90929288","","4457441","LEG6MAT2P222","4136096","LEG-6MA-T2P22-2/","IEC_62196_T2:22kW","2026-09-27T21:22:50.170Z","true","SOURCE_DUPLICATE_DIFFERENT_PRICING","81848cbe515031b8","0","","16","0","4"
"1","FRGSPP90929288","","4457441","LEG6MAT2P222","4136102","LEG-6MA-T2P22-2/","DOMESTIC_F:4kW","2026-09-27T21:22:50.170Z","true","SOURCE_DUPLICATE_DIFFERENT_PRICING","ba19d3fa42b0a4fa","0","","16","0","4"
"1","FRGSPP90929288","","4457441","LEG6MAT2P742","4136117","LEG-6MA-T2P7.4-2","IEC_62196_T2:7kW","2026-09-27T21:22:50.170Z","true","SOURCE_DUPLICATE_DIFFERENT_PRICING","160ac664ecae17a7","0","","16","0","8"
"1","FRGSPP90929288","","4457441","LEG6MAT2P742","4136128","LEG-6MA-T2P7.4-2","DOMESTIC_F:4kW","2026-09-27T21:22:50.170Z","true","SOURCE_DUPLICATE_DIFFERENT_PRICING","ba19d3fa42b0a4fa","0","","16","0","8"
"1","FRGSPP90929288","","4457441","LEG6MAT2P742","4136133","LEG-6MA-T2P7.4-2","IEC_62196_T2:7kW","2026-09-27T21:22:50.170Z","true","SOURCE_DUPLICATE_DIFFERENT_PRICING","160ac664ecae17a7","0","","16","0","8"
"1","FRGSPP90929288","","4457441","LEG6MAT2P742","4136145","LEG-6MA-T2P7.4-2","DOMESTIC_F:4kW","2026-09-27T21:22:50.170Z","true","SOURCE_DUPLICATE_DIFFERENT_PRICING","ba19d3fa42b0a4fa","0","","16","0","8"
"1","FRGSPP90929288","","4457441","LEG6MAT2P222","4583006","LEG-6MA-T2P22-2/","IEC_62196_T2:22kW","2026-09-27T21:22:50.170Z","true","SOURCE_DUPLICATE_DIFFERENT_PRICING","81848cbe515031b8","0","","16","0","4"
"1","FRGSPP90929288","","4457441","LEG6MAT2P222","4583007","LEG-6MA-T2P22-2/","DOMESTIC_F:4kW","2026-09-27T21:22:50.170Z","true","SOURCE_DUPLICATE_DIFFERENT_PRICING","ba19d3fa42b0a4fa","0","","16","0","4"
"1","FRGSPP90929288","","4457441","LEG6MAT2P742","4583008","LEG-6MA-T2P7.4-2","IEC_62196_T2:7kW","2026-09-27T21:22:50.170Z","true","SOURCE_DUPLICATE_DIFFERENT_PRICING","160ac664ecae17a7","0","","16","0","8"
"1","FRGSPP90929288","","4457441","LEG6MAT2P742","4583009","LEG-6MA-T2P7.4-2","DOMESTIC_F:4kW","2026-09-27T21:22:50.170Z","true","SOURCE_DUPLICATE_DIFFERENT_PRICING","ba19d3fa42b0a4fa","0","","16","0","8"
"1","FRGSPP90929288","","4457441","LEG6MAT2P742","4583010","LEG-6MA-T2P7.4-2","IEC_62196_T2:7kW","2026-09-27T21:22:50.170Z","true","SOURCE_DUPLICATE_DIFFERENT_PRICING","160ac664ecae17a7","0","","16","0","8"
"1","FRGSPP90929288","","4457441","LEG6MAT2P742","4583011","LEG-6MA-T2P7.4-2","DOMESTIC_F:4kW","2026-09-27T21:22:50.170Z","true","SOURCE_DUPLICATE_DIFFERENT_PRICING","ba19d3fa42b0a4fa","0","","16","0","8"
"1","FRGSPP90942284","","4467162","ING6S0A25218","4168292","ING-6S0A25218719","IEC_62196_T2:22kW","2026-09-27T21:27:02.559Z","true","SOURCE_DUPLICATE_DIFFERENT_PRICING","f20eeca271a46f8c","0","","3","0","3"
"1","FRGSPP90942284","","4467162","ING6S0A25218","4168302","ING-6S0A25218719","IEC_62196_T2:22kW","2026-09-27T21:27:02.559Z","true","SOURCE_DUPLICATE_DIFFERENT_PRICING","f20eeca271a46f8c","0","","3","0","3"
"1","FRGSPP90942284","","4467162","ING6S0A25218","4168309","ING-6S0A25218719","DOMESTIC_F:2kW","2026-09-27T21:27:02.559Z","true","SOURCE_DUPLICATE_DIFFERENT_PRICING","b3470123199d1266","0","","3","0","3"
"1","FRGSPP90942475","","4466631","ING6S0A25218","4167010","ING-6S0A25218712","IEC_62196_T2:22kW","2026-09-27T21:26:38.528Z","true","SOURCE_DUPLICATE_DIFFERENT_PRICING","25f381225e3c20d4","0","","5","0","3"
"1","FRGSPP90942475","","4466631","ING6S0A25218","4167021","ING-6S0A25218712","IEC_62196_T2:22kW","2026-09-27T21:26:38.528Z","true","SOURCE_DUPLICATE_DIFFERENT_PRICING","25f381225e3c20d4","0","","5","0","3"
"1","FRGSPP90942475","","4466631","ING6S0A25218","4167031","ING-6S0A25218712","DOMESTIC_F:4kW","2026-09-27T21:26:38.528Z","true","SOURCE_DUPLICATE_DIFFERENT_PRICING","420040cbc7b7880d","0","","5","0","3"
"1","FRGSPP90982597","","4466530","ING6S0A23224","4166640","ING-6S0A23224157","IEC_62196_T2:22kW","2026-09-27T21:26:28.152Z","true","SOURCE_DUPLICATE_DIFFERENT_PRICING","4fb70ca5c5771d25","0","","6","0","3"
"1","FRGSPP90982597","","4466530","ING6S0A23224","4166656","ING-6S0A23224157","IEC_62196_T2:22kW","2026-09-27T21:26:28.152Z","true","SOURCE_DUPLICATE_DIFFERENT_PRICING","4fb70ca5c5771d25","0","","6","0","3"
"1","FRGSPP90982597","","4466530","ING6S0A23224","4166672","ING-6S0A23224157","DOMESTIC_F:4kW","2026-09-27T21:26:28.152Z","true","SOURCE_DUPLICATE_DIFFERENT_PRICING","f504382906592d07","0","","6","0","3"
"1","FRGSPP90982597","","4466530","ING6S0A23224","4166681","ING-6S0A23224159","IEC_62196_T2:22kW","2026-09-27T21:26:28.152Z","true","SOURCE_DUPLICATE_DIFFERENT_PRICING","4fb70ca5c5771d25","0","","6","0","3"
"1","FRGSPP90982597","","4466530","ING6S0A23224","4166690","ING-6S0A23224159","IEC_62196_T2:22kW","2026-09-27T21:26:28.152Z","true","SOURCE_DUPLICATE_DIFFERENT_PRICING","4fb70ca5c5771d25","0","","6","0","3"
"1","FRGSPP90982597","","4466530","ING6S0A23224","4166704","ING-6S0A23224159","DOMESTIC_F:4kW","2026-09-27T21:26:28.152Z","true","SOURCE_DUPLICATE_DIFFERENT_PRICING","f504382906592d07","0","","6","0","3"
"1","FRGSPP91003329","","4466589","ING6S0A25238","4166866","ING-6S0A25238978","IEC_62196_T2:22kW","2026-09-27T21:26:34.578Z","true","SOURCE_DUPLICATE_DIFFERENT_PRICING","f20eeca271a46f8c","0","","3","0","3"
"1","FRGSPP91003329","","4466589","ING6S0A25238","4166879","ING-6S0A25238978","IEC_62196_T2:22kW","2026-09-27T21:26:34.578Z","true","SOURCE_DUPLICATE_DIFFERENT_PRICING","f20eeca271a46f8c","0","","3","0","3"
"1","FRGSPP91003329","","4466589","ING6S0A25238","4166888","ING-6S0A25238978","DOMESTIC_F:2kW","2026-09-27T21:26:34.578Z","true","SOURCE_DUPLICATE_DIFFERENT_PRICING","b3470123199d1266","0","","3","0","3"
"1","FRGSPP91082066","","4467970","ING6S0A25269","4169593","ING-6S0A25269518","IEC_62196_T2:22kW","2026-09-27T21:27:25.281Z","true","SOURCE_DUPLICATE_DIFFERENT_PRICING","25f381225e3c20d4","0","","5","0","3"
"1","FRGSPP91082066","","4467970","ING6S0A25269","4169603","ING-6S0A25269518","IEC_62196_T2:22kW","2026-09-27T21:27:25.281Z","true","SOURCE_DUPLICATE_DIFFERENT_PRICING","25f381225e3c20d4","0","","5","0","3"
"1","FRGSPP91082066","","4467970","ING6S0A25269","4169610","ING-6S0A25269518","DOMESTIC_F:4kW","2026-09-27T21:27:25.281Z","true","SOURCE_DUPLICATE_DIFFERENT_PRICING","420040cbc7b7880d","0","","5","0","3"
"1","FRGSPP91082102","","4468334","HAGQOTX5XEDS","4170003","HAG-Qotx5Xedsqhp","IEC_62196_T2:22kW","2026-09-27T21:27:34.568Z","true","SOURCE_DUPLICATE_DIFFERENT_PRICING","d7ced071af588650","0","","40","0","4"
"1","FRGSPP91082102","","4468334","HAGQOTX5XEDS","4170013","HAG-Qotx5Xedsqhp","DOMESTIC_E:2kW","2026-09-27T21:27:34.568Z","true","SOURCE_DUPLICATE_DIFFERENT_PRICING","9aa0c4b4a0dec354","0","","40","0","4"
"1","FRGSPP91082102","","4468334","HAGQOTX5XEDS","4170027","HAG-Qotx5Xedsqhp","IEC_62196_T2:22kW","2026-09-27T21:27:34.568Z","true","SOURCE_DUPLICATE_DIFFERENT_PRICING","d7ced071af588650","0","","40","0","4"
"1","FRGSPP91082102","","4468334","HAGQOTX5XEDS","4170038","HAG-Qotx5Xedsqhp","DOMESTIC_E:2kW","2026-09-27T21:27:34.568Z","true","SOURCE_DUPLICATE_DIFFERENT_PRICING","9aa0c4b4a0dec354","0","","40","0","4"
"1","FRGSPP91082102","","4468334","HAGWU39UBBAQ","4170051","HAG-Wu39UBbAq99U","IEC_62196_T2:22kW","2026-09-27T21:27:34.568Z","true","SOURCE_DUPLICATE_DIFFERENT_PRICING","d7ced071af588650","0","","40","0","4"
"1","FRGSPP91082102","","4468334","HAGWU39UBBAQ","4170058","HAG-Wu39UBbAq99U","DOMESTIC_E:2kW","2026-09-27T21:27:34.568Z","true","SOURCE_DUPLICATE_DIFFERENT_PRICING","9aa0c4b4a0dec354","0","","40","0","4"
"1","FRGSPP91082102","","4468334","HAGWU39UBBAQ","4170068","HAG-Wu39UBbAq99U","IEC_62196_T2:22kW","2026-09-27T21:27:34.568Z","true","SOURCE_DUPLICATE_DIFFERENT_PRICING","d7ced071af588650","0","","40","0","4"
"1","FRGSPP91082102","","4468334","HAGWU39UBBAQ","4170077","HAG-Wu39UBbAq99U","DOMESTIC_E:2kW","2026-09-27T21:27:34.568Z","true","SOURCE_DUPLICATE_DIFFERENT_PRICING","9aa0c4b4a0dec354","0","","40","0","4"
"1","FRGSPP91082102","","4468334","HAGFUPMQVWYD","4170085","HAG-FupMqvWyDXXm","IEC_62196_T2:22kW","2026-09-27T21:27:34.568Z","true","SOURCE_DUPLICATE_DIFFERENT_PRICING","d7ced071af588650","0","","40","0","4"
"1","FRGSPP91082102","","4468334","HAGFUPMQVWYD","4170092","HAG-FupMqvWyDXXm","DOMESTIC_E:2kW","2026-09-27T21:27:34.568Z","true","SOURCE_DUPLICATE_DIFFERENT_PRICING","9aa0c4b4a0dec354","0","","40","0","4"
"1","FRGSPP91082102","","4468334","HAGFUPMQVWYD","4170104","HAG-FupMqvWyDXXm","IEC_62196_T2:22kW","2026-09-27T21:27:34.568Z","true","SOURCE_DUPLICATE_DIFFERENT_PRICING","d7ced071af588650","0","","40","0","4"
"1","FRGSPP91082102","","4468334","HAGFUPMQVWYD","4170113","HAG-FupMqvWyDXXm","DOMESTIC_E:2kW","2026-09-27T21:27:34.568Z","true","SOURCE_DUPLICATE_DIFFERENT_PRICING","9aa0c4b4a0dec354","0","","40","0","4"
"1","FRGSPP91082102","","4468334","HAGFD2CFHR9V","4170120","HAG-Fd2cfHr9v4wc","IEC_62196_T2:22kW","2026-09-27T21:27:34.568Z","true","SOURCE_DUPLICATE_DIFFERENT_PRICING","d7ced071af588650","0","","40","0","4"
"1","FRGSPP91082102","","4468334","HAGFD2CFHR9V","4170130","HAG-Fd2cfHr9v4wc","DOMESTIC_E:2kW","2026-09-27T21:27:34.568Z","true","SOURCE_DUPLICATE_DIFFERENT_PRICING","9aa0c4b4a0dec354","0","","40","0","4"
"1","FRGSPP91082102","","4468334","HAGFD2CFHR9V","4170139","HAG-Fd2cfHr9v4wc","IEC_62196_T2:22kW","2026-09-27T21:27:34.568Z","true","SOURCE_DUPLICATE_DIFFERENT_PRICING","d7ced071af588650","0","","40","0","4"
"1","FRGSPP91082102","","4468334","HAGFD2CFHR9V","4170147","HAG-Fd2cfHr9v4wc","DOMESTIC_E:2kW","2026-09-27T21:27:34.568Z","true","SOURCE_DUPLICATE_DIFFERENT_PRICING","9aa0c4b4a0dec354","0","","40","0","4"
"1","FRGSPP91082102","","4468334","HAGXUOO3KMEQ","4170161","HAG-Xuoo3KMEqPer","IEC_62196_T2:22kW","2026-09-27T21:27:34.568Z","true","SOURCE_DUPLICATE_DIFFERENT_PRICING","d7ced071af588650","0","","40","0","4"
"1","FRGSPP91082102","","4468334","HAGXUOO3KMEQ","4170172","HAG-Xuoo3KMEqPer","DOMESTIC_E:2kW","2026-09-27T21:27:34.568Z","true","SOURCE_DUPLICATE_DIFFERENT_PRICING","9aa0c4b4a0dec354","0","","40","0","4"
"1","FRGSPP91082102","","4468334","HAGXUOO3KMEQ","4170181","HAG-Xuoo3KMEqPer","IEC_62196_T2:22kW","2026-09-27T21:27:34.568Z","true","SOURCE_DUPLICATE_DIFFERENT_PRICING","d7ced071af588650","0","","40","0","4"
"1","FRGSPP91082102","","4468334","HAGXUOO3KMEQ","4170188","HAG-Xuoo3KMEqPer","DOMESTIC_E:2kW","2026-09-27T21:27:34.568Z","true","SOURCE_DUPLICATE_DIFFERENT_PRICING","9aa0c4b4a0dec354","0","","40","0","4"
"1","FRGSPP91082102","","4468334","HAGEFJ1ORFKX","4170200","HAG-EFJ1oRfKXjZn","IEC_62196_T2:22kW","2026-09-27T21:27:34.568Z","true","SOURCE_DUPLICATE_DIFFERENT_PRICING","d7ced071af588650","0","","40","0","4"
"1","FRGSPP91082102","","4468334","HAGEFJ1ORFKX","4170211","HAG-EFJ1oRfKXjZn","DOMESTIC_E:2kW","2026-09-27T21:27:34.568Z","true","SOURCE_DUPLICATE_DIFFERENT_PRICING","9aa0c4b4a0dec354","0","","40","0","4"
"1","FRGSPP91082102","","4468334","HAGEFJ1ORFKX","4170217","HAG-EFJ1oRfKXjZn","IEC_62196_T2:22kW","2026-09-27T21:27:34.568Z","true","SOURCE_DUPLICATE_DIFFERENT_PRICING","d7ced071af588650","0","","40","0","4"
"1","FRGSPP91082102","","4468334","HAGEFJ1ORFKX","4170230","HAG-EFJ1oRfKXjZn","DOMESTIC_E:2kW","2026-09-27T21:27:34.568Z","true","SOURCE_DUPLICATE_DIFFERENT_PRICING","9aa0c4b4a0dec354","0","","40","0","4"
"1","FRGSPP91082102","","4468334","HAGNFYBZ8S3F","4251301","HAG-NfYbz8s3fLCZ","DOMESTIC_E:2kW","2026-09-27T21:27:34.568Z","true","SOURCE_DUPLICATE_DIFFERENT_PRICING","9aa0c4b4a0dec354","0","","40","0","4"
"1","FRGSPP91082102","","4468334","HAGNFYBZ8S3F","4251302","HAG-NfYbz8s3fLCZ","IEC_62196_T2:22kW","2026-09-27T21:27:34.568Z","true","SOURCE_DUPLICATE_DIFFERENT_PRICING","d7ced071af588650","0","","40","0","4"
"1","FRGSPP91082102","","4468334","HAGNFYBZ8S3F","4251303","HAG-NfYbz8s3fLCZ","IEC_62196_T2:22kW","2026-09-27T21:27:34.568Z","true","SOURCE_DUPLICATE_DIFFERENT_PRICING","d7ced071af588650","0","","40","0","4"
"1","FRGSPP91082102","","4468334","HAGNFYBZ8S3F","4251304","HAG-NfYbz8s3fLCZ","DOMESTIC_E:2kW","2026-09-27T21:27:34.568Z","true","SOURCE_DUPLICATE_DIFFERENT_PRICING","9aa0c4b4a0dec354","0","","40","0","4"
"1","FRGSPP91082102","","4468334","HAG5FZBTTGAU","4251315","HAG-5FZbttGAuNiU","IEC_62196_T2:22kW","2026-09-27T21:27:34.568Z","true","SOURCE_DUPLICATE_DIFFERENT_PRICING","d7ced071af588650","0","","40","0","4"
"1","FRGSPP91082102","","4468334","HAG5FZBTTGAU","4251316","HAG-5FZbttGAuNiU","DOMESTIC_E:2kW","2026-09-27T21:27:34.568Z","true","SOURCE_DUPLICATE_DIFFERENT_PRICING","9aa0c4b4a0dec354","0","","40","0","4"
"1","FRGSPP91082102","","4468334","HAG5FZBTTGAU","4251317","HAG-5FZbttGAuNiU","IEC_62196_T2:22kW","2026-09-27T21:27:34.568Z","true","SOURCE_DUPLICATE_DIFFERENT_PRICING","d7ced071af588650","0","","40","0","4"
"1","FRGSPP91082102","","4468334","HAG5FZBTTGAU","4251318","HAG-5FZbttGAuNiU","DOMESTIC_E:2kW","2026-09-27T21:27:34.568Z","true","SOURCE_DUPLICATE_DIFFERENT_PRICING","9aa0c4b4a0dec354","0","","40","0","4"
"1","FRGSPP91082102","","4468334","HAG6XE6KNMRH","4251319","HAG-6xe6KNMRHL5y","DOMESTIC_E:2kW","2026-09-27T21:27:34.568Z","true","SOURCE_DUPLICATE_DIFFERENT_PRICING","9aa0c4b4a0dec354","0","","40","0","4"
"1","FRGSPP91082102","","4468334","HAG6XE6KNMRH","4251320","HAG-6xe6KNMRHL5y","IEC_62196_T2:22kW","2026-09-27T21:27:34.568Z","true","SOURCE_DUPLICATE_DIFFERENT_PRICING","d7ced071af588650","0","","40","0","4"
"1","FRGSPP91082102","","4468334","HAG6XE6KNMRH","4251321","HAG-6xe6KNMRHL5y","DOMESTIC_E:2kW","2026-09-27T21:27:34.568Z","true","SOURCE_DUPLICATE_DIFFERENT_PRICING","9aa0c4b4a0dec354","0","","40","0","4"
"1","FRGSPP91082102","","4468334","HAG6XE6KNMRH","4251322","HAG-6xe6KNMRHL5y","IEC_62196_T2:22kW","2026-09-27T21:27:34.568Z","true","SOURCE_DUPLICATE_DIFFERENT_PRICING","d7ced071af588650","0","","40","0","4"
"1","FRGSPP91082102","","4468334","HAGRNMPP63MN","4251352","HAG-RNMpp63mnJkt","DOMESTIC_E:2kW","2026-09-27T21:27:34.568Z","true","SOURCE_DUPLICATE_DIFFERENT_PRICING","9aa0c4b4a0dec354","0","","40","0","4"
"1","FRGSPP91082102","","4468334","HAGRNMPP63MN","4251353","HAG-RNMpp63mnJkt","DOMESTIC_E:2kW","2026-09-27T21:27:34.568Z","true","SOURCE_DUPLICATE_DIFFERENT_PRICING","9aa0c4b4a0dec354","0","","40","0","4"
"1","FRGSPP91082102","","4468334","HAGRNMPP63MN","4251354","HAG-RNMpp63mnJkt","IEC_62196_T2:22kW","2026-09-27T21:27:34.568Z","true","SOURCE_DUPLICATE_DIFFERENT_PRICING","d7ced071af588650","0","","40","0","4"
"1","FRGSPP91082102","","4468334","HAGRNMPP63MN","4251355","HAG-RNMpp63mnJkt","IEC_62196_T2:22kW","2026-09-27T21:27:34.568Z","true","SOURCE_DUPLICATE_DIFFERENT_PRICING","d7ced071af588650","0","","40","0","4"
"1","FRGSPP91187265","","4470661","ING6S0A25280","4179825","ING-6S0A25280004","IEC_62196_T2:22kW","2026-09-27T21:27:55.075Z","true","SOURCE_DUPLICATE_DIFFERENT_PRICING","25f381225e3c20d4","0","","5","0","3"
"1","FRGSPP91187265","","4470661","ING6S0A25280","4179836","ING-6S0A25280004","IEC_62196_T2:22kW","2026-09-27T21:27:55.075Z","true","SOURCE_DUPLICATE_DIFFERENT_PRICING","25f381225e3c20d4","0","","5","0","3"
"1","FRGSPP91187265","","4470661","ING6S0A25280","4179851","ING-6S0A25280004","DOMESTIC_F:4kW","2026-09-27T21:27:55.075Z","true","SOURCE_DUPLICATE_DIFFERENT_PRICING","420040cbc7b7880d","0","","5","0","3"
"1","FRGSPP91244395","","4471546","HAGECXUZKVFQ","4183168","HAG-ECXUZKvFqzTm","IEC_62196_T2:22kW","2026-09-27T21:28:03.069Z","true","SOURCE_DUPLICATE_DIFFERENT_PRICING","25f381225e3c20d4","0","","8","0","4"
"1","FRGSPP91244395","","4471546","HAGECXUZKVFQ","4183187","HAG-ECXUZKvFqzTm","DOMESTIC_F:4kW","2026-09-27T21:28:03.069Z","true","SOURCE_DUPLICATE_DIFFERENT_PRICING","420040cbc7b7880d","0","","8","0","4"
"1","FRGSPP91244395","","4471546","HAGECXUZKVFQ","4183199","HAG-ECXUZKvFqzTm","IEC_62196_T2:22kW","2026-09-27T21:28:03.069Z","true","SOURCE_DUPLICATE_DIFFERENT_PRICING","25f381225e3c20d4","0","","8","0","4"
"1","FRGSPP91244395","","4471546","HAGECXUZKVFQ","4183220","HAG-ECXUZKvFqzTm","DOMESTIC_F:4kW","2026-09-27T21:28:03.069Z","true","SOURCE_DUPLICATE_DIFFERENT_PRICING","420040cbc7b7880d","0","","8","0","4"
"1","FRGSPP91244395","","4471546","HAGGYSY29ZXN","4183237","HAG-GYsy29ZxNKWw","IEC_62196_T2:22kW","2026-09-27T21:28:03.069Z","true","SOURCE_DUPLICATE_DIFFERENT_PRICING","25f381225e3c20d4","0","","8","0","4"
"1","FRGSPP91244395","","4471546","HAGGYSY29ZXN","4183263","HAG-GYsy29ZxNKWw","DOMESTIC_F:4kW","2026-09-27T21:28:03.069Z","true","SOURCE_DUPLICATE_DIFFERENT_PRICING","420040cbc7b7880d","0","","8","0","4"
"1","FRGSPP91244395","","4471546","HAGGYSY29ZXN","4183298","HAG-GYsy29ZxNKWw","IEC_62196_T2:22kW","2026-09-27T21:28:03.069Z","true","SOURCE_DUPLICATE_DIFFERENT_PRICING","25f381225e3c20d4","0","","8","0","4"
"1","FRGSPP91244395","","4471546","HAGGYSY29ZXN","4183317","HAG-GYsy29ZxNKWw","DOMESTIC_F:4kW","2026-09-27T21:28:03.069Z","true","SOURCE_DUPLICATE_DIFFERENT_PRICING","420040cbc7b7880d","0","","8","0","4"
"1","FRGSPP91282421","","4472458","ING6S0A25280","4186416","ING-6S0A25280003","IEC_62196_T2:22kW","2026-09-27T21:28:08.414Z","true","SOURCE_DUPLICATE_DIFFERENT_PRICING","f60e13b4cf3749c4","0","","7","0","3"
"1","FRGSPP91282421","","4472458","ING6S0A25280","4186428","ING-6S0A25280003","IEC_62196_T2:22kW","2026-09-27T21:28:08.414Z","true","SOURCE_DUPLICATE_DIFFERENT_PRICING","f60e13b4cf3749c4","0","","7","0","3"
"1","FRGSPP91282421","","4472458","ING6S0A25280","4186435","ING-6S0A25280003","DOMESTIC_F:4kW","2026-09-27T21:28:08.414Z","true","SOURCE_DUPLICATE_DIFFERENT_PRICING","3984fb63422a53a1","0","","7","0","3"
"1","FRGSPP91309816","","4472577","6S0A252A0358","4186834","6S0A252A0358","IEC_62196_T2:22kW","2026-09-27T21:28:09.920Z","true","SOURCE_DUPLICATE_DIFFERENT_PRICING","6f457c745ed500aa","0","","7","0","3"
"1","FRGSPP91309816","","4472577","6S0A252A0358","4186846","6S0A252A0358","IEC_62196_T2:22kW","2026-09-27T21:28:09.920Z","true","SOURCE_DUPLICATE_DIFFERENT_PRICING","6f457c745ed500aa","0","","7","0","3"
"1","FRGSPP91309816","","4472577","6S0A252A0358","4186856","6S0A252A0358","DOMESTIC_F:4kW","2026-09-27T21:28:09.920Z","true","SOURCE_DUPLICATE_DIFFERENT_PRICING","15acc1383669db5c","0","","7","0","3"
"1","FRGSPP91482336","","4647872","ING6Y0026244","4341638","ING-6Y0026244270","IEC_62196_T2_COMBO:60kW","2026-09-28T02:37:56.961Z","true","SOURCE_DUPLICATE_DIFFERENT_PRICING","22249dbabc55a04c","0","","4","0","3"
"1","FRGSPP91482336","","4647872","ING6Y0026244","4341639","ING-6Y0026244270","IEC_62196_T2:22kW","2026-09-28T02:37:56.961Z","true","SOURCE_DUPLICATE_DIFFERENT_PRICING","65820dd5782b2875","0","","4","0","3"
"1","FRGSPP91482336","","4647872","ING6Y0026244","4341640","ING-6Y0026244270","IEC_62196_T2_COMBO:60kW","2026-09-28T02:37:56.961Z","true","SOURCE_DUPLICATE_DIFFERENT_PRICING","22249dbabc55a04c","0","","4","0","3"
"1","FRGSPP91531714","","4470082","NUMERIC","4175125","08990599","IEC_62196_T2:11kW","2026-09-27T21:27:48.009Z","false","SOURCE_DUPLICATE_DIFFERENT_PRICING|NO_DETERMINISTIC_LOCAL_IRVE_MATCH|UNPUBLISHED_SOURCE_EVSE","7221ba94ad9cf525","0","","5","0","2"
"1","FRGSPP91531714","","4470082","NUMERIC","4175144","08990599","DOMESTIC_F:4kW","2026-09-27T21:27:48.009Z","false","SOURCE_DUPLICATE_DIFFERENT_PRICING|NO_DETERMINISTIC_LOCAL_IRVE_MATCH|UNPUBLISHED_SOURCE_EVSE","15acc1383669db5c","0","","5","0","2"
"1","FRGSPP91531714","","4470082","NUMERIC","4175166","09911146","IEC_62196_T2:11kW","2026-09-27T21:27:48.009Z","false","SOURCE_DUPLICATE_DIFFERENT_PRICING|NO_DETERMINISTIC_LOCAL_IRVE_MATCH|UNPUBLISHED_SOURCE_EVSE","7221ba94ad9cf525","0","","5","0","2"
"1","FRGSPP91531714","","4470082","NUMERIC","4175183","09911146","DOMESTIC_F:4kW","2026-09-27T21:27:48.009Z","false","SOURCE_DUPLICATE_DIFFERENT_PRICING|NO_DETERMINISTIC_LOCAL_IRVE_MATCH|UNPUBLISHED_SOURCE_EVSE","15acc1383669db5c","0","","5","0","2"
"1","FRGSPP91531714","","4470082","ING6S0A26241","4585177","ING-6S0A26241437","IEC_62196_T2:22kW","2026-09-27T21:27:48.009Z","false","SOURCE_DUPLICATE_DIFFERENT_PRICING|COMPLEX_TIME_OR_DURATION_PRICING|NO_DETERMINISTIC_LOCAL_IRVE_MATCH|UNPUBLISHED_SOURCE_EVSE","5b30eacd5d51cbe2","0","","5","0","3"
"1","FRGSPP91531714","","4470082","ING6S0A26241","4585179","ING-6S0A26241437","IEC_62196_T2:22kW","2026-09-27T21:27:48.009Z","false","SOURCE_DUPLICATE_DIFFERENT_PRICING|COMPLEX_TIME_OR_DURATION_PRICING|NO_DETERMINISTIC_LOCAL_IRVE_MATCH|UNPUBLISHED_SOURCE_EVSE","5b30eacd5d51cbe2","0","","5","0","3"
"1","FRGSPP91531714","","4470082","ING6S0A26241","4585181","ING-6S0A26241437","DOMESTIC_F:4kW","2026-09-27T21:27:48.009Z","false","SOURCE_DUPLICATE_DIFFERENT_PRICING|COMPLEX_TIME_OR_DURATION_PRICING|NO_DETERMINISTIC_LOCAL_IRVE_MATCH|UNPUBLISHED_SOURCE_EVSE","ab94c6f94535daee","0","","5","0","3"
"1","FRGSPP91531714","","4470082","ING6S0A26221","4585182","ING-6S0A26221066","IEC_62196_T2:22kW","2026-09-27T21:27:48.009Z","false","SOURCE_DUPLICATE_DIFFERENT_PRICING|COMPLEX_TIME_OR_DURATION_PRICING|NO_DETERMINISTIC_LOCAL_IRVE_MATCH|UNPUBLISHED_SOURCE_EVSE","5b30eacd5d51cbe2","0","","5","0","2"
"1","FRGSPP91531714","","4470082","ING6S0A26221","4585184","ING-6S0A26221066","IEC_62196_T2:20kW","2026-09-27T21:27:48.009Z","false","SOURCE_DUPLICATE_DIFFERENT_PRICING|COMPLEX_TIME_OR_DURATION_PRICING|NO_DETERMINISTIC_LOCAL_IRVE_MATCH|UNPUBLISHED_SOURCE_EVSE","e7daaa70bee47978","0","","5","0","2"
"1","FRGYMP735539","","4225490","CUSTOMGYEVSE","3551735","Custom GY EVSEID","IEC_62196_T2:22kW","2026-09-27T17:39:17.299Z","true","SOURCE_DUPLICATE_DIFFERENT_PRICING|SOURCE_REF_REUSED_ACROSS_LOCATIONS","f70aed7e8eb3afc7","0","","6","0","6"
"1","FRGYMP735539","","4225490","CUSTOMGYEVSE","3551745","Custom GY EVSEID","IEC_62196_T2:22kW","2026-09-27T17:39:17.299Z","true","SOURCE_DUPLICATE_DIFFERENT_PRICING|SOURCE_REF_REUSED_ACROSS_LOCATIONS","f70aed7e8eb3afc7","0","","6","0","6"
"1","FRGYMP735539","","4225490","CUSTOMGYEVSE","3551756","Custom GY EVSEID","IEC_62196_T2_COMBO:150kW","2026-09-27T17:39:17.299Z","true","SOURCE_DUPLICATE_DIFFERENT_PRICING|SOURCE_REF_REUSED_ACROSS_LOCATIONS","360bc98e8ffa5a5b","0","","6","0","6"
"1","FRGYMP735539","","4225490","CUSTOMGYEVSE","3551767","Custom GY EVSEID","IEC_62196_T2_COMBO:150kW","2026-09-27T17:39:17.299Z","true","SOURCE_DUPLICATE_DIFFERENT_PRICING|SOURCE_REF_REUSED_ACROSS_LOCATIONS","360bc98e8ffa5a5b","0","","6","0","6"
"1","FRGYMP735539","","4225490","CUSTOMGYEVSE","3551782","Custom GY EVSEID","IEC_62196_T2_COMBO:150kW","2026-09-27T17:39:17.299Z","true","SOURCE_DUPLICATE_DIFFERENT_PRICING|SOURCE_REF_REUSED_ACROSS_LOCATIONS","360bc98e8ffa5a5b","0","","6","0","6"
"1","FRGYMP735539","","4225490","CUSTOMGYEVSE","3551794","Custom GY EVSEID","IEC_62196_T2_COMBO:150kW","2026-09-27T17:39:17.299Z","true","SOURCE_DUPLICATE_DIFFERENT_PRICING|SOURCE_REF_REUSED_ACROSS_LOCATIONS","360bc98e8ffa5a5b","0","","6","0","6"
"1","FRGYMP735545","","4225769","CUSTOMGYEVSE","3550594","Custom GY EVSEID","IEC_62196_T2:22kW","2026-09-27T17:40:10.155Z","true","SOURCE_DUPLICATE_DIFFERENT_PRICING|SOURCE_REF_REUSED_ACROSS_LOCATIONS","f70aed7e8eb3afc7","0","","6","0","6"
"1","FRGYMP735545","","4225769","CUSTOMGYEVSE","3550606","Custom GY EVSEID","IEC_62196_T2:22kW","2026-09-27T17:40:10.155Z","true","SOURCE_DUPLICATE_DIFFERENT_PRICING|SOURCE_REF_REUSED_ACROSS_LOCATIONS","f70aed7e8eb3afc7","0","","6","0","6"
"1","FRGYMP735545","","4225769","CUSTOMGYEVSE","3550619","Custom GY EVSEID","IEC_62196_T2_COMBO:150kW","2026-09-27T17:40:10.155Z","true","SOURCE_DUPLICATE_DIFFERENT_PRICING|SOURCE_REF_REUSED_ACROSS_LOCATIONS","360bc98e8ffa5a5b","0","","6","0","6"
"1","FRGYMP735545","","4225769","CUSTOMGYEVSE","3550631","Custom GY EVSEID","IEC_62196_T2_COMBO:150kW","2026-09-27T17:40:10.155Z","true","SOURCE_DUPLICATE_DIFFERENT_PRICING|SOURCE_REF_REUSED_ACROSS_LOCATIONS","360bc98e8ffa5a5b","0","","6","0","6"
"1","FRGYMP735545","","4225769","CUSTOMGYEVSE","3550644","Custom GY EVSEID","IEC_62196_T2_COMBO:150kW","2026-09-27T17:40:10.155Z","true","SOURCE_DUPLICATE_DIFFERENT_PRICING|SOURCE_REF_REUSED_ACROSS_LOCATIONS","360bc98e8ffa5a5b","0","","6","0","6"
"1","FRGYMP735545","","4225769","CUSTOMGYEVSE","3550655","Custom GY EVSEID","IEC_62196_T2_COMBO:150kW","2026-09-27T17:40:10.155Z","true","SOURCE_DUPLICATE_DIFFERENT_PRICING|SOURCE_REF_REUSED_ACROSS_LOCATIONS","360bc98e8ffa5a5b","0","","6","0","6"
"1","FRGYMP735550","","4221647","CUSTOMGYEVSE","3535126","Custom GY EVSEID","IEC_62196_T2:22kW","2026-09-27T17:35:48.194Z","true","SOURCE_DUPLICATE_DIFFERENT_PRICING|SOURCE_REF_REUSED_ACROSS_LOCATIONS","f70aed7e8eb3afc7","0","","3","0","5"
"1","FRGYMP735550","","4221647","CUSTOMGYEVSE","3535140","Custom GY EVSEID","IEC_62196_T2_COMBO:150kW","2026-09-27T17:35:48.194Z","true","SOURCE_DUPLICATE_DIFFERENT_PRICING|SOURCE_REF_REUSED_ACROSS_LOCATIONS","360bc98e8ffa5a5b","0","","3","0","5"
"1","FRGYMP735550","","4221647","CUSTOMGYEVSE","3535154","Custom GY EVSEID","IEC_62196_T2_COMBO:150kW","2026-09-27T17:35:48.194Z","true","SOURCE_DUPLICATE_DIFFERENT_PRICING|SOURCE_REF_REUSED_ACROSS_LOCATIONS","360bc98e8ffa5a5b","0","","3","0","5"
"1","FRGYMP735550","","4221647","CUSTOMGYEVSE","3535161","Custom GY EVSEID","IEC_62196_T2_COMBO:47kW","2026-09-27T17:35:48.194Z","true","SOURCE_DUPLICATE_DIFFERENT_PRICING|SOURCE_REF_REUSED_ACROSS_LOCATIONS","c8b9480f9eb561ad","0","","3","0","5"
"1","FRGYMP735550","","4221647","CUSTOMGYEVSE","3535166","Custom GY EVSEID","IEC_62196_T2_COMBO:47kW","2026-09-27T17:35:48.194Z","true","SOURCE_DUPLICATE_DIFFERENT_PRICING|SOURCE_REF_REUSED_ACROSS_LOCATIONS","c8b9480f9eb561ad","0","","3","0","5"
"1","FRGYMP735553","","4220754","CUSTOMGYEVSE","3532435","Custom GY EVSEID","IEC_62196_T2_COMBO:150kW","2026-09-27T17:34:13.748Z","true","SOURCE_DUPLICATE_DIFFERENT_PRICING|SOURCE_REF_REUSED_ACROSS_LOCATIONS","360bc98e8ffa5a5b","0","","6","0","6"
"1","FRGYMP735553","","4220754","CUSTOMGYEVSE","3532438","Custom GY EVSEID","IEC_62196_T2_COMBO:150kW","2026-09-27T17:34:13.748Z","true","SOURCE_DUPLICATE_DIFFERENT_PRICING|SOURCE_REF_REUSED_ACROSS_LOCATIONS","360bc98e8ffa5a5b","0","","6","0","6"
"1","FRGYMP735553","","4220754","CUSTOMGYEVSE","3532441","Custom GY EVSEID","IEC_62196_T2:22kW","2026-09-27T17:34:13.748Z","true","SOURCE_DUPLICATE_DIFFERENT_PRICING|SOURCE_REF_REUSED_ACROSS_LOCATIONS","f70aed7e8eb3afc7","0","","6","0","6"
"1","FRGYMP735553","","4220754","CUSTOMGYEVSE","3532444","Custom GY EVSEID","IEC_62196_T2:22kW","2026-09-27T17:34:13.748Z","true","SOURCE_DUPLICATE_DIFFERENT_PRICING|SOURCE_REF_REUSED_ACROSS_LOCATIONS","f70aed7e8eb3afc7","0","","6","0","6"
"1","FRGYMP735553","","4220754","CUSTOMGYEVSE","3532447","Custom GY EVSEID","IEC_62196_T2_COMBO:150kW","2026-09-27T17:34:13.748Z","true","SOURCE_DUPLICATE_DIFFERENT_PRICING|SOURCE_REF_REUSED_ACROSS_LOCATIONS","360bc98e8ffa5a5b","0","","6","0","6"
"1","FRGYMP735553","","4220754","CUSTOMGYEVSE","3532450","Custom GY EVSEID","IEC_62196_T2_COMBO:150kW","2026-09-27T17:34:13.748Z","true","SOURCE_DUPLICATE_DIFFERENT_PRICING|SOURCE_REF_REUSED_ACROSS_LOCATIONS","360bc98e8ffa5a5b","0","","6","0","6"
"1","FRGYMP735554","","4225601","CUSTOMGYEVSE","3551074","Custom GY EVSEID","IEC_62196_T2:22kW","2026-09-27T17:39:37.750Z","true","SOURCE_DUPLICATE_DIFFERENT_PRICING|SOURCE_REF_REUSED_ACROSS_LOCATIONS","f70aed7e8eb3afc7","0","","4","0","4"
"1","FRGYMP735554","","4225601","CUSTOMGYEVSE","3551082","Custom GY EVSEID","IEC_62196_T2:22kW","2026-09-27T17:39:37.750Z","true","SOURCE_DUPLICATE_DIFFERENT_PRICING|SOURCE_REF_REUSED_ACROSS_LOCATIONS","f70aed7e8eb3afc7","0","","4","0","4"
"1","FRGYMP735554","","4225601","CUSTOMGYEVSE","3551092","Custom GY EVSEID","IEC_62196_T2_COMBO:150kW","2026-09-27T17:39:37.750Z","true","SOURCE_DUPLICATE_DIFFERENT_PRICING|SOURCE_REF_REUSED_ACROSS_LOCATIONS","360bc98e8ffa5a5b","0","","4","0","4"
"1","FRGYMP735554","","4225601","CUSTOMGYEVSE","3551100","Custom GY EVSEID","IEC_62196_T2_COMBO:150kW","2026-09-27T17:39:37.750Z","true","SOURCE_DUPLICATE_DIFFERENT_PRICING|SOURCE_REF_REUSED_ACROSS_LOCATIONS","360bc98e8ffa5a5b","0","","4","0","4"
"1","FRGYMP735556","","4220942","CUSTOMGYEVSE","3534119","Custom GY EVSEID","IEC_62196_T2:22kW","2026-09-27T17:34:54.277Z","true","SOURCE_DUPLICATE_DIFFERENT_PRICING|SOURCE_REF_REUSED_ACROSS_LOCATIONS","f70aed7e8eb3afc7","0","","4","0","4"
"1","FRGYMP735556","","4220942","CUSTOMGYEVSE","3534126","Custom GY EVSEID","IEC_62196_T2:22kW","2026-09-27T17:34:54.277Z","true","SOURCE_DUPLICATE_DIFFERENT_PRICING|SOURCE_REF_REUSED_ACROSS_LOCATIONS","f70aed7e8eb3afc7","0","","4","0","4"
"1","FRGYMP735556","","4220942","CUSTOMGYEVSE","3534134","Custom GY EVSEID","IEC_62196_T2_COMBO:150kW","2026-09-27T17:34:54.277Z","true","SOURCE_DUPLICATE_DIFFERENT_PRICING|SOURCE_REF_REUSED_ACROSS_LOCATIONS","360bc98e8ffa5a5b","0","","4","0","4"
"1","FRGYMP735556","","4220942","CUSTOMGYEVSE","3534139","Custom GY EVSEID","IEC_62196_T2_COMBO:150kW","2026-09-27T17:34:54.277Z","true","SOURCE_DUPLICATE_DIFFERENT_PRICING|SOURCE_REF_REUSED_ACROSS_LOCATIONS","360bc98e8ffa5a5b","0","","4","0","4"
"1","FRGYMP735557","","4219592","CUSTOMGYEVSE","3525370","Custom GY EVSEID","IEC_62196_T2:22kW","2026-09-27T17:32:24.858Z","true","SOURCE_DUPLICATE_DIFFERENT_PRICING|SOURCE_REF_REUSED_ACROSS_LOCATIONS","f70aed7e8eb3afc7","0","","6","0","6"
"1","FRGYMP735557","","4219592","CUSTOMGYEVSE","3525371","Custom GY EVSEID","IEC_62196_T2:22kW","2026-09-27T17:32:24.858Z","true","SOURCE_DUPLICATE_DIFFERENT_PRICING|SOURCE_REF_REUSED_ACROSS_LOCATIONS","f70aed7e8eb3afc7","0","","6","0","6"
"1","FRGYMP735557","","4219592","CUSTOMGYEVSE","3525372","Custom GY EVSEID","IEC_62196_T2_COMBO:150kW","2026-09-27T17:32:24.858Z","true","SOURCE_DUPLICATE_DIFFERENT_PRICING|SOURCE_REF_REUSED_ACROSS_LOCATIONS","360bc98e8ffa5a5b","0","","6","0","6"
"1","FRGYMP735557","","4219592","CUSTOMGYEVSE","3525373","Custom GY EVSEID","IEC_62196_T2_COMBO:150kW","2026-09-27T17:32:24.858Z","true","SOURCE_DUPLICATE_DIFFERENT_PRICING|SOURCE_REF_REUSED_ACROSS_LOCATIONS","360bc98e8ffa5a5b","0","","6","0","6"
"1","FRGYMP735557","","4219592","CUSTOMGYEVSE","3525374","Custom GY EVSEID","IEC_62196_T2_COMBO:150kW","2026-09-27T17:32:24.858Z","true","SOURCE_DUPLICATE_DIFFERENT_PRICING|SOURCE_REF_REUSED_ACROSS_LOCATIONS","360bc98e8ffa5a5b","0","","6","0","6"
"1","FRGYMP735557","","4219592","CUSTOMGYEVSE","3525375","Custom GY EVSEID","IEC_62196_T2_COMBO:150kW","2026-09-27T17:32:24.858Z","true","SOURCE_DUPLICATE_DIFFERENT_PRICING|SOURCE_REF_REUSED_ACROSS_LOCATIONS","360bc98e8ffa5a5b","0","","6","0","6"
"1","FRGYMP735558","","4225121","CUSTOMGYEVSE","3549919","Custom GY EVSEID","IEC_62196_T2_COMBO:150kW","2026-09-27T17:38:12.222Z","true","SOURCE_DUPLICATE_DIFFERENT_PRICING|SOURCE_REF_REUSED_ACROSS_LOCATIONS","360bc98e8ffa5a5b","0","","6","0","6"
"1","FRGYMP735558","","4225121","CUSTOMGYEVSE","3549925","Custom GY EVSEID","IEC_62196_T2_COMBO:150kW","2026-09-27T17:38:12.222Z","true","SOURCE_DUPLICATE_DIFFERENT_PRICING|SOURCE_REF_REUSED_ACROSS_LOCATIONS","360bc98e8ffa5a5b","0","","6","0","6"
"1","FRGYMP735558","","4225121","CUSTOMGYEVSE","3549937","Custom GY EVSEID","IEC_62196_T2_COMBO:150kW","2026-09-27T17:38:12.222Z","true","SOURCE_DUPLICATE_DIFFERENT_PRICING|SOURCE_REF_REUSED_ACROSS_LOCATIONS","360bc98e8ffa5a5b","0","","6","0","6"
"1","FRGYMP735558","","4225121","CUSTOMGYEVSE","3549951","Custom GY EVSEID","IEC_62196_T2_COMBO:150kW","2026-09-27T17:38:12.222Z","true","SOURCE_DUPLICATE_DIFFERENT_PRICING|SOURCE_REF_REUSED_ACROSS_LOCATIONS","360bc98e8ffa5a5b","0","","6","0","6"
"1","FRGYMP735558","","4225121","CUSTOMGYEVSE","3549956","Custom GY EVSEID","IEC_62196_T2:22kW","2026-09-27T17:38:12.222Z","true","SOURCE_DUPLICATE_DIFFERENT_PRICING|SOURCE_REF_REUSED_ACROSS_LOCATIONS","f70aed7e8eb3afc7","0","","6","0","6"
"1","FRGYMP735558","","4225121","CUSTOMGYEVSE","3549963","Custom GY EVSEID","IEC_62196_T2:22kW","2026-09-27T17:38:12.222Z","true","SOURCE_DUPLICATE_DIFFERENT_PRICING|SOURCE_REF_REUSED_ACROSS_LOCATIONS","f70aed7e8eb3afc7","0","","6","0","6"
"1","FRGYMP735559","","4221133","CUSTOMGYEVSE","3533171","Custom GY EVSEID","IEC_62196_T2:22kW","2026-09-27T17:35:16.653Z","true","SOURCE_DUPLICATE_DIFFERENT_PRICING|SOURCE_REF_REUSED_ACROSS_LOCATIONS","f70aed7e8eb3afc7","0","","4","0","4"
"1","FRGYMP735559","","4221133","CUSTOMGYEVSE","3533175","Custom GY EVSEID","IEC_62196_T2:22kW","2026-09-27T17:35:16.653Z","true","SOURCE_DUPLICATE_DIFFERENT_PRICING|SOURCE_REF_REUSED_ACROSS_LOCATIONS","f70aed7e8eb3afc7","0","","4","0","4"
"1","FRGYMP735559","","4221133","CUSTOMGYEVSE","3533178","Custom GY EVSEID","IEC_62196_T2_COMBO:47kW","2026-09-27T17:35:16.653Z","true","SOURCE_DUPLICATE_DIFFERENT_PRICING|SOURCE_REF_REUSED_ACROSS_LOCATIONS","c8b9480f9eb561ad","0","","4","0","4"
"1","FRGYMP735559","","4221133","CUSTOMGYEVSE","3533184","Custom GY EVSEID","IEC_62196_T2_COMBO:47kW","2026-09-27T17:35:16.653Z","true","SOURCE_DUPLICATE_DIFFERENT_PRICING|SOURCE_REF_REUSED_ACROSS_LOCATIONS","c8b9480f9eb561ad","0","","4","0","4"
"1","FRGYMP735560","","4223342","CUSTOMGYEVSE","3540754","Custom GY EVSEID","IEC_62196_T2:22kW","2026-09-27T17:36:29.168Z","true","SOURCE_DUPLICATE_DIFFERENT_PRICING|SOURCE_REF_REUSED_ACROSS_LOCATIONS","f70aed7e8eb3afc7","0","","6","0","6"
"1","FRGYMP735560","","4223342","CUSTOMGYEVSE","3540764","Custom GY EVSEID","IEC_62196_T2:22kW","2026-09-27T17:36:29.168Z","true","SOURCE_DUPLICATE_DIFFERENT_PRICING|SOURCE_REF_REUSED_ACROSS_LOCATIONS","f70aed7e8eb3afc7","0","","6","0","6"
"1","FRGYMP735560","","4223342","CUSTOMGYEVSE","3540772","Custom GY EVSEID","IEC_62196_T2_COMBO:150kW","2026-09-27T17:36:29.168Z","true","SOURCE_DUPLICATE_DIFFERENT_PRICING|SOURCE_REF_REUSED_ACROSS_LOCATIONS","360bc98e8ffa5a5b","0","","6","0","6"
"1","FRGYMP735560","","4223342","CUSTOMGYEVSE","3540781","Custom GY EVSEID","IEC_62196_T2_COMBO:150kW","2026-09-27T17:36:29.168Z","true","SOURCE_DUPLICATE_DIFFERENT_PRICING|SOURCE_REF_REUSED_ACROSS_LOCATIONS","360bc98e8ffa5a5b","0","","6","0","6"
"1","FRGYMP735560","","4223342","CUSTOMGYEVSE","3540791","Custom GY EVSEID","IEC_62196_T2_COMBO:150kW","2026-09-27T17:36:29.168Z","true","SOURCE_DUPLICATE_DIFFERENT_PRICING|SOURCE_REF_REUSED_ACROSS_LOCATIONS","360bc98e8ffa5a5b","0","","6","0","6"
"1","FRGYMP735560","","4223342","CUSTOMGYEVSE","3540799","Custom GY EVSEID","IEC_62196_T2_COMBO:150kW","2026-09-27T17:36:29.168Z","true","SOURCE_DUPLICATE_DIFFERENT_PRICING|SOURCE_REF_REUSED_ACROSS_LOCATIONS","360bc98e8ffa5a5b","0","","6","0","6"
"1","FRGYMP735562","","4225560","CUSTOMGYEVSE","3551939","Custom GY EVSEID","IEC_62196_T2:22kW","2026-09-27T17:39:28.654Z","true","SOURCE_DUPLICATE_DIFFERENT_PRICING|SOURCE_REF_REUSED_ACROSS_LOCATIONS","f70aed7e8eb3afc7","0","","5","0","4"
"1","FRGYMP735562","","4225560","CUSTOMGYEVSE","3551949","Custom GY EVSEID","IEC_62196_T2:22kW","2026-09-27T17:39:28.654Z","true","SOURCE_DUPLICATE_DIFFERENT_PRICING|SOURCE_REF_REUSED_ACROSS_LOCATIONS","f70aed7e8eb3afc7","0","","5","0","4"
"1","FRGYMP735562","","4225560","CUSTOMGYEVSE","3551959","Custom GY EVSEID","IEC_62196_T2_COMBO:150kW","2026-09-27T17:39:28.654Z","true","SOURCE_DUPLICATE_DIFFERENT_PRICING|SOURCE_REF_REUSED_ACROSS_LOCATIONS","360bc98e8ffa5a5b","0","","5","0","4"
"1","FRGYMP735562","","4225560","CUSTOMGYEVSE","3551968","Custom GY EVSEID","IEC_62196_T2_COMBO:150kW","2026-09-27T17:39:28.654Z","true","SOURCE_DUPLICATE_DIFFERENT_PRICING|SOURCE_REF_REUSED_ACROSS_LOCATIONS","360bc98e8ffa5a5b","0","","5","0","4"
"1","FRGYMP735563","","4226314","CUSTOMGYEVSE","3551163","Custom GY EVSEID","IEC_62196_T2:22kW","2026-09-27T17:41:31.910Z","true","SOURCE_DUPLICATE_DIFFERENT_PRICING|SOURCE_REF_REUSED_ACROSS_LOCATIONS","f70aed7e8eb3afc7","0","","3","0","5"
"1","FRGYMP735563","","4226314","CUSTOMGYEVSE","3551173","Custom GY EVSEID","IEC_62196_T2:22kW","2026-09-27T17:41:31.910Z","true","SOURCE_DUPLICATE_DIFFERENT_PRICING|SOURCE_REF_REUSED_ACROSS_LOCATIONS","f70aed7e8eb3afc7","0","","3","0","5"
"1","FRGYMP735563","","4226314","CUSTOMGYEVSE","3551182","Custom GY EVSEID","IEC_62196_T2_COMBO:150kW","2026-09-27T17:41:31.910Z","true","SOURCE_DUPLICATE_DIFFERENT_PRICING|SOURCE_REF_REUSED_ACROSS_LOCATIONS","360bc98e8ffa5a5b","0","","3","0","5"
"1","FRGYMP735563","","4226314","CUSTOMGYEVSE","3551193","Custom GY EVSEID","IEC_62196_T2_COMBO:150kW","2026-09-27T17:41:31.910Z","true","SOURCE_DUPLICATE_DIFFERENT_PRICING|SOURCE_REF_REUSED_ACROSS_LOCATIONS","360bc98e8ffa5a5b","0","","3","0","5"
"1","FRGYMP735563","","4226314","CUSTOMGYEVSE","3551205","Custom GY EVSEID","IEC_62196_T2_COMBO:150kW","2026-09-27T17:41:31.910Z","true","SOURCE_DUPLICATE_DIFFERENT_PRICING|SOURCE_REF_REUSED_ACROSS_LOCATIONS","360bc98e8ffa5a5b","0","","3","0","5"
"1","FRGYMP735564","","4225571","CUSTOMGYEVSE","3551176","Custom GY EVSEID","IEC_62196_T2:22kW","2026-09-27T17:39:36.406Z","true","SOURCE_DUPLICATE_DIFFERENT_PRICING|SOURCE_REF_REUSED_ACROSS_LOCATIONS","f70aed7e8eb3afc7","0","","6","0","6"
"1","FRGYMP735564","","4225571","CUSTOMGYEVSE","3551187","Custom GY EVSEID","IEC_62196_T2:22kW","2026-09-27T17:39:36.406Z","true","SOURCE_DUPLICATE_DIFFERENT_PRICING|SOURCE_REF_REUSED_ACROSS_LOCATIONS","f70aed7e8eb3afc7","0","","6","0","6"
"1","FRGYMP735564","","4225571","CUSTOMGYEVSE","3551201","Custom GY EVSEID","IEC_62196_T2_COMBO:150kW","2026-09-27T17:39:36.406Z","true","SOURCE_DUPLICATE_DIFFERENT_PRICING|SOURCE_REF_REUSED_ACROSS_LOCATIONS","360bc98e8ffa5a5b","0","","6","0","6"
"1","FRGYMP735564","","4225571","CUSTOMGYEVSE","3551211","Custom GY EVSEID","IEC_62196_T2_COMBO:150kW","2026-09-27T17:39:36.406Z","true","SOURCE_DUPLICATE_DIFFERENT_PRICING|SOURCE_REF_REUSED_ACROSS_LOCATIONS","360bc98e8ffa5a5b","0","","6","0","6"
"1","FRGYMP735564","","4225571","CUSTOMGYEVSE","3551218","Custom GY EVSEID","IEC_62196_T2_COMBO:150kW","2026-09-27T17:39:36.406Z","true","SOURCE_DUPLICATE_DIFFERENT_PRICING|SOURCE_REF_REUSED_ACROSS_LOCATIONS","360bc98e8ffa5a5b","0","","6","0","6"
"1","FRGYMP735564","","4225571","CUSTOMGYEVSE","3551228","Custom GY EVSEID","IEC_62196_T2_COMBO:150kW","2026-09-27T17:39:36.406Z","true","SOURCE_DUPLICATE_DIFFERENT_PRICING|SOURCE_REF_REUSED_ACROSS_LOCATIONS","360bc98e8ffa5a5b","0","","6","0","6"
"1","FRGYMP735565","","4221259","CUSTOMGYEVSE","3535186","Custom GY EVSEID","IEC_62196_T2_COMBO:150kW","2026-09-27T17:35:21.308Z","true","SOURCE_DUPLICATE_DIFFERENT_PRICING|SOURCE_REF_REUSED_ACROSS_LOCATIONS","360bc98e8ffa5a5b","0","","4","0","6"
"1","FRGYMP735565","","4221259","CUSTOMGYEVSE","3535190","Custom GY EVSEID","IEC_62196_T2_COMBO:150kW","2026-09-27T17:35:21.308Z","true","SOURCE_DUPLICATE_DIFFERENT_PRICING|SOURCE_REF_REUSED_ACROSS_LOCATIONS","360bc98e8ffa5a5b","0","","4","0","6"
"1","FRGYMP735565","","4221259","CUSTOMGYEVSE","3535194","Custom GY EVSEID","IEC_62196_T2_COMBO:150kW","2026-09-27T17:35:21.308Z","true","SOURCE_DUPLICATE_DIFFERENT_PRICING|SOURCE_REF_REUSED_ACROSS_LOCATIONS","360bc98e8ffa5a5b","0","","4","0","6"
"1","FRGYMP735565","","4221259","CUSTOMGYEVSE","3535200","Custom GY EVSEID","IEC_62196_T2_COMBO:150kW","2026-09-27T17:35:21.308Z","true","SOURCE_DUPLICATE_DIFFERENT_PRICING|SOURCE_REF_REUSED_ACROSS_LOCATIONS","360bc98e8ffa5a5b","0","","4","0","6"
"1","FRGYMP735565","","4221259","CUSTOMGYEVSE","3535206","Custom GY EVSEID","IEC_62196_T2:22kW","2026-09-27T17:35:21.308Z","true","SOURCE_DUPLICATE_DIFFERENT_PRICING|SOURCE_REF_REUSED_ACROSS_LOCATIONS","f70aed7e8eb3afc7","0","","4","0","6"
"1","FRGYMP735565","","4221259","CUSTOMGYEVSE","3535215","Custom GY EVSEID","IEC_62196_T2:22kW","2026-09-27T17:35:21.308Z","true","SOURCE_DUPLICATE_DIFFERENT_PRICING|SOURCE_REF_REUSED_ACROSS_LOCATIONS","f70aed7e8eb3afc7","0","","4","0","6"
"1","FRGYMP735566","","4222135","CUSTOMGYEVSE","3539533","Custom GY EVSEID","IEC_62196_T2:22kW","2026-09-27T17:36:08.268Z","true","SOURCE_DUPLICATE_DIFFERENT_PRICING|SOURCE_REF_REUSED_ACROSS_LOCATIONS","f70aed7e8eb3afc7","0","","8","0","8"
"1","FRGYMP735566","","4222135","CUSTOMGYEVSE","3539540","Custom GY EVSEID","IEC_62196_T2:22kW","2026-09-27T17:36:08.268Z","true","SOURCE_DUPLICATE_DIFFERENT_PRICING|SOURCE_REF_REUSED_ACROSS_LOCATIONS","f70aed7e8eb3afc7","0","","8","0","8"
"1","FRGYMP735566","","4222135","CUSTOMGYEVSE","3539546","Custom GY EVSEID","IEC_62196_T2_COMBO:150kW","2026-09-27T17:36:08.268Z","true","SOURCE_DUPLICATE_DIFFERENT_PRICING|SOURCE_REF_REUSED_ACROSS_LOCATIONS","360bc98e8ffa5a5b","0","","8","0","8"
"1","FRGYMP735566","","4222135","CUSTOMGYEVSE","3539551","Custom GY EVSEID","IEC_62196_T2_COMBO:150kW","2026-09-27T17:36:08.268Z","true","SOURCE_DUPLICATE_DIFFERENT_PRICING|SOURCE_REF_REUSED_ACROSS_LOCATIONS","360bc98e8ffa5a5b","0","","8","0","8"
"1","FRGYMP735566","","4222135","CUSTOMGYEVSE","3539557","Custom GY EVSEID","IEC_62196_T2_COMBO:150kW","2026-09-27T17:36:08.268Z","true","SOURCE_DUPLICATE_DIFFERENT_PRICING|SOURCE_REF_REUSED_ACROSS_LOCATIONS","360bc98e8ffa5a5b","0","","8","0","8"
"1","FRGYMP735566","","4222135","CUSTOMGYEVSE","3539563","Custom GY EVSEID","IEC_62196_T2_COMBO:150kW","2026-09-27T17:36:08.268Z","true","SOURCE_DUPLICATE_DIFFERENT_PRICING|SOURCE_REF_REUSED_ACROSS_LOCATIONS","360bc98e8ffa5a5b","0","","8","0","8"
"1","FRGYMP735566","","4222135","CUSTOMGYEVSE","3539568","Custom GY EVSEID","IEC_62196_T2_COMBO:150kW","2026-09-27T17:36:08.268Z","true","SOURCE_DUPLICATE_DIFFERENT_PRICING|SOURCE_REF_REUSED_ACROSS_LOCATIONS","360bc98e8ffa5a5b","0","","8","0","8"
"1","FRGYMP735566","","4222135","CUSTOMGYEVSE","3539576","Custom GY EVSEID","IEC_62196_T2_COMBO:150kW","2026-09-27T17:36:08.268Z","true","SOURCE_DUPLICATE_DIFFERENT_PRICING|SOURCE_REF_REUSED_ACROSS_LOCATIONS","360bc98e8ffa5a5b","0","","8","0","8"
"1","FRGYMP735567","","4219861","CUSTOMGYEVSE","3527235","Custom GY EVSEID","IEC_62196_T2_COMBO:150kW","2026-09-27T17:32:52.831Z","true","SOURCE_DUPLICATE_DIFFERENT_PRICING|SOURCE_REF_REUSED_ACROSS_LOCATIONS","360bc98e8ffa5a5b","0","","4","0","6"
"1","FRGYMP735567","","4219861","CUSTOMGYEVSE","3527236","Custom GY EVSEID","IEC_62196_T2_COMBO:150kW","2026-09-27T17:32:52.831Z","true","SOURCE_DUPLICATE_DIFFERENT_PRICING|SOURCE_REF_REUSED_ACROSS_LOCATIONS","360bc98e8ffa5a5b","0","","4","0","6"
"1","FRGYMP735567","","4219861","CUSTOMGYEVSE","3527237","Custom GY EVSEID","IEC_62196_T2_COMBO:150kW","2026-09-27T17:32:52.831Z","true","SOURCE_DUPLICATE_DIFFERENT_PRICING|SOURCE_REF_REUSED_ACROSS_LOCATIONS","360bc98e8ffa5a5b","0","","4","0","6"
"1","FRGYMP735567","","4219861","CUSTOMGYEVSE","3527238","Custom GY EVSEID","IEC_62196_T2_COMBO:150kW","2026-09-27T17:32:52.831Z","true","SOURCE_DUPLICATE_DIFFERENT_PRICING|SOURCE_REF_REUSED_ACROSS_LOCATIONS","360bc98e8ffa5a5b","0","","4","0","6"
"1","FRGYMP735567","","4219861","CUSTOMGYEVSE","3527239","Custom GY EVSEID","IEC_62196_T2:22kW","2026-09-27T17:32:52.831Z","true","SOURCE_DUPLICATE_DIFFERENT_PRICING|SOURCE_REF_REUSED_ACROSS_LOCATIONS","f70aed7e8eb3afc7","0","","4","0","6"
"1","FRGYMP735567","","4219861","CUSTOMGYEVSE","3527240","Custom GY EVSEID","IEC_62196_T2:22kW","2026-09-27T17:32:52.831Z","true","SOURCE_DUPLICATE_DIFFERENT_PRICING|SOURCE_REF_REUSED_ACROSS_LOCATIONS","f70aed7e8eb3afc7","0","","4","0","6"
"1","FRGYMP735570","","4225733","CUSTOMGYEVSE","3550493","Custom GY EVSEID","IEC_62196_T2:22kW","2026-09-27T17:40:04.266Z","true","SOURCE_DUPLICATE_DIFFERENT_PRICING|SOURCE_REF_REUSED_ACROSS_LOCATIONS","f70aed7e8eb3afc7","0","","7","0","7"
"1","FRGYMP735570","","4225733","CUSTOMGYEVSE","3550502","Custom GY EVSEID","IEC_62196_T2_COMBO:150kW","2026-09-27T17:40:04.266Z","true","SOURCE_DUPLICATE_DIFFERENT_PRICING|SOURCE_REF_REUSED_ACROSS_LOCATIONS","360bc98e8ffa5a5b","0","","7","0","7"
"1","FRGYMP735570","","4225733","CUSTOMGYEVSE","3550514","Custom GY EVSEID","IEC_62196_T2_COMBO:150kW","2026-09-27T17:40:04.266Z","true","SOURCE_DUPLICATE_DIFFERENT_PRICING|SOURCE_REF_REUSED_ACROSS_LOCATIONS","360bc98e8ffa5a5b","0","","7","0","7"
"1","FRGYMP735570","","4225733","CUSTOMGYEVSE","3550528","Custom GY EVSEID","IEC_62196_T2_COMBO:150kW","2026-09-27T17:40:04.266Z","true","SOURCE_DUPLICATE_DIFFERENT_PRICING|SOURCE_REF_REUSED_ACROSS_LOCATIONS","360bc98e8ffa5a5b","0","","7","0","7"
"1","FRGYMP735570","","4225733","CUSTOMGYEVSE","3550543","Custom GY EVSEID","IEC_62196_T2_COMBO:150kW","2026-09-27T17:40:04.266Z","true","SOURCE_DUPLICATE_DIFFERENT_PRICING|SOURCE_REF_REUSED_ACROSS_LOCATIONS","360bc98e8ffa5a5b","0","","7","0","7"
"1","FRGYMP735570","","4225733","CUSTOMGYEVSE","3550559","Custom GY EVSEID","IEC_62196_T2_COMBO:150kW","2026-09-27T17:40:04.266Z","true","SOURCE_DUPLICATE_DIFFERENT_PRICING|SOURCE_REF_REUSED_ACROSS_LOCATIONS","360bc98e8ffa5a5b","0","","7","0","7"
"1","FRGYMP735570","","4225733","CUSTOMGYEVSE","3550573","Custom GY EVSEID","IEC_62196_T2_COMBO:150kW","2026-09-27T17:40:04.266Z","true","SOURCE_DUPLICATE_DIFFERENT_PRICING|SOURCE_REF_REUSED_ACROSS_LOCATIONS","360bc98e8ffa5a5b","0","","7","0","7"
"1","FRGYMP735571","","4220597","CUSTOMGYEVSE","3531740","Custom GY EVSEID","IEC_62196_T2:22kW","2026-09-27T17:33:55.841Z","true","SOURCE_DUPLICATE_DIFFERENT_PRICING|SOURCE_REF_REUSED_ACROSS_LOCATIONS","f70aed7e8eb3afc7","0","","6","0","6"
"1","FRGYMP735571","","4220597","CUSTOMGYEVSE","3531742","Custom GY EVSEID","IEC_62196_T2:22kW","2026-09-27T17:33:55.841Z","true","SOURCE_DUPLICATE_DIFFERENT_PRICING|SOURCE_REF_REUSED_ACROSS_LOCATIONS","f70aed7e8eb3afc7","0","","6","0","6"
"1","FRGYMP735571","","4220597","CUSTOMGYEVSE","3531743","Custom GY EVSEID","IEC_62196_T2_COMBO:150kW","2026-09-27T17:33:55.841Z","true","SOURCE_DUPLICATE_DIFFERENT_PRICING|SOURCE_REF_REUSED_ACROSS_LOCATIONS","360bc98e8ffa5a5b","0","","6","0","6"
"1","FRGYMP735571","","4220597","CUSTOMGYEVSE","3531744","Custom GY EVSEID","IEC_62196_T2_COMBO:150kW","2026-09-27T17:33:55.841Z","true","SOURCE_DUPLICATE_DIFFERENT_PRICING|SOURCE_REF_REUSED_ACROSS_LOCATIONS","360bc98e8ffa5a5b","0","","6","0","6"
"1","FRGYMP735571","","4220597","CUSTOMGYEVSE","3531745","Custom GY EVSEID","IEC_62196_T2_COMBO:150kW","2026-09-27T17:33:55.841Z","true","SOURCE_DUPLICATE_DIFFERENT_PRICING|SOURCE_REF_REUSED_ACROSS_LOCATIONS","360bc98e8ffa5a5b","0","","6","0","6"
"1","FRGYMP735571","","4220597","CUSTOMGYEVSE","3531746","Custom GY EVSEID","IEC_62196_T2_COMBO:150kW","2026-09-27T17:33:55.841Z","true","SOURCE_DUPLICATE_DIFFERENT_PRICING|SOURCE_REF_REUSED_ACROSS_LOCATIONS","360bc98e8ffa5a5b","0","","6","0","6"
"1","FRGYMP735572","","4225278","CUSTOMGYEVSE","3551217","Custom GY EVSEID","IEC_62196_T2_COMBO:150kW","2026-09-27T17:38:22.331Z","true","SOURCE_DUPLICATE_DIFFERENT_PRICING|SOURCE_REF_REUSED_ACROSS_LOCATIONS","360bc98e8ffa5a5b","0","","6","0","6"
"1","FRGYMP735572","","4225278","CUSTOMGYEVSE","3551226","Custom GY EVSEID","IEC_62196_T2_COMBO:150kW","2026-09-27T17:38:22.331Z","true","SOURCE_DUPLICATE_DIFFERENT_PRICING|SOURCE_REF_REUSED_ACROSS_LOCATIONS","360bc98e8ffa5a5b","0","","6","0","6"
"1","FRGYMP735572","","4225278","CUSTOMGYEVSE","3551237","Custom GY EVSEID","IEC_62196_T2_COMBO:150kW","2026-09-27T17:38:22.331Z","true","SOURCE_DUPLICATE_DIFFERENT_PRICING|SOURCE_REF_REUSED_ACROSS_LOCATIONS","360bc98e8ffa5a5b","0","","6","0","6"
"1","FRGYMP735572","","4225278","CUSTOMGYEVSE","3551242","Custom GY EVSEID","IEC_62196_T2_COMBO:150kW","2026-09-27T17:38:22.331Z","true","SOURCE_DUPLICATE_DIFFERENT_PRICING|SOURCE_REF_REUSED_ACROSS_LOCATIONS","360bc98e8ffa5a5b","0","","6","0","6"
"1","FRGYMP735572","","4225278","CUSTOMGYEVSE","3551252","Custom GY EVSEID","IEC_62196_T2:22kW","2026-09-27T17:38:22.331Z","true","SOURCE_DUPLICATE_DIFFERENT_PRICING|SOURCE_REF_REUSED_ACROSS_LOCATIONS","f70aed7e8eb3afc7","0","","6","0","6"
"1","FRGYMP735572","","4225278","CUSTOMGYEVSE","3551267","Custom GY EVSEID","IEC_62196_T2:22kW","2026-09-27T17:38:22.331Z","true","SOURCE_DUPLICATE_DIFFERENT_PRICING|SOURCE_REF_REUSED_ACROSS_LOCATIONS","f70aed7e8eb3afc7","0","","6","0","6"
"1","FRGYMP735573","","4224018","CUSTOMGYEVSE","3540095","Custom GY EVSEID","IEC_62196_T2_COMBO:150kW","2026-09-27T17:36:46.489Z","true","SOURCE_DUPLICATE_DIFFERENT_PRICING|SOURCE_REF_REUSED_ACROSS_LOCATIONS","360bc98e8ffa5a5b","0","","4","0","8"
"1","FRGYMP735573","","4224018","CUSTOMGYEVSE","3551429","Custom GY EVSEID","IEC_62196_T2_COMBO:150kW","2026-09-27T17:36:46.489Z","true","SOURCE_DUPLICATE_DIFFERENT_PRICING|SOURCE_REF_REUSED_ACROSS_LOCATIONS","360bc98e8ffa5a5b","0","","4","0","8"
"1","FRGYMP735573","","4224018","CUSTOMGYEVSE","3551442","Custom GY EVSEID","IEC_62196_T2_COMBO:150kW","2026-09-27T17:36:46.489Z","true","SOURCE_DUPLICATE_DIFFERENT_PRICING|SOURCE_REF_REUSED_ACROSS_LOCATIONS","360bc98e8ffa5a5b","0","","4","0","8"
"1","FRGYMP735573","","4224018","CUSTOMGYEVSE","3551455","Custom GY EVSEID","IEC_62196_T2_COMBO:150kW","2026-09-27T17:36:46.489Z","true","SOURCE_DUPLICATE_DIFFERENT_PRICING|SOURCE_REF_REUSED_ACROSS_LOCATIONS","360bc98e8ffa5a5b","0","","4","0","8"
"1","FRGYMP735573","","4224018","CUSTOMGYEVSE","3551461","Custom GY EVSEID","IEC_62196_T2_COMBO:150kW","2026-09-27T17:36:46.489Z","true","SOURCE_DUPLICATE_DIFFERENT_PRICING|SOURCE_REF_REUSED_ACROSS_LOCATIONS","360bc98e8ffa5a5b","0","","4","0","8"
"1","FRGYMP735573","","4224018","CUSTOMGYEVSE","3551469","Custom GY EVSEID","IEC_62196_T2_COMBO:150kW","2026-09-27T17:36:46.489Z","true","SOURCE_DUPLICATE_DIFFERENT_PRICING|SOURCE_REF_REUSED_ACROSS_LOCATIONS","360bc98e8ffa5a5b","0","","4","0","8"
"1","FRGYMP735573","","4224018","CUSTOMGYEVSE","3551482","Custom GY EVSEID","IEC_62196_T2:22kW","2026-09-27T17:36:46.489Z","true","SOURCE_DUPLICATE_DIFFERENT_PRICING|SOURCE_REF_REUSED_ACROSS_LOCATIONS","f70aed7e8eb3afc7","0","","4","0","8"
"1","FRGYMP735573","","4224018","CUSTOMGYEVSE","3551493","Custom GY EVSEID","IEC_62196_T2:22kW","2026-09-27T17:36:46.489Z","true","SOURCE_DUPLICATE_DIFFERENT_PRICING|SOURCE_REF_REUSED_ACROSS_LOCATIONS","f70aed7e8eb3afc7","0","","4","0","8"
"1","FRGYMP735574","","4219534","CUSTOMGYEVSE","3525120","Custom GY EVSEID","IEC_62196_T2_COMBO:150kW","2026-09-27T17:32:23.372Z","true","SOURCE_DUPLICATE_DIFFERENT_PRICING|SOURCE_REF_REUSED_ACROSS_LOCATIONS","360bc98e8ffa5a5b","0","","6","0","6"
"1","FRGYMP735574","","4219534","CUSTOMGYEVSE","3525123","Custom GY EVSEID","IEC_62196_T2_COMBO:150kW","2026-09-27T17:32:23.372Z","true","SOURCE_DUPLICATE_DIFFERENT_PRICING|SOURCE_REF_REUSED_ACROSS_LOCATIONS","360bc98e8ffa5a5b","0","","6","0","6"
"1","FRGYMP735574","","4219534","CUSTOMGYEVSE","3525125","Custom GY EVSEID","IEC_62196_T2_COMBO:150kW","2026-09-27T17:32:23.372Z","true","SOURCE_DUPLICATE_DIFFERENT_PRICING|SOURCE_REF_REUSED_ACROSS_LOCATIONS","360bc98e8ffa5a5b","0","","6","0","6"
"1","FRGYMP735574","","4219534","CUSTOMGYEVSE","3525127","Custom GY EVSEID","IEC_62196_T2:22kW","2026-09-27T17:32:23.372Z","true","SOURCE_DUPLICATE_DIFFERENT_PRICING|SOURCE_REF_REUSED_ACROSS_LOCATIONS","f70aed7e8eb3afc7","0","","6","0","6"
"1","FRGYMP735574","","4219534","CUSTOMGYEVSE","3525130","Custom GY EVSEID","IEC_62196_T2:22kW","2026-09-27T17:32:23.372Z","true","SOURCE_DUPLICATE_DIFFERENT_PRICING|SOURCE_REF_REUSED_ACROSS_LOCATIONS","f70aed7e8eb3afc7","0","","6","0","6"
"1","FRGYMP735574","","4219534","CUSTOMGYEVSE","3525134","Custom GY EVSEID","IEC_62196_T2_COMBO:150kW","2026-09-27T17:32:23.372Z","true","SOURCE_DUPLICATE_DIFFERENT_PRICING|SOURCE_REF_REUSED_ACROSS_LOCATIONS","360bc98e8ffa5a5b","0","","6","0","6"
"1","FRGYMP735575","","4225405","CUSTOMGYEVSE","3550569","Custom GY EVSEID","IEC_62196_T2:22kW","2026-09-27T17:38:53.076Z","true","SOURCE_DUPLICATE_DIFFERENT_PRICING|SOURCE_REF_REUSED_ACROSS_LOCATIONS","f70aed7e8eb3afc7","0","","6","0","6"
"1","FRGYMP735575","","4225405","CUSTOMGYEVSE","3550582","Custom GY EVSEID","IEC_62196_T2:22kW","2026-09-27T17:38:53.076Z","true","SOURCE_DUPLICATE_DIFFERENT_PRICING|SOURCE_REF_REUSED_ACROSS_LOCATIONS","f70aed7e8eb3afc7","0","","6","0","6"
"1","FRGYMP735575","","4225405","CUSTOMGYEVSE","3550593","Custom GY EVSEID","IEC_62196_T2_COMBO:150kW","2026-09-27T17:38:53.076Z","true","SOURCE_DUPLICATE_DIFFERENT_PRICING|SOURCE_REF_REUSED_ACROSS_LOCATIONS","360bc98e8ffa5a5b","0","","6","0","6"
"1","FRGYMP735575","","4225405","CUSTOMGYEVSE","3550602","Custom GY EVSEID","IEC_62196_T2_COMBO:150kW","2026-09-27T17:38:53.076Z","true","SOURCE_DUPLICATE_DIFFERENT_PRICING|SOURCE_REF_REUSED_ACROSS_LOCATIONS","360bc98e8ffa5a5b","0","","6","0","6"
"1","FRGYMP735575","","4225405","CUSTOMGYEVSE","3550613","Custom GY EVSEID","IEC_62196_T2_COMBO:150kW","2026-09-27T17:38:53.076Z","true","SOURCE_DUPLICATE_DIFFERENT_PRICING|SOURCE_REF_REUSED_ACROSS_LOCATIONS","360bc98e8ffa5a5b","0","","6","0","6"
"1","FRGYMP735575","","4225405","CUSTOMGYEVSE","3550624","Custom GY EVSEID","IEC_62196_T2_COMBO:150kW","2026-09-27T17:38:53.076Z","true","SOURCE_DUPLICATE_DIFFERENT_PRICING|SOURCE_REF_REUSED_ACROSS_LOCATIONS","360bc98e8ffa5a5b","0","","6","0","6"
"1","FRGYMP735576","","4220129","CUSTOMGYEVSE","3528898","Custom GY EVSEID","IEC_62196_T2:22kW","2026-09-27T17:33:08.214Z","true","SOURCE_DUPLICATE_DIFFERENT_PRICING|SOURCE_REF_REUSED_ACROSS_LOCATIONS","f70aed7e8eb3afc7","0","","3","0","3"
"1","FRGYMP735576","","4220129","CUSTOMGYEVSE","3528899","Custom GY EVSEID","IEC_62196_T2_COMBO:150kW","2026-09-27T17:33:08.214Z","true","SOURCE_DUPLICATE_DIFFERENT_PRICING|SOURCE_REF_REUSED_ACROSS_LOCATIONS","360bc98e8ffa5a5b","0","","3","0","3"
"1","FRGYMP735576","","4220129","CUSTOMGYEVSE","3528900","Custom GY EVSEID","IEC_62196_T2_COMBO:150kW","2026-09-27T17:33:08.214Z","true","SOURCE_DUPLICATE_DIFFERENT_PRICING|SOURCE_REF_REUSED_ACROSS_LOCATIONS","360bc98e8ffa5a5b","0","","3","0","3"
"1","FRGYMP735577","","4221986","CUSTOMGYEVSE","3538521","Custom GY EVSEID","IEC_62196_T2:22kW","2026-09-27T17:36:00.583Z","true","SOURCE_DUPLICATE_DIFFERENT_PRICING|SOURCE_REF_REUSED_ACROSS_LOCATIONS","f70aed7e8eb3afc7","0","","7","0","7"
"1","FRGYMP735577","","4221986","CUSTOMGYEVSE","3538532","Custom GY EVSEID","IEC_62196_T2:22kW","2026-09-27T17:36:00.583Z","true","SOURCE_DUPLICATE_DIFFERENT_PRICING|SOURCE_REF_REUSED_ACROSS_LOCATIONS","f70aed7e8eb3afc7","0","","7","0","7"
"1","FRGYMP735577","","4221986","CUSTOMGYEVSE","3538546","Custom GY EVSEID","IEC_62196_T2_COMBO:47kW","2026-09-27T17:36:00.583Z","true","SOURCE_DUPLICATE_DIFFERENT_PRICING|SOURCE_REF_REUSED_ACROSS_LOCATIONS","c8b9480f9eb561ad","0","","7","0","7"
"1","FRGYMP735577","","4221986","CUSTOMGYEVSE","3538559","Custom GY EVSEID","IEC_62196_T2_COMBO:47kW","2026-09-27T17:36:00.583Z","true","SOURCE_DUPLICATE_DIFFERENT_PRICING|SOURCE_REF_REUSED_ACROSS_LOCATIONS","c8b9480f9eb561ad","0","","7","0","7"
"1","FRGYMP735577","","4221986","CUSTOMGYEVSE","3538568","Custom GY EVSEID","IEC_62196_T2_COMBO:47kW","2026-09-27T17:36:00.583Z","true","SOURCE_DUPLICATE_DIFFERENT_PRICING|SOURCE_REF_REUSED_ACROSS_LOCATIONS","c8b9480f9eb561ad","0","","7","0","7"
"1","FRGYMP735577","","4221986","CUSTOMGYEVSE","3538576","Custom GY EVSEID","IEC_62196_T2_COMBO:47kW","2026-09-27T17:36:00.583Z","true","SOURCE_DUPLICATE_DIFFERENT_PRICING|SOURCE_REF_REUSED_ACROSS_LOCATIONS","c8b9480f9eb561ad","0","","7","0","7"
"1","FRGYMP735577","","4221986","CUSTOMGYEVSE","3538581","Custom GY EVSEID","IEC_62196_T2_COMBO:150kW","2026-09-27T17:36:00.583Z","true","SOURCE_DUPLICATE_DIFFERENT_PRICING|SOURCE_REF_REUSED_ACROSS_LOCATIONS","360bc98e8ffa5a5b","0","","7","0","7"
"1","FRGYMP735584","","4225537","CUSTOMGYEVSE","3551219","Custom GY EVSEID","IEC_62196_T2:22kW","2026-09-26T21:21:17.248Z","true","SOURCE_DUPLICATE_DIFFERENT_PRICING|SOURCE_REF_REUSED_ACROSS_LOCATIONS","f70aed7e8eb3afc7","0","","7","0","8"
"1","FRGYMP735584","","4225537","CUSTOMGYEVSE","3551232","Custom GY EVSEID","IEC_62196_T2:22kW","2026-09-26T21:21:17.248Z","true","SOURCE_DUPLICATE_DIFFERENT_PRICING|SOURCE_REF_REUSED_ACROSS_LOCATIONS","f70aed7e8eb3afc7","0","","7","0","8"
"1","FRGYMP735584","","4225537","CUSTOMGYEVSE","3551240","Custom GY EVSEID","IEC_62196_T2_COMBO:47kW","2026-09-26T21:21:17.248Z","true","SOURCE_DUPLICATE_DIFFERENT_PRICING|SOURCE_REF_REUSED_ACROSS_LOCATIONS","c8b9480f9eb561ad","0","","7","0","8"
"1","FRGYMP735584","","4225537","CUSTOMGYEVSE","3551249","Custom GY EVSEID","IEC_62196_T2_COMBO:47kW","2026-09-26T21:21:17.248Z","true","SOURCE_DUPLICATE_DIFFERENT_PRICING|SOURCE_REF_REUSED_ACROSS_LOCATIONS","c8b9480f9eb561ad","0","","7","0","8"
"1","FRGYMP735584","","4225537","CUSTOMGYEVSE","3551263","Custom GY EVSEID","IEC_62196_T2_COMBO:47kW","2026-09-26T21:21:17.248Z","true","SOURCE_DUPLICATE_DIFFERENT_PRICING|SOURCE_REF_REUSED_ACROSS_LOCATIONS","c8b9480f9eb561ad","0","","7","0","8"
"1","FRGYMP735584","","4225537","CUSTOMGYEVSE","3551273","Custom GY EVSEID","IEC_62196_T2_COMBO:47kW","2026-09-26T21:21:17.248Z","true","SOURCE_DUPLICATE_DIFFERENT_PRICING|SOURCE_REF_REUSED_ACROSS_LOCATIONS","c8b9480f9eb561ad","0","","7","0","8"
"1","FRGYMP735584","","4225537","CUSTOMGYEVSE","3551281","Custom GY EVSEID","IEC_62196_T2_COMBO:150kW","2026-09-26T21:21:17.248Z","true","SOURCE_DUPLICATE_DIFFERENT_PRICING|SOURCE_REF_REUSED_ACROSS_LOCATIONS","360bc98e8ffa5a5b","0","","7","0","8"
"1","FRGYMP735584","","4225537","CUSTOMGYEVSE","3551291","Custom GY EVSEID","IEC_62196_T2_COMBO:150kW","2026-09-26T21:21:17.248Z","true","SOURCE_DUPLICATE_DIFFERENT_PRICING|SOURCE_REF_REUSED_ACROSS_LOCATIONS","360bc98e8ffa5a5b","0","","7","0","8"
"1","FRGYMP735585","","4224270","CUSTOMGYEVSE","3547215","Custom GY EVSEID","IEC_62196_T2:22kW","2026-09-27T17:37:13.599Z","true","SOURCE_DUPLICATE_DIFFERENT_PRICING|SOURCE_REF_REUSED_ACROSS_LOCATIONS","f70aed7e8eb3afc7","0","","7","0","7"
"1","FRGYMP735585","","4224270","CUSTOMGYEVSE","3547229","Custom GY EVSEID","IEC_62196_T2:22kW","2026-09-27T17:37:13.599Z","true","SOURCE_DUPLICATE_DIFFERENT_PRICING|SOURCE_REF_REUSED_ACROSS_LOCATIONS","f70aed7e8eb3afc7","0","","7","0","7"
"1","FRGYMP735585","","4224270","CUSTOMGYEVSE","3547244","Custom GY EVSEID","IEC_62196_T2_COMBO:47kW","2026-09-27T17:37:13.599Z","true","SOURCE_DUPLICATE_DIFFERENT_PRICING|SOURCE_REF_REUSED_ACROSS_LOCATIONS","c8b9480f9eb561ad","0","","7","0","7"
"1","FRGYMP735585","","4224270","CUSTOMGYEVSE","3547254","Custom GY EVSEID","IEC_62196_T2_COMBO:47kW","2026-09-27T17:37:13.599Z","true","SOURCE_DUPLICATE_DIFFERENT_PRICING|SOURCE_REF_REUSED_ACROSS_LOCATIONS","c8b9480f9eb561ad","0","","7","0","7"
"1","FRGYMP735585","","4224270","CUSTOMGYEVSE","3547268","Custom GY EVSEID","IEC_62196_T2_COMBO:47kW","2026-09-27T17:37:13.599Z","true","SOURCE_DUPLICATE_DIFFERENT_PRICING|SOURCE_REF_REUSED_ACROSS_LOCATIONS","c8b9480f9eb561ad","0","","7","0","7"
"1","FRGYMP735585","","4224270","CUSTOMGYEVSE","3547279","Custom GY EVSEID","IEC_62196_T2_COMBO:47kW","2026-09-27T17:37:13.599Z","true","SOURCE_DUPLICATE_DIFFERENT_PRICING|SOURCE_REF_REUSED_ACROSS_LOCATIONS","c8b9480f9eb561ad","0","","7","0","7"
"1","FRGYMP735585","","4224270","CUSTOMGYEVSE","3547296","Custom GY EVSEID","IEC_62196_T2_COMBO:150kW","2026-09-27T17:37:13.599Z","true","SOURCE_DUPLICATE_DIFFERENT_PRICING|SOURCE_REF_REUSED_ACROSS_LOCATIONS","360bc98e8ffa5a5b","0","","7","0","7"
"1","FRGYMP735586","","4225757","CUSTOMGYEVSE","3551427","Custom GY EVSEID","IEC_62196_T2:22kW","2026-09-27T17:40:08.640Z","true","SOURCE_DUPLICATE_DIFFERENT_PRICING|SOURCE_REF_REUSED_ACROSS_LOCATIONS","f70aed7e8eb3afc7","0","","6","0","6"
"1","FRGYMP735586","","4225757","CUSTOMGYEVSE","3551435","Custom GY EVSEID","IEC_62196_T2:22kW","2026-09-27T17:40:08.640Z","true","SOURCE_DUPLICATE_DIFFERENT_PRICING|SOURCE_REF_REUSED_ACROSS_LOCATIONS","f70aed7e8eb3afc7","0","","6","0","6"
"1","FRGYMP735586","","4225757","CUSTOMGYEVSE","3551446","Custom GY EVSEID","IEC_62196_T2_COMBO:47kW","2026-09-27T17:40:08.640Z","true","SOURCE_DUPLICATE_DIFFERENT_PRICING|SOURCE_REF_REUSED_ACROSS_LOCATIONS","c8b9480f9eb561ad","0","","6","0","6"
"1","FRGYMP735586","","4225757","CUSTOMGYEVSE","3551457","Custom GY EVSEID","IEC_62196_T2_COMBO:47kW","2026-09-27T17:40:08.640Z","true","SOURCE_DUPLICATE_DIFFERENT_PRICING|SOURCE_REF_REUSED_ACROSS_LOCATIONS","c8b9480f9eb561ad","0","","6","0","6"
"1","FRGYMP735586","","4225757","CUSTOMGYEVSE","3551464","Custom GY EVSEID","IEC_62196_T2_COMBO:150kW","2026-09-27T17:40:08.640Z","true","SOURCE_DUPLICATE_DIFFERENT_PRICING|SOURCE_REF_REUSED_ACROSS_LOCATIONS","360bc98e8ffa5a5b","0","","6","0","6"
"1","FRGYMP735586","","4225757","CUSTOMGYEVSE","3551476","Custom GY EVSEID","IEC_62196_T2_COMBO:150kW","2026-09-27T17:40:08.640Z","true","SOURCE_DUPLICATE_DIFFERENT_PRICING|SOURCE_REF_REUSED_ACROSS_LOCATIONS","360bc98e8ffa5a5b","0","","6","0","6"
"1","FRGYMP735587","","4225816","CUSTOMGYEVSE","3552322","Custom GY EVSEID","IEC_62196_T2:22kW","2026-09-27T17:40:16.171Z","true","SOURCE_DUPLICATE_DIFFERENT_PRICING|SOURCE_REF_REUSED_ACROSS_LOCATIONS","f70aed7e8eb3afc7","0","","4","0","6"
"1","FRGYMP735587","","4225816","CUSTOMGYEVSE","3552333","Custom GY EVSEID","IEC_62196_T2:22kW","2026-09-27T17:40:16.171Z","true","SOURCE_DUPLICATE_DIFFERENT_PRICING|SOURCE_REF_REUSED_ACROSS_LOCATIONS","f70aed7e8eb3afc7","0","","4","0","6"
"1","FRGYMP735587","","4225816","CUSTOMGYEVSE","3552341","Custom GY EVSEID","IEC_62196_T2_COMBO:47kW","2026-09-27T17:40:16.171Z","true","SOURCE_DUPLICATE_DIFFERENT_PRICING|SOURCE_REF_REUSED_ACROSS_LOCATIONS","c8b9480f9eb561ad","0","","4","0","6"
"1","FRGYMP735587","","4225816","CUSTOMGYEVSE","3552353","Custom GY EVSEID","IEC_62196_T2_COMBO:47kW","2026-09-27T17:40:16.171Z","true","SOURCE_DUPLICATE_DIFFERENT_PRICING|SOURCE_REF_REUSED_ACROSS_LOCATIONS","c8b9480f9eb561ad","0","","4","0","6"
"1","FRGYMP735587","","4225816","CUSTOMGYEVSE","3552362","Custom GY EVSEID","IEC_62196_T2_COMBO:150kW","2026-09-27T17:40:16.171Z","true","SOURCE_DUPLICATE_DIFFERENT_PRICING|SOURCE_REF_REUSED_ACROSS_LOCATIONS","360bc98e8ffa5a5b","0","","4","0","6"
"1","FRGYMP735587","","4225816","CUSTOMGYEVSE","3552370","Custom GY EVSEID","IEC_62196_T2_COMBO:150kW","2026-09-27T17:40:16.171Z","true","SOURCE_DUPLICATE_DIFFERENT_PRICING|SOURCE_REF_REUSED_ACROSS_LOCATIONS","360bc98e8ffa5a5b","0","","4","0","6"
"1","FRGYMP735589","","4221832","CUSTOMGYEVSE","3537344","Custom GY EVSEID","IEC_62196_T2:22kW","2026-09-27T17:35:54.250Z","true","SOURCE_DUPLICATE_DIFFERENT_PRICING|SOURCE_REF_REUSED_ACROSS_LOCATIONS","f70aed7e8eb3afc7","0","","4","0","6"
"1","FRGYMP735589","","4221832","CUSTOMGYEVSE","3537353","Custom GY EVSEID","IEC_62196_T2:22kW","2026-09-27T17:35:54.250Z","true","SOURCE_DUPLICATE_DIFFERENT_PRICING|SOURCE_REF_REUSED_ACROSS_LOCATIONS","f70aed7e8eb3afc7","0","","4","0","6"
"1","FRGYMP735589","","4221832","CUSTOMGYEVSE","3537364","Custom GY EVSEID","IEC_62196_T2_COMBO:47kW","2026-09-27T17:35:54.250Z","true","SOURCE_DUPLICATE_DIFFERENT_PRICING|SOURCE_REF_REUSED_ACROSS_LOCATIONS","c8b9480f9eb561ad","0","","4","0","6"
"1","FRGYMP735589","","4221832","CUSTOMGYEVSE","3537374","Custom GY EVSEID","IEC_62196_T2_COMBO:47kW","2026-09-27T17:35:54.250Z","true","SOURCE_DUPLICATE_DIFFERENT_PRICING|SOURCE_REF_REUSED_ACROSS_LOCATIONS","c8b9480f9eb561ad","0","","4","0","6"
"1","FRGYMP735589","","4221832","CUSTOMGYEVSE","3537382","Custom GY EVSEID","IEC_62196_T2_COMBO:150kW","2026-09-27T17:35:54.250Z","true","SOURCE_DUPLICATE_DIFFERENT_PRICING|SOURCE_REF_REUSED_ACROSS_LOCATIONS","360bc98e8ffa5a5b","0","","4","0","6"
"1","FRGYMP735589","","4221832","CUSTOMGYEVSE","3537393","Custom GY EVSEID","IEC_62196_T2_COMBO:150kW","2026-09-27T17:35:54.250Z","true","SOURCE_DUPLICATE_DIFFERENT_PRICING|SOURCE_REF_REUSED_ACROSS_LOCATIONS","360bc98e8ffa5a5b","0","","4","0","6"
"1","FRGYMP735591","","4225438","CUSTOMGYEVSE","3551822","Custom GY EVSEID","IEC_62196_T2:22kW","2026-09-27T17:39:00.185Z","true","SOURCE_DUPLICATE_DIFFERENT_PRICING|SOURCE_REF_REUSED_ACROSS_LOCATIONS","f70aed7e8eb3afc7","0","","6","0","6"
"1","FRGYMP735591","","4225438","CUSTOMGYEVSE","3551838","Custom GY EVSEID","IEC_62196_T2:22kW","2026-09-27T17:39:00.185Z","true","SOURCE_DUPLICATE_DIFFERENT_PRICING|SOURCE_REF_REUSED_ACROSS_LOCATIONS","f70aed7e8eb3afc7","0","","6","0","6"
"1","FRGYMP735591","","4225438","CUSTOMGYEVSE","3551853","Custom GY EVSEID","IEC_62196_T2_COMBO:47kW","2026-09-27T17:39:00.185Z","true","SOURCE_DUPLICATE_DIFFERENT_PRICING|SOURCE_REF_REUSED_ACROSS_LOCATIONS","c8b9480f9eb561ad","0","","6","0","6"
"1","FRGYMP735591","","4225438","CUSTOMGYEVSE","3551871","Custom GY EVSEID","IEC_62196_T2_COMBO:47kW","2026-09-27T17:39:00.185Z","true","SOURCE_DUPLICATE_DIFFERENT_PRICING|SOURCE_REF_REUSED_ACROSS_LOCATIONS","c8b9480f9eb561ad","0","","6","0","6"
"1","FRGYMP735591","","4225438","CUSTOMGYEVSE","3551884","Custom GY EVSEID","IEC_62196_T2_COMBO:150kW","2026-09-27T17:39:00.185Z","true","SOURCE_DUPLICATE_DIFFERENT_PRICING|SOURCE_REF_REUSED_ACROSS_LOCATIONS","360bc98e8ffa5a5b","0","","6","0","6"
"1","FRGYMP735591","","4225438","CUSTOMGYEVSE","3551894","Custom GY EVSEID","IEC_62196_T2_COMBO:150kW","2026-09-27T17:39:00.185Z","true","SOURCE_DUPLICATE_DIFFERENT_PRICING|SOURCE_REF_REUSED_ACROSS_LOCATIONS","360bc98e8ffa5a5b","0","","6","0","6"
"1","FRGYMP735593","","4220208","CUSTOMGYEVSE","3529432","Custom GY EVSEID","IEC_62196_T2:22kW","2026-09-27T17:33:10.624Z","true","SOURCE_DUPLICATE_DIFFERENT_PRICING|SOURCE_REF_REUSED_ACROSS_LOCATIONS","f70aed7e8eb3afc7","0","","6","0","6"
"1","FRGYMP735593","","4220208","CUSTOMGYEVSE","3529434","Custom GY EVSEID","IEC_62196_T2:22kW","2026-09-27T17:33:10.624Z","true","SOURCE_DUPLICATE_DIFFERENT_PRICING|SOURCE_REF_REUSED_ACROSS_LOCATIONS","f70aed7e8eb3afc7","0","","6","0","6"
"1","FRGYMP735593","","4220208","CUSTOMGYEVSE","3529436","Custom GY EVSEID","IEC_62196_T2_COMBO:47kW","2026-09-27T17:33:10.624Z","true","SOURCE_DUPLICATE_DIFFERENT_PRICING|SOURCE_REF_REUSED_ACROSS_LOCATIONS","c8b9480f9eb561ad","0","","6","0","6"
"1","FRGYMP735593","","4220208","CUSTOMGYEVSE","3529437","Custom GY EVSEID","IEC_62196_T2_COMBO:47kW","2026-09-27T17:33:10.624Z","true","SOURCE_DUPLICATE_DIFFERENT_PRICING|SOURCE_REF_REUSED_ACROSS_LOCATIONS","c8b9480f9eb561ad","0","","6","0","6"
"1","FRGYMP735593","","4220208","CUSTOMGYEVSE","3529440","Custom GY EVSEID","IEC_62196_T2_COMBO:150kW","2026-09-27T17:33:10.624Z","true","SOURCE_DUPLICATE_DIFFERENT_PRICING|SOURCE_REF_REUSED_ACROSS_LOCATIONS","360bc98e8ffa5a5b","0","","6","0","6"
"1","FRGYMP735593","","4220208","CUSTOMGYEVSE","3529442","Custom GY EVSEID","IEC_62196_T2_COMBO:150kW","2026-09-27T17:33:10.624Z","true","SOURCE_DUPLICATE_DIFFERENT_PRICING|SOURCE_REF_REUSED_ACROSS_LOCATIONS","360bc98e8ffa5a5b","0","","6","0","6"
"1","FRGYMP735595","","4225422","CUSTOMGYEVSE","3551770","Custom GY EVSEID","IEC_62196_T2:22kW","2026-09-27T17:38:54.566Z","true","SOURCE_DUPLICATE_DIFFERENT_PRICING|SOURCE_REF_REUSED_ACROSS_LOCATIONS","f70aed7e8eb3afc7","0","","4","0","6"
"1","FRGYMP735595","","4225422","CUSTOMGYEVSE","3551786","Custom GY EVSEID","IEC_62196_T2:22kW","2026-09-27T17:38:54.566Z","true","SOURCE_DUPLICATE_DIFFERENT_PRICING|SOURCE_REF_REUSED_ACROSS_LOCATIONS","f70aed7e8eb3afc7","0","","4","0","6"
"1","FRGYMP735595","","4225422","CUSTOMGYEVSE","3551800","Custom GY EVSEID","IEC_62196_T2_COMBO:47kW","2026-09-27T17:38:54.566Z","true","SOURCE_DUPLICATE_DIFFERENT_PRICING|SOURCE_REF_REUSED_ACROSS_LOCATIONS","c8b9480f9eb561ad","0","","4","0","6"
"1","FRGYMP735595","","4225422","CUSTOMGYEVSE","3551815","Custom GY EVSEID","IEC_62196_T2_COMBO:47kW","2026-09-27T17:38:54.566Z","true","SOURCE_DUPLICATE_DIFFERENT_PRICING|SOURCE_REF_REUSED_ACROSS_LOCATIONS","c8b9480f9eb561ad","0","","4","0","6"
"1","FRGYMP735595","","4225422","CUSTOMGYEVSE","3551829","Custom GY EVSEID","IEC_62196_T2_COMBO:150kW","2026-09-27T17:38:54.566Z","true","SOURCE_DUPLICATE_DIFFERENT_PRICING|SOURCE_REF_REUSED_ACROSS_LOCATIONS","360bc98e8ffa5a5b","0","","4","0","6"
"1","FRGYMP735595","","4225422","CUSTOMGYEVSE","3551845","Custom GY EVSEID","IEC_62196_T2_COMBO:150kW","2026-09-27T17:38:54.566Z","true","SOURCE_DUPLICATE_DIFFERENT_PRICING|SOURCE_REF_REUSED_ACROSS_LOCATIONS","360bc98e8ffa5a5b","0","","4","0","6"
"1","FRGYMP735596","","4220614","CUSTOMGYEVSE","3531813","Custom GY EVSEID","IEC_62196_T2:22kW","2026-09-27T17:33:57.485Z","true","SOURCE_DUPLICATE_DIFFERENT_PRICING|SOURCE_REF_REUSED_ACROSS_LOCATIONS","f70aed7e8eb3afc7","0","","6","0","6"
"1","FRGYMP735596","","4220614","CUSTOMGYEVSE","3531814","Custom GY EVSEID","IEC_62196_T2:22kW","2026-09-27T17:33:57.485Z","true","SOURCE_DUPLICATE_DIFFERENT_PRICING|SOURCE_REF_REUSED_ACROSS_LOCATIONS","f70aed7e8eb3afc7","0","","6","0","6"
"1","FRGYMP735596","","4220614","CUSTOMGYEVSE","3531815","Custom GY EVSEID","IEC_62196_T2_COMBO:47kW","2026-09-27T17:33:57.485Z","true","SOURCE_DUPLICATE_DIFFERENT_PRICING|SOURCE_REF_REUSED_ACROSS_LOCATIONS","c8b9480f9eb561ad","0","","6","0","6"
"1","FRGYMP735596","","4220614","CUSTOMGYEVSE","3531816","Custom GY EVSEID","IEC_62196_T2_COMBO:47kW","2026-09-27T17:33:57.485Z","true","SOURCE_DUPLICATE_DIFFERENT_PRICING|SOURCE_REF_REUSED_ACROSS_LOCATIONS","c8b9480f9eb561ad","0","","6","0","6"
"1","FRGYMP735596","","4220614","CUSTOMGYEVSE","3531817","Custom GY EVSEID","IEC_62196_T2_COMBO:150kW","2026-09-27T17:33:57.485Z","true","SOURCE_DUPLICATE_DIFFERENT_PRICING|SOURCE_REF_REUSED_ACROSS_LOCATIONS","360bc98e8ffa5a5b","0","","6","0","6"
"1","FRGYMP735596","","4220614","CUSTOMGYEVSE","3531818","Custom GY EVSEID","IEC_62196_T2_COMBO:150kW","2026-09-27T17:33:57.485Z","true","SOURCE_DUPLICATE_DIFFERENT_PRICING|SOURCE_REF_REUSED_ACROSS_LOCATIONS","360bc98e8ffa5a5b","0","","6","0","6"
"1","FRGYMP735597","","4226165","CUSTOMGYEVSE","3552434","Custom GY EVSEID","IEC_62196_T2:22kW","2026-09-27T17:41:09.950Z","true","SOURCE_DUPLICATE_DIFFERENT_PRICING|SOURCE_REF_REUSED_ACROSS_LOCATIONS","f70aed7e8eb3afc7","0","","8","0","8"
"1","FRGYMP735597","","4226165","CUSTOMGYEVSE","3552440","Custom GY EVSEID","IEC_62196_T2:22kW","2026-09-27T17:41:09.950Z","true","SOURCE_DUPLICATE_DIFFERENT_PRICING|SOURCE_REF_REUSED_ACROSS_LOCATIONS","f70aed7e8eb3afc7","0","","8","0","8"
"1","FRGYMP735597","","4226165","CUSTOMGYEVSE","3552450","Custom GY EVSEID","IEC_62196_T2_COMBO:47kW","2026-09-27T17:41:09.950Z","true","SOURCE_DUPLICATE_DIFFERENT_PRICING|SOURCE_REF_REUSED_ACROSS_LOCATIONS","c8b9480f9eb561ad","0","","8","0","8"
"1","FRGYMP735597","","4226165","CUSTOMGYEVSE","3552460","Custom GY EVSEID","IEC_62196_T2_COMBO:47kW","2026-09-27T17:41:09.950Z","true","SOURCE_DUPLICATE_DIFFERENT_PRICING|SOURCE_REF_REUSED_ACROSS_LOCATIONS","c8b9480f9eb561ad","0","","8","0","8"
"1","FRGYMP735597","","4226165","CUSTOMGYEVSE","3552469","Custom GY EVSEID","IEC_62196_T2_COMBO:47kW","2026-09-27T17:41:09.950Z","true","SOURCE_DUPLICATE_DIFFERENT_PRICING|SOURCE_REF_REUSED_ACROSS_LOCATIONS","c8b9480f9eb561ad","0","","8","0","8"
"1","FRGYMP735597","","4226165","CUSTOMGYEVSE","3552480","Custom GY EVSEID","IEC_62196_T2_COMBO:47kW","2026-09-27T17:41:09.950Z","true","SOURCE_DUPLICATE_DIFFERENT_PRICING|SOURCE_REF_REUSED_ACROSS_LOCATIONS","c8b9480f9eb561ad","0","","8","0","8"
"1","FRGYMP735597","","4226165","CUSTOMGYEVSE","3552488","Custom GY EVSEID","IEC_62196_T2_COMBO:150kW","2026-09-27T17:41:09.950Z","true","SOURCE_DUPLICATE_DIFFERENT_PRICING|SOURCE_REF_REUSED_ACROSS_LOCATIONS","360bc98e8ffa5a5b","0","","8","0","8"
"1","FRGYMP735597","","4226165","CUSTOMGYEVSE","3552498","Custom GY EVSEID","IEC_62196_T2_COMBO:150kW","2026-09-27T17:41:09.950Z","true","SOURCE_DUPLICATE_DIFFERENT_PRICING|SOURCE_REF_REUSED_ACROSS_LOCATIONS","360bc98e8ffa5a5b","0","","8","0","8"
"1","FRH01P60025001","","1612923","H01","2192687","FR*H01*E60025*001*2*2","DOMESTIC_F:4kW","2026-09-26T23:49:39.953Z","true","SOURCE_DUPLICATE_DIFFERENT_PRICING|COMPLEX_TIME_OR_DURATION_PRICING","7ca326f785585666","0","","2","1","2"
"1","FRH01P60025001","","1612923","H01","2192693","FR*H01*E60025*001*2*1","IEC_62196_T2:7kW","2026-09-26T23:49:39.953Z","true","SOURCE_DUPLICATE_DIFFERENT_PRICING|COMPLEX_TIME_OR_DURATION_PRICING","de3bcb6443add60a","0","","2","1","2"
"1","FRH01P60025001","","1612923","H01","2192696","FR*H01*E60025*001*1*1","IEC_62196_T2:7kW","2026-09-26T23:49:39.953Z","true","SOURCE_DUPLICATE_DIFFERENT_PRICING|COMPLEX_TIME_OR_DURATION_PRICING","de3bcb6443add60a","0","","2","1","2"
"1","FRH01P60025001","","1612923","H01","2192701","FR*H01*E60025*001*1*2","DOMESTIC_F:4kW","2026-09-26T23:49:39.953Z","true","SOURCE_DUPLICATE_DIFFERENT_PRICING|COMPLEX_TIME_OR_DURATION_PRICING","7ca326f785585666","0","","2","1","2"
"1","FRH01P60025001","","1612923","H01","2901736","FR*H01*E60025*001*1*1","IEC_62196_T2:22kW","2026-09-26T23:49:39.953Z","true","SOURCE_DUPLICATE_DIFFERENT_PRICING|COMPLEX_TIME_OR_DURATION_PRICING","65b6543d4270d7eb","0","","2","1","2"
"1","FRH01P60025001","","1612923","H01","2901742","FR*H01*E60025*001*2*2","DOMESTIC_F:4kW","2026-09-26T23:49:39.953Z","true","SOURCE_DUPLICATE_DIFFERENT_PRICING|COMPLEX_TIME_OR_DURATION_PRICING","490b2171b88435e1","0","","2","1","2"
"1","FRH01P60025001","","1612923","H01","2901747","FR*H01*E60025*001*1*2","DOMESTIC_F:4kW","2026-09-26T23:49:39.953Z","true","SOURCE_DUPLICATE_DIFFERENT_PRICING|COMPLEX_TIME_OR_DURATION_PRICING","490b2171b88435e1","0","","2","1","2"
"1","FRH01P60025001","","1612923","H01","2901749","FR*H01*E60025*001*2*1","IEC_62196_T2:22kW","2026-09-26T23:49:39.953Z","true","SOURCE_DUPLICATE_DIFFERENT_PRICING|COMPLEX_TIME_OR_DURATION_PRICING","65b6543d4270d7eb","0","","2","1","2"
"1","FRH01P60141003","","1608979","H01","2190709","FR*H01*E60141*003*2*1","IEC_62196_T2:7kW","2026-09-26T23:47:36.723Z","true","SOURCE_DUPLICATE_DIFFERENT_PRICING|COMPLEX_TIME_OR_DURATION_PRICING","de3bcb6443add60a","0","","2","1","2"
"1","FRH01P60141003","","1608979","H01","2190713","FR*H01*E60141*003*2*2","DOMESTIC_F:4kW","2026-09-26T23:47:36.723Z","true","SOURCE_DUPLICATE_DIFFERENT_PRICING|COMPLEX_TIME_OR_DURATION_PRICING","7ca326f785585666","0","","2","1","2"
"1","FRH01P60141003","","1608979","H01","2190717","FR*H01*E60141*003*1*2","DOMESTIC_F:4kW","2026-09-26T23:47:36.723Z","true","SOURCE_DUPLICATE_DIFFERENT_PRICING|COMPLEX_TIME_OR_DURATION_PRICING","7ca326f785585666","0","","2","1","2"
"1","FRH01P60141003","","1608979","H01","2190720","FR*H01*E60141*003*1*1","IEC_62196_T2:7kW","2026-09-26T23:47:36.723Z","true","SOURCE_DUPLICATE_DIFFERENT_PRICING|COMPLEX_TIME_OR_DURATION_PRICING","de3bcb6443add60a","0","","2","1","2"
"1","FRH01P60141003","","1608979","H01","2902513","FR*H01*E60141*003*2*1","IEC_62196_T2:22kW","2026-09-26T23:47:36.723Z","true","SOURCE_DUPLICATE_DIFFERENT_PRICING|COMPLEX_TIME_OR_DURATION_PRICING","65b6543d4270d7eb","0","","2","1","2"
"1","FRH01P60141003","","1608979","H01","2902515","FR*H01*E60141*003*1*1","IEC_62196_T2:22kW","2026-09-26T23:47:36.723Z","true","SOURCE_DUPLICATE_DIFFERENT_PRICING|COMPLEX_TIME_OR_DURATION_PRICING","65b6543d4270d7eb","0","","2","1","2"
"1","FRH01P60141003","","1608979","H01","2902517","FR*H01*E60141*003*2*2","DOMESTIC_F:4kW","2026-09-26T23:47:36.723Z","true","SOURCE_DUPLICATE_DIFFERENT_PRICING|COMPLEX_TIME_OR_DURATION_PRICING","490b2171b88435e1","0","","2","1","2"
"1","FRH01P60141003","","1608979","H01","2902518","FR*H01*E60141*003*1*2","DOMESTIC_F:4kW","2026-09-26T23:47:36.723Z","true","SOURCE_DUPLICATE_DIFFERENT_PRICING|COMPLEX_TIME_OR_DURATION_PRICING","490b2171b88435e1","0","","2","1","2"
"1","FRH01P60233001","","586690","H01","2190770","FR*H01*E60233*001*2*1","IEC_62196_T2:7kW","2026-09-28T03:56:24.435Z","true","SOURCE_DUPLICATE_DIFFERENT_PRICING|COMPLEX_TIME_OR_DURATION_PRICING","de3bcb6443add60a","0","","2","1","2"
"1","FRH01P60233001","","586690","H01","2190777","FR*H01*E60233*001*1*2","DOMESTIC_F:4kW","2026-09-28T03:56:24.435Z","true","SOURCE_DUPLICATE_DIFFERENT_PRICING|COMPLEX_TIME_OR_DURATION_PRICING","7ca326f785585666","0","","2","1","2"
"1","FRH01P60233001","","586690","H01","2190784","FR*H01*E60233*001*2*2","DOMESTIC_F:4kW","2026-09-28T03:56:24.435Z","true","SOURCE_DUPLICATE_DIFFERENT_PRICING|COMPLEX_TIME_OR_DURATION_PRICING","7ca326f785585666","0","","2","1","2"
"1","FRH01P60233001","","586690","H01","2190789","FR*H01*E60233*001*1*1","IEC_62196_T2:7kW","2026-09-28T03:56:24.435Z","true","SOURCE_DUPLICATE_DIFFERENT_PRICING|COMPLEX_TIME_OR_DURATION_PRICING","de3bcb6443add60a","0","","2","1","2"
"1","FRH01P60233001","","586690","H01","2903178","FR*H01*E60233*001*2*1","IEC_62196_T2:22kW","2026-09-28T03:56:24.435Z","true","SOURCE_DUPLICATE_DIFFERENT_PRICING|COMPLEX_TIME_OR_DURATION_PRICING","65b6543d4270d7eb","0","","2","1","2"
"1","FRH01P60233001","","586690","H01","2903179","FR*H01*E60233*001*1*1","IEC_62196_T2:22kW","2026-09-28T03:56:24.435Z","true","SOURCE_DUPLICATE_DIFFERENT_PRICING|COMPLEX_TIME_OR_DURATION_PRICING","65b6543d4270d7eb","0","","2","1","2"
"1","FRH01P60233001","","586690","H01","2903180","FR*H01*E60233*001*2*2","DOMESTIC_F:4kW","2026-09-28T03:56:24.435Z","true","SOURCE_DUPLICATE_DIFFERENT_PRICING|COMPLEX_TIME_OR_DURATION_PRICING","490b2171b88435e1","0","","2","1","2"
"1","FRH01P60233001","","586690","H01","2903181","FR*H01*E60233*001*1*2","DOMESTIC_F:4kW","2026-09-28T03:56:24.435Z","true","SOURCE_DUPLICATE_DIFFERENT_PRICING|COMPLEX_TIME_OR_DURATION_PRICING","490b2171b88435e1","0","","2","1","2"
"1","FRH01P60344001","","1608914","H01","2190405","FR*H01*E60344*001*2*1","IEC_62196_T2:7kW","2026-09-26T23:46:15.614Z","true","SOURCE_DUPLICATE_DIFFERENT_PRICING|COMPLEX_TIME_OR_DURATION_PRICING","de3bcb6443add60a","0","","2","1","2"
"1","FRH01P60344001","","1608914","H01","2190411","FR*H01*E60344*001*1*1","IEC_62196_T2:7kW","2026-09-26T23:46:15.614Z","true","SOURCE_DUPLICATE_DIFFERENT_PRICING|COMPLEX_TIME_OR_DURATION_PRICING","de3bcb6443add60a","0","","2","1","2"
"1","FRH01P60344001","","1608914","H01","2901697","FR*H01*E60344*001*2*1","IEC_62196_T2:22kW","2026-09-26T23:46:15.614Z","true","SOURCE_DUPLICATE_DIFFERENT_PRICING|COMPLEX_TIME_OR_DURATION_PRICING","65b6543d4270d7eb","0","","2","1","2"
"1","FRH01P60344001","","1608914","H01","2901700","FR*H01*E60344*001*1*1","IEC_62196_T2:22kW","2026-09-26T23:46:15.614Z","true","SOURCE_DUPLICATE_DIFFERENT_PRICING|COMPLEX_TIME_OR_DURATION_PRICING","65b6543d4270d7eb","0","","2","1","2"
"1","FRH01P60491001","","1608982","H01","2190724","FR*H01*E60491*001*1*1","IEC_62196_T2:7kW","2026-09-26T23:47:41.750Z","true","SOURCE_DUPLICATE_DIFFERENT_PRICING|COMPLEX_TIME_OR_DURATION_PRICING","de3bcb6443add60a","0","","2","1","2"
"1","FRH01P60491001","","1608982","H01","2190726","FR*H01*E60491*001*1*2","DOMESTIC_F:4kW","2026-09-26T23:47:41.750Z","true","SOURCE_DUPLICATE_DIFFERENT_PRICING|COMPLEX_TIME_OR_DURATION_PRICING","7ca326f785585666","0","","2","1","2"
"1","FRH01P60491001","","1608982","H01","2190728","FR*H01*E60491*001*2*2","DOMESTIC_F:4kW","2026-09-26T23:47:41.750Z","true","SOURCE_DUPLICATE_DIFFERENT_PRICING|COMPLEX_TIME_OR_DURATION_PRICING","7ca326f785585666","0","","2","1","2"
"1","FRH01P60491001","","1608982","H01","2190729","FR*H01*E60491*001*2*1","IEC_62196_T2:7kW","2026-09-26T23:47:41.750Z","true","SOURCE_DUPLICATE_DIFFERENT_PRICING|COMPLEX_TIME_OR_DURATION_PRICING","de3bcb6443add60a","0","","2","1","2"
"1","FRH01P60491001","","1608982","H01","2903232","FR*H01*E60491*001*1*1","IEC_62196_T2:22kW","2026-09-26T23:47:41.750Z","true","SOURCE_DUPLICATE_DIFFERENT_PRICING|COMPLEX_TIME_OR_DURATION_PRICING","65b6543d4270d7eb","0","","2","1","2"
"1","FRH01P60491001","","1608982","H01","2903233","FR*H01*E60491*001*2*1","IEC_62196_T2:22kW","2026-09-26T23:47:41.750Z","true","SOURCE_DUPLICATE_DIFFERENT_PRICING|COMPLEX_TIME_OR_DURATION_PRICING","65b6543d4270d7eb","0","","2","1","2"
"1","FRH01P60491001","","1608982","H01","2903234","FR*H01*E60491*001*2*2","DOMESTIC_F:4kW","2026-09-26T23:47:41.750Z","true","SOURCE_DUPLICATE_DIFFERENT_PRICING|COMPLEX_TIME_OR_DURATION_PRICING","490b2171b88435e1","0","","2","1","2"
"1","FRH01P60491001","","1608982","H01","2903235","FR*H01*E60491*001*1*2","DOMESTIC_F:4kW","2026-09-26T23:47:41.750Z","true","SOURCE_DUPLICATE_DIFFERENT_PRICING|COMPLEX_TIME_OR_DURATION_PRICING","490b2171b88435e1","0","","2","1","2"
"1","FRH01P60612001","","1608913","H01","2190383","FR*H01*E60612*001*2*1","IEC_62196_T2:7kW","2026-09-26T23:46:14.537Z","true","SOURCE_DUPLICATE_DIFFERENT_PRICING|COMPLEX_TIME_OR_DURATION_PRICING","de3bcb6443add60a","0","","2","1","2"
"1","FRH01P60612001","","1608913","H01","2190393","FR*H01*E60612*001*1*2","DOMESTIC_F:4kW","2026-09-26T23:46:14.537Z","true","SOURCE_DUPLICATE_DIFFERENT_PRICING|COMPLEX_TIME_OR_DURATION_PRICING","7ca326f785585666","0","","2","1","2"
"1","FRH01P60612001","","1608913","H01","2190400","FR*H01*E60612*001*1*1","IEC_62196_T2:7kW","2026-09-26T23:46:14.537Z","true","SOURCE_DUPLICATE_DIFFERENT_PRICING|COMPLEX_TIME_OR_DURATION_PRICING","de3bcb6443add60a","0","","2","1","2"
"1","FRH01P60612001","","1608913","H01","2190407","FR*H01*E60612*001*2*2","DOMESTIC_F:4kW","2026-09-26T23:46:14.537Z","true","SOURCE_DUPLICATE_DIFFERENT_PRICING|COMPLEX_TIME_OR_DURATION_PRICING","7ca326f785585666","0","","2","1","2"
"1","FRH01P60612001","","1608913","H01","2908430","FR*H01*E60612*001*1*1","IEC_62196_T2:22kW","2026-09-26T23:46:14.537Z","true","SOURCE_DUPLICATE_DIFFERENT_PRICING|COMPLEX_TIME_OR_DURATION_PRICING","65b6543d4270d7eb","0","","2","1","2"
"1","FRH01P60612001","","1608913","H01","2908431","FR*H01*E60612*001*2*1","IEC_62196_T2:22kW","2026-09-26T23:46:14.537Z","true","SOURCE_DUPLICATE_DIFFERENT_PRICING|COMPLEX_TIME_OR_DURATION_PRICING","65b6543d4270d7eb","0","","2","1","2"
"1","FRH01P60612001","","1608913","H01","2908432","FR*H01*E60612*001*1*2","DOMESTIC_F:4kW","2026-09-26T23:46:14.537Z","true","SOURCE_DUPLICATE_DIFFERENT_PRICING|COMPLEX_TIME_OR_DURATION_PRICING","490b2171b88435e1","0","","2","1","2"
"1","FRH01P60612001","","1608913","H01","2908433","FR*H01*E60612*001*2*2","DOMESTIC_F:4kW","2026-09-26T23:46:14.537Z","true","SOURCE_DUPLICATE_DIFFERENT_PRICING|COMPLEX_TIME_OR_DURATION_PRICING","490b2171b88435e1","0","","2","1","2"
"1","FRH01P62226001","","390243","H01","10785","FR*H01*E62226*001*1*1","IEC_62196_T2:22kW","2026-09-27T12:32:56.716Z","true","SOURCE_DUPLICATE_DIFFERENT_PRICING|COMPLEX_TIME_OR_DURATION_PRICING","dd731e1f8595c3e8","0","","2","1","2"
"1","FRH01P62226001","","390243","H01","10786","FR*H01*E62226*001*1*2","DOMESTIC_F:4kW","2026-09-27T12:32:56.716Z","true","SOURCE_DUPLICATE_DIFFERENT_PRICING|COMPLEX_TIME_OR_DURATION_PRICING","7ca326f785585666","0","","2","1","2"
"1","FRH01P62226001","","390243","H01","117616","FR*H01*E62226*001*2*1","IEC_62196_T2:22kW","2026-09-27T12:32:56.716Z","true","SOURCE_DUPLICATE_DIFFERENT_PRICING|COMPLEX_TIME_OR_DURATION_PRICING","dd731e1f8595c3e8","0","","2","1","2"
"1","FRH01P62226001","","390243","H01","117617","FR*H01*E62226*001*2*2","DOMESTIC_F:4kW","2026-09-27T12:32:56.716Z","true","SOURCE_DUPLICATE_DIFFERENT_PRICING|COMPLEX_TIME_OR_DURATION_PRICING","7ca326f785585666","0","","2","1","2"
"1","FRH01P62226001","","390243","H01","2908405","FR*H01*E62226*001*1*2","DOMESTIC_F:4kW","2026-09-27T12:32:56.716Z","true","SOURCE_DUPLICATE_DIFFERENT_PRICING|COMPLEX_TIME_OR_DURATION_PRICING","490b2171b88435e1","0","","2","1","2"
"1","FRH01P62226001","","390243","H01","2908408","FR*H01*E62226*001*2*2","DOMESTIC_F:4kW","2026-09-27T12:32:56.716Z","true","SOURCE_DUPLICATE_DIFFERENT_PRICING|COMPLEX_TIME_OR_DURATION_PRICING","490b2171b88435e1","0","","2","1","2"
"1","FRH01P62226001","","390243","H01","2908410","FR*H01*E62226*001*2*1","IEC_62196_T2:22kW","2026-09-27T12:32:56.716Z","true","SOURCE_DUPLICATE_DIFFERENT_PRICING|COMPLEX_TIME_OR_DURATION_PRICING","65b6543d4270d7eb","0","","2","1","2"
"1","FRH01P62226001","","390243","H01","2908411","FR*H01*E62226*001*1*1","IEC_62196_T2:22kW","2026-09-27T12:32:56.716Z","true","SOURCE_DUPLICATE_DIFFERENT_PRICING|COMPLEX_TIME_OR_DURATION_PRICING","65b6543d4270d7eb","0","","2","1","2"
"1","FRH01P62325001","","589463","H01","11694","FR*H01*E62325*001*1*1","IEC_62196_T2:22kW","2026-09-28T04:02:57.169Z","true","SOURCE_DUPLICATE_DIFFERENT_PRICING|COMPLEX_TIME_OR_DURATION_PRICING","dd731e1f8595c3e8","0","","4","1","2"
"1","FRH01P62325001","","589463","H01","11695","FR*H01*E62325*001*1*2","DOMESTIC_F:4kW","2026-09-28T04:02:57.169Z","true","SOURCE_DUPLICATE_DIFFERENT_PRICING|COMPLEX_TIME_OR_DURATION_PRICING","7ca326f785585666","0","","4","1","2"
"1","FRH01P62325001","","589463","H01","11696","FR*H01*E62325*001*2*1","IEC_62196_T2:22kW","2026-09-28T04:02:57.169Z","true","SOURCE_DUPLICATE_DIFFERENT_PRICING|COMPLEX_TIME_OR_DURATION_PRICING","dd731e1f8595c3e8","0","","4","1","2"
"1","FRH01P62325001","","589463","H01","11697","FR*H01*E62325*001*2*2","DOMESTIC_F:4kW","2026-09-28T04:02:57.169Z","true","SOURCE_DUPLICATE_DIFFERENT_PRICING|COMPLEX_TIME_OR_DURATION_PRICING","7ca326f785585666","0","","4","1","2"
"1","FRH01P62325001","","589463","H01","2902086","FR*H01*E62325*001*2*1","IEC_62196_T2:22kW","2026-09-28T04:02:57.169Z","true","SOURCE_DUPLICATE_DIFFERENT_PRICING|COMPLEX_TIME_OR_DURATION_PRICING","65b6543d4270d7eb","0","","4","1","2"
"1","FRH01P62325001","","589463","H01","2902089","FR*H01*E62325*001*2*2","DOMESTIC_F:4kW","2026-09-28T04:02:57.169Z","true","SOURCE_DUPLICATE_DIFFERENT_PRICING|COMPLEX_TIME_OR_DURATION_PRICING","490b2171b88435e1","0","","4","1","2"
"1","FRH01P62325001","","589463","H01","2902092","FR*H01*E62325*001*1*2","DOMESTIC_F:4kW","2026-09-28T04:02:57.169Z","true","SOURCE_DUPLICATE_DIFFERENT_PRICING|COMPLEX_TIME_OR_DURATION_PRICING","490b2171b88435e1","0","","4","1","2"
"1","FRH01P62325001","","589463","H01","2902098","FR*H01*E62325*001*1*1","IEC_62196_T2:22kW","2026-09-28T04:02:57.169Z","true","SOURCE_DUPLICATE_DIFFERENT_PRICING|COMPLEX_TIME_OR_DURATION_PRICING","65b6543d4270d7eb","0","","4","1","2"
"1","FRH01P62525001","","549410","H01","11266","FR*H01*E62525*001*1*1","IEC_62196_T2:22kW","2026-09-28T02:51:33.041Z","true","SOURCE_DUPLICATE_DIFFERENT_PRICING|COMPLEX_TIME_OR_DURATION_PRICING","dd731e1f8595c3e8","0","","2","1","2"
"1","FRH01P62525001","","549410","H01","11267","FR*H01*E62525*001*1*2","DOMESTIC_F:4kW","2026-09-28T02:51:33.041Z","true","SOURCE_DUPLICATE_DIFFERENT_PRICING|COMPLEX_TIME_OR_DURATION_PRICING","7ca326f785585666","0","","2","1","2"
"1","FRH01P62525001","","549410","H01","11268","FR*H01*E62525*001*2*1","IEC_62196_T2:22kW","2026-09-28T02:51:33.041Z","true","SOURCE_DUPLICATE_DIFFERENT_PRICING|COMPLEX_TIME_OR_DURATION_PRICING","dd731e1f8595c3e8","0","","2","1","2"
"1","FRH01P62525001","","549410","H01","11269","FR*H01*E62525*001*2*2","DOMESTIC_F:4kW","2026-09-28T02:51:33.041Z","true","SOURCE_DUPLICATE_DIFFERENT_PRICING|COMPLEX_TIME_OR_DURATION_PRICING","7ca326f785585666","0","","2","1","2"
"1","FRH01P62525001","","549410","H01","2902532","FR*H01*E62525*001*1*1","IEC_62196_T2:22kW","2026-09-28T02:51:33.041Z","true","SOURCE_DUPLICATE_DIFFERENT_PRICING|COMPLEX_TIME_OR_DURATION_PRICING","65b6543d4270d7eb","0","","2","1","2"
"1","FRH01P62525001","","549410","H01","2902533","FR*H01*E62525*001*2*1","IEC_62196_T2:22kW","2026-09-28T02:51:33.041Z","true","SOURCE_DUPLICATE_DIFFERENT_PRICING|COMPLEX_TIME_OR_DURATION_PRICING","65b6543d4270d7eb","0","","2","1","2"
"1","FRH01P62525001","","549410","H01","2902534","FR*H01*E62525*001*1*2","DOMESTIC_F:4kW","2026-09-28T02:51:33.041Z","true","SOURCE_DUPLICATE_DIFFERENT_PRICING|COMPLEX_TIME_OR_DURATION_PRICING","490b2171b88435e1","0","","2","1","2"
"1","FRH01P62525001","","549410","H01","2902535","FR*H01*E62525*001*2*2","DOMESTIC_F:4kW","2026-09-28T02:51:33.041Z","true","SOURCE_DUPLICATE_DIFFERENT_PRICING|COMPLEX_TIME_OR_DURATION_PRICING","490b2171b88435e1","0","","2","1","2"
"1","FRH01P62618001","","584945","H01","11278","FR*H01*E62618*001*1*1","IEC_62196_T2:22kW","2026-09-28T03:34:04.976Z","true","SOURCE_DUPLICATE_DIFFERENT_PRICING|COMPLEX_TIME_OR_DURATION_PRICING","dd731e1f8595c3e8","0","","2","1","2"
"1","FRH01P62618001","","584945","H01","11279","FR*H01*E62618*001*1*2","DOMESTIC_F:4kW","2026-09-28T03:34:04.976Z","true","SOURCE_DUPLICATE_DIFFERENT_PRICING|COMPLEX_TIME_OR_DURATION_PRICING","7ca326f785585666","0","","2","1","2"
"1","FRH01P62618001","","584945","H01","11280","FR*H01*E62618*001*2*1","IEC_62196_T2:22kW","2026-09-28T03:34:04.976Z","true","SOURCE_DUPLICATE_DIFFERENT_PRICING|COMPLEX_TIME_OR_DURATION_PRICING","dd731e1f8595c3e8","0","","2","1","2"
"1","FRH01P62618001","","584945","H01","11281","FR*H01*E62618*001*2*2","DOMESTIC_F:4kW","2026-09-28T03:34:04.976Z","true","SOURCE_DUPLICATE_DIFFERENT_PRICING|COMPLEX_TIME_OR_DURATION_PRICING","7ca326f785585666","0","","2","1","2"
"1","FRH01P62618001","","584945","H01","2903244","FR*H01*E62618*001*2*1","IEC_62196_T2:22kW","2026-09-28T03:34:04.976Z","true","SOURCE_DUPLICATE_DIFFERENT_PRICING|COMPLEX_TIME_OR_DURATION_PRICING","65b6543d4270d7eb","0","","2","1","2"
"1","FRH01P62618001","","584945","H01","2903245","FR*H01*E62618*001*2*2","DOMESTIC_F:4kW","2026-09-28T03:34:04.976Z","true","SOURCE_DUPLICATE_DIFFERENT_PRICING|COMPLEX_TIME_OR_DURATION_PRICING","490b2171b88435e1","0","","2","1","2"
"1","FRH01P62618001","","584945","H01","2903246","FR*H01*E62618*001*1*1","IEC_62196_T2:22kW","2026-09-28T03:34:04.976Z","true","SOURCE_DUPLICATE_DIFFERENT_PRICING|COMPLEX_TIME_OR_DURATION_PRICING","65b6543d4270d7eb","0","","2","1","2"
"1","FRH01P62618001","","584945","H01","2903247","FR*H01*E62618*001*1*2","DOMESTIC_F:4kW","2026-09-28T03:34:04.976Z","true","SOURCE_DUPLICATE_DIFFERENT_PRICING|COMPLEX_TIME_OR_DURATION_PRICING","490b2171b88435e1","0","","2","1","2"
"1","FRH01P62721001","","561048","H01","11591","FR*H01*E62721*001*1*1","IEC_62196_T2:22kW","2026-09-28T03:01:11.107Z","true","SOURCE_DUPLICATE_DIFFERENT_PRICING|COMPLEX_TIME_OR_DURATION_PRICING","dd731e1f8595c3e8","0","","2","1","2"
"1","FRH01P62721001","","561048","H01","11592","FR*H01*E62721*001*1*2","DOMESTIC_F:4kW","2026-09-28T03:01:11.107Z","true","SOURCE_DUPLICATE_DIFFERENT_PRICING|COMPLEX_TIME_OR_DURATION_PRICING","7ca326f785585666","0","","2","1","2"
"1","FRH01P62721001","","561048","H01","11593","FR*H01*E62721*001*2*2","DOMESTIC_F:4kW","2026-09-28T03:01:11.107Z","true","SOURCE_DUPLICATE_DIFFERENT_PRICING|COMPLEX_TIME_OR_DURATION_PRICING","7ca326f785585666","0","","2","1","2"
"1","FRH01P62721001","","561048","H01","11594","FR*H01*E62721*001*2*1","IEC_62196_T2:22kW","2026-09-28T03:01:11.107Z","true","SOURCE_DUPLICATE_DIFFERENT_PRICING|COMPLEX_TIME_OR_DURATION_PRICING","dd731e1f8595c3e8","0","","2","1","2"
"1","FRH01P62721001","","561048","H01","2903300","FR*H01*E62721*001*1*1","IEC_62196_T2:22kW","2026-09-28T03:01:11.107Z","true","SOURCE_DUPLICATE_DIFFERENT_PRICING|COMPLEX_TIME_OR_DURATION_PRICING","65b6543d4270d7eb","0","","2","1","2"
"1","FRH01P62721001","","561048","H01","2903301","FR*H01*E62721*001*1*2","DOMESTIC_F:4kW","2026-09-28T03:01:11.107Z","true","SOURCE_DUPLICATE_DIFFERENT_PRICING|COMPLEX_TIME_OR_DURATION_PRICING","490b2171b88435e1","0","","2","1","2"
"1","FRH01P62721001","","561048","H01","2903302","FR*H01*E62721*001*2*1","IEC_62196_T2:22kW","2026-09-28T03:01:11.107Z","true","SOURCE_DUPLICATE_DIFFERENT_PRICING|COMPLEX_TIME_OR_DURATION_PRICING","65b6543d4270d7eb","0","","2","1","2"
"1","FRH01P62721001","","561048","H01","2903303","FR*H01*E62721*001*2*2","DOMESTIC_F:4kW","2026-09-28T03:01:11.107Z","true","SOURCE_DUPLICATE_DIFFERENT_PRICING|COMPLEX_TIME_OR_DURATION_PRICING","490b2171b88435e1","0","","2","1","2"
"1","FRH01P62765005","","564627","H01","11203","FR*H01*E62765*005*1*1","IEC_62196_T2:22kW","2026-09-28T03:02:38.366Z","true","SOURCE_DUPLICATE_DIFFERENT_PRICING|COMPLEX_TIME_OR_DURATION_PRICING","dd731e1f8595c3e8","0","","2","1","2"
"1","FRH01P62765005","","564627","H01","11204","FR*H01*E62765*005*1*2","DOMESTIC_F:4kW","2026-09-28T03:02:38.366Z","true","SOURCE_DUPLICATE_DIFFERENT_PRICING|COMPLEX_TIME_OR_DURATION_PRICING","7ca326f785585666","0","","2","1","2"
"1","FRH01P62765005","","564627","H01","11205","FR*H01*E62765*005*2*1","IEC_62196_T2:22kW","2026-09-28T03:02:38.366Z","true","SOURCE_DUPLICATE_DIFFERENT_PRICING|COMPLEX_TIME_OR_DURATION_PRICING","dd731e1f8595c3e8","0","","2","1","2"
"1","FRH01P62765005","","564627","H01","11206","FR*H01*E62765*005*2*2","DOMESTIC_F:4kW","2026-09-28T03:02:38.366Z","true","SOURCE_DUPLICATE_DIFFERENT_PRICING|COMPLEX_TIME_OR_DURATION_PRICING","7ca326f785585666","0","","2","1","2"
"1","FRH01P62765005","","564627","H01","2903196","FR*H01*E62765*005*1*2","DOMESTIC_F:4kW","2026-09-28T03:02:38.366Z","true","SOURCE_DUPLICATE_DIFFERENT_PRICING|COMPLEX_TIME_OR_DURATION_PRICING","490b2171b88435e1","0","","2","1","2"
"1","FRH01P62765005","","564627","H01","2903197","FR*H01*E62765*005*1*1","IEC_62196_T2:22kW","2026-09-28T03:02:38.366Z","true","SOURCE_DUPLICATE_DIFFERENT_PRICING|COMPLEX_TIME_OR_DURATION_PRICING","65b6543d4270d7eb","0","","2","1","2"
"1","FRH01P62765005","","564627","H01","2903198","FR*H01*E62765*005*2*2","DOMESTIC_F:4kW","2026-09-28T03:02:38.366Z","true","SOURCE_DUPLICATE_DIFFERENT_PRICING|COMPLEX_TIME_OR_DURATION_PRICING","490b2171b88435e1","0","","2","1","2"
"1","FRH01P62765005","","564627","H01","2903199","FR*H01*E62765*005*2*1","IEC_62196_T2:22kW","2026-09-28T03:02:38.366Z","true","SOURCE_DUPLICATE_DIFFERENT_PRICING|COMPLEX_TIME_OR_DURATION_PRICING","65b6543d4270d7eb","0","","2","1","2"
"1","FRHDTPNF078091","","4293758","NUMERIC","3659181","11","IEC_62196_T2_COMBO:460kW","2026-09-27T18:09:44.449Z","false","SOURCE_DUPLICATE_DIFFERENT_PRICING|SOURCE_REF_REUSED_ACROSS_LOCATIONS|COMPLEX_TIME_OR_DURATION_PRICING|NO_DETERMINISTIC_LOCAL_IRVE_MATCH|UNPUBLISHED_SOURCE_EVSE","dbc85e70fac8c254","0","","2","0","2"
"1","FRHDTPNF078091","","4293758","NUMERIC","3659182","11","CHADEMO:460kW","2026-09-27T18:09:44.449Z","false","SOURCE_DUPLICATE_DIFFERENT_PRICING|SOURCE_REF_REUSED_ACROSS_LOCATIONS|COMPLEX_TIME_OR_DURATION_PRICING|NO_DETERMINISTIC_LOCAL_IRVE_MATCH|UNPUBLISHED_SOURCE_EVSE","5fc0303a8562e353","0","","2","0","2"
"1","FRHDTPNF078091","","4293758","NUMERIC","3659183","10","IEC_62196_T2:22kW","2026-09-27T18:09:44.449Z","false","SOURCE_DUPLICATE_DIFFERENT_PRICING|SOURCE_REF_REUSED_ACROSS_LOCATIONS|COMPLEX_TIME_OR_DURATION_PRICING|NO_DETERMINISTIC_LOCAL_IRVE_MATCH|UNPUBLISHED_SOURCE_EVSE","122869f63c72132b","0","","2","0","2"
"1","FRHDTPNF078091","","4293758","NUMERIC","3659184","10","IEC_62196_T2_COMBO:460kW","2026-09-27T18:09:44.449Z","false","SOURCE_DUPLICATE_DIFFERENT_PRICING|SOURCE_REF_REUSED_ACROSS_LOCATIONS|COMPLEX_TIME_OR_DURATION_PRICING|NO_DETERMINISTIC_LOCAL_IRVE_MATCH|UNPUBLISHED_SOURCE_EVSE","dbc85e70fac8c254","0","","2","0","2"
"1","FRHDTPNF078091","","4293758","NUMERIC","3659185","9","IEC_62196_T2_COMBO:460kW","2026-09-27T18:09:44.449Z","false","SOURCE_DUPLICATE_DIFFERENT_PRICING|SOURCE_REF_REUSED_ACROSS_LOCATIONS|COMPLEX_TIME_OR_DURATION_PRICING|NO_DETERMINISTIC_LOCAL_IRVE_MATCH|UNPUBLISHED_SOURCE_EVSE","dbc85e70fac8c254","0","","2","0","2"
"1","FRHDTPNF078091","","4293758","NUMERIC","3659186","9","CHADEMO:460kW","2026-09-27T18:09:44.449Z","false","SOURCE_DUPLICATE_DIFFERENT_PRICING|SOURCE_REF_REUSED_ACROSS_LOCATIONS|COMPLEX_TIME_OR_DURATION_PRICING|NO_DETERMINISTIC_LOCAL_IRVE_MATCH|UNPUBLISHED_SOURCE_EVSE","5fc0303a8562e353","0","","2","0","2"
"1","FRHDTPNF078091","","4293758","NUMERIC","3659187","8","IEC_62196_T2:22kW","2026-09-27T18:09:44.449Z","false","SOURCE_DUPLICATE_DIFFERENT_PRICING|SOURCE_REF_REUSED_ACROSS_LOCATIONS|COMPLEX_TIME_OR_DURATION_PRICING|NO_DETERMINISTIC_LOCAL_IRVE_MATCH|UNPUBLISHED_SOURCE_EVSE","122869f63c72132b","0","","2","0","2"
"1","FRHDTPNF078091","","4293758","NUMERIC","3659188","8","IEC_62196_T2_COMBO:460kW","2026-09-27T18:09:44.449Z","false","SOURCE_DUPLICATE_DIFFERENT_PRICING|SOURCE_REF_REUSED_ACROSS_LOCATIONS|COMPLEX_TIME_OR_DURATION_PRICING|NO_DETERMINISTIC_LOCAL_IRVE_MATCH|UNPUBLISHED_SOURCE_EVSE","dbc85e70fac8c254","0","","2","0","2"
"1","FRHPCP33260","","4236154","NUMERIC","3575809","2","IEC_62196_T2:22kW","2026-09-27T17:45:38.545Z","true","SOURCE_DUPLICATE_DIFFERENT_PRICING|SOURCE_REF_REUSED_ACROSS_LOCATIONS|COMPLEX_TIME_OR_DURATION_PRICING","122869f63c72132b","0","","8","0","2"
"1","FRHPCP33260","","4236154","NUMERIC","3575810","2","IEC_62196_T2_COMBO:460kW","2026-09-27T17:45:38.545Z","true","SOURCE_DUPLICATE_DIFFERENT_PRICING|SOURCE_REF_REUSED_ACROSS_LOCATIONS|COMPLEX_TIME_OR_DURATION_PRICING","dbc85e70fac8c254","0","","8","0","2"
"1","FRHPCPNF001019","","4196828","NUMERIC","3484065","1","IEC_62196_T2:43kW","2026-10-04T09:47:26.831Z","false","SOURCE_DUPLICATE_DIFFERENT_PRICING|SOURCE_REF_REUSED_ACROSS_LOCATIONS|COMPLEX_TIME_OR_DURATION_PRICING|NO_DETERMINISTIC_LOCAL_IRVE_MATCH|UNPUBLISHED_SOURCE_EVSE","f2093a9d87a9a011","0","","3","0","3"
"1","FRHPCPNF001019","","4196828","NUMERIC","3484066","1","IEC_62196_T2_COMBO:60kW","2026-10-04T09:47:26.831Z","false","SOURCE_DUPLICATE_DIFFERENT_PRICING|SOURCE_REF_REUSED_ACROSS_LOCATIONS|COMPLEX_TIME_OR_DURATION_PRICING|NO_DETERMINISTIC_LOCAL_IRVE_MATCH|UNPUBLISHED_SOURCE_EVSE","460369f2295ca578","0","","3","0","3"
"1","FRHPCPNF001019","","4196828","NUMERIC","3484067","1","CHADEMO:60kW","2026-10-04T09:47:26.831Z","false","SOURCE_DUPLICATE_DIFFERENT_PRICING|SOURCE_REF_REUSED_ACROSS_LOCATIONS|COMPLEX_TIME_OR_DURATION_PRICING|NO_DETERMINISTIC_LOCAL_IRVE_MATCH|UNPUBLISHED_SOURCE_EVSE","f9d97f9ea1d2adba","0","","3","0","3"
"1","FRHPCPNF002877","","4193130","NUMERIC","3471483","5","IEC_62196_T2:22kW","2026-10-04T09:42:33.557Z","true","SOURCE_DUPLICATE_DIFFERENT_PRICING|SOURCE_REF_REUSED_ACROSS_LOCATIONS|COMPLEX_TIME_OR_DURATION_PRICING","4d44be8972662e6e","0","","5","0","3"
"1","FRHPCPNF002877","","4193130","NUMERIC","3471484","5","CHADEMO:460kW","2026-10-04T09:42:33.557Z","true","SOURCE_DUPLICATE_DIFFERENT_PRICING|SOURCE_REF_REUSED_ACROSS_LOCATIONS|COMPLEX_TIME_OR_DURATION_PRICING","c3c7da6c15dfc6e2","0","","5","0","3"
"1","FRHPCPNF002877","","4193130","NUMERIC","3471485","5","IEC_62196_T2_COMBO:460kW","2026-10-04T09:42:33.557Z","true","SOURCE_DUPLICATE_DIFFERENT_PRICING|SOURCE_REF_REUSED_ACROSS_LOCATIONS|COMPLEX_TIME_OR_DURATION_PRICING","1d2da32100d6466c","0","","5","0","3"
"1","FRHPCPNF004133","","4194244","NUMERIC","3476274","1","IEC_62196_T2_COMBO:460kW","2026-09-27T17:20:05.275Z","true","SOURCE_DUPLICATE_DIFFERENT_PRICING|SOURCE_REF_REUSED_ACROSS_LOCATIONS|COMPLEX_TIME_OR_DURATION_PRICING","dbc85e70fac8c254","0","","4","0","3"
"1","FRHPCPNF004133","","4194244","NUMERIC","3476275","1","IEC_62196_T2:22kW","2026-09-27T17:20:05.275Z","true","SOURCE_DUPLICATE_DIFFERENT_PRICING|SOURCE_REF_REUSED_ACROSS_LOCATIONS|COMPLEX_TIME_OR_DURATION_PRICING","122869f63c72132b","0","","4","0","3"
"1","FRHPCPNF004133","","4194244","NUMERIC","3476276","1","CHADEMO:460kW","2026-09-27T17:20:05.275Z","true","SOURCE_DUPLICATE_DIFFERENT_PRICING|SOURCE_REF_REUSED_ACROSS_LOCATIONS|COMPLEX_TIME_OR_DURATION_PRICING","5fc0303a8562e353","0","","4","0","3"
"1","FRHPCPNF004133","","4194244","NUMERIC","3476284","4","IEC_62196_T2:22kW","2026-09-27T17:20:05.275Z","true","SOURCE_DUPLICATE_DIFFERENT_PRICING|SOURCE_REF_REUSED_ACROSS_LOCATIONS|COMPLEX_TIME_OR_DURATION_PRICING","122869f63c72132b","0","","4","0","3"
"1","FRHPCPNF004133","","4194244","NUMERIC","3476286","4","CHADEMO:460kW","2026-09-27T17:20:05.275Z","true","SOURCE_DUPLICATE_DIFFERENT_PRICING|SOURCE_REF_REUSED_ACROSS_LOCATIONS|COMPLEX_TIME_OR_DURATION_PRICING","5fc0303a8562e353","0","","4","0","3"
"1","FRHPCPNF004133","","4194244","NUMERIC","3476288","4","IEC_62196_T2_COMBO:460kW","2026-09-27T17:20:05.275Z","true","SOURCE_DUPLICATE_DIFFERENT_PRICING|SOURCE_REF_REUSED_ACROSS_LOCATIONS|COMPLEX_TIME_OR_DURATION_PRICING","dbc85e70fac8c254","0","","4","0","3"
"1","FRHPCPNF006369TOTEM","","4194673","NUMERIC","3477806","1","IEC_62196_T2:44kW","2026-09-27T17:21:21.481Z","true","SOURCE_DUPLICATE_DIFFERENT_PRICING|SOURCE_REF_REUSED_ACROSS_LOCATIONS|COMPLEX_TIME_OR_DURATION_PRICING","230d0d70f11adf0f","0","","8","0","3"
"1","FRHPCPNF006369TOTEM","","4194673","NUMERIC","3477807","1","CHADEMO:60kW","2026-09-27T17:21:21.481Z","true","SOURCE_DUPLICATE_DIFFERENT_PRICING|SOURCE_REF_REUSED_ACROSS_LOCATIONS|COMPLEX_TIME_OR_DURATION_PRICING","fe40a83747f58f03","0","","8","0","3"
"1","FRHPCPNF006369TOTEM","","4194673","NUMERIC","3477818","8","IEC_62196_T2:44kW","2026-09-27T17:21:21.481Z","true","SOURCE_DUPLICATE_DIFFERENT_PRICING|SOURCE_REF_REUSED_ACROSS_LOCATIONS|COMPLEX_TIME_OR_DURATION_PRICING","230d0d70f11adf0f","0","","8","0","3"
"1","FRHPCPNF006369TOTEM","","4194673","NUMERIC","3477819","8","IEC_62196_T2_COMBO:60kW","2026-09-27T17:21:21.481Z","true","SOURCE_DUPLICATE_DIFFERENT_PRICING|SOURCE_REF_REUSED_ACROSS_LOCATIONS|COMPLEX_TIME_OR_DURATION_PRICING","3fa9aae7400035a7","0","","8","0","3"
"1","FRHPCPNF006369TOTEM","","4194673","NUMERIC","3477820","8","CHADEMO:60kW","2026-09-27T17:21:21.481Z","true","SOURCE_DUPLICATE_DIFFERENT_PRICING|SOURCE_REF_REUSED_ACROSS_LOCATIONS|COMPLEX_TIME_OR_DURATION_PRICING","fe40a83747f58f03","0","","8","0","3"
"1","FRHPCPNF006369TOTEM","","4194673","NUMERIC","3477821","1","IEC_62196_T2_COMBO:60kW","2026-09-27T17:21:21.481Z","true","SOURCE_DUPLICATE_DIFFERENT_PRICING|SOURCE_REF_REUSED_ACROSS_LOCATIONS|COMPLEX_TIME_OR_DURATION_PRICING","3fa9aae7400035a7","0","","8","0","3"
"1","FRHPCPNF006784","","4192798","NUMERIC","3468874","1","IEC_62196_T2:44kW","2026-09-27T17:13:57.101Z","true","SOURCE_DUPLICATE_DIFFERENT_PRICING|SOURCE_REF_REUSED_ACROSS_LOCATIONS|COMPLEX_TIME_OR_DURATION_PRICING","af44c279366146a9","0","","4","0","3"
"1","FRHPCPNF006784","","4192798","NUMERIC","3468876","1","IEC_62196_T2_COMBO:60kW","2026-09-27T17:13:57.101Z","true","SOURCE_DUPLICATE_DIFFERENT_PRICING|SOURCE_REF_REUSED_ACROSS_LOCATIONS|COMPLEX_TIME_OR_DURATION_PRICING","dc300e5acf3d0c0e","0","","4","0","3"
"1","FRHPCPNF006784","","4192798","NUMERIC","3468877","1","CHADEMO:60kW","2026-09-27T17:13:57.101Z","true","SOURCE_DUPLICATE_DIFFERENT_PRICING|SOURCE_REF_REUSED_ACROSS_LOCATIONS|COMPLEX_TIME_OR_DURATION_PRICING","92473908ef1c28cd","0","","4","0","3"
"1","FRHPCPNF006784","","4192798","NUMERIC","3468878","2","IEC_62196_T2:44kW","2026-09-27T17:13:57.101Z","true","SOURCE_DUPLICATE_DIFFERENT_PRICING|SOURCE_REF_REUSED_ACROSS_LOCATIONS|COMPLEX_TIME_OR_DURATION_PRICING","af44c279366146a9","0","","4","0","3"
"1","FRHPCPNF006784","","4192798","NUMERIC","3468879","2","IEC_62196_T2_COMBO:60kW","2026-09-27T17:13:57.101Z","true","SOURCE_DUPLICATE_DIFFERENT_PRICING|SOURCE_REF_REUSED_ACROSS_LOCATIONS|COMPLEX_TIME_OR_DURATION_PRICING","dc300e5acf3d0c0e","0","","4","0","3"
"1","FRHPCPNF006784","","4192798","NUMERIC","3468880","2","CHADEMO:60kW","2026-09-27T17:13:57.101Z","true","SOURCE_DUPLICATE_DIFFERENT_PRICING|SOURCE_REF_REUSED_ACROSS_LOCATIONS|COMPLEX_TIME_OR_DURATION_PRICING","92473908ef1c28cd","0","","4","0","3"
"1","FRHPCPNF006784","","4192798","NUMERIC","3468881","3","CHADEMO:60kW","2026-09-27T17:13:57.101Z","true","SOURCE_DUPLICATE_DIFFERENT_PRICING|SOURCE_REF_REUSED_ACROSS_LOCATIONS|COMPLEX_TIME_OR_DURATION_PRICING","92473908ef1c28cd","0","","4","0","3"
"1","FRHPCPNF006784","","4192798","NUMERIC","3468882","4","IEC_62196_T2:44kW","2026-09-27T17:13:57.101Z","true","SOURCE_DUPLICATE_DIFFERENT_PRICING|SOURCE_REF_REUSED_ACROSS_LOCATIONS|COMPLEX_TIME_OR_DURATION_PRICING","af44c279366146a9","0","","4","0","3"
"1","FRHPCPNF006784","","4192798","NUMERIC","3468883","4","IEC_62196_T2_COMBO:60kW","2026-09-27T17:13:57.101Z","true","SOURCE_DUPLICATE_DIFFERENT_PRICING|SOURCE_REF_REUSED_ACROSS_LOCATIONS|COMPLEX_TIME_OR_DURATION_PRICING","dc300e5acf3d0c0e","0","","4","0","3"
"1","FRHPCPNF006784","","4192798","NUMERIC","3468884","4","CHADEMO:60kW","2026-09-27T17:13:57.101Z","true","SOURCE_DUPLICATE_DIFFERENT_PRICING|SOURCE_REF_REUSED_ACROSS_LOCATIONS|COMPLEX_TIME_OR_DURATION_PRICING","92473908ef1c28cd","0","","4","0","3"
"1","FRHPCPNF006784","","4192798","NUMERIC","3468885","3","IEC_62196_T2:44kW","2026-09-27T17:13:57.101Z","true","SOURCE_DUPLICATE_DIFFERENT_PRICING|SOURCE_REF_REUSED_ACROSS_LOCATIONS|COMPLEX_TIME_OR_DURATION_PRICING","af44c279366146a9","0","","4","0","3"
"1","FRHPCPNF006784","","4192798","NUMERIC","3468886","3","IEC_62196_T2_COMBO:60kW","2026-09-27T17:13:57.101Z","true","SOURCE_DUPLICATE_DIFFERENT_PRICING|SOURCE_REF_REUSED_ACROSS_LOCATIONS|COMPLEX_TIME_OR_DURATION_PRICING","dc300e5acf3d0c0e","0","","4","0","3"
"1","FRHPCPNF007052TOTEM","","4192927","NUMERIC","3469839","15","CHADEMO:460kW","2026-09-27T17:14:43.864Z","true","SOURCE_DUPLICATE_DIFFERENT_PRICING|SOURCE_REF_REUSED_ACROSS_LOCATIONS|COMPLEX_TIME_OR_DURATION_PRICING","5fc0303a8562e353","0","","16","0","3"
"1","FRHPCPNF007052TOTEM","","4192927","NUMERIC","3469842","15","IEC_62196_T2:22kW","2026-09-27T17:14:43.864Z","true","SOURCE_DUPLICATE_DIFFERENT_PRICING|SOURCE_REF_REUSED_ACROSS_LOCATIONS|COMPLEX_TIME_OR_DURATION_PRICING","122869f63c72132b","0","","16","0","3"
"1","FRHPCPNF007052TOTEM","","4192927","NUMERIC","3469846","16","IEC_62196_T2_COMBO:460kW","2026-09-27T17:14:43.864Z","true","SOURCE_DUPLICATE_DIFFERENT_PRICING|SOURCE_REF_REUSED_ACROSS_LOCATIONS|COMPLEX_TIME_OR_DURATION_PRICING","dbc85e70fac8c254","0","","16","0","3"
"1","FRHPCPNF007052TOTEM","","4192927","NUMERIC","3469848","16","CHADEMO:460kW","2026-09-27T17:14:43.864Z","true","SOURCE_DUPLICATE_DIFFERENT_PRICING|SOURCE_REF_REUSED_ACROSS_LOCATIONS|COMPLEX_TIME_OR_DURATION_PRICING","5fc0303a8562e353","0","","16","0","3"
"1","FRHPCPNF007052TOTEM","","4192927","NUMERIC","3469850","16","IEC_62196_T2:22kW","2026-09-27T17:14:43.864Z","true","SOURCE_DUPLICATE_DIFFERENT_PRICING|SOURCE_REF_REUSED_ACROSS_LOCATIONS|COMPLEX_TIME_OR_DURATION_PRICING","122869f63c72132b","0","","16","0","3"
"1","FRHPCPNF007052TOTEM","","4192927","NUMERIC","3469876","15","IEC_62196_T2_COMBO:460kW","2026-09-27T17:14:43.864Z","true","SOURCE_DUPLICATE_DIFFERENT_PRICING|SOURCE_REF_REUSED_ACROSS_LOCATIONS|COMPLEX_TIME_OR_DURATION_PRICING","dbc85e70fac8c254","0","","16","0","3"
"1","FRHPCPNF007060","","4194007","NUMERIC","3475304","1","IEC_62196_T2:22kW","2026-09-27T17:18:59.002Z","true","SOURCE_DUPLICATE_DIFFERENT_PRICING|SOURCE_REF_REUSED_ACROSS_LOCATIONS|COMPLEX_TIME_OR_DURATION_PRICING","122869f63c72132b","0","","1","0","3"
"1","FRHPCPNF007060","","4194007","NUMERIC","3475305","1","IEC_62196_T2_COMBO:450kW","2026-09-27T17:18:59.002Z","true","SOURCE_DUPLICATE_DIFFERENT_PRICING|SOURCE_REF_REUSED_ACROSS_LOCATIONS|COMPLEX_TIME_OR_DURATION_PRICING","c75d6c41ff9cb61c","0","","1","0","3"
"1","FRHPCPNF007060","","4194007","NUMERIC","3475306","1","CHADEMO:460kW","2026-09-27T17:18:59.002Z","true","SOURCE_DUPLICATE_DIFFERENT_PRICING|SOURCE_REF_REUSED_ACROSS_LOCATIONS|COMPLEX_TIME_OR_DURATION_PRICING","5fc0303a8562e353","0","","1","0","3"
"1","FRHPCPNF007083","","4234224","NUMERIC","3567430","6","IEC_62196_T2_COMBO:460kW","2026-09-27T17:44:56.285Z","true","SOURCE_DUPLICATE_DIFFERENT_PRICING|SOURCE_REF_REUSED_ACROSS_LOCATIONS|COMPLEX_TIME_OR_DURATION_PRICING","dbc85e70fac8c254","0","","6","0","2"
"1","FRHPCPNF007083","","4234224","NUMERIC","3567431","6","CHADEMO:460kW","2026-09-27T17:44:56.285Z","true","SOURCE_DUPLICATE_DIFFERENT_PRICING|SOURCE_REF_REUSED_ACROSS_LOCATIONS|COMPLEX_TIME_OR_DURATION_PRICING","5fc0303a8562e353","0","","6","0","2"
"1","FRHPCPNF007083","","4234224","NUMERIC","3567432","5","IEC_62196_T2:22kW","2026-09-27T17:44:56.285Z","true","SOURCE_DUPLICATE_DIFFERENT_PRICING|SOURCE_REF_REUSED_ACROSS_LOCATIONS|COMPLEX_TIME_OR_DURATION_PRICING","122869f63c72132b","0","","6","0","2"
"1","FRHPCPNF007083","","4234224","NUMERIC","3567433","5","IEC_62196_T2_COMBO:460kW","2026-09-27T17:44:56.285Z","true","SOURCE_DUPLICATE_DIFFERENT_PRICING|SOURCE_REF_REUSED_ACROSS_LOCATIONS|COMPLEX_TIME_OR_DURATION_PRICING","dbc85e70fac8c254","0","","6","0","2"
"1","FRHPCPNF007083","","4234224","NUMERIC","3567434","4","IEC_62196_T2_COMBO:460kW","2026-09-27T17:44:56.285Z","true","SOURCE_DUPLICATE_DIFFERENT_PRICING|SOURCE_REF_REUSED_ACROSS_LOCATIONS|COMPLEX_TIME_OR_DURATION_PRICING","dbc85e70fac8c254","0","","6","0","2"
"1","FRHPCPNF007083","","4234224","NUMERIC","3567435","4","CHADEMO:460kW","2026-09-27T17:44:56.285Z","true","SOURCE_DUPLICATE_DIFFERENT_PRICING|SOURCE_REF_REUSED_ACROSS_LOCATIONS|COMPLEX_TIME_OR_DURATION_PRICING","5fc0303a8562e353","0","","6","0","2"
"1","FRHPCPNF007083","","4234224","NUMERIC","3567436","3","IEC_62196_T2:22kW","2026-09-27T17:44:56.285Z","true","SOURCE_DUPLICATE_DIFFERENT_PRICING|SOURCE_REF_REUSED_ACROSS_LOCATIONS|COMPLEX_TIME_OR_DURATION_PRICING","122869f63c72132b","0","","6","0","2"
"1","FRHPCPNF007083","","4234224","NUMERIC","3567437","3","IEC_62196_T2_COMBO:460kW","2026-09-27T17:44:56.285Z","true","SOURCE_DUPLICATE_DIFFERENT_PRICING|SOURCE_REF_REUSED_ACROSS_LOCATIONS|COMPLEX_TIME_OR_DURATION_PRICING","dbc85e70fac8c254","0","","6","0","2"
"1","FRHPCPNF007083","","4234224","NUMERIC","3567438","2","IEC_62196_T2_COMBO:460kW","2026-09-27T17:44:56.285Z","true","SOURCE_DUPLICATE_DIFFERENT_PRICING|SOURCE_REF_REUSED_ACROSS_LOCATIONS|COMPLEX_TIME_OR_DURATION_PRICING","dbc85e70fac8c254","0","","6","0","2"
"1","FRHPCPNF007083","","4234224","NUMERIC","3567439","2","CHADEMO:460kW","2026-09-27T17:44:56.285Z","true","SOURCE_DUPLICATE_DIFFERENT_PRICING|SOURCE_REF_REUSED_ACROSS_LOCATIONS|COMPLEX_TIME_OR_DURATION_PRICING","5fc0303a8562e353","0","","6","0","2"
"1","FRHPCPNF007083","","4234224","NUMERIC","3567440","1","IEC_62196_T2:22kW","2026-09-27T17:44:56.285Z","true","SOURCE_DUPLICATE_DIFFERENT_PRICING|SOURCE_REF_REUSED_ACROSS_LOCATIONS|COMPLEX_TIME_OR_DURATION_PRICING","122869f63c72132b","0","","6","0","2"
"1","FRHPCPNF007083","","4234224","NUMERIC","3567441","1","IEC_62196_T2_COMBO:460kW","2026-09-27T17:44:56.285Z","true","SOURCE_DUPLICATE_DIFFERENT_PRICING|SOURCE_REF_REUSED_ACROSS_LOCATIONS|COMPLEX_TIME_OR_DURATION_PRICING","dbc85e70fac8c254","0","","6","0","2"
"1","FRHPCPNF007352","","4199804","NUMERIC","3491529","7","IEC_62196_T2_COMBO:300kW","2026-10-04T09:47:39.094Z","true","SOURCE_DUPLICATE_DIFFERENT_PRICING|SOURCE_REF_REUSED_ACROSS_LOCATIONS|COMPLEX_TIME_OR_DURATION_PRICING","3d3b63858ae8d1f1","0","","8","0","2"
"1","FRHPCPNF007352","","4199804","NUMERIC","3491534","7","IEC_62196_T2:22kW","2026-10-04T09:47:39.094Z","true","SOURCE_DUPLICATE_DIFFERENT_PRICING|SOURCE_REF_REUSED_ACROSS_LOCATIONS|COMPLEX_TIME_OR_DURATION_PRICING","fe0b794d8bb093e8","0","","8","0","2"
"1","FRHPCPNF007352","","4199804","NUMERIC","3491539","8","CHADEMO:460kW","2026-10-04T09:47:39.094Z","true","SOURCE_DUPLICATE_DIFFERENT_PRICING|SOURCE_REF_REUSED_ACROSS_LOCATIONS|COMPLEX_TIME_OR_DURATION_PRICING","d0005cba5acc4fe2","0","","8","0","2"
"1","FRHPCPNF007352","","4199804","NUMERIC","3491542","8","IEC_62196_T2_COMBO:460kW","2026-10-04T09:47:39.094Z","true","SOURCE_DUPLICATE_DIFFERENT_PRICING|SOURCE_REF_REUSED_ACROSS_LOCATIONS|COMPLEX_TIME_OR_DURATION_PRICING","5646b2342001a666","0","","8","0","2"
"1","FRHPCPNF007357","","4199932","NUMERIC","3491467","1","IEC_62196_T2_COMBO:460kW","2026-10-04T09:47:49.841Z","true","SOURCE_DUPLICATE_DIFFERENT_PRICING|SOURCE_REF_REUSED_ACROSS_LOCATIONS|COMPLEX_TIME_OR_DURATION_PRICING","5646b2342001a666","0","","8","0","2"
"1","FRHPCPNF007357","","4199932","NUMERIC","3491473","1","IEC_62196_T2:22kW","2026-10-04T09:47:49.841Z","true","SOURCE_DUPLICATE_DIFFERENT_PRICING|SOURCE_REF_REUSED_ACROSS_LOCATIONS|COMPLEX_TIME_OR_DURATION_PRICING","fe0b794d8bb093e8","0","","8","0","2"
"1","FRHPCPNF007357","","4199932","NUMERIC","3491478","2","CHADEMO:460kW","2026-10-04T09:47:49.841Z","true","SOURCE_DUPLICATE_DIFFERENT_PRICING|SOURCE_REF_REUSED_ACROSS_LOCATIONS|COMPLEX_TIME_OR_DURATION_PRICING","d0005cba5acc4fe2","0","","8","0","2"
"1","FRHPCPNF007357","","4199932","NUMERIC","3491484","2","IEC_62196_T2_COMBO:460kW","2026-10-04T09:47:49.841Z","true","SOURCE_DUPLICATE_DIFFERENT_PRICING|SOURCE_REF_REUSED_ACROSS_LOCATIONS|COMPLEX_TIME_OR_DURATION_PRICING","5646b2342001a666","0","","8","0","2"
"1","FRHPCPNF007357","","4199932","NUMERIC","3491491","3","IEC_62196_T2_COMBO:460kW","2026-10-04T09:47:49.841Z","true","SOURCE_DUPLICATE_DIFFERENT_PRICING|SOURCE_REF_REUSED_ACROSS_LOCATIONS|COMPLEX_TIME_OR_DURATION_PRICING","5646b2342001a666","0","","8","0","2"
"1","FRHPCPNF007357","","4199932","NUMERIC","3491500","3","IEC_62196_T2:22kW","2026-10-04T09:47:49.841Z","true","SOURCE_DUPLICATE_DIFFERENT_PRICING|SOURCE_REF_REUSED_ACROSS_LOCATIONS|COMPLEX_TIME_OR_DURATION_PRICING","fe0b794d8bb093e8","0","","8","0","2"
"1","FRHPCPNF007357","","4199932","NUMERIC","3491505","4","CHADEMO:460kW","2026-10-04T09:47:49.841Z","true","SOURCE_DUPLICATE_DIFFERENT_PRICING|SOURCE_REF_REUSED_ACROSS_LOCATIONS|COMPLEX_TIME_OR_DURATION_PRICING","d0005cba5acc4fe2","0","","8","0","2"
"1","FRHPCPNF007357","","4199932","NUMERIC","3491511","4","IEC_62196_T2_COMBO:460kW","2026-10-04T09:47:49.841Z","true","SOURCE_DUPLICATE_DIFFERENT_PRICING|SOURCE_REF_REUSED_ACROSS_LOCATIONS|COMPLEX_TIME_OR_DURATION_PRICING","5646b2342001a666","0","","8","0","2"
"1","FRHPCPNF007471","","4522119","NUMERIC","4254918","8","IEC_62196_T2_COMBO:300kW","2026-09-27T21:43:08.140Z","true","SOURCE_DUPLICATE_DIFFERENT_PRICING|SOURCE_REF_REUSED_ACROSS_LOCATIONS|COMPLEX_TIME_OR_DURATION_PRICING","29f14690829fb75b","0","","8","0","2"
"1","FRHPCPNF007471","","4522119","NUMERIC","4254919","8","CHADEMO:100kW","2026-09-27T21:43:08.140Z","true","SOURCE_DUPLICATE_DIFFERENT_PRICING|SOURCE_REF_REUSED_ACROSS_LOCATIONS|COMPLEX_TIME_OR_DURATION_PRICING","0307c5f8e6e971df","0","","8","0","2"
"1","FRHPCPNF007471","","4522119","NUMERIC","4254920","7","IEC_62196_T2:22kW","2026-09-27T21:43:08.140Z","true","SOURCE_DUPLICATE_DIFFERENT_PRICING|SOURCE_REF_REUSED_ACROSS_LOCATIONS|COMPLEX_TIME_OR_DURATION_PRICING","122869f63c72132b","0","","8","0","2"
"1","FRHPCPNF007471","","4522119","NUMERIC","4254921","7","IEC_62196_T2_COMBO:300kW","2026-09-27T21:43:08.140Z","true","SOURCE_DUPLICATE_DIFFERENT_PRICING|SOURCE_REF_REUSED_ACROSS_LOCATIONS|COMPLEX_TIME_OR_DURATION_PRICING","29f14690829fb75b","0","","8","0","2"
"1","FRHPCPNF007604","","4200472","NUMERIC","3492645","1","IEC_62196_T2_COMBO:460kW","2026-09-27T17:26:24.196Z","true","SOURCE_DUPLICATE_DIFFERENT_PRICING|SOURCE_REF_REUSED_ACROSS_LOCATIONS|COMPLEX_TIME_OR_DURATION_PRICING","dbc85e70fac8c254","0","","8","0","2"
"1","FRHPCPNF007604","","4200472","NUMERIC","3492650","1","IEC_62196_T2:22kW","2026-09-27T17:26:24.196Z","true","SOURCE_DUPLICATE_DIFFERENT_PRICING|SOURCE_REF_REUSED_ACROSS_LOCATIONS|COMPLEX_TIME_OR_DURATION_PRICING","122869f63c72132b","0","","8","0","2"
"1","FRHPCPNF007604","","4200472","NUMERIC","3492656","2","CHADEMO:460kW","2026-09-27T17:26:24.196Z","true","SOURCE_DUPLICATE_DIFFERENT_PRICING|SOURCE_REF_REUSED_ACROSS_LOCATIONS|COMPLEX_TIME_OR_DURATION_PRICING","5fc0303a8562e353","0","","8","0","2"
"1","FRHPCPNF007604","","4200472","NUMERIC","3492664","2","IEC_62196_T2_COMBO:460kW","2026-09-27T17:26:24.196Z","true","SOURCE_DUPLICATE_DIFFERENT_PRICING|SOURCE_REF_REUSED_ACROSS_LOCATIONS|COMPLEX_TIME_OR_DURATION_PRICING","dbc85e70fac8c254","0","","8","0","2"
"1","FRHPCPNF007653","","4235083","NUMERIC","3567754","4","CHADEMO:60kW","2026-09-27T17:44:58.646Z","true","SOURCE_DUPLICATE_DIFFERENT_PRICING|SOURCE_REF_REUSED_ACROSS_LOCATIONS|COMPLEX_TIME_OR_DURATION_PRICING","965b2f85cc54a903","0","","4","0","3"
"1","FRHPCPNF007653","","4235083","NUMERIC","3567755","4","IEC_62196_T2_COMBO:60kW","2026-09-27T17:44:58.646Z","true","SOURCE_DUPLICATE_DIFFERENT_PRICING|SOURCE_REF_REUSED_ACROSS_LOCATIONS|COMPLEX_TIME_OR_DURATION_PRICING","89624b039b0d37f6","0","","4","0","3"
"1","FRHPCPNF007653","","4235083","NUMERIC","3567756","4","IEC_62196_T2:44kW","2026-09-27T17:44:58.646Z","true","SOURCE_DUPLICATE_DIFFERENT_PRICING|SOURCE_REF_REUSED_ACROSS_LOCATIONS|COMPLEX_TIME_OR_DURATION_PRICING","266e7362b8006ae9","0","","4","0","3"
"1","FRHPCPNF007653","","4235083","NUMERIC","3567759","1","CHADEMO:60kW","2026-09-27T17:44:58.646Z","true","SOURCE_DUPLICATE_DIFFERENT_PRICING|SOURCE_REF_REUSED_ACROSS_LOCATIONS|COMPLEX_TIME_OR_DURATION_PRICING","965b2f85cc54a903","0","","4","0","3"
"1","FRHPCPNF007653","","4235083","NUMERIC","3567760","1","IEC_62196_T2_COMBO:60kW","2026-09-27T17:44:58.646Z","true","SOURCE_DUPLICATE_DIFFERENT_PRICING|SOURCE_REF_REUSED_ACROSS_LOCATIONS|COMPLEX_TIME_OR_DURATION_PRICING","89624b039b0d37f6","0","","4","0","3"
"1","FRHPCPNF007653","","4235083","NUMERIC","3567761","1","IEC_62196_T2:44kW","2026-09-27T17:44:58.646Z","true","SOURCE_DUPLICATE_DIFFERENT_PRICING|SOURCE_REF_REUSED_ACROSS_LOCATIONS|COMPLEX_TIME_OR_DURATION_PRICING","266e7362b8006ae9","0","","4","0","3"
"1","FRHPCPNF009119","","4200095","NUMERIC","3491485","1","IEC_62196_T2_COMBO:460kW","2026-09-27T17:25:26.073Z","true","SOURCE_DUPLICATE_DIFFERENT_PRICING|SOURCE_REF_REUSED_ACROSS_LOCATIONS|COMPLEX_TIME_OR_DURATION_PRICING","dbc85e70fac8c254","0","","4","0","2"
"1","FRHPCPNF009119","","4200095","NUMERIC","3491495","1","CHADEMO:460kW","2026-09-27T17:25:26.073Z","true","SOURCE_DUPLICATE_DIFFERENT_PRICING|SOURCE_REF_REUSED_ACROSS_LOCATIONS|COMPLEX_TIME_OR_DURATION_PRICING","5fc0303a8562e353","0","","4","0","2"
"1","FRHPCPNF009119","","4200095","NUMERIC","3491502","2","IEC_62196_T2:22kW","2026-09-27T17:25:26.073Z","true","SOURCE_DUPLICATE_DIFFERENT_PRICING|SOURCE_REF_REUSED_ACROSS_LOCATIONS|COMPLEX_TIME_OR_DURATION_PRICING","122869f63c72132b","0","","4","0","2"
"1","FRHPCPNF009119","","4200095","NUMERIC","3491509","2","IEC_62196_T2_COMBO:460kW","2026-09-27T17:25:26.073Z","true","SOURCE_DUPLICATE_DIFFERENT_PRICING|SOURCE_REF_REUSED_ACROSS_LOCATIONS|COMPLEX_TIME_OR_DURATION_PRICING","dbc85e70fac8c254","0","","4","0","2"
"1","FRHPCPNF009208","","4194380","NUMERIC","3476847","1","CHADEMO:460kW","2026-09-27T17:20:41.096Z","true","SOURCE_DUPLICATE_DIFFERENT_PRICING|SOURCE_REF_REUSED_ACROSS_LOCATIONS|COMPLEX_TIME_OR_DURATION_PRICING","5fc0303a8562e353","0","","4","0","4"
"1","FRHPCPNF009208","","4194380","NUMERIC","3476849","1","IEC_62196_T2_COMBO:460kW","2026-09-27T17:20:41.096Z","true","SOURCE_DUPLICATE_DIFFERENT_PRICING|SOURCE_REF_REUSED_ACROSS_LOCATIONS|COMPLEX_TIME_OR_DURATION_PRICING","dbc85e70fac8c254","0","","4","0","4"
"1","FRHPCPNF009208","","4194380","NUMERIC","3476850","1","IEC_62196_T2_COMBO:460kW","2026-09-27T17:20:41.096Z","true","SOURCE_DUPLICATE_DIFFERENT_PRICING|SOURCE_REF_REUSED_ACROSS_LOCATIONS|COMPLEX_TIME_OR_DURATION_PRICING","dbc85e70fac8c254","0","","4","0","4"
"1","FRHPCPNF009208","","4194380","NUMERIC","3476852","1","IEC_62196_T2:22kW","2026-09-27T17:20:41.096Z","true","SOURCE_DUPLICATE_DIFFERENT_PRICING|SOURCE_REF_REUSED_ACROSS_LOCATIONS|COMPLEX_TIME_OR_DURATION_PRICING","122869f63c72132b","0","","4","0","4"
"1","FRHPCPNF009208","","4194380","NUMERIC","3476853","2","IEC_62196_T2_COMBO:460kW","2026-09-27T17:20:41.096Z","true","SOURCE_DUPLICATE_DIFFERENT_PRICING|SOURCE_REF_REUSED_ACROSS_LOCATIONS|COMPLEX_TIME_OR_DURATION_PRICING","dbc85e70fac8c254","0","","4","0","4"
"1","FRHPCPNF009208","","4194380","NUMERIC","3476854","2","CHADEMO:460kW","2026-09-27T17:20:41.096Z","true","SOURCE_DUPLICATE_DIFFERENT_PRICING|SOURCE_REF_REUSED_ACROSS_LOCATIONS|COMPLEX_TIME_OR_DURATION_PRICING","5fc0303a8562e353","0","","4","0","4"
"1","FRHPCPNF009208","","4194380","NUMERIC","3476855","2","IEC_62196_T2_COMBO:460kW","2026-09-27T17:20:41.096Z","true","SOURCE_DUPLICATE_DIFFERENT_PRICING|SOURCE_REF_REUSED_ACROSS_LOCATIONS|COMPLEX_TIME_OR_DURATION_PRICING","dbc85e70fac8c254","0","","4","0","4"
"1","FRHPCPNF009208","","4194380","NUMERIC","3476856","2","IEC_62196_T2:22kW","2026-09-27T17:20:41.096Z","true","SOURCE_DUPLICATE_DIFFERENT_PRICING|SOURCE_REF_REUSED_ACROSS_LOCATIONS|COMPLEX_TIME_OR_DURATION_PRICING","122869f63c72132b","0","","4","0","4"
"1","FRHPCPNF010132","","4193307","NUMERIC","3472376","1","IEC_62196_T2_COMBO:460kW","2026-10-04T09:43:03.945Z","true","SOURCE_DUPLICATE_DIFFERENT_PRICING|SOURCE_REF_REUSED_ACROSS_LOCATIONS|COMPLEX_TIME_OR_DURATION_PRICING","e72b6b91c6adea6b","0","","4","0","3"
"1","FRHPCPNF010132","","4193307","NUMERIC","3472379","1","IEC_62196_T2:22kW","2026-10-04T09:43:03.945Z","true","SOURCE_DUPLICATE_DIFFERENT_PRICING|SOURCE_REF_REUSED_ACROSS_LOCATIONS|COMPLEX_TIME_OR_DURATION_PRICING","473290522abd5cf4","0","","4","0","3"
"1","FRHPCPNF010132","","4193307","NUMERIC","3472382","1","CHADEMO:460kW","2026-10-04T09:43:03.945Z","true","SOURCE_DUPLICATE_DIFFERENT_PRICING|SOURCE_REF_REUSED_ACROSS_LOCATIONS|COMPLEX_TIME_OR_DURATION_PRICING","195e310c863957bd","0","","4","0","3"
"1","FRHPCPNF010132","","4193307","NUMERIC","3472384","2","IEC_62196_T2_COMBO:190kW","2026-10-04T09:43:03.945Z","true","SOURCE_DUPLICATE_DIFFERENT_PRICING|SOURCE_REF_REUSED_ACROSS_LOCATIONS|COMPLEX_TIME_OR_DURATION_PRICING","8328c713021df21c","0","","4","0","2"
"1","FRHPCPNF010132","","4193307","NUMERIC","3472387","2","CHADEMO:100kW","2026-10-04T09:43:03.945Z","true","SOURCE_DUPLICATE_DIFFERENT_PRICING|SOURCE_REF_REUSED_ACROSS_LOCATIONS|COMPLEX_TIME_OR_DURATION_PRICING","3f2033f1608343f9","0","","4","0","2"
"1","FRHPCPNF011512DODO","","4193495","NUMERIC","3473248","1","IEC_62196_T2_COMBO:460kW","2026-09-27T17:17:10.073Z","true","SOURCE_DUPLICATE_DIFFERENT_PRICING|SOURCE_REF_REUSED_ACROSS_LOCATIONS|COMPLEX_TIME_OR_DURATION_PRICING","dbc85e70fac8c254","0","","4","0","2"
"1","FRHPCPNF011512DODO","","4193495","NUMERIC","3473249","3","IEC_62196_T2_COMBO:460kW","2026-09-27T17:17:10.073Z","true","SOURCE_DUPLICATE_DIFFERENT_PRICING|SOURCE_REF_REUSED_ACROSS_LOCATIONS|COMPLEX_TIME_OR_DURATION_PRICING","dbc85e70fac8c254","0","","4","0","2"
"1","FRHPCPNF011512DODO","","4193495","NUMERIC","3473250","3","IEC_62196_T2:22kW","2026-09-27T17:17:10.073Z","true","SOURCE_DUPLICATE_DIFFERENT_PRICING|SOURCE_REF_REUSED_ACROSS_LOCATIONS|COMPLEX_TIME_OR_DURATION_PRICING","122869f63c72132b","0","","4","0","2"
"1","FRHPCPNF011512DODO","","4193495","NUMERIC","3473252","1","CHADEMO:460kW","2026-09-27T17:17:10.073Z","true","SOURCE_DUPLICATE_DIFFERENT_PRICING|SOURCE_REF_REUSED_ACROSS_LOCATIONS|COMPLEX_TIME_OR_DURATION_PRICING","5fc0303a8562e353","0","","4","0","2"
"1","FRHPCPNF011642DODO","","4192957","NUMERIC","3470254","2","IEC_62196_T2_COMBO:460kW","2026-09-27T17:14:56.542Z","true","SOURCE_DUPLICATE_DIFFERENT_PRICING|SOURCE_REF_REUSED_ACROSS_LOCATIONS|COMPLEX_TIME_OR_DURATION_PRICING","dbc85e70fac8c254","0","","4","0","2"
"1","FRHPCPNF011642DODO","","4192957","NUMERIC","3470256","2","IEC_62196_T2:22kW","2026-09-27T17:14:56.542Z","true","SOURCE_DUPLICATE_DIFFERENT_PRICING|SOURCE_REF_REUSED_ACROSS_LOCATIONS|COMPLEX_TIME_OR_DURATION_PRICING","122869f63c72132b","0","","4","0","2"
"1","FRHPCPNF020238DODO","","4195420","NUMERIC","3480167","1","IEC_62196_T2_COMBO:460kW","2026-09-27T17:22:17.894Z","true","SOURCE_DUPLICATE_DIFFERENT_PRICING|SOURCE_REF_REUSED_ACROSS_LOCATIONS|COMPLEX_TIME_OR_DURATION_PRICING","dbc85e70fac8c254","0","","4","0","2"
"1","FRHPCPNF020238DODO","","4195420","NUMERIC","3480168","1","IEC_62196_T2:22kW","2026-09-27T17:22:17.894Z","true","SOURCE_DUPLICATE_DIFFERENT_PRICING|SOURCE_REF_REUSED_ACROSS_LOCATIONS|COMPLEX_TIME_OR_DURATION_PRICING","122869f63c72132b","0","","4","0","2"
"1","FRHPCPNF020238DODO","","4195420","NUMERIC","3480170","3","IEC_62196_T2_COMBO:460kW","2026-09-27T17:22:17.894Z","true","SOURCE_DUPLICATE_DIFFERENT_PRICING|SOURCE_REF_REUSED_ACROSS_LOCATIONS|COMPLEX_TIME_OR_DURATION_PRICING","dbc85e70fac8c254","0","","4","0","2"
"1","FRHPCPNF020238DODO","","4195420","NUMERIC","3480171","3","CHADEMO:460kW","2026-09-27T17:22:17.894Z","true","SOURCE_DUPLICATE_DIFFERENT_PRICING|SOURCE_REF_REUSED_ACROSS_LOCATIONS|COMPLEX_TIME_OR_DURATION_PRICING","5fc0303a8562e353","0","","4","0","2"
"1","FRHPCPNF021485","","4197105","NUMERIC","3484962","1","IEC_62196_T2_COMBO:460kW","2026-09-27T17:24:19.563Z","true","SOURCE_DUPLICATE_DIFFERENT_PRICING|SOURCE_REF_REUSED_ACROSS_LOCATIONS|COMPLEX_TIME_OR_DURATION_PRICING","dbc85e70fac8c254","0","","8","0","2"
"1","FRHPCPNF021485","","4197105","NUMERIC","3484969","1","CHADEMO:460kW","2026-09-27T17:24:19.563Z","true","SOURCE_DUPLICATE_DIFFERENT_PRICING|SOURCE_REF_REUSED_ACROSS_LOCATIONS|COMPLEX_TIME_OR_DURATION_PRICING","5fc0303a8562e353","0","","8","0","2"
"1","FRHPCPNF021485","","4197105","NUMERIC","3484974","2","IEC_62196_T2_COMBO:460kW","2026-09-27T17:24:19.563Z","true","SOURCE_DUPLICATE_DIFFERENT_PRICING|SOURCE_REF_REUSED_ACROSS_LOCATIONS|COMPLEX_TIME_OR_DURATION_PRICING","dbc85e70fac8c254","0","","8","0","2"
"1","FRHPCPNF021485","","4197105","NUMERIC","3484984","2","IEC_62196_T2:22kW","2026-09-27T17:24:19.563Z","true","SOURCE_DUPLICATE_DIFFERENT_PRICING|SOURCE_REF_REUSED_ACROSS_LOCATIONS|COMPLEX_TIME_OR_DURATION_PRICING","122869f63c72132b","0","","8","0","2"
"1","FRHPCPNF021485","","4197105","NUMERIC","3485021","7","CHADEMO:460kW","2026-09-27T17:24:19.563Z","true","SOURCE_DUPLICATE_DIFFERENT_PRICING|SOURCE_REF_REUSED_ACROSS_LOCATIONS|COMPLEX_TIME_OR_DURATION_PRICING","5fc0303a8562e353","0","","8","0","2"
"1","FRHPCPNF021485","","4197105","NUMERIC","3485027","8","IEC_62196_T2_COMBO:460kW","2026-09-27T17:24:19.563Z","true","SOURCE_DUPLICATE_DIFFERENT_PRICING|SOURCE_REF_REUSED_ACROSS_LOCATIONS|COMPLEX_TIME_OR_DURATION_PRICING","dbc85e70fac8c254","0","","8","0","2"
"1","FRHPCPNF021485","","4197105","NUMERIC","3485036","8","IEC_62196_T2:22kW","2026-09-27T17:24:19.563Z","true","SOURCE_DUPLICATE_DIFFERENT_PRICING|SOURCE_REF_REUSED_ACROSS_LOCATIONS|COMPLEX_TIME_OR_DURATION_PRICING","122869f63c72132b","0","","8","0","2"
"1","FRHPCPNF021485","","4197105","NUMERIC","3485046","7","IEC_62196_T2_COMBO:460kW","2026-09-27T17:24:19.563Z","true","SOURCE_DUPLICATE_DIFFERENT_PRICING|SOURCE_REF_REUSED_ACROSS_LOCATIONS|COMPLEX_TIME_OR_DURATION_PRICING","dbc85e70fac8c254","0","","8","0","2"
"1","FRHPCPNF026412DODO","","4196369","NUMERIC","3482815","1","IEC_62196_T2_COMBO:460kW","2026-09-27T17:23:24.813Z","true","SOURCE_DUPLICATE_DIFFERENT_PRICING|SOURCE_REF_REUSED_ACROSS_LOCATIONS|COMPLEX_TIME_OR_DURATION_PRICING","dbc85e70fac8c254","0","","5","0","2"
"1","FRHPCPNF026412DODO","","4196369","NUMERIC","3482816","1","IEC_62196_T2:22kW","2026-09-27T17:23:24.813Z","true","SOURCE_DUPLICATE_DIFFERENT_PRICING|SOURCE_REF_REUSED_ACROSS_LOCATIONS|COMPLEX_TIME_OR_DURATION_PRICING","122869f63c72132b","0","","5","0","2"
"1","FRHPCPNF026412DODO","","4196369","NUMERIC","3482818","3","IEC_62196_T2_COMBO:460kW","2026-09-27T17:23:24.813Z","true","SOURCE_DUPLICATE_DIFFERENT_PRICING|SOURCE_REF_REUSED_ACROSS_LOCATIONS|COMPLEX_TIME_OR_DURATION_PRICING","dbc85e70fac8c254","0","","5","0","2"
"1","FRHPCPNF026412DODO","","4196369","NUMERIC","3482819","3","CHADEMO:460kW","2026-09-27T17:23:24.813Z","true","SOURCE_DUPLICATE_DIFFERENT_PRICING|SOURCE_REF_REUSED_ACROSS_LOCATIONS|COMPLEX_TIME_OR_DURATION_PRICING","5fc0303a8562e353","0","","5","0","2"
"1","FRHPCPNF029047","","4194060","NUMERIC","3475499","1","IEC_62196_T2_COMBO:460kW","2026-10-04T09:44:38.336Z","true","SOURCE_DUPLICATE_DIFFERENT_PRICING|SOURCE_REF_REUSED_ACROSS_LOCATIONS|COMPLEX_TIME_OR_DURATION_PRICING","5646b2342001a666","0","","7","0","4"
"1","FRHPCPNF029047","","4194060","NUMERIC","3475501","1","IEC_62196_T2:22kW","2026-10-04T09:44:38.336Z","true","SOURCE_DUPLICATE_DIFFERENT_PRICING|SOURCE_REF_REUSED_ACROSS_LOCATIONS|COMPLEX_TIME_OR_DURATION_PRICING","fe0b794d8bb093e8","0","","7","0","4"
"1","FRHPCPNF029047","","4194060","NUMERIC","3475505","1","CHADEMO:460kW","2026-10-04T09:44:38.336Z","true","SOURCE_DUPLICATE_DIFFERENT_PRICING|SOURCE_REF_REUSED_ACROSS_LOCATIONS|COMPLEX_TIME_OR_DURATION_PRICING","d0005cba5acc4fe2","0","","7","0","4"
"1","FRHPCPNF029047","","4194060","NUMERIC","3475509","1","IEC_62196_T2_COMBO:460kW","2026-10-04T09:44:38.336Z","true","SOURCE_DUPLICATE_DIFFERENT_PRICING|SOURCE_REF_REUSED_ACROSS_LOCATIONS|COMPLEX_TIME_OR_DURATION_PRICING","5646b2342001a666","0","","7","0","4"
"1","FRHPCPNF029047","","4194060","NUMERIC","3475518","6","IEC_62196_T2_COMBO:460kW","2026-10-04T09:44:38.336Z","true","SOURCE_DUPLICATE_DIFFERENT_PRICING|SOURCE_REF_REUSED_ACROSS_LOCATIONS|COMPLEX_TIME_OR_DURATION_PRICING","5646b2342001a666","0","","7","0","2"
"1","FRHPCPNF029047","","4194060","NUMERIC","3475520","6","IEC_62196_T2:22kW","2026-10-04T09:44:38.336Z","true","SOURCE_DUPLICATE_DIFFERENT_PRICING|SOURCE_REF_REUSED_ACROSS_LOCATIONS|COMPLEX_TIME_OR_DURATION_PRICING","fe0b794d8bb093e8","0","","7","0","2"
"1","FRHPCPNF029047","","4194060","NUMERIC","3475522","7","IEC_62196_T2_COMBO:460kW","2026-10-04T09:44:38.336Z","true","SOURCE_DUPLICATE_DIFFERENT_PRICING|SOURCE_REF_REUSED_ACROSS_LOCATIONS|COMPLEX_TIME_OR_DURATION_PRICING","5646b2342001a666","0","","7","0","2"
"1","FRHPCPNF029047","","4194060","NUMERIC","3475524","7","CHADEMO:460kW","2026-10-04T09:44:38.336Z","true","SOURCE_DUPLICATE_DIFFERENT_PRICING|SOURCE_REF_REUSED_ACROSS_LOCATIONS|COMPLEX_TIME_OR_DURATION_PRICING","d0005cba5acc4fe2","0","","7","0","2"
"1","FRHPCPNF037072","","4193687","NUMERIC","3473989","1","IEC_62196_T2_COMBO:460kW","2026-09-27T17:17:52.154Z","true","SOURCE_DUPLICATE_DIFFERENT_PRICING|SOURCE_REF_REUSED_ACROSS_LOCATIONS|COMPLEX_TIME_OR_DURATION_PRICING","dbc85e70fac8c254","0","","2","0","3"
"1","FRHPCPNF037072","","4193687","NUMERIC","3473991","1","IEC_62196_T2:22kW","2026-09-27T17:17:52.154Z","true","SOURCE_DUPLICATE_DIFFERENT_PRICING|SOURCE_REF_REUSED_ACROSS_LOCATIONS|COMPLEX_TIME_OR_DURATION_PRICING","122869f63c72132b","0","","2","0","3"
"1","FRHPCPNF037072","","4193687","NUMERIC","3473992","1","CHADEMO:460kW","2026-09-27T17:17:52.154Z","true","SOURCE_DUPLICATE_DIFFERENT_PRICING|SOURCE_REF_REUSED_ACROSS_LOCATIONS|COMPLEX_TIME_OR_DURATION_PRICING","5fc0303a8562e353","0","","2","0","3"
"1","FRHPCPNF037072","","4193687","NUMERIC","3473993","2","IEC_62196_T2_COMBO:460kW","2026-09-27T17:17:52.154Z","true","SOURCE_DUPLICATE_DIFFERENT_PRICING|SOURCE_REF_REUSED_ACROSS_LOCATIONS|COMPLEX_TIME_OR_DURATION_PRICING","dbc85e70fac8c254","0","","2","0","3"
"1","FRHPCPNF037072","","4193687","NUMERIC","3473994","2","IEC_62196_T2:22kW","2026-09-27T17:17:52.154Z","true","SOURCE_DUPLICATE_DIFFERENT_PRICING|SOURCE_REF_REUSED_ACROSS_LOCATIONS|COMPLEX_TIME_OR_DURATION_PRICING","122869f63c72132b","0","","2","0","3"
"1","FRHPCPNF037072","","4193687","NUMERIC","3473995","2","CHADEMO:460kW","2026-09-27T17:17:52.154Z","true","SOURCE_DUPLICATE_DIFFERENT_PRICING|SOURCE_REF_REUSED_ACROSS_LOCATIONS|COMPLEX_TIME_OR_DURATION_PRICING","5fc0303a8562e353","0","","2","0","3"
"1","FRHPCPNF038545TOTEMSA","","4194461","NUMERIC","3476990","1","IEC_62196_T2:44kW","2026-09-27T17:20:57.358Z","true","SOURCE_DUPLICATE_DIFFERENT_PRICING|SOURCE_REF_REUSED_ACROSS_LOCATIONS|COMPLEX_TIME_OR_DURATION_PRICING","af44c279366146a9","0","","4","0","3"
"1","FRHPCPNF038545TOTEMSA","","4194461","NUMERIC","3476991","1","IEC_62196_T2_COMBO:60kW","2026-09-27T17:20:57.358Z","true","SOURCE_DUPLICATE_DIFFERENT_PRICING|SOURCE_REF_REUSED_ACROSS_LOCATIONS|COMPLEX_TIME_OR_DURATION_PRICING","dc300e5acf3d0c0e","0","","4","0","3"
"1","FRHPCPNF038545TOTEMSA","","4194461","NUMERIC","3476992","1","CHADEMO:60kW","2026-09-27T17:20:57.358Z","true","SOURCE_DUPLICATE_DIFFERENT_PRICING|SOURCE_REF_REUSED_ACROSS_LOCATIONS|COMPLEX_TIME_OR_DURATION_PRICING","92473908ef1c28cd","0","","4","0","3"
"1","FRHPCPNF038545TOTEMSA","","4194461","NUMERIC","3476995","4","IEC_62196_T2:44kW","2026-09-27T17:20:57.358Z","true","SOURCE_DUPLICATE_DIFFERENT_PRICING|SOURCE_REF_REUSED_ACROSS_LOCATIONS|COMPLEX_TIME_OR_DURATION_PRICING","af44c279366146a9","0","","4","0","3"
"1","FRHPCPNF038545TOTEMSA","","4194461","NUMERIC","3476996","4","IEC_62196_T2_COMBO:60kW","2026-09-27T17:20:57.358Z","true","SOURCE_DUPLICATE_DIFFERENT_PRICING|SOURCE_REF_REUSED_ACROSS_LOCATIONS|COMPLEX_TIME_OR_DURATION_PRICING","dc300e5acf3d0c0e","0","","4","0","3"
"1","FRHPCPNF038545TOTEMSA","","4194461","NUMERIC","3476997","4","CHADEMO:60kW","2026-09-27T17:20:57.358Z","true","SOURCE_DUPLICATE_DIFFERENT_PRICING|SOURCE_REF_REUSED_ACROSS_LOCATIONS|COMPLEX_TIME_OR_DURATION_PRICING","92473908ef1c28cd","0","","4","0","3"
"1","FRHPCPNF040000","","4200240","NUMERIC","3491586","1","IEC_62196_T2:44kW","2026-09-27T17:26:07.328Z","true","SOURCE_DUPLICATE_DIFFERENT_PRICING|SOURCE_REF_REUSED_ACROSS_LOCATIONS|COMPLEX_TIME_OR_DURATION_PRICING","af44c279366146a9","0","","1","0","3"
"1","FRHPCPNF040000","","4200240","NUMERIC","3491592","1","IEC_62196_T2_COMBO:60kW","2026-09-27T17:26:07.328Z","true","SOURCE_DUPLICATE_DIFFERENT_PRICING|SOURCE_REF_REUSED_ACROSS_LOCATIONS|COMPLEX_TIME_OR_DURATION_PRICING","dc300e5acf3d0c0e","0","","1","0","3"
"1","FRHPCPNF040000","","4200240","NUMERIC","3491596","1","CHADEMO:60kW","2026-09-27T17:26:07.328Z","true","SOURCE_DUPLICATE_DIFFERENT_PRICING|SOURCE_REF_REUSED_ACROSS_LOCATIONS|COMPLEX_TIME_OR_DURATION_PRICING","92473908ef1c28cd","0","","1","0","3"
"1","FRHPCPNF042239TOTEM","","4193089","NUMERIC","3471108","1","IEC_62196_T2:44kW","2026-09-27T17:15:42.937Z","true","SOURCE_DUPLICATE_DIFFERENT_PRICING|SOURCE_REF_REUSED_ACROSS_LOCATIONS|COMPLEX_TIME_OR_DURATION_PRICING","f4196c69d94a0a69","0","","4","0","3"
"1","FRHPCPNF042239TOTEM","","4193089","NUMERIC","3471110","1","IEC_62196_T2_COMBO:60kW","2026-09-27T17:15:42.937Z","true","SOURCE_DUPLICATE_DIFFERENT_PRICING|SOURCE_REF_REUSED_ACROSS_LOCATIONS|COMPLEX_TIME_OR_DURATION_PRICING","f6893528e3999a3d","0","","4","0","3"
"1","FRHPCPNF042239TOTEM","","4193089","NUMERIC","3471113","1","CHADEMO:60kW","2026-09-27T17:15:42.937Z","true","SOURCE_DUPLICATE_DIFFERENT_PRICING|SOURCE_REF_REUSED_ACROSS_LOCATIONS|COMPLEX_TIME_OR_DURATION_PRICING","a82aa184a77b65e5","0","","4","0","3"
"1","FRHPCPNF042239TOTEM","","4193089","NUMERIC","3471121","4","IEC_62196_T2:44kW","2026-09-27T17:15:42.937Z","true","SOURCE_DUPLICATE_DIFFERENT_PRICING|SOURCE_REF_REUSED_ACROSS_LOCATIONS|COMPLEX_TIME_OR_DURATION_PRICING","f4196c69d94a0a69","0","","4","0","3"
"1","FRHPCPNF042239TOTEM","","4193089","NUMERIC","3471124","4","IEC_62196_T2_COMBO:60kW","2026-09-27T17:15:42.937Z","true","SOURCE_DUPLICATE_DIFFERENT_PRICING|SOURCE_REF_REUSED_ACROSS_LOCATIONS|COMPLEX_TIME_OR_DURATION_PRICING","f6893528e3999a3d","0","","4","0","3"
"1","FRHPCPNF042239TOTEM","","4193089","NUMERIC","3471127","4","CHADEMO:60kW","2026-09-27T17:15:42.937Z","true","SOURCE_DUPLICATE_DIFFERENT_PRICING|SOURCE_REF_REUSED_ACROSS_LOCATIONS|COMPLEX_TIME_OR_DURATION_PRICING","a82aa184a77b65e5","0","","4","0","3"
"1","FRHPCPNF042331TOTEM","","4193059","NUMERIC","3471023","1","IEC_62196_T2:44kW","2026-09-27T17:15:32.332Z","true","SOURCE_DUPLICATE_DIFFERENT_PRICING|SOURCE_REF_REUSED_ACROSS_LOCATIONS|COMPLEX_TIME_OR_DURATION_PRICING","f4196c69d94a0a69","0","","4","0","3"
"1","FRHPCPNF042331TOTEM","","4193059","NUMERIC","3471026","1","IEC_62196_T2_COMBO:60kW","2026-09-27T17:15:32.332Z","true","SOURCE_DUPLICATE_DIFFERENT_PRICING|SOURCE_REF_REUSED_ACROSS_LOCATIONS|COMPLEX_TIME_OR_DURATION_PRICING","f6893528e3999a3d","0","","4","0","3"
"1","FRHPCPNF042331TOTEM","","4193059","NUMERIC","3471029","1","CHADEMO:60kW","2026-09-27T17:15:32.332Z","true","SOURCE_DUPLICATE_DIFFERENT_PRICING|SOURCE_REF_REUSED_ACROSS_LOCATIONS|COMPLEX_TIME_OR_DURATION_PRICING","a82aa184a77b65e5","0","","4","0","3"
"1","FRHPCPNF042331TOTEM","","4193059","NUMERIC","3471036","4","IEC_62196_T2:43kW","2026-09-27T17:15:32.332Z","true","SOURCE_DUPLICATE_DIFFERENT_PRICING|SOURCE_REF_REUSED_ACROSS_LOCATIONS|COMPLEX_TIME_OR_DURATION_PRICING","d6c30fa092af7989","0","","4","0","3"
"1","FRHPCPNF042331TOTEM","","4193059","NUMERIC","3471038","4","IEC_62196_T2_COMBO:60kW","2026-09-27T17:15:32.332Z","true","SOURCE_DUPLICATE_DIFFERENT_PRICING|SOURCE_REF_REUSED_ACROSS_LOCATIONS|COMPLEX_TIME_OR_DURATION_PRICING","f6893528e3999a3d","0","","4","0","3"
"1","FRHPCPNF042331TOTEM","","4193059","NUMERIC","3471041","4","CHADEMO:60kW","2026-09-27T17:15:32.332Z","true","SOURCE_DUPLICATE_DIFFERENT_PRICING|SOURCE_REF_REUSED_ACROSS_LOCATIONS|COMPLEX_TIME_OR_DURATION_PRICING","a82aa184a77b65e5","0","","4","0","3"
"1","FRHPCPNF042332","","4192796","NUMERIC","3468904","5","IEC_62196_T2_COMBO:460kW","2026-10-04T09:41:38.528Z","true","SOURCE_DUPLICATE_DIFFERENT_PRICING|SOURCE_REF_REUSED_ACROSS_LOCATIONS|COMPLEX_TIME_OR_DURATION_PRICING","5646b2342001a666","0","","8","0","2"
"1","FRHPCPNF042332","","4192796","NUMERIC","3468906","5","IEC_62196_T2:22kW","2026-10-04T09:41:38.528Z","true","SOURCE_DUPLICATE_DIFFERENT_PRICING|SOURCE_REF_REUSED_ACROSS_LOCATIONS|COMPLEX_TIME_OR_DURATION_PRICING","fe0b794d8bb093e8","0","","8","0","2"
"1","FRHPCPNF042332","","4192796","NUMERIC","3468908","6","CHADEMO:460kW","2026-10-04T09:41:38.528Z","true","SOURCE_DUPLICATE_DIFFERENT_PRICING|SOURCE_REF_REUSED_ACROSS_LOCATIONS|COMPLEX_TIME_OR_DURATION_PRICING","d0005cba5acc4fe2","0","","8","0","2"
"1","FRHPCPNF042332","","4192796","NUMERIC","3468910","6","IEC_62196_T2_COMBO:460kW","2026-10-04T09:41:38.528Z","true","SOURCE_DUPLICATE_DIFFERENT_PRICING|SOURCE_REF_REUSED_ACROSS_LOCATIONS|COMPLEX_TIME_OR_DURATION_PRICING","5646b2342001a666","0","","8","0","2"
"1","FRHPCPNF042411","","4193154","NUMERIC","3471551","1","IEC_62196_T2_COMBO:460kW","2026-10-04T09:42:45.925Z","true","SOURCE_DUPLICATE_DIFFERENT_PRICING|SOURCE_REF_REUSED_ACROSS_LOCATIONS|COMPLEX_TIME_OR_DURATION_PRICING","1d2da32100d6466c","0","","6","0","2"
"1","FRHPCPNF042411","","4193154","NUMERIC","3471554","1","IEC_62196_T2:22kW","2026-10-04T09:42:45.925Z","true","SOURCE_DUPLICATE_DIFFERENT_PRICING|SOURCE_REF_REUSED_ACROSS_LOCATIONS|COMPLEX_TIME_OR_DURATION_PRICING","4d44be8972662e6e","0","","6","0","2"
"1","FRHPCPNF042411","","4193154","NUMERIC","3471557","2","CHADEMO:460kW","2026-10-04T09:42:45.925Z","true","SOURCE_DUPLICATE_DIFFERENT_PRICING|SOURCE_REF_REUSED_ACROSS_LOCATIONS|COMPLEX_TIME_OR_DURATION_PRICING","c3c7da6c15dfc6e2","0","","6","0","2"
"1","FRHPCPNF042411","","4193154","NUMERIC","3471560","2","IEC_62196_T2_COMBO:460kW","2026-10-04T09:42:45.925Z","true","SOURCE_DUPLICATE_DIFFERENT_PRICING|SOURCE_REF_REUSED_ACROSS_LOCATIONS|COMPLEX_TIME_OR_DURATION_PRICING","1d2da32100d6466c","0","","6","0","2"
"1","FRHPCPNF042589","","4194176","NUMERIC","3475977","8","IEC_62196_T2_COMBO:460kW","2026-09-27T17:19:41.187Z","true","SOURCE_DUPLICATE_DIFFERENT_PRICING|SOURCE_REF_REUSED_ACROSS_LOCATIONS|COMPLEX_TIME_OR_DURATION_PRICING","dbc85e70fac8c254","0","","8","0","2"
"1","FRHPCPNF042589","","4194176","NUMERIC","3475978","1","IEC_62196_T2_COMBO:460kW","2026-09-27T17:19:41.187Z","true","SOURCE_DUPLICATE_DIFFERENT_PRICING|SOURCE_REF_REUSED_ACROSS_LOCATIONS|COMPLEX_TIME_OR_DURATION_PRICING","dbc85e70fac8c254","0","","8","0","2"
"1","FRHPCPNF042589","","4194176","NUMERIC","3475979","1","IEC_62196_T2:22kW","2026-09-27T17:19:41.187Z","true","SOURCE_DUPLICATE_DIFFERENT_PRICING|SOURCE_REF_REUSED_ACROSS_LOCATIONS|COMPLEX_TIME_OR_DURATION_PRICING","122869f63c72132b","0","","8","0","2"
"1","FRHPCPNF042589","","4194176","NUMERIC","3475980","2","CHADEMO:460kW","2026-09-27T17:19:41.187Z","true","SOURCE_DUPLICATE_DIFFERENT_PRICING|SOURCE_REF_REUSED_ACROSS_LOCATIONS|COMPLEX_TIME_OR_DURATION_PRICING","5fc0303a8562e353","0","","8","0","2"
"1","FRHPCPNF042589","","4194176","NUMERIC","3475981","2","IEC_62196_T2_COMBO:460kW","2026-09-27T17:19:41.187Z","true","SOURCE_DUPLICATE_DIFFERENT_PRICING|SOURCE_REF_REUSED_ACROSS_LOCATIONS|COMPLEX_TIME_OR_DURATION_PRICING","dbc85e70fac8c254","0","","8","0","2"
"1","FRHPCPNF042589","","4194176","NUMERIC","3475986","7","IEC_62196_T2_COMBO:460kW","2026-09-27T17:19:41.187Z","true","SOURCE_DUPLICATE_DIFFERENT_PRICING|SOURCE_REF_REUSED_ACROSS_LOCATIONS|COMPLEX_TIME_OR_DURATION_PRICING","dbc85e70fac8c254","0","","8","0","2"
"1","FRHPCPNF042589","","4194176","NUMERIC","3475987","7","IEC_62196_T2:22kW","2026-09-27T17:19:41.187Z","true","SOURCE_DUPLICATE_DIFFERENT_PRICING|SOURCE_REF_REUSED_ACROSS_LOCATIONS|COMPLEX_TIME_OR_DURATION_PRICING","122869f63c72132b","0","","8","0","2"
"1","FRHPCPNF042589","","4194176","NUMERIC","3475988","8","CHADEMO:460kW","2026-09-27T17:19:41.187Z","true","SOURCE_DUPLICATE_DIFFERENT_PRICING|SOURCE_REF_REUSED_ACROSS_LOCATIONS|COMPLEX_TIME_OR_DURATION_PRICING","5fc0303a8562e353","0","","8","0","2"
"1","FRHPCPNF042595","","4192623","NUMERIC","3467607","3","IEC_62196_T2_COMBO:300kW","2026-09-27T17:12:32.012Z","true","SOURCE_DUPLICATE_DIFFERENT_PRICING|SOURCE_REF_REUSED_ACROSS_LOCATIONS|COMPLEX_TIME_OR_DURATION_PRICING","29f14690829fb75b","0","","4","0","3"
"1","FRHPCPNF042595","","4192623","NUMERIC","3467611","3","IEC_62196_T2:22kW","2026-09-27T17:12:32.012Z","true","SOURCE_DUPLICATE_DIFFERENT_PRICING|SOURCE_REF_REUSED_ACROSS_LOCATIONS|COMPLEX_TIME_OR_DURATION_PRICING","122869f63c72132b","0","","4","0","3"
"1","FRHPCPNF042595","","4192623","NUMERIC","3467616","3","CHADEMO:100kW","2026-09-27T17:12:32.012Z","true","SOURCE_DUPLICATE_DIFFERENT_PRICING|SOURCE_REF_REUSED_ACROSS_LOCATIONS|COMPLEX_TIME_OR_DURATION_PRICING","0307c5f8e6e971df","0","","4","0","3"
"1","FRHPCPNF042595","","4192623","NUMERIC","3467620","4","IEC_62196_T2_COMBO:300kW","2026-09-27T17:12:32.012Z","true","SOURCE_DUPLICATE_DIFFERENT_PRICING|SOURCE_REF_REUSED_ACROSS_LOCATIONS|COMPLEX_TIME_OR_DURATION_PRICING","29f14690829fb75b","0","","4","0","3"
"1","FRHPCPNF042595","","4192623","NUMERIC","3467624","4","IEC_62196_T2:22kW","2026-09-27T17:12:32.012Z","true","SOURCE_DUPLICATE_DIFFERENT_PRICING|SOURCE_REF_REUSED_ACROSS_LOCATIONS|COMPLEX_TIME_OR_DURATION_PRICING","122869f63c72132b","0","","4","0","3"
"1","FRHPCPNF042595","","4192623","NUMERIC","3467627","4","CHADEMO:100kW","2026-09-27T17:12:32.012Z","true","SOURCE_DUPLICATE_DIFFERENT_PRICING|SOURCE_REF_REUSED_ACROSS_LOCATIONS|COMPLEX_TIME_OR_DURATION_PRICING","0307c5f8e6e971df","0","","4","0","3"
"1","FRHPCPNF042596","","4192887","NUMERIC","3469905","1","IEC_62196_T2_COMBO:460kW","2026-09-27T17:14:30.873Z","true","SOURCE_DUPLICATE_DIFFERENT_PRICING|SOURCE_REF_REUSED_ACROSS_LOCATIONS|COMPLEX_TIME_OR_DURATION_PRICING","dbc85e70fac8c254","0","","8","0","2"
"1","FRHPCPNF042596","","4192887","NUMERIC","3469907","1","IEC_62196_T2:22kW","2026-09-27T17:14:30.873Z","true","SOURCE_DUPLICATE_DIFFERENT_PRICING|SOURCE_REF_REUSED_ACROSS_LOCATIONS|COMPLEX_TIME_OR_DURATION_PRICING","122869f63c72132b","0","","8","0","2"
"1","FRHPCPNF042596","","4192887","NUMERIC","3469909","2","CHADEMO:460kW","2026-09-27T17:14:30.873Z","true","SOURCE_DUPLICATE_DIFFERENT_PRICING|SOURCE_REF_REUSED_ACROSS_LOCATIONS|COMPLEX_TIME_OR_DURATION_PRICING","5fc0303a8562e353","0","","8","0","2"
"1","FRHPCPNF042596","","4192887","NUMERIC","3469911","2","IEC_62196_T2_COMBO:460kW","2026-09-27T17:14:30.873Z","true","SOURCE_DUPLICATE_DIFFERENT_PRICING|SOURCE_REF_REUSED_ACROSS_LOCATIONS|COMPLEX_TIME_OR_DURATION_PRICING","dbc85e70fac8c254","0","","8","0","2"
"1","FRHPCPNF042677","","4200010","NUMERIC","3491444","1","IEC_62196_T2_COMBO:150kW","2026-10-04T09:47:50.796Z","false","SOURCE_DUPLICATE_DIFFERENT_PRICING|SOURCE_REF_REUSED_ACROSS_LOCATIONS|COMPLEX_TIME_OR_DURATION_PRICING|NO_DETERMINISTIC_LOCAL_IRVE_MATCH|UNPUBLISHED_SOURCE_EVSE","d81c2f9ca3ec5b6e","0","","4","0","3"
"1","FRHPCPNF042677","","4200010","NUMERIC","3491449","1","CHADEMO:100kW","2026-10-04T09:47:50.796Z","false","SOURCE_DUPLICATE_DIFFERENT_PRICING|SOURCE_REF_REUSED_ACROSS_LOCATIONS|COMPLEX_TIME_OR_DURATION_PRICING|NO_DETERMINISTIC_LOCAL_IRVE_MATCH|UNPUBLISHED_SOURCE_EVSE","0307c5f8e6e971df","0","","4","0","3"
"1","FRHPCPNF042677","","4200010","NUMERIC","3491456","1","IEC_62196_T2:22kW","2026-10-04T09:47:50.796Z","false","SOURCE_DUPLICATE_DIFFERENT_PRICING|SOURCE_REF_REUSED_ACROSS_LOCATIONS|COMPLEX_TIME_OR_DURATION_PRICING|NO_DETERMINISTIC_LOCAL_IRVE_MATCH|UNPUBLISHED_SOURCE_EVSE","240698188121b0a2","0","","4","0","3"
"1","FRHPCPNF042677","","4200010","NUMERIC","3491469","4","IEC_62196_T2_COMBO:150kW","2026-10-04T09:47:50.796Z","false","SOURCE_DUPLICATE_DIFFERENT_PRICING|SOURCE_REF_REUSED_ACROSS_LOCATIONS|COMPLEX_TIME_OR_DURATION_PRICING|NO_DETERMINISTIC_LOCAL_IRVE_MATCH|UNPUBLISHED_SOURCE_EVSE","d81c2f9ca3ec5b6e","0","","4","0","3"
"1","FRHPCPNF042677","","4200010","NUMERIC","3491476","4","CHADEMO:100kW","2026-10-04T09:47:50.796Z","false","SOURCE_DUPLICATE_DIFFERENT_PRICING|SOURCE_REF_REUSED_ACROSS_LOCATIONS|COMPLEX_TIME_OR_DURATION_PRICING|NO_DETERMINISTIC_LOCAL_IRVE_MATCH|UNPUBLISHED_SOURCE_EVSE","0307c5f8e6e971df","0","","4","0","3"
"1","FRHPCPNF042677","","4200010","NUMERIC","3491482","4","IEC_62196_T2:22kW","2026-10-04T09:47:50.796Z","false","SOURCE_DUPLICATE_DIFFERENT_PRICING|SOURCE_REF_REUSED_ACROSS_LOCATIONS|COMPLEX_TIME_OR_DURATION_PRICING|NO_DETERMINISTIC_LOCAL_IRVE_MATCH|UNPUBLISHED_SOURCE_EVSE","240698188121b0a2","0","","4","0","3"
"1","FRHPCPNF050214","","4192856","NUMERIC","3469668","1","IEC_62196_T2_COMBO:460kW","2026-09-27T17:14:20.126Z","true","SOURCE_DUPLICATE_DIFFERENT_PRICING|SOURCE_REF_REUSED_ACROSS_LOCATIONS|COMPLEX_TIME_OR_DURATION_PRICING","dbc85e70fac8c254","0","","3","0","3"
"1","FRHPCPNF050214","","4192856","NUMERIC","3469670","1","IEC_62196_T2:22kW","2026-09-27T17:14:20.126Z","true","SOURCE_DUPLICATE_DIFFERENT_PRICING|SOURCE_REF_REUSED_ACROSS_LOCATIONS|COMPLEX_TIME_OR_DURATION_PRICING","122869f63c72132b","0","","3","0","3"
"1","FRHPCPNF050214","","4192856","NUMERIC","3469671","1","CHADEMO:138kW","2026-09-27T17:14:20.126Z","true","SOURCE_DUPLICATE_DIFFERENT_PRICING|SOURCE_REF_REUSED_ACROSS_LOCATIONS|COMPLEX_TIME_OR_DURATION_PRICING","d3c42eb01c89122d","0","","3","0","3"
"1","FRHPCPNF050462","","4193783","NUMERIC","3474456","4","IEC_62196_T2_COMBO:460kW","2026-09-27T17:18:12.272Z","true","SOURCE_DUPLICATE_DIFFERENT_PRICING|SOURCE_REF_REUSED_ACROSS_LOCATIONS|COMPLEX_TIME_OR_DURATION_PRICING","dbc85e70fac8c254","0","","4","0","3"
"1","FRHPCPNF050462","","4193783","NUMERIC","3474457","4","IEC_62196_T2:22kW","2026-09-27T17:18:12.272Z","true","SOURCE_DUPLICATE_DIFFERENT_PRICING|SOURCE_REF_REUSED_ACROSS_LOCATIONS|COMPLEX_TIME_OR_DURATION_PRICING","122869f63c72132b","0","","4","0","3"
"1","FRHPCPNF050462","","4193783","NUMERIC","3474458","4","CHADEMO:460kW","2026-09-27T17:18:12.272Z","true","SOURCE_DUPLICATE_DIFFERENT_PRICING|SOURCE_REF_REUSED_ACROSS_LOCATIONS|COMPLEX_TIME_OR_DURATION_PRICING","5fc0303a8562e353","0","","4","0","3"
"1","FRHPCPNF050499","","4192661","NUMERIC","3468104","1","IEC_62196_T2_COMBO:460kW","2026-09-27T17:12:54.668Z","true","SOURCE_DUPLICATE_DIFFERENT_PRICING|SOURCE_REF_REUSED_ACROSS_LOCATIONS|COMPLEX_TIME_OR_DURATION_PRICING","dbc85e70fac8c254","0","","3","0","3"
"1","FRHPCPNF050499","","4192661","NUMERIC","3468107","1","IEC_62196_T2:22kW","2026-09-27T17:12:54.668Z","true","SOURCE_DUPLICATE_DIFFERENT_PRICING|SOURCE_REF_REUSED_ACROSS_LOCATIONS|COMPLEX_TIME_OR_DURATION_PRICING","122869f63c72132b","0","","3","0","3"
"1","FRHPCPNF050499","","4192661","NUMERIC","3468109","1","CHADEMO:276kW","2026-09-27T17:12:54.668Z","true","SOURCE_DUPLICATE_DIFFERENT_PRICING|SOURCE_REF_REUSED_ACROSS_LOCATIONS|COMPLEX_TIME_OR_DURATION_PRICING","7f8be4fb6d67ae91","0","","3","0","3"
"1","FRHPCPNF051024","","4192901","NUMERIC","3469686","3","IEC_62196_T2_COMBO:460kW","2026-10-04T09:41:57.176Z","true","SOURCE_DUPLICATE_DIFFERENT_PRICING|SOURCE_REF_REUSED_ACROSS_LOCATIONS|COMPLEX_TIME_OR_DURATION_PRICING","1d2da32100d6466c","0","","7","0","3"
"1","FRHPCPNF051024","","4192901","NUMERIC","3469688","3","CHADEMO:460kW","2026-10-04T09:41:57.176Z","true","SOURCE_DUPLICATE_DIFFERENT_PRICING|SOURCE_REF_REUSED_ACROSS_LOCATIONS|COMPLEX_TIME_OR_DURATION_PRICING","c3c7da6c15dfc6e2","0","","7","0","3"
"1","FRHPCPNF051024","","4192901","NUMERIC","3469689","3","IEC_62196_T2:22kW","2026-10-04T09:41:57.176Z","true","SOURCE_DUPLICATE_DIFFERENT_PRICING|SOURCE_REF_REUSED_ACROSS_LOCATIONS|COMPLEX_TIME_OR_DURATION_PRICING","4d44be8972662e6e","0","","7","0","3"
"1","FRHPCPNF051024","","4192901","NUMERIC","3469692","1","IEC_62196_T2_COMBO:460kW","2026-10-04T09:41:57.176Z","true","SOURCE_DUPLICATE_DIFFERENT_PRICING|SOURCE_REF_REUSED_ACROSS_LOCATIONS|COMPLEX_TIME_OR_DURATION_PRICING","1d2da32100d6466c","0","","7","0","2"
"1","FRHPCPNF051024","","4192901","NUMERIC","3469693","1","IEC_62196_T2:22kW","2026-10-04T09:41:57.176Z","true","SOURCE_DUPLICATE_DIFFERENT_PRICING|SOURCE_REF_REUSED_ACROSS_LOCATIONS|COMPLEX_TIME_OR_DURATION_PRICING","4d44be8972662e6e","0","","7","0","2"
"1","FRHPCPNF051024","","4192901","NUMERIC","3469694","2","CHADEMO:460kW","2026-10-04T09:41:57.176Z","true","SOURCE_DUPLICATE_DIFFERENT_PRICING|SOURCE_REF_REUSED_ACROSS_LOCATIONS|COMPLEX_TIME_OR_DURATION_PRICING","c3c7da6c15dfc6e2","0","","7","0","2"
"1","FRHPCPNF051024","","4192901","NUMERIC","3469695","2","IEC_62196_T2_COMBO:460kW","2026-10-04T09:41:57.176Z","true","SOURCE_DUPLICATE_DIFFERENT_PRICING|SOURCE_REF_REUSED_ACROSS_LOCATIONS|COMPLEX_TIME_OR_DURATION_PRICING","1d2da32100d6466c","0","","7","0","2"
"1","FRHPCPNF051046TOTEM","","4192625","NUMERIC","3467576","4","IEC_62196_T2_COMBO:460kW","2026-09-27T17:12:35.775Z","true","SOURCE_DUPLICATE_DIFFERENT_PRICING|SOURCE_REF_REUSED_ACROSS_LOCATIONS|COMPLEX_TIME_OR_DURATION_PRICING","dbc85e70fac8c254","0","","10","0","2"
"1","FRHPCPNF051046TOTEM","","4192625","NUMERIC","3467577","4","IEC_62196_T2:22kW","2026-09-27T17:12:35.775Z","true","SOURCE_DUPLICATE_DIFFERENT_PRICING|SOURCE_REF_REUSED_ACROSS_LOCATIONS|COMPLEX_TIME_OR_DURATION_PRICING","122869f63c72132b","0","","10","0","2"
"1","FRHPCPNF051046TOTEM","","4192625","NUMERIC","3467578","5","CHADEMO:460kW","2026-09-27T17:12:35.775Z","true","SOURCE_DUPLICATE_DIFFERENT_PRICING|SOURCE_REF_REUSED_ACROSS_LOCATIONS|COMPLEX_TIME_OR_DURATION_PRICING","5fc0303a8562e353","0","","10","0","2"
"1","FRHPCPNF051046TOTEM","","4192625","NUMERIC","3467580","5","IEC_62196_T2_COMBO:460kW","2026-09-27T17:12:35.775Z","true","SOURCE_DUPLICATE_DIFFERENT_PRICING|SOURCE_REF_REUSED_ACROSS_LOCATIONS|COMPLEX_TIME_OR_DURATION_PRICING","dbc85e70fac8c254","0","","10","0","2"
"1","FRHPCPNF051046TOTEM","","4192625","NUMERIC","3467582","6","IEC_62196_T2_COMBO:460kW","2026-09-27T17:12:35.775Z","true","SOURCE_DUPLICATE_DIFFERENT_PRICING|SOURCE_REF_REUSED_ACROSS_LOCATIONS|COMPLEX_TIME_OR_DURATION_PRICING","dbc85e70fac8c254","0","","10","0","2"
"1","FRHPCPNF051046TOTEM","","4192625","NUMERIC","3467584","6","IEC_62196_T2:22kW","2026-09-27T17:12:35.775Z","true","SOURCE_DUPLICATE_DIFFERENT_PRICING|SOURCE_REF_REUSED_ACROSS_LOCATIONS|COMPLEX_TIME_OR_DURATION_PRICING","122869f63c72132b","0","","10","0","2"
"1","FRHPCPNF051046TOTEM","","4192625","NUMERIC","3467586","7","CHADEMO:460kW","2026-09-27T17:12:35.775Z","true","SOURCE_DUPLICATE_DIFFERENT_PRICING|SOURCE_REF_REUSED_ACROSS_LOCATIONS|COMPLEX_TIME_OR_DURATION_PRICING","5fc0303a8562e353","0","","10","0","2"
"1","FRHPCPNF051046TOTEM","","4192625","NUMERIC","3467588","7","IEC_62196_T2_COMBO:460kW","2026-09-27T17:12:35.775Z","true","SOURCE_DUPLICATE_DIFFERENT_PRICING|SOURCE_REF_REUSED_ACROSS_LOCATIONS|COMPLEX_TIME_OR_DURATION_PRICING","dbc85e70fac8c254","0","","10","0","2"
"1","FRHPCPNF058016","","4200161","NUMERIC","3491436","1","IEC_62196_T2_COMBO:300kW","2026-09-27T17:25:37.962Z","true","SOURCE_DUPLICATE_DIFFERENT_PRICING|SOURCE_REF_REUSED_ACROSS_LOCATIONS|COMPLEX_TIME_OR_DURATION_PRICING","29f14690829fb75b","0","","2","0","3"
"1","FRHPCPNF058016","","4200161","NUMERIC","3491445","1","IEC_62196_T2:22kW","2026-09-27T17:25:37.962Z","true","SOURCE_DUPLICATE_DIFFERENT_PRICING|SOURCE_REF_REUSED_ACROSS_LOCATIONS|COMPLEX_TIME_OR_DURATION_PRICING","122869f63c72132b","0","","2","0","3"
"1","FRHPCPNF058016","","4200161","NUMERIC","3491453","1","CHADEMO:100kW","2026-09-27T17:25:37.962Z","true","SOURCE_DUPLICATE_DIFFERENT_PRICING|SOURCE_REF_REUSED_ACROSS_LOCATIONS|COMPLEX_TIME_OR_DURATION_PRICING","0307c5f8e6e971df","0","","2","0","3"
"1","FRHPCPNF058500TOTEM","","4194022","NUMERIC","3475352","1","IEC_62196_T2_COMBO:460kW","2026-10-04T09:44:22.762Z","true","SOURCE_DUPLICATE_DIFFERENT_PRICING|SOURCE_REF_REUSED_ACROSS_LOCATIONS|COMPLEX_TIME_OR_DURATION_PRICING","5646b2342001a666","0","","8","0","3"
"1","FRHPCPNF058500TOTEM","","4194022","NUMERIC","3475353","1","CHADEMO:460kW","2026-10-04T09:44:22.762Z","true","SOURCE_DUPLICATE_DIFFERENT_PRICING|SOURCE_REF_REUSED_ACROSS_LOCATIONS|COMPLEX_TIME_OR_DURATION_PRICING","d0005cba5acc4fe2","0","","8","0","3"
"1","FRHPCPNF058500TOTEM","","4194022","NUMERIC","3475354","1","IEC_62196_T2:22kW","2026-10-04T09:44:22.762Z","true","SOURCE_DUPLICATE_DIFFERENT_PRICING|SOURCE_REF_REUSED_ACROSS_LOCATIONS|COMPLEX_TIME_OR_DURATION_PRICING","fe0b794d8bb093e8","0","","8","0","3"
"1","FRHPCPNF058500TOTEM","","4194022","NUMERIC","3475355","2","IEC_62196_T2_COMBO:460kW","2026-10-04T09:44:22.762Z","true","SOURCE_DUPLICATE_DIFFERENT_PRICING|SOURCE_REF_REUSED_ACROSS_LOCATIONS|COMPLEX_TIME_OR_DURATION_PRICING","5646b2342001a666","0","","8","0","3"
"1","FRHPCPNF058500TOTEM","","4194022","NUMERIC","3475356","2","CHADEMO:460kW","2026-10-04T09:44:22.762Z","true","SOURCE_DUPLICATE_DIFFERENT_PRICING|SOURCE_REF_REUSED_ACROSS_LOCATIONS|COMPLEX_TIME_OR_DURATION_PRICING","d0005cba5acc4fe2","0","","8","0","3"
"1","FRHPCPNF058500TOTEM","","4194022","NUMERIC","3475357","2","IEC_62196_T2:22kW","2026-10-04T09:44:22.762Z","true","SOURCE_DUPLICATE_DIFFERENT_PRICING|SOURCE_REF_REUSED_ACROSS_LOCATIONS|COMPLEX_TIME_OR_DURATION_PRICING","fe0b794d8bb093e8","0","","8","0","3"
"1","FRHPCPNF058500TOTEM","","4194022","NUMERIC","3475360","3","IEC_62196_T2_COMBO:460kW","2026-10-04T09:44:22.762Z","true","SOURCE_DUPLICATE_DIFFERENT_PRICING|SOURCE_REF_REUSED_ACROSS_LOCATIONS|COMPLEX_TIME_OR_DURATION_PRICING","5646b2342001a666","0","","8","0","2"
"1","FRHPCPNF058500TOTEM","","4194022","NUMERIC","3475361","3","CHADEMO:460kW","2026-10-04T09:44:22.762Z","true","SOURCE_DUPLICATE_DIFFERENT_PRICING|SOURCE_REF_REUSED_ACROSS_LOCATIONS|COMPLEX_TIME_OR_DURATION_PRICING","d0005cba5acc4fe2","0","","8","0","2"
"1","FRHPCPNF058500TOTEM","","4194022","NUMERIC","3475362","4","IEC_62196_T2_COMBO:460kW","2026-10-04T09:44:22.762Z","true","SOURCE_DUPLICATE_DIFFERENT_PRICING|SOURCE_REF_REUSED_ACROSS_LOCATIONS|COMPLEX_TIME_OR_DURATION_PRICING","5646b2342001a666","0","","8","0","2"
"1","FRHPCPNF058500TOTEM","","4194022","NUMERIC","3475363","4","IEC_62196_T2:22kW","2026-10-04T09:44:22.762Z","true","SOURCE_DUPLICATE_DIFFERENT_PRICING|SOURCE_REF_REUSED_ACROSS_LOCATIONS|COMPLEX_TIME_OR_DURATION_PRICING","fe0b794d8bb093e8","0","","8","0","2"
"1","FRHPCPNF058532","","4194199","NUMERIC","3476061","1","IEC_62196_T2_COMBO:460kW","2026-10-04T09:44:53.797Z","true","SOURCE_DUPLICATE_DIFFERENT_PRICING|SOURCE_REF_REUSED_ACROSS_LOCATIONS|COMPLEX_TIME_OR_DURATION_PRICING","e72b6b91c6adea6b","0","","6","0","2"
"1","FRHPCPNF058532","","4194199","NUMERIC","3476062","1","IEC_62196_T2:22kW","2026-10-04T09:44:53.797Z","true","SOURCE_DUPLICATE_DIFFERENT_PRICING|SOURCE_REF_REUSED_ACROSS_LOCATIONS|COMPLEX_TIME_OR_DURATION_PRICING","473290522abd5cf4","0","","6","0","2"
"1","FRHPCPNF058532","","4194199","NUMERIC","3476063","2","CHADEMO:460kW","2026-10-04T09:44:53.797Z","true","SOURCE_DUPLICATE_DIFFERENT_PRICING|SOURCE_REF_REUSED_ACROSS_LOCATIONS|COMPLEX_TIME_OR_DURATION_PRICING","195e310c863957bd","0","","6","0","2"
"1","FRHPCPNF058532","","4194199","NUMERIC","3476065","2","IEC_62196_T2_COMBO:460kW","2026-10-04T09:44:53.797Z","true","SOURCE_DUPLICATE_DIFFERENT_PRICING|SOURCE_REF_REUSED_ACROSS_LOCATIONS|COMPLEX_TIME_OR_DURATION_PRICING","e72b6b91c6adea6b","0","","6","0","2"
"1","FRHPCPNF058543","","4196091","NUMERIC","3482028","1","IEC_62196_T2:44kW","2026-09-27T17:23:01.821Z","false","SOURCE_DUPLICATE_DIFFERENT_PRICING|SOURCE_REF_REUSED_ACROSS_LOCATIONS|COMPLEX_TIME_OR_DURATION_PRICING|NO_DETERMINISTIC_LOCAL_IRVE_MATCH|UNPUBLISHED_SOURCE_EVSE","af44c279366146a9","0","","3","0","3"
"1","FRHPCPNF058543","","4196091","NUMERIC","3482030","1","IEC_62196_T2_COMBO:60kW","2026-09-27T17:23:01.821Z","false","SOURCE_DUPLICATE_DIFFERENT_PRICING|SOURCE_REF_REUSED_ACROSS_LOCATIONS|COMPLEX_TIME_OR_DURATION_PRICING|NO_DETERMINISTIC_LOCAL_IRVE_MATCH|UNPUBLISHED_SOURCE_EVSE","dc300e5acf3d0c0e","0","","3","0","3"
"1","FRHPCPNF058543","","4196091","NUMERIC","3482032","1","CHADEMO:60kW","2026-09-27T17:23:01.821Z","false","SOURCE_DUPLICATE_DIFFERENT_PRICING|SOURCE_REF_REUSED_ACROSS_LOCATIONS|COMPLEX_TIME_OR_DURATION_PRICING|NO_DETERMINISTIC_LOCAL_IRVE_MATCH|UNPUBLISHED_SOURCE_EVSE","92473908ef1c28cd","0","","3","0","3"
"1","FRHPCPNF058707","","4193273","NUMERIC","3471839","1","IEC_62196_T2_COMBO:460kW","2026-09-27T17:16:23.766Z","true","SOURCE_DUPLICATE_DIFFERENT_PRICING|SOURCE_REF_REUSED_ACROSS_LOCATIONS|COMPLEX_TIME_OR_DURATION_PRICING","dbc85e70fac8c254","0","","6","0","2"
"1","FRHPCPNF058707","","4193273","NUMERIC","3471840","1","IEC_62196_T2:22kW","2026-09-27T17:16:23.766Z","true","SOURCE_DUPLICATE_DIFFERENT_PRICING|SOURCE_REF_REUSED_ACROSS_LOCATIONS|COMPLEX_TIME_OR_DURATION_PRICING","122869f63c72132b","0","","6","0","2"
"1","FRHPCPNF058707","","4193273","NUMERIC","3471841","2","CHADEMO:460kW","2026-09-27T17:16:23.766Z","true","SOURCE_DUPLICATE_DIFFERENT_PRICING|SOURCE_REF_REUSED_ACROSS_LOCATIONS|COMPLEX_TIME_OR_DURATION_PRICING","5fc0303a8562e353","0","","6","0","2"
"1","FRHPCPNF058707","","4193273","NUMERIC","3471842","2","IEC_62196_T2_COMBO:460kW","2026-09-27T17:16:23.766Z","true","SOURCE_DUPLICATE_DIFFERENT_PRICING|SOURCE_REF_REUSED_ACROSS_LOCATIONS|COMPLEX_TIME_OR_DURATION_PRICING","dbc85e70fac8c254","0","","6","0","2"
"1","FRHPCPNF058715","","4195190","NUMERIC","3479369","1","IEC_62196_T2_COMBO:460kW","2026-09-27T17:21:50.999Z","true","SOURCE_DUPLICATE_DIFFERENT_PRICING|SOURCE_REF_REUSED_ACROSS_LOCATIONS|COMPLEX_TIME_OR_DURATION_PRICING","dbc85e70fac8c254","0","","5","0","4"
"1","FRHPCPNF058715","","4195190","NUMERIC","3479370","1","IEC_62196_T2:22kW","2026-09-27T17:21:50.999Z","true","SOURCE_DUPLICATE_DIFFERENT_PRICING|SOURCE_REF_REUSED_ACROSS_LOCATIONS|COMPLEX_TIME_OR_DURATION_PRICING","122869f63c72132b","0","","5","0","4"
"1","FRHPCPNF058715","","4195190","NUMERIC","3479371","1","IEC_62196_T2_COMBO:460kW","2026-09-27T17:21:50.999Z","true","SOURCE_DUPLICATE_DIFFERENT_PRICING|SOURCE_REF_REUSED_ACROSS_LOCATIONS|COMPLEX_TIME_OR_DURATION_PRICING","dbc85e70fac8c254","0","","5","0","4"
"1","FRHPCPNF058715","","4195190","NUMERIC","3479376","1","CHADEMO:460kW","2026-09-27T17:21:50.999Z","true","SOURCE_DUPLICATE_DIFFERENT_PRICING|SOURCE_REF_REUSED_ACROSS_LOCATIONS|COMPLEX_TIME_OR_DURATION_PRICING","5fc0303a8562e353","0","","5","0","4"
"1","FRHPCPNF058742","","4192729","NUMERIC","3468603","1","IEC_62196_T2:22kW","2026-09-27T17:13:34.945Z","true","SOURCE_DUPLICATE_DIFFERENT_PRICING|SOURCE_REF_REUSED_ACROSS_LOCATIONS|COMPLEX_TIME_OR_DURATION_PRICING","122869f63c72132b","0","","2","0","3"
"1","FRHPCPNF058742","","4192729","NUMERIC","3468605","1","CHADEMO:460kW","2026-09-27T17:13:34.945Z","true","SOURCE_DUPLICATE_DIFFERENT_PRICING|SOURCE_REF_REUSED_ACROSS_LOCATIONS|COMPLEX_TIME_OR_DURATION_PRICING","5fc0303a8562e353","0","","2","0","3"
"1","FRHPCPNF058742","","4192729","NUMERIC","3468606","1","IEC_62196_T2_COMBO:460kW","2026-09-27T17:13:34.945Z","true","SOURCE_DUPLICATE_DIFFERENT_PRICING|SOURCE_REF_REUSED_ACROSS_LOCATIONS|COMPLEX_TIME_OR_DURATION_PRICING","dbc85e70fac8c254","0","","2","0","3"
"1","FRHPCPNF058742","","4192729","NUMERIC","4425516","2","IEC_62196_T2_COMBO:150kW","2026-09-27T17:13:34.945Z","false","SOURCE_DUPLICATE_DIFFERENT_PRICING|SOURCE_REF_REUSED_ACROSS_LOCATIONS|COMPLEX_TIME_OR_DURATION_PRICING|NO_DETERMINISTIC_LOCAL_IRVE_MATCH|UNPUBLISHED_SOURCE_EVSE","d81c2f9ca3ec5b6e","0","","2","0","3"
"1","FRHPCPNF058742","","4192729","NUMERIC","4425517","2","CHADEMO:100kW","2026-09-27T17:13:34.945Z","false","SOURCE_DUPLICATE_DIFFERENT_PRICING|SOURCE_REF_REUSED_ACROSS_LOCATIONS|COMPLEX_TIME_OR_DURATION_PRICING|NO_DETERMINISTIC_LOCAL_IRVE_MATCH|UNPUBLISHED_SOURCE_EVSE","5617786b0d1c76a3","0","","2","0","3"
"1","FRHPCPNF058742","","4192729","NUMERIC","4425518","2","IEC_62196_T2:22kW","2026-09-27T17:13:34.945Z","false","SOURCE_DUPLICATE_DIFFERENT_PRICING|SOURCE_REF_REUSED_ACROSS_LOCATIONS|COMPLEX_TIME_OR_DURATION_PRICING|NO_DETERMINISTIC_LOCAL_IRVE_MATCH|UNPUBLISHED_SOURCE_EVSE","122869f63c72132b","0","","2","0","3"
"1","FRHPCPNF058931TOTEM","","4192850","NUMERIC","3469570","7","IEC_62196_T2_COMBO:460kW","2026-09-27T17:14:14.578Z","true","SOURCE_DUPLICATE_DIFFERENT_PRICING|SOURCE_REF_REUSED_ACROSS_LOCATIONS|COMPLEX_TIME_OR_DURATION_PRICING","dbc85e70fac8c254","0","","8","0","4"
"1","FRHPCPNF058931TOTEM","","4192850","NUMERIC","3469573","8","IEC_62196_T2_COMBO:460kW","2026-09-27T17:14:14.578Z","true","SOURCE_DUPLICATE_DIFFERENT_PRICING|SOURCE_REF_REUSED_ACROSS_LOCATIONS|COMPLEX_TIME_OR_DURATION_PRICING","dbc85e70fac8c254","0","","8","0","4"
"1","FRHPCPNF058931TOTEM","","4192850","NUMERIC","3469574","8","IEC_62196_T2:22kW","2026-09-27T17:14:14.578Z","true","SOURCE_DUPLICATE_DIFFERENT_PRICING|SOURCE_REF_REUSED_ACROSS_LOCATIONS|COMPLEX_TIME_OR_DURATION_PRICING","122869f63c72132b","0","","8","0","4"
"1","FRHPCPNF058931TOTEM","","4192850","NUMERIC","3469576","8","CHADEMO:460kW","2026-09-27T17:14:14.578Z","true","SOURCE_DUPLICATE_DIFFERENT_PRICING|SOURCE_REF_REUSED_ACROSS_LOCATIONS|COMPLEX_TIME_OR_DURATION_PRICING","5fc0303a8562e353","0","","8","0","4"
"1","FRHPCPNF058931TOTEM","","4192850","NUMERIC","3469578","1","IEC_62196_T2_COMBO:460kW","2026-09-27T17:14:14.578Z","true","SOURCE_DUPLICATE_DIFFERENT_PRICING|SOURCE_REF_REUSED_ACROSS_LOCATIONS|COMPLEX_TIME_OR_DURATION_PRICING","dbc85e70fac8c254","0","","8","0","3"
"1","FRHPCPNF058931TOTEM","","4192850","NUMERIC","3469580","1","CHADEMO:460kW","2026-09-27T17:14:14.578Z","true","SOURCE_DUPLICATE_DIFFERENT_PRICING|SOURCE_REF_REUSED_ACROSS_LOCATIONS|COMPLEX_TIME_OR_DURATION_PRICING","5fc0303a8562e353","0","","8","0","3"
"1","FRHPCPNF058931TOTEM","","4192850","NUMERIC","3469582","1","IEC_62196_T2:22kW","2026-09-27T17:14:14.578Z","true","SOURCE_DUPLICATE_DIFFERENT_PRICING|SOURCE_REF_REUSED_ACROSS_LOCATIONS|COMPLEX_TIME_OR_DURATION_PRICING","122869f63c72132b","0","","8","0","3"
"1","FRHPCPNF058931TOTEM","","4192850","NUMERIC","3469590","5","IEC_62196_T2_COMBO:460kW","2026-09-27T17:14:14.578Z","true","SOURCE_DUPLICATE_DIFFERENT_PRICING|SOURCE_REF_REUSED_ACROSS_LOCATIONS|COMPLEX_TIME_OR_DURATION_PRICING","dbc85e70fac8c254","0","","8","0","4"
"1","FRHPCPNF058931TOTEM","","4192850","NUMERIC","3469592","5","IEC_62196_T2:22kW","2026-09-27T17:14:14.578Z","true","SOURCE_DUPLICATE_DIFFERENT_PRICING|SOURCE_REF_REUSED_ACROSS_LOCATIONS|COMPLEX_TIME_OR_DURATION_PRICING","122869f63c72132b","0","","8","0","4"
"1","FRHPCPNF058931TOTEM","","4192850","NUMERIC","3469594","5","CHADEMO:460kW","2026-09-27T17:14:14.578Z","true","SOURCE_DUPLICATE_DIFFERENT_PRICING|SOURCE_REF_REUSED_ACROSS_LOCATIONS|COMPLEX_TIME_OR_DURATION_PRICING","5fc0303a8562e353","0","","8","0","4"
"1","FRHPCPNF058931TOTEM","","4192850","NUMERIC","3469596","5","IEC_62196_T2_COMBO:460kW","2026-09-27T17:14:14.578Z","true","SOURCE_DUPLICATE_DIFFERENT_PRICING|SOURCE_REF_REUSED_ACROSS_LOCATIONS|COMPLEX_TIME_OR_DURATION_PRICING","dbc85e70fac8c254","0","","8","0","4"
"1","FRHPCPNF058931TOTEM","","4192850","NUMERIC","3469598","6","IEC_62196_T2_COMBO:460kW","2026-09-27T17:14:14.578Z","true","SOURCE_DUPLICATE_DIFFERENT_PRICING|SOURCE_REF_REUSED_ACROSS_LOCATIONS|COMPLEX_TIME_OR_DURATION_PRICING","dbc85e70fac8c254","0","","8","0","4"
"1","FRHPCPNF058931TOTEM","","4192850","NUMERIC","3469600","6","IEC_62196_T2:22kW","2026-09-27T17:14:14.578Z","true","SOURCE_DUPLICATE_DIFFERENT_PRICING|SOURCE_REF_REUSED_ACROSS_LOCATIONS|COMPLEX_TIME_OR_DURATION_PRICING","122869f63c72132b","0","","8","0","4"
"1","FRHPCPNF058931TOTEM","","4192850","NUMERIC","3469602","6","CHADEMO:460kW","2026-09-27T17:14:14.578Z","true","SOURCE_DUPLICATE_DIFFERENT_PRICING|SOURCE_REF_REUSED_ACROSS_LOCATIONS|COMPLEX_TIME_OR_DURATION_PRICING","5fc0303a8562e353","0","","8","0","4"
"1","FRHPCPNF058931TOTEM","","4192850","NUMERIC","3469604","6","IEC_62196_T2_COMBO:460kW","2026-09-27T17:14:14.578Z","true","SOURCE_DUPLICATE_DIFFERENT_PRICING|SOURCE_REF_REUSED_ACROSS_LOCATIONS|COMPLEX_TIME_OR_DURATION_PRICING","dbc85e70fac8c254","0","","8","0","4"
"1","FRHPCPNF058931TOTEM","","4192850","NUMERIC","3469606","7","IEC_62196_T2_COMBO:460kW","2026-09-27T17:14:14.578Z","true","SOURCE_DUPLICATE_DIFFERENT_PRICING|SOURCE_REF_REUSED_ACROSS_LOCATIONS|COMPLEX_TIME_OR_DURATION_PRICING","dbc85e70fac8c254","0","","8","0","4"
"1","FRHPCPNF058931TOTEM","","4192850","NUMERIC","3469608","7","IEC_62196_T2:22kW","2026-09-27T17:14:14.578Z","true","SOURCE_DUPLICATE_DIFFERENT_PRICING|SOURCE_REF_REUSED_ACROSS_LOCATIONS|COMPLEX_TIME_OR_DURATION_PRICING","122869f63c72132b","0","","8","0","4"
"1","FRHPCPNF058931TOTEM","","4192850","NUMERIC","3469610","7","CHADEMO:460kW","2026-09-27T17:14:14.578Z","true","SOURCE_DUPLICATE_DIFFERENT_PRICING|SOURCE_REF_REUSED_ACROSS_LOCATIONS|COMPLEX_TIME_OR_DURATION_PRICING","5fc0303a8562e353","0","","8","0","4"
"1","FRHPCPNF058931TOTEM","","4192850","NUMERIC","3469611","8","IEC_62196_T2_COMBO:460kW","2026-09-27T17:14:14.578Z","true","SOURCE_DUPLICATE_DIFFERENT_PRICING|SOURCE_REF_REUSED_ACROSS_LOCATIONS|COMPLEX_TIME_OR_DURATION_PRICING","dbc85e70fac8c254","0","","8","0","4"
"1","FRHPCPNF058967TOTEM","","4192722","NUMERIC","3468424","1","IEC_62196_T2_COMBO:475kW","2026-09-27T17:13:33.212Z","true","SOURCE_DUPLICATE_DIFFERENT_PRICING|SOURCE_REF_REUSED_ACROSS_LOCATIONS|COMPLEX_TIME_OR_DURATION_PRICING","d91c1e876d4493ab","0","","17","0","2"
"1","FRHPCPNF058967TOTEM","","4192722","NUMERIC","3468426","5","IEC_62196_T2_COMBO:460kW","2026-09-27T17:13:33.212Z","true","SOURCE_DUPLICATE_DIFFERENT_PRICING|SOURCE_REF_REUSED_ACROSS_LOCATIONS|COMPLEX_TIME_OR_DURATION_PRICING","73cc744bbd85f528","0","","17","0","3"
"1","FRHPCPNF058967TOTEM","","4192722","NUMERIC","3468429","5","CHADEMO:460kW","2026-09-27T17:13:33.212Z","true","SOURCE_DUPLICATE_DIFFERENT_PRICING|SOURCE_REF_REUSED_ACROSS_LOCATIONS|COMPLEX_TIME_OR_DURATION_PRICING","64869e6e3859821e","0","","17","0","3"
"1","FRHPCPNF058967TOTEM","","4192722","NUMERIC","3468432","5","IEC_62196_T2:22kW","2026-09-27T17:13:33.212Z","true","SOURCE_DUPLICATE_DIFFERENT_PRICING|SOURCE_REF_REUSED_ACROSS_LOCATIONS|COMPLEX_TIME_OR_DURATION_PRICING","17e1d60383ce6b81","0","","17","0","3"
"1","FRHPCPNF058967TOTEM","","4192722","NUMERIC","3468469","16","IEC_62196_T2_COMBO:460kW","2026-09-27T17:13:33.212Z","true","SOURCE_DUPLICATE_DIFFERENT_PRICING|SOURCE_REF_REUSED_ACROSS_LOCATIONS|COMPLEX_TIME_OR_DURATION_PRICING","73cc744bbd85f528","0","","17","0","3"
"1","FRHPCPNF058967TOTEM","","4192722","NUMERIC","3468473","16","CHADEMO:460kW","2026-09-27T17:13:33.212Z","true","SOURCE_DUPLICATE_DIFFERENT_PRICING|SOURCE_REF_REUSED_ACROSS_LOCATIONS|COMPLEX_TIME_OR_DURATION_PRICING","64869e6e3859821e","0","","17","0","3"
"1","FRHPCPNF058967TOTEM","","4192722","NUMERIC","3468478","16","IEC_62196_T2:22kW","2026-09-27T17:13:33.212Z","true","SOURCE_DUPLICATE_DIFFERENT_PRICING|SOURCE_REF_REUSED_ACROSS_LOCATIONS|COMPLEX_TIME_OR_DURATION_PRICING","17e1d60383ce6b81","0","","17","0","3"
"1","FRHPCPNF058967TOTEM","","4192722","NUMERIC","3468482","1","IEC_62196_T2_COMBO:460kW","2026-09-27T17:13:33.212Z","true","SOURCE_DUPLICATE_DIFFERENT_PRICING|SOURCE_REF_REUSED_ACROSS_LOCATIONS|COMPLEX_TIME_OR_DURATION_PRICING","73cc744bbd85f528","0","","17","0","2"
"1","FRHPCPNF058968TOTEM","","4192732","NUMERIC","3468608","1","IEC_62196_T2:44kW","2026-09-27T17:13:38.048Z","true","SOURCE_DUPLICATE_DIFFERENT_PRICING|SOURCE_REF_REUSED_ACROSS_LOCATIONS|COMPLEX_TIME_OR_DURATION_PRICING","230d0d70f11adf0f","0","","8","0","3"
"1","FRHPCPNF058968TOTEM","","4192732","NUMERIC","3468610","1","IEC_62196_T2_COMBO:60kW","2026-09-27T17:13:38.048Z","true","SOURCE_DUPLICATE_DIFFERENT_PRICING|SOURCE_REF_REUSED_ACROSS_LOCATIONS|COMPLEX_TIME_OR_DURATION_PRICING","3fa9aae7400035a7","0","","8","0","3"
"1","FRHPCPNF058968TOTEM","","4192732","NUMERIC","3468611","1","CHADEMO:60kW","2026-09-27T17:13:38.048Z","true","SOURCE_DUPLICATE_DIFFERENT_PRICING|SOURCE_REF_REUSED_ACROSS_LOCATIONS|COMPLEX_TIME_OR_DURATION_PRICING","fe40a83747f58f03","0","","8","0","3"
"1","FRHPCPNF058968TOTEM","","4192732","NUMERIC","3468624","8","IEC_62196_T2:44kW","2026-09-27T17:13:38.048Z","true","SOURCE_DUPLICATE_DIFFERENT_PRICING|SOURCE_REF_REUSED_ACROSS_LOCATIONS|COMPLEX_TIME_OR_DURATION_PRICING","230d0d70f11adf0f","0","","8","0","3"
"1","FRHPCPNF058968TOTEM","","4192732","NUMERIC","3468626","8","IEC_62196_T2_COMBO:60kW","2026-09-27T17:13:38.048Z","true","SOURCE_DUPLICATE_DIFFERENT_PRICING|SOURCE_REF_REUSED_ACROSS_LOCATIONS|COMPLEX_TIME_OR_DURATION_PRICING","3fa9aae7400035a7","0","","8","0","3"
"1","FRHPCPNF058968TOTEM","","4192732","NUMERIC","3468628","8","CHADEMO:60kW","2026-09-27T17:13:38.048Z","true","SOURCE_DUPLICATE_DIFFERENT_PRICING|SOURCE_REF_REUSED_ACROSS_LOCATIONS|COMPLEX_TIME_OR_DURATION_PRICING","fe40a83747f58f03","0","","8","0","3"
"1","FRHPCPNF058969TOTEMSA","","4193948","NUMERIC","3475048","1","IEC_62196_T2:44kW","2026-09-27T17:18:46.924Z","true","SOURCE_DUPLICATE_DIFFERENT_PRICING|SOURCE_REF_REUSED_ACROSS_LOCATIONS|COMPLEX_TIME_OR_DURATION_PRICING","230d0d70f11adf0f","0","","12","0","3"
"1","FRHPCPNF058969TOTEMSA","","4193948","NUMERIC","3475049","1","IEC_62196_T2_COMBO:60kW","2026-09-27T17:18:46.924Z","true","SOURCE_DUPLICATE_DIFFERENT_PRICING|SOURCE_REF_REUSED_ACROSS_LOCATIONS|COMPLEX_TIME_OR_DURATION_PRICING","3fa9aae7400035a7","0","","12","0","3"
"1","FRHPCPNF058969TOTEMSA","","4193948","NUMERIC","3475050","1","CHADEMO:60kW","2026-09-27T17:18:46.924Z","true","SOURCE_DUPLICATE_DIFFERENT_PRICING|SOURCE_REF_REUSED_ACROSS_LOCATIONS|COMPLEX_TIME_OR_DURATION_PRICING","fe40a83747f58f03","0","","12","0","3"
"1","FRHPCPNF058969TOTEMSA","","4193948","NUMERIC","3475057","8","IEC_62196_T2:44kW","2026-09-27T17:18:46.924Z","true","SOURCE_DUPLICATE_DIFFERENT_PRICING|SOURCE_REF_REUSED_ACROSS_LOCATIONS|COMPLEX_TIME_OR_DURATION_PRICING","230d0d70f11adf0f","0","","12","0","3"
"1","FRHPCPNF058969TOTEMSA","","4193948","NUMERIC","3475058","8","IEC_62196_T2_COMBO:60kW","2026-09-27T17:18:46.924Z","true","SOURCE_DUPLICATE_DIFFERENT_PRICING|SOURCE_REF_REUSED_ACROSS_LOCATIONS|COMPLEX_TIME_OR_DURATION_PRICING","3fa9aae7400035a7","0","","12","0","3"
"1","FRHPCPNF058969TOTEMSA","","4193948","NUMERIC","3475060","8","CHADEMO:60kW","2026-09-27T17:18:46.924Z","true","SOURCE_DUPLICATE_DIFFERENT_PRICING|SOURCE_REF_REUSED_ACROSS_LOCATIONS|COMPLEX_TIME_OR_DURATION_PRICING","fe40a83747f58f03","0","","12","0","3"
"1","FRHPCPNF058969TOTEMSA","","4193948","NUMERIC","3475062","9","IEC_62196_T2_COMBO:460kW","2026-09-27T17:18:46.924Z","true","SOURCE_DUPLICATE_DIFFERENT_PRICING|SOURCE_REF_REUSED_ACROSS_LOCATIONS|COMPLEX_TIME_OR_DURATION_PRICING","dbc85e70fac8c254","0","","12","0","2"
"1","FRHPCPNF058969TOTEMSA","","4193948","NUMERIC","3475063","9","IEC_62196_T2:22kW","2026-09-27T17:18:46.924Z","true","SOURCE_DUPLICATE_DIFFERENT_PRICING|SOURCE_REF_REUSED_ACROSS_LOCATIONS|COMPLEX_TIME_OR_DURATION_PRICING","122869f63c72132b","0","","12","0","2"
"1","FRHPCPNF058969TOTEMSA","","4193948","NUMERIC","3475064","10","CHADEMO:460kW","2026-09-27T17:18:46.924Z","true","SOURCE_DUPLICATE_DIFFERENT_PRICING|SOURCE_REF_REUSED_ACROSS_LOCATIONS|COMPLEX_TIME_OR_DURATION_PRICING","5fc0303a8562e353","0","","12","0","2"
"1","FRHPCPNF058969TOTEMSA","","4193948","NUMERIC","3475065","10","IEC_62196_T2_COMBO:460kW","2026-09-27T17:18:46.924Z","true","SOURCE_DUPLICATE_DIFFERENT_PRICING|SOURCE_REF_REUSED_ACROSS_LOCATIONS|COMPLEX_TIME_OR_DURATION_PRICING","dbc85e70fac8c254","0","","12","0","2"
"1","FRHPCPNF058969TOTEMSA","","4193948","NUMERIC","3475066","11","IEC_62196_T2_COMBO:460kW","2026-09-27T17:18:46.924Z","true","SOURCE_DUPLICATE_DIFFERENT_PRICING|SOURCE_REF_REUSED_ACROSS_LOCATIONS|COMPLEX_TIME_OR_DURATION_PRICING","dbc85e70fac8c254","0","","12","0","2"
"1","FRHPCPNF058969TOTEMSA","","4193948","NUMERIC","3475069","11","IEC_62196_T2:22kW","2026-09-27T17:18:46.924Z","true","SOURCE_DUPLICATE_DIFFERENT_PRICING|SOURCE_REF_REUSED_ACROSS_LOCATIONS|COMPLEX_TIME_OR_DURATION_PRICING","122869f63c72132b","0","","12","0","2"
"1","FRHPCPNF058969TOTEMSA","","4193948","NUMERIC","3475070","12","CHADEMO:460kW","2026-09-27T17:18:46.924Z","true","SOURCE_DUPLICATE_DIFFERENT_PRICING|SOURCE_REF_REUSED_ACROSS_LOCATIONS|COMPLEX_TIME_OR_DURATION_PRICING","5fc0303a8562e353","0","","12","0","2"
"1","FRHPCPNF058969TOTEMSA","","4193948","NUMERIC","3475071","12","IEC_62196_T2_COMBO:460kW","2026-09-27T17:18:46.924Z","true","SOURCE_DUPLICATE_DIFFERENT_PRICING|SOURCE_REF_REUSED_ACROSS_LOCATIONS|COMPLEX_TIME_OR_DURATION_PRICING","dbc85e70fac8c254","0","","12","0","2"
"1","FRHPCPNF059010TOTEM","","4199806","NUMERIC","3491503","1","IEC_62196_T2_COMBO:460kW","2026-10-04T09:47:39.095Z","true","SOURCE_DUPLICATE_DIFFERENT_PRICING|SOURCE_REF_REUSED_ACROSS_LOCATIONS|COMPLEX_TIME_OR_DURATION_PRICING","1d2da32100d6466c","0","","9","0","2"
"1","FRHPCPNF059010TOTEM","","4199806","NUMERIC","3491507","1","IEC_62196_T2:22kW","2026-10-04T09:47:39.095Z","true","SOURCE_DUPLICATE_DIFFERENT_PRICING|SOURCE_REF_REUSED_ACROSS_LOCATIONS|COMPLEX_TIME_OR_DURATION_PRICING","4d44be8972662e6e","0","","9","0","2"
"1","FRHPCPNF059010TOTEM","","4199806","NUMERIC","3491512","2","CHADEMO:460kW","2026-10-04T09:47:39.095Z","true","SOURCE_DUPLICATE_DIFFERENT_PRICING|SOURCE_REF_REUSED_ACROSS_LOCATIONS|COMPLEX_TIME_OR_DURATION_PRICING","c3c7da6c15dfc6e2","0","","9","0","2"
"1","FRHPCPNF059010TOTEM","","4199806","NUMERIC","3491518","2","IEC_62196_T2_COMBO:460kW","2026-10-04T09:47:39.095Z","true","SOURCE_DUPLICATE_DIFFERENT_PRICING|SOURCE_REF_REUSED_ACROSS_LOCATIONS|COMPLEX_TIME_OR_DURATION_PRICING","1d2da32100d6466c","0","","9","0","2"
"1","FRHPCPNF059010TOTEM","","4199806","NUMERIC","3491523","3","IEC_62196_T2_COMBO:460kW","2026-10-04T09:47:39.095Z","true","SOURCE_DUPLICATE_DIFFERENT_PRICING|SOURCE_REF_REUSED_ACROSS_LOCATIONS|COMPLEX_TIME_OR_DURATION_PRICING","1d2da32100d6466c","0","","9","0","2"
"1","FRHPCPNF059010TOTEM","","4199806","NUMERIC","3491528","3","IEC_62196_T2:22kW","2026-10-04T09:47:39.095Z","true","SOURCE_DUPLICATE_DIFFERENT_PRICING|SOURCE_REF_REUSED_ACROSS_LOCATIONS|COMPLEX_TIME_OR_DURATION_PRICING","4d44be8972662e6e","0","","9","0","2"
"1","FRHPCPNF059010TOTEM","","4199806","NUMERIC","3491533","4","CHADEMO:460kW","2026-10-04T09:47:39.095Z","true","SOURCE_DUPLICATE_DIFFERENT_PRICING|SOURCE_REF_REUSED_ACROSS_LOCATIONS|COMPLEX_TIME_OR_DURATION_PRICING","c3c7da6c15dfc6e2","0","","9","0","2"
"1","FRHPCPNF059010TOTEM","","4199806","NUMERIC","3491538","4","IEC_62196_T2_COMBO:460kW","2026-10-04T09:47:39.095Z","true","SOURCE_DUPLICATE_DIFFERENT_PRICING|SOURCE_REF_REUSED_ACROSS_LOCATIONS|COMPLEX_TIME_OR_DURATION_PRICING","1d2da32100d6466c","0","","9","0","2"
"1","FRHPCPNF059042TOTEM","","4192774","NUMERIC","3469031","1","IEC_62196_T2:44kW","2026-09-27T17:13:51.537Z","true","SOURCE_DUPLICATE_DIFFERENT_PRICING|SOURCE_REF_REUSED_ACROSS_LOCATIONS|COMPLEX_TIME_OR_DURATION_PRICING","230d0d70f11adf0f","0","","8","0","3"
"1","FRHPCPNF059042TOTEM","","4192774","NUMERIC","3469034","1","IEC_62196_T2_COMBO:60kW","2026-09-27T17:13:51.537Z","true","SOURCE_DUPLICATE_DIFFERENT_PRICING|SOURCE_REF_REUSED_ACROSS_LOCATIONS|COMPLEX_TIME_OR_DURATION_PRICING","3fa9aae7400035a7","0","","8","0","3"
"1","FRHPCPNF059042TOTEM","","4192774","NUMERIC","3469037","1","CHADEMO:60kW","2026-09-27T17:13:51.537Z","true","SOURCE_DUPLICATE_DIFFERENT_PRICING|SOURCE_REF_REUSED_ACROSS_LOCATIONS|COMPLEX_TIME_OR_DURATION_PRICING","fe40a83747f58f03","0","","8","0","3"
"1","FRHPCPNF059042TOTEM","","4192774","NUMERIC","3469055","8","IEC_62196_T2:44kW","2026-09-27T17:13:51.537Z","true","SOURCE_DUPLICATE_DIFFERENT_PRICING|SOURCE_REF_REUSED_ACROSS_LOCATIONS|COMPLEX_TIME_OR_DURATION_PRICING","230d0d70f11adf0f","0","","8","0","3"
"1","FRHPCPNF059042TOTEM","","4192774","NUMERIC","3469057","8","IEC_62196_T2_COMBO:60kW","2026-09-27T17:13:51.537Z","true","SOURCE_DUPLICATE_DIFFERENT_PRICING|SOURCE_REF_REUSED_ACROSS_LOCATIONS|COMPLEX_TIME_OR_DURATION_PRICING","3fa9aae7400035a7","0","","8","0","3"
"1","FRHPCPNF059042TOTEM","","4192774","NUMERIC","3469060","8","CHADEMO:60kW","2026-09-27T17:13:51.537Z","true","SOURCE_DUPLICATE_DIFFERENT_PRICING|SOURCE_REF_REUSED_ACROSS_LOCATIONS|COMPLEX_TIME_OR_DURATION_PRICING","fe40a83747f58f03","0","","8","0","3"
"1","FRHPCPNF059051TOTEM","","4192976","NUMERIC","3470277","1","IEC_62196_T2:44kW","2026-09-27T17:14:59.693Z","false","SOURCE_DUPLICATE_DIFFERENT_PRICING|SOURCE_REF_REUSED_ACROSS_LOCATIONS|COMPLEX_TIME_OR_DURATION_PRICING|NO_DETERMINISTIC_LOCAL_IRVE_MATCH|UNPUBLISHED_SOURCE_EVSE","af44c279366146a9","0","","9","0","3"
"1","FRHPCPNF059051TOTEM","","4192976","NUMERIC","3470278","1","IEC_62196_T2_COMBO:60kW","2026-09-27T17:14:59.693Z","false","SOURCE_DUPLICATE_DIFFERENT_PRICING|SOURCE_REF_REUSED_ACROSS_LOCATIONS|COMPLEX_TIME_OR_DURATION_PRICING|NO_DETERMINISTIC_LOCAL_IRVE_MATCH|UNPUBLISHED_SOURCE_EVSE","dc300e5acf3d0c0e","0","","9","0","3"
"1","FRHPCPNF059051TOTEM","","4192976","NUMERIC","3470279","1","CHADEMO:60kW","2026-09-27T17:14:59.693Z","false","SOURCE_DUPLICATE_DIFFERENT_PRICING|SOURCE_REF_REUSED_ACROSS_LOCATIONS|COMPLEX_TIME_OR_DURATION_PRICING|NO_DETERMINISTIC_LOCAL_IRVE_MATCH|UNPUBLISHED_SOURCE_EVSE","92473908ef1c28cd","0","","9","0","3"
"1","FRHPCPNF059051TOTEM","","4192976","NUMERIC","3470289","8","IEC_62196_T2:44kW","2026-09-27T17:14:59.693Z","false","SOURCE_DUPLICATE_DIFFERENT_PRICING|SOURCE_REF_REUSED_ACROSS_LOCATIONS|COMPLEX_TIME_OR_DURATION_PRICING|NO_DETERMINISTIC_LOCAL_IRVE_MATCH|UNPUBLISHED_SOURCE_EVSE","af44c279366146a9","0","","9","0","3"
"1","FRHPCPNF059051TOTEM","","4192976","NUMERIC","3470290","8","IEC_62196_T2_COMBO:60kW","2026-09-27T17:14:59.693Z","false","SOURCE_DUPLICATE_DIFFERENT_PRICING|SOURCE_REF_REUSED_ACROSS_LOCATIONS|COMPLEX_TIME_OR_DURATION_PRICING|NO_DETERMINISTIC_LOCAL_IRVE_MATCH|UNPUBLISHED_SOURCE_EVSE","dc300e5acf3d0c0e","0","","9","0","3"
"1","FRHPCPNF059051TOTEM","","4192976","NUMERIC","3470291","8","CHADEMO:60kW","2026-09-27T17:14:59.693Z","false","SOURCE_DUPLICATE_DIFFERENT_PRICING|SOURCE_REF_REUSED_ACROSS_LOCATIONS|COMPLEX_TIME_OR_DURATION_PRICING|NO_DETERMINISTIC_LOCAL_IRVE_MATCH|UNPUBLISHED_SOURCE_EVSE","92473908ef1c28cd","0","","9","0","3"
"1","FRHPCPNF059053","","4194014","NUMERIC","3475330","2","IEC_62196_T2:44kW","2026-09-27T17:19:02.074Z","true","SOURCE_DUPLICATE_DIFFERENT_PRICING|SOURCE_REF_REUSED_ACROSS_LOCATIONS|COMPLEX_TIME_OR_DURATION_PRICING","af44c279366146a9","0","","2","0","3"
"1","FRHPCPNF059053","","4194014","NUMERIC","3475331","2","IEC_62196_T2_COMBO:60kW","2026-09-27T17:19:02.074Z","true","SOURCE_DUPLICATE_DIFFERENT_PRICING|SOURCE_REF_REUSED_ACROSS_LOCATIONS|COMPLEX_TIME_OR_DURATION_PRICING","dc300e5acf3d0c0e","0","","2","0","3"
"1","FRHPCPNF059053","","4194014","NUMERIC","3475332","2","CHADEMO:60kW","2026-09-27T17:19:02.074Z","true","SOURCE_DUPLICATE_DIFFERENT_PRICING|SOURCE_REF_REUSED_ACROSS_LOCATIONS|COMPLEX_TIME_OR_DURATION_PRICING","92473908ef1c28cd","0","","2","0","3"
"1","FRHPCPNF059110","","4193816","NUMERIC","3474555","1","IEC_62196_T2_COMBO:460kW","2026-09-27T17:18:19.531Z","true","SOURCE_DUPLICATE_DIFFERENT_PRICING|SOURCE_REF_REUSED_ACROSS_LOCATIONS|COMPLEX_TIME_OR_DURATION_PRICING","dbc85e70fac8c254","0","","8","0","2"
"1","FRHPCPNF059110","","4193816","NUMERIC","3474556","1","IEC_62196_T2:22kW","2026-09-27T17:18:19.531Z","true","SOURCE_DUPLICATE_DIFFERENT_PRICING|SOURCE_REF_REUSED_ACROSS_LOCATIONS|COMPLEX_TIME_OR_DURATION_PRICING","122869f63c72132b","0","","8","0","2"
"1","FRHPCPNF059110","","4193816","NUMERIC","3474559","2","CHADEMO:460kW","2026-09-27T17:18:19.531Z","true","SOURCE_DUPLICATE_DIFFERENT_PRICING|SOURCE_REF_REUSED_ACROSS_LOCATIONS|COMPLEX_TIME_OR_DURATION_PRICING","5fc0303a8562e353","0","","8","0","2"
"1","FRHPCPNF059110","","4193816","NUMERIC","3474560","2","IEC_62196_T2_COMBO:460kW","2026-09-27T17:18:19.531Z","true","SOURCE_DUPLICATE_DIFFERENT_PRICING|SOURCE_REF_REUSED_ACROSS_LOCATIONS|COMPLEX_TIME_OR_DURATION_PRICING","dbc85e70fac8c254","0","","8","0","2"
"1","FRHPCPNF059189","","4192694","NUMERIC","3468276","15","IEC_62196_T2_COMBO:460kW","2026-09-27T17:13:12.602Z","true","SOURCE_DUPLICATE_DIFFERENT_PRICING|SOURCE_REF_REUSED_ACROSS_LOCATIONS|COMPLEX_TIME_OR_DURATION_PRICING","dbc85e70fac8c254","0","","16","0","3"
"1","FRHPCPNF059189","","4192694","NUMERIC","3468278","15","CHADEMO:460kW","2026-09-27T17:13:12.602Z","true","SOURCE_DUPLICATE_DIFFERENT_PRICING|SOURCE_REF_REUSED_ACROSS_LOCATIONS|COMPLEX_TIME_OR_DURATION_PRICING","5fc0303a8562e353","0","","16","0","3"
"1","FRHPCPNF059189","","4192694","NUMERIC","3468281","15","IEC_62196_T2:22kW","2026-09-27T17:13:12.602Z","true","SOURCE_DUPLICATE_DIFFERENT_PRICING|SOURCE_REF_REUSED_ACROSS_LOCATIONS|COMPLEX_TIME_OR_DURATION_PRICING","122869f63c72132b","0","","16","0","3"
"1","FRHPCPNF059189","","4192694","NUMERIC","3468284","16","IEC_62196_T2_COMBO:460kW","2026-09-27T17:13:12.602Z","true","SOURCE_DUPLICATE_DIFFERENT_PRICING|SOURCE_REF_REUSED_ACROSS_LOCATIONS|COMPLEX_TIME_OR_DURATION_PRICING","dbc85e70fac8c254","0","","16","0","3"
"1","FRHPCPNF059189","","4192694","NUMERIC","3468287","16","IEC_62196_T2:22kW","2026-09-27T17:13:12.602Z","true","SOURCE_DUPLICATE_DIFFERENT_PRICING|SOURCE_REF_REUSED_ACROSS_LOCATIONS|COMPLEX_TIME_OR_DURATION_PRICING","122869f63c72132b","0","","16","0","3"
"1","FRHPCPNF059189","","4192694","NUMERIC","3468290","16","CHADEMO:460kW","2026-09-27T17:13:12.602Z","true","SOURCE_DUPLICATE_DIFFERENT_PRICING|SOURCE_REF_REUSED_ACROSS_LOCATIONS|COMPLEX_TIME_OR_DURATION_PRICING","5fc0303a8562e353","0","","16","0","3"
"1","FRHPCPNF059190TOTEM","","4200197","NUMERIC","3491577","1","IEC_62196_T2:44kW","2026-09-27T17:25:49.923Z","true","SOURCE_DUPLICATE_DIFFERENT_PRICING|SOURCE_REF_REUSED_ACROSS_LOCATIONS|COMPLEX_TIME_OR_DURATION_PRICING","230d0d70f11adf0f","0","","16","0","3"
"1","FRHPCPNF059190TOTEM","","4200197","NUMERIC","3491581","1","IEC_62196_T2_COMBO:60kW","2026-09-27T17:25:49.923Z","true","SOURCE_DUPLICATE_DIFFERENT_PRICING|SOURCE_REF_REUSED_ACROSS_LOCATIONS|COMPLEX_TIME_OR_DURATION_PRICING","3fa9aae7400035a7","0","","16","0","3"
"1","FRHPCPNF059190TOTEM","","4200197","NUMERIC","3491585","1","CHADEMO:60kW","2026-09-27T17:25:49.923Z","true","SOURCE_DUPLICATE_DIFFERENT_PRICING|SOURCE_REF_REUSED_ACROSS_LOCATIONS|COMPLEX_TIME_OR_DURATION_PRICING","fe40a83747f58f03","0","","16","0","3"
"1","FRHPCPNF059190TOTEM","","4200197","NUMERIC","3491627","9","IEC_62196_T2:44kW","2026-09-27T17:25:49.923Z","true","SOURCE_DUPLICATE_DIFFERENT_PRICING|SOURCE_REF_REUSED_ACROSS_LOCATIONS|COMPLEX_TIME_OR_DURATION_PRICING","230d0d70f11adf0f","0","","16","0","3"
"1","FRHPCPNF059190TOTEM","","4200197","NUMERIC","3491632","9","IEC_62196_T2_COMBO:60kW","2026-09-27T17:25:49.923Z","true","SOURCE_DUPLICATE_DIFFERENT_PRICING|SOURCE_REF_REUSED_ACROSS_LOCATIONS|COMPLEX_TIME_OR_DURATION_PRICING","3fa9aae7400035a7","0","","16","0","3"
"1","FRHPCPNF059190TOTEM","","4200197","NUMERIC","3491637","9","CHADEMO:60kW","2026-09-27T17:25:49.923Z","true","SOURCE_DUPLICATE_DIFFERENT_PRICING|SOURCE_REF_REUSED_ACROSS_LOCATIONS|COMPLEX_TIME_OR_DURATION_PRICING","fe40a83747f58f03","0","","16","0","3"
"1","FRHPCPNF059235","","4192629","NUMERIC","3467555","1","IEC_62196_T2_COMBO:460kW","2026-10-04T09:40:45.212Z","true","SOURCE_DUPLICATE_DIFFERENT_PRICING|SOURCE_REF_REUSED_ACROSS_LOCATIONS|COMPLEX_TIME_OR_DURATION_PRICING","e72b6b91c6adea6b","0","","10","0","2"
"1","FRHPCPNF059235","","4192629","NUMERIC","3467556","1","IEC_62196_T2:22kW","2026-10-04T09:40:45.212Z","true","SOURCE_DUPLICATE_DIFFERENT_PRICING|SOURCE_REF_REUSED_ACROSS_LOCATIONS|COMPLEX_TIME_OR_DURATION_PRICING","473290522abd5cf4","0","","10","0","2"
"1","FRHPCPNF059235","","4192629","NUMERIC","3467557","2","CHADEMO:460kW","2026-10-04T09:40:45.212Z","true","SOURCE_DUPLICATE_DIFFERENT_PRICING|SOURCE_REF_REUSED_ACROSS_LOCATIONS|COMPLEX_TIME_OR_DURATION_PRICING","195e310c863957bd","0","","10","0","2"
"1","FRHPCPNF059235","","4192629","NUMERIC","3467558","2","IEC_62196_T2_COMBO:460kW","2026-10-04T09:40:45.212Z","true","SOURCE_DUPLICATE_DIFFERENT_PRICING|SOURCE_REF_REUSED_ACROSS_LOCATIONS|COMPLEX_TIME_OR_DURATION_PRICING","e72b6b91c6adea6b","0","","10","0","2"
"1","FRHPCPNF059235","","4192629","NUMERIC","3467563","9","IEC_62196_T2_COMBO:460kW","2026-10-04T09:40:45.212Z","true","SOURCE_DUPLICATE_DIFFERENT_PRICING|SOURCE_REF_REUSED_ACROSS_LOCATIONS|COMPLEX_TIME_OR_DURATION_PRICING","e72b6b91c6adea6b","0","","10","0","2"
"1","FRHPCPNF059235","","4192629","NUMERIC","3467564","9","IEC_62196_T2:22kW","2026-10-04T09:40:45.212Z","true","SOURCE_DUPLICATE_DIFFERENT_PRICING|SOURCE_REF_REUSED_ACROSS_LOCATIONS|COMPLEX_TIME_OR_DURATION_PRICING","473290522abd5cf4","0","","10","0","2"
"1","FRHPCPNF059235","","4192629","NUMERIC","3467565","10","CHADEMO:460kW","2026-10-04T09:40:45.212Z","true","SOURCE_DUPLICATE_DIFFERENT_PRICING|SOURCE_REF_REUSED_ACROSS_LOCATIONS|COMPLEX_TIME_OR_DURATION_PRICING","195e310c863957bd","0","","10","0","2"
"1","FRHPCPNF059235","","4192629","NUMERIC","3467566","10","IEC_62196_T2_COMBO:460kW","2026-10-04T09:40:45.212Z","true","SOURCE_DUPLICATE_DIFFERENT_PRICING|SOURCE_REF_REUSED_ACROSS_LOCATIONS|COMPLEX_TIME_OR_DURATION_PRICING","e72b6b91c6adea6b","0","","10","0","2"
"1","FRHPCPNF059298","","4193019","NUMERIC","3470651","3","IEC_62196_T2_COMBO:460kW","2026-09-27T17:15:14.428Z","true","SOURCE_DUPLICATE_DIFFERENT_PRICING|SOURCE_REF_REUSED_ACROSS_LOCATIONS|COMPLEX_TIME_OR_DURATION_PRICING","dbc85e70fac8c254","0","","8","0","2"
"1","FRHPCPNF059298","","4193019","NUMERIC","3470653","3","IEC_62196_T2:22kW","2026-09-27T17:15:14.428Z","true","SOURCE_DUPLICATE_DIFFERENT_PRICING|SOURCE_REF_REUSED_ACROSS_LOCATIONS|COMPLEX_TIME_OR_DURATION_PRICING","122869f63c72132b","0","","8","0","2"
"1","FRHPCPNF059298","","4193019","NUMERIC","3470656","4","IEC_62196_T2_COMBO:460kW","2026-09-27T17:15:14.428Z","true","SOURCE_DUPLICATE_DIFFERENT_PRICING|SOURCE_REF_REUSED_ACROSS_LOCATIONS|COMPLEX_TIME_OR_DURATION_PRICING","dbc85e70fac8c254","0","","8","0","2"
"1","FRHPCPNF059298","","4193019","NUMERIC","3470661","5","IEC_62196_T2_COMBO:460kW","2026-09-27T17:15:14.428Z","true","SOURCE_DUPLICATE_DIFFERENT_PRICING|SOURCE_REF_REUSED_ACROSS_LOCATIONS|COMPLEX_TIME_OR_DURATION_PRICING","dbc85e70fac8c254","0","","8","0","3"
"1","FRHPCPNF059298","","4193019","NUMERIC","3470664","5","IEC_62196_T2:22kW","2026-09-27T17:15:14.428Z","true","SOURCE_DUPLICATE_DIFFERENT_PRICING|SOURCE_REF_REUSED_ACROSS_LOCATIONS|COMPLEX_TIME_OR_DURATION_PRICING","122869f63c72132b","0","","8","0","3"
"1","FRHPCPNF059298","","4193019","NUMERIC","3470668","5","CHADEMO:460kW","2026-09-27T17:15:14.428Z","true","SOURCE_DUPLICATE_DIFFERENT_PRICING|SOURCE_REF_REUSED_ACROSS_LOCATIONS|COMPLEX_TIME_OR_DURATION_PRICING","5fc0303a8562e353","0","","8","0","3"
"1","FRHPCPNF059298","","4193019","NUMERIC","3470683","4","CHADEMO:460kW","2026-09-27T17:15:14.428Z","true","SOURCE_DUPLICATE_DIFFERENT_PRICING|SOURCE_REF_REUSED_ACROSS_LOCATIONS|COMPLEX_TIME_OR_DURATION_PRICING","5fc0303a8562e353","0","","8","0","2"
"1","FRHPCPNF059376TOTEM","","4193208","NUMERIC","3471379","1","IEC_62196_T2_COMBO:460kW","2026-09-27T17:15:58.580Z","true","SOURCE_DUPLICATE_DIFFERENT_PRICING|SOURCE_REF_REUSED_ACROSS_LOCATIONS|COMPLEX_TIME_OR_DURATION_PRICING","dbc85e70fac8c254","0","","4","0","2"
"1","FRHPCPNF059376TOTEM","","4193208","NUMERIC","3471382","1","IEC_62196_T2:22kW","2026-09-27T17:15:58.580Z","true","SOURCE_DUPLICATE_DIFFERENT_PRICING|SOURCE_REF_REUSED_ACROSS_LOCATIONS|COMPLEX_TIME_OR_DURATION_PRICING","122869f63c72132b","0","","4","0","2"
"1","FRHPCPNF059376TOTEM","","4193208","NUMERIC","3471384","2","CHADEMO:460kW","2026-09-27T17:15:58.580Z","true","SOURCE_DUPLICATE_DIFFERENT_PRICING|SOURCE_REF_REUSED_ACROSS_LOCATIONS|COMPLEX_TIME_OR_DURATION_PRICING","5fc0303a8562e353","0","","4","0","2"
"1","FRHPCPNF059376TOTEM","","4193208","NUMERIC","3471386","2","IEC_62196_T2_COMBO:460kW","2026-09-27T17:15:58.580Z","true","SOURCE_DUPLICATE_DIFFERENT_PRICING|SOURCE_REF_REUSED_ACROSS_LOCATIONS|COMPLEX_TIME_OR_DURATION_PRICING","dbc85e70fac8c254","0","","4","0","2"
"1","FRHPCPNF059380","","4196533","NUMERIC","3483213","1","CHADEMO:460kW","2026-09-27T17:23:28.687Z","true","SOURCE_DUPLICATE_DIFFERENT_PRICING|SOURCE_REF_REUSED_ACROSS_LOCATIONS|COMPLEX_TIME_OR_DURATION_PRICING","5fc0303a8562e353","0","","4","0","3"
"1","FRHPCPNF059380","","4196533","NUMERIC","3483214","1","IEC_62196_T2:22kW","2026-09-27T17:23:28.687Z","true","SOURCE_DUPLICATE_DIFFERENT_PRICING|SOURCE_REF_REUSED_ACROSS_LOCATIONS|COMPLEX_TIME_OR_DURATION_PRICING","122869f63c72132b","0","","4","0","3"
"1","FRHPCPNF059380","","4196533","NUMERIC","3483215","1","IEC_62196_T2_COMBO:460kW","2026-09-27T17:23:28.687Z","true","SOURCE_DUPLICATE_DIFFERENT_PRICING|SOURCE_REF_REUSED_ACROSS_LOCATIONS|COMPLEX_TIME_OR_DURATION_PRICING","dbc85e70fac8c254","0","","4","0","3"
"1","FRHPCPNF059380","","4196533","NUMERIC","3483216","2","CHADEMO:460kW","2026-09-27T17:23:28.687Z","true","SOURCE_DUPLICATE_DIFFERENT_PRICING|SOURCE_REF_REUSED_ACROSS_LOCATIONS|COMPLEX_TIME_OR_DURATION_PRICING","5fc0303a8562e353","0","","4","0","3"
"1","FRHPCPNF059380","","4196533","NUMERIC","3483217","2","IEC_62196_T2:22kW","2026-09-27T17:23:28.687Z","true","SOURCE_DUPLICATE_DIFFERENT_PRICING|SOURCE_REF_REUSED_ACROSS_LOCATIONS|COMPLEX_TIME_OR_DURATION_PRICING","122869f63c72132b","0","","4","0","3"
"1","FRHPCPNF059380","","4196533","NUMERIC","3483218","2","IEC_62196_T2_COMBO:460kW","2026-09-27T17:23:28.687Z","true","SOURCE_DUPLICATE_DIFFERENT_PRICING|SOURCE_REF_REUSED_ACROSS_LOCATIONS|COMPLEX_TIME_OR_DURATION_PRICING","dbc85e70fac8c254","0","","4","0","3"
"1","FRHPCPNF059380","","4196533","NUMERIC","3483219","3","IEC_62196_T2_COMBO:460kW","2026-09-27T17:23:28.687Z","true","SOURCE_DUPLICATE_DIFFERENT_PRICING|SOURCE_REF_REUSED_ACROSS_LOCATIONS|COMPLEX_TIME_OR_DURATION_PRICING","dbc85e70fac8c254","0","","4","0","2"
"1","FRHPCPNF059380","","4196533","NUMERIC","3483220","3","IEC_62196_T2:22kW","2026-09-27T17:23:28.687Z","true","SOURCE_DUPLICATE_DIFFERENT_PRICING|SOURCE_REF_REUSED_ACROSS_LOCATIONS|COMPLEX_TIME_OR_DURATION_PRICING","122869f63c72132b","0","","4","0","2"
"1","FRHPCPNF059448","","4194101","NUMERIC","3475687","1","CHADEMO:460kW","2026-09-27T17:19:25.094Z","true","SOURCE_DUPLICATE_DIFFERENT_PRICING|SOURCE_REF_REUSED_ACROSS_LOCATIONS|COMPLEX_TIME_OR_DURATION_PRICING","5fc0303a8562e353","0","","2","0","3"
"1","FRHPCPNF059448","","4194101","NUMERIC","3475689","1","IEC_62196_T2:22kW","2026-09-27T17:19:25.094Z","true","SOURCE_DUPLICATE_DIFFERENT_PRICING|SOURCE_REF_REUSED_ACROSS_LOCATIONS|COMPLEX_TIME_OR_DURATION_PRICING","122869f63c72132b","0","","2","0","3"
"1","FRHPCPNF059448","","4194101","NUMERIC","3475691","2","IEC_62196_T2_COMBO:460kW","2026-09-27T17:19:25.094Z","true","SOURCE_DUPLICATE_DIFFERENT_PRICING|SOURCE_REF_REUSED_ACROSS_LOCATIONS|COMPLEX_TIME_OR_DURATION_PRICING","dbc85e70fac8c254","0","","2","0","3"
"1","FRHPCPNF059448","","4194101","NUMERIC","3475693","2","CHADEMO:460kW","2026-09-27T17:19:25.094Z","true","SOURCE_DUPLICATE_DIFFERENT_PRICING|SOURCE_REF_REUSED_ACROSS_LOCATIONS|COMPLEX_TIME_OR_DURATION_PRICING","5fc0303a8562e353","0","","2","0","3"
"1","FRHPCPNF059448","","4194101","NUMERIC","3475694","2","IEC_62196_T2:22kW","2026-09-27T17:19:25.094Z","true","SOURCE_DUPLICATE_DIFFERENT_PRICING|SOURCE_REF_REUSED_ACROSS_LOCATIONS|COMPLEX_TIME_OR_DURATION_PRICING","122869f63c72132b","0","","2","0","3"
"1","FRHPCPNF059448","","4194101","NUMERIC","3475696","1","IEC_62196_T2_COMBO:460kW","2026-09-27T17:19:25.094Z","true","SOURCE_DUPLICATE_DIFFERENT_PRICING|SOURCE_REF_REUSED_ACROSS_LOCATIONS|COMPLEX_TIME_OR_DURATION_PRICING","dbc85e70fac8c254","0","","2","0","3"
"1","FRHPCPNF059459","","4196580","NUMERIC","3483374","1","IEC_62196_T2_COMBO:460kW","2026-09-27T17:23:38.362Z","true","SOURCE_DUPLICATE_DIFFERENT_PRICING|SOURCE_REF_REUSED_ACROSS_LOCATIONS|COMPLEX_TIME_OR_DURATION_PRICING","dbc85e70fac8c254","0","","7","0","2"
"1","FRHPCPNF059459","","4196580","NUMERIC","3483375","1","IEC_62196_T2:22kW","2026-09-27T17:23:38.362Z","true","SOURCE_DUPLICATE_DIFFERENT_PRICING|SOURCE_REF_REUSED_ACROSS_LOCATIONS|COMPLEX_TIME_OR_DURATION_PRICING","122869f63c72132b","0","","7","0","2"
"1","FRHPCPNF059459","","4196580","NUMERIC","3483377","2","CHADEMO:460kW","2026-09-27T17:23:38.362Z","true","SOURCE_DUPLICATE_DIFFERENT_PRICING|SOURCE_REF_REUSED_ACROSS_LOCATIONS|COMPLEX_TIME_OR_DURATION_PRICING","5fc0303a8562e353","0","","7","0","2"
"1","FRHPCPNF059459","","4196580","NUMERIC","3483379","2","IEC_62196_T2_COMBO:460kW","2026-09-27T17:23:38.362Z","true","SOURCE_DUPLICATE_DIFFERENT_PRICING|SOURCE_REF_REUSED_ACROSS_LOCATIONS|COMPLEX_TIME_OR_DURATION_PRICING","dbc85e70fac8c254","0","","7","0","2"
"1","FRHPCPNF059459","","4196580","NUMERIC","3483382","5","IEC_62196_T2_COMBO:300kW","2026-09-27T17:23:38.362Z","true","SOURCE_DUPLICATE_DIFFERENT_PRICING|SOURCE_REF_REUSED_ACROSS_LOCATIONS|COMPLEX_TIME_OR_DURATION_PRICING","29f14690829fb75b","0","","7","0","2"
"1","FRHPCPNF059459","","4196580","NUMERIC","3483383","5","IEC_62196_T2_COMBO:460kW","2026-09-27T17:23:38.362Z","true","SOURCE_DUPLICATE_DIFFERENT_PRICING|SOURCE_REF_REUSED_ACROSS_LOCATIONS|COMPLEX_TIME_OR_DURATION_PRICING","dbc85e70fac8c254","0","","7","0","2"
"1","FRHPCPNF059483","","4195398","NUMERIC","3480046","1","IEC_62196_T2_COMBO:460kW","2026-09-27T17:22:13.393Z","true","SOURCE_DUPLICATE_DIFFERENT_PRICING|SOURCE_REF_REUSED_ACROSS_LOCATIONS|COMPLEX_TIME_OR_DURATION_PRICING","dbc85e70fac8c254","0","","6","0","2"
"1","FRHPCPNF059483","","4195398","NUMERIC","3480047","1","IEC_62196_T2:22kW","2026-09-27T17:22:13.393Z","true","SOURCE_DUPLICATE_DIFFERENT_PRICING|SOURCE_REF_REUSED_ACROSS_LOCATIONS|COMPLEX_TIME_OR_DURATION_PRICING","122869f63c72132b","0","","6","0","2"
"1","FRHPCPNF059483","","4195398","NUMERIC","3480048","2","CHADEMO:460kW","2026-09-27T17:22:13.393Z","true","SOURCE_DUPLICATE_DIFFERENT_PRICING|SOURCE_REF_REUSED_ACROSS_LOCATIONS|COMPLEX_TIME_OR_DURATION_PRICING","5fc0303a8562e353","0","","6","0","2"
"1","FRHPCPNF059483","","4195398","NUMERIC","3480049","2","IEC_62196_T2_COMBO:460kW","2026-09-27T17:22:13.393Z","true","SOURCE_DUPLICATE_DIFFERENT_PRICING|SOURCE_REF_REUSED_ACROSS_LOCATIONS|COMPLEX_TIME_OR_DURATION_PRICING","dbc85e70fac8c254","0","","6","0","2"
"1","FRHPCPNF059499TOTEMSA","","4192660","NUMERIC","3468078","1","IEC_62196_T2:43kW","2026-09-27T17:12:53.754Z","false","SOURCE_DUPLICATE_DIFFERENT_PRICING|SOURCE_REF_REUSED_ACROSS_LOCATIONS|COMPLEX_TIME_OR_DURATION_PRICING|NO_DETERMINISTIC_LOCAL_IRVE_MATCH|UNPUBLISHED_SOURCE_EVSE","07ac1f8891d1eaee","0","","9","0","3"
"1","FRHPCPNF059499TOTEMSA","","4192660","NUMERIC","3468079","1","IEC_62196_T2_COMBO:60kW","2026-09-27T17:12:53.754Z","false","SOURCE_DUPLICATE_DIFFERENT_PRICING|SOURCE_REF_REUSED_ACROSS_LOCATIONS|COMPLEX_TIME_OR_DURATION_PRICING|NO_DETERMINISTIC_LOCAL_IRVE_MATCH|UNPUBLISHED_SOURCE_EVSE","dc300e5acf3d0c0e","0","","9","0","3"
"1","FRHPCPNF059499TOTEMSA","","4192660","NUMERIC","3468082","1","CHADEMO:60kW","2026-09-27T17:12:53.754Z","false","SOURCE_DUPLICATE_DIFFERENT_PRICING|SOURCE_REF_REUSED_ACROSS_LOCATIONS|COMPLEX_TIME_OR_DURATION_PRICING|NO_DETERMINISTIC_LOCAL_IRVE_MATCH|UNPUBLISHED_SOURCE_EVSE","92473908ef1c28cd","0","","9","0","3"
"1","FRHPCPNF059499TOTEMSA","","4192660","NUMERIC","3468097","8","IEC_62196_T2:44kW","2026-09-27T17:12:53.754Z","false","SOURCE_DUPLICATE_DIFFERENT_PRICING|SOURCE_REF_REUSED_ACROSS_LOCATIONS|COMPLEX_TIME_OR_DURATION_PRICING|NO_DETERMINISTIC_LOCAL_IRVE_MATCH|UNPUBLISHED_SOURCE_EVSE","af44c279366146a9","0","","9","0","3"
"1","FRHPCPNF059499TOTEMSA","","4192660","NUMERIC","3468100","8","IEC_62196_T2_COMBO:60kW","2026-09-27T17:12:53.754Z","false","SOURCE_DUPLICATE_DIFFERENT_PRICING|SOURCE_REF_REUSED_ACROSS_LOCATIONS|COMPLEX_TIME_OR_DURATION_PRICING|NO_DETERMINISTIC_LOCAL_IRVE_MATCH|UNPUBLISHED_SOURCE_EVSE","dc300e5acf3d0c0e","0","","9","0","3"
"1","FRHPCPNF059499TOTEMSA","","4192660","NUMERIC","3468102","8","CHADEMO:60kW","2026-09-27T17:12:53.754Z","false","SOURCE_DUPLICATE_DIFFERENT_PRICING|SOURCE_REF_REUSED_ACROSS_LOCATIONS|COMPLEX_TIME_OR_DURATION_PRICING|NO_DETERMINISTIC_LOCAL_IRVE_MATCH|UNPUBLISHED_SOURCE_EVSE","92473908ef1c28cd","0","","9","0","3"
"1","FRHPCPNF059511","","4194680","NUMERIC","3477984","1","IEC_62196_T2:43kW","2026-09-27T17:21:22.475Z","true","SOURCE_DUPLICATE_DIFFERENT_PRICING|SOURCE_REF_REUSED_ACROSS_LOCATIONS|COMPLEX_TIME_OR_DURATION_PRICING","07ac1f8891d1eaee","0","","1","0","3"
"1","FRHPCPNF059511","","4194680","NUMERIC","3477985","1","IEC_62196_T2_COMBO:60kW","2026-09-27T17:21:22.475Z","true","SOURCE_DUPLICATE_DIFFERENT_PRICING|SOURCE_REF_REUSED_ACROSS_LOCATIONS|COMPLEX_TIME_OR_DURATION_PRICING","dc300e5acf3d0c0e","0","","1","0","3"
"1","FRHPCPNF059511","","4194680","NUMERIC","3477986","1","CHADEMO:60kW","2026-09-27T17:21:22.475Z","true","SOURCE_DUPLICATE_DIFFERENT_PRICING|SOURCE_REF_REUSED_ACROSS_LOCATIONS|COMPLEX_TIME_OR_DURATION_PRICING","92473908ef1c28cd","0","","1","0","3"
"1","FRHPCPNF059519","","4195116","NUMERIC","3479241","3","IEC_62196_T2_COMBO:460kW","2026-10-04T09:46:08.718Z","true","SOURCE_DUPLICATE_DIFFERENT_PRICING|SOURCE_REF_REUSED_ACROSS_LOCATIONS|COMPLEX_TIME_OR_DURATION_PRICING","5646b2342001a666","0","","8","0","2"
"1","FRHPCPNF059519","","4195116","NUMERIC","3479242","3","IEC_62196_T2:22kW","2026-10-04T09:46:08.718Z","true","SOURCE_DUPLICATE_DIFFERENT_PRICING|SOURCE_REF_REUSED_ACROSS_LOCATIONS|COMPLEX_TIME_OR_DURATION_PRICING","fe0b794d8bb093e8","0","","8","0","2"
"1","FRHPCPNF059519","","4195116","NUMERIC","3479243","4","CHADEMO:460kW","2026-10-04T09:46:08.718Z","true","SOURCE_DUPLICATE_DIFFERENT_PRICING|SOURCE_REF_REUSED_ACROSS_LOCATIONS|COMPLEX_TIME_OR_DURATION_PRICING","d0005cba5acc4fe2","0","","8","0","2"
"1","FRHPCPNF059519","","4195116","NUMERIC","3479244","4","IEC_62196_T2_COMBO:460kW","2026-10-04T09:46:08.718Z","true","SOURCE_DUPLICATE_DIFFERENT_PRICING|SOURCE_REF_REUSED_ACROSS_LOCATIONS|COMPLEX_TIME_OR_DURATION_PRICING","5646b2342001a666","0","","8","0","2"
"1","FRHPCPNF059519","","4195116","NUMERIC","3479245","5","IEC_62196_T2_COMBO:460kW","2026-10-04T09:46:08.718Z","true","SOURCE_DUPLICATE_DIFFERENT_PRICING|SOURCE_REF_REUSED_ACROSS_LOCATIONS|COMPLEX_TIME_OR_DURATION_PRICING","5646b2342001a666","0","","8","0","2"
"1","FRHPCPNF059519","","4195116","NUMERIC","3479246","5","IEC_62196_T2:22kW","2026-10-04T09:46:08.718Z","true","SOURCE_DUPLICATE_DIFFERENT_PRICING|SOURCE_REF_REUSED_ACROSS_LOCATIONS|COMPLEX_TIME_OR_DURATION_PRICING","fe0b794d8bb093e8","0","","8","0","2"
"1","FRHPCPNF059519","","4195116","NUMERIC","3479247","6","CHADEMO:460kW","2026-10-04T09:46:08.718Z","true","SOURCE_DUPLICATE_DIFFERENT_PRICING|SOURCE_REF_REUSED_ACROSS_LOCATIONS|COMPLEX_TIME_OR_DURATION_PRICING","d0005cba5acc4fe2","0","","8","0","2"
"1","FRHPCPNF059519","","4195116","NUMERIC","3479249","6","IEC_62196_T2_COMBO:460kW","2026-10-04T09:46:08.718Z","true","SOURCE_DUPLICATE_DIFFERENT_PRICING|SOURCE_REF_REUSED_ACROSS_LOCATIONS|COMPLEX_TIME_OR_DURATION_PRICING","5646b2342001a666","0","","8","0","2"
"1","FRHPCPNF059555","","4200079","NUMERIC","3491452","1","IEC_62196_T2_COMBO:460kW","2026-09-27T17:25:24.711Z","true","SOURCE_DUPLICATE_DIFFERENT_PRICING|SOURCE_REF_REUSED_ACROSS_LOCATIONS|COMPLEX_TIME_OR_DURATION_PRICING","dbc85e70fac8c254","0","","8","0","2"
"1","FRHPCPNF059555","","4200079","NUMERIC","3491458","1","IEC_62196_T2:22kW","2026-09-27T17:25:24.711Z","true","SOURCE_DUPLICATE_DIFFERENT_PRICING|SOURCE_REF_REUSED_ACROSS_LOCATIONS|COMPLEX_TIME_OR_DURATION_PRICING","122869f63c72132b","0","","8","0","2"
"1","FRHPCPNF059555","","4200079","NUMERIC","3491462","2","CHADEMO:460kW","2026-09-27T17:25:24.711Z","true","SOURCE_DUPLICATE_DIFFERENT_PRICING|SOURCE_REF_REUSED_ACROSS_LOCATIONS|COMPLEX_TIME_OR_DURATION_PRICING","5fc0303a8562e353","0","","8","0","2"
"1","FRHPCPNF059555","","4200079","NUMERIC","3491465","2","IEC_62196_T2_COMBO:460kW","2026-09-27T17:25:24.711Z","true","SOURCE_DUPLICATE_DIFFERENT_PRICING|SOURCE_REF_REUSED_ACROSS_LOCATIONS|COMPLEX_TIME_OR_DURATION_PRICING","dbc85e70fac8c254","0","","8","0","2"
"1","FRHPCPNF059558","","4200162","NUMERIC","3491443","1","IEC_62196_T2_COMBO:460kW","2026-09-27T17:25:43.317Z","true","SOURCE_DUPLICATE_DIFFERENT_PRICING|SOURCE_REF_REUSED_ACROSS_LOCATIONS|COMPLEX_TIME_OR_DURATION_PRICING","dbc85e70fac8c254","0","","1","0","3"
"1","FRHPCPNF059558","","4200162","NUMERIC","3491448","1","CHADEMO:460kW","2026-09-27T17:25:43.317Z","true","SOURCE_DUPLICATE_DIFFERENT_PRICING|SOURCE_REF_REUSED_ACROSS_LOCATIONS|COMPLEX_TIME_OR_DURATION_PRICING","5fc0303a8562e353","0","","1","0","3"
"1","FRHPCPNF059558","","4200162","NUMERIC","3491455","1","IEC_62196_T2:22kW","2026-09-27T17:25:43.317Z","true","SOURCE_DUPLICATE_DIFFERENT_PRICING|SOURCE_REF_REUSED_ACROSS_LOCATIONS|COMPLEX_TIME_OR_DURATION_PRICING","122869f63c72132b","0","","1","0","3"
"1","FRHPCPNF059599TOTEM","","4194375","NUMERIC","3476724","1","IEC_62196_T2:44kW","2026-09-27T17:20:37.526Z","false","SOURCE_DUPLICATE_DIFFERENT_PRICING|SOURCE_REF_REUSED_ACROSS_LOCATIONS|COMPLEX_TIME_OR_DURATION_PRICING|NO_DETERMINISTIC_LOCAL_IRVE_MATCH|UNPUBLISHED_SOURCE_EVSE","af44c279366146a9","0","","9","0","3"
"1","FRHPCPNF059599TOTEM","","4194375","NUMERIC","3476731","8","IEC_62196_T2:44kW","2026-09-27T17:20:37.526Z","false","SOURCE_DUPLICATE_DIFFERENT_PRICING|SOURCE_REF_REUSED_ACROSS_LOCATIONS|COMPLEX_TIME_OR_DURATION_PRICING|NO_DETERMINISTIC_LOCAL_IRVE_MATCH|UNPUBLISHED_SOURCE_EVSE","af44c279366146a9","0","","9","0","3"
"1","FRHPCPNF059599TOTEM","","4194375","NUMERIC","3476733","8","IEC_62196_T2_COMBO:60kW","2026-09-27T17:20:37.526Z","false","SOURCE_DUPLICATE_DIFFERENT_PRICING|SOURCE_REF_REUSED_ACROSS_LOCATIONS|COMPLEX_TIME_OR_DURATION_PRICING|NO_DETERMINISTIC_LOCAL_IRVE_MATCH|UNPUBLISHED_SOURCE_EVSE","dc300e5acf3d0c0e","0","","9","0","3"
"1","FRHPCPNF059599TOTEM","","4194375","NUMERIC","3476734","8","CHADEMO:60kW","2026-09-27T17:20:37.526Z","false","SOURCE_DUPLICATE_DIFFERENT_PRICING|SOURCE_REF_REUSED_ACROSS_LOCATIONS|COMPLEX_TIME_OR_DURATION_PRICING|NO_DETERMINISTIC_LOCAL_IRVE_MATCH|UNPUBLISHED_SOURCE_EVSE","92473908ef1c28cd","0","","9","0","3"
"1","FRHPCPNF059599TOTEM","","4194375","NUMERIC","3476735","1","IEC_62196_T2_COMBO:60kW","2026-09-27T17:20:37.526Z","false","SOURCE_DUPLICATE_DIFFERENT_PRICING|SOURCE_REF_REUSED_ACROSS_LOCATIONS|COMPLEX_TIME_OR_DURATION_PRICING|NO_DETERMINISTIC_LOCAL_IRVE_MATCH|UNPUBLISHED_SOURCE_EVSE","dc300e5acf3d0c0e","0","","9","0","3"
"1","FRHPCPNF059599TOTEM","","4194375","NUMERIC","3476736","1","CHADEMO:60kW","2026-09-27T17:20:37.526Z","false","SOURCE_DUPLICATE_DIFFERENT_PRICING|SOURCE_REF_REUSED_ACROSS_LOCATIONS|COMPLEX_TIME_OR_DURATION_PRICING|NO_DETERMINISTIC_LOCAL_IRVE_MATCH|UNPUBLISHED_SOURCE_EVSE","92473908ef1c28cd","0","","9","0","3"
"1","FRHPCPNF059602TOTEM","","4194455","NUMERIC","3477167","1","IEC_62196_T2:44kW","2026-09-27T17:20:54.489Z","false","SOURCE_DUPLICATE_DIFFERENT_PRICING|SOURCE_REF_REUSED_ACROSS_LOCATIONS|COMPLEX_TIME_OR_DURATION_PRICING|NO_DETERMINISTIC_LOCAL_IRVE_MATCH|UNPUBLISHED_SOURCE_EVSE","af44c279366146a9","0","","6","0","3"
"1","FRHPCPNF059602TOTEM","","4194455","NUMERIC","3477168","1","IEC_62196_T2_COMBO:60kW","2026-09-27T17:20:54.489Z","false","SOURCE_DUPLICATE_DIFFERENT_PRICING|SOURCE_REF_REUSED_ACROSS_LOCATIONS|COMPLEX_TIME_OR_DURATION_PRICING|NO_DETERMINISTIC_LOCAL_IRVE_MATCH|UNPUBLISHED_SOURCE_EVSE","dc300e5acf3d0c0e","0","","6","0","3"
"1","FRHPCPNF059602TOTEM","","4194455","NUMERIC","3477169","1","CHADEMO:60kW","2026-09-27T17:20:54.489Z","false","SOURCE_DUPLICATE_DIFFERENT_PRICING|SOURCE_REF_REUSED_ACROSS_LOCATIONS|COMPLEX_TIME_OR_DURATION_PRICING|NO_DETERMINISTIC_LOCAL_IRVE_MATCH|UNPUBLISHED_SOURCE_EVSE","92473908ef1c28cd","0","","6","0","3"
"1","FRHPCPNF059602TOTEM","","4194455","NUMERIC","3477173","4","IEC_62196_T2:44kW","2026-09-27T17:20:54.489Z","false","SOURCE_DUPLICATE_DIFFERENT_PRICING|SOURCE_REF_REUSED_ACROSS_LOCATIONS|COMPLEX_TIME_OR_DURATION_PRICING|NO_DETERMINISTIC_LOCAL_IRVE_MATCH|UNPUBLISHED_SOURCE_EVSE","af44c279366146a9","0","","6","0","3"
"1","FRHPCPNF059602TOTEM","","4194455","NUMERIC","3477175","4","IEC_62196_T2_COMBO:60kW","2026-09-27T17:20:54.489Z","false","SOURCE_DUPLICATE_DIFFERENT_PRICING|SOURCE_REF_REUSED_ACROSS_LOCATIONS|COMPLEX_TIME_OR_DURATION_PRICING|NO_DETERMINISTIC_LOCAL_IRVE_MATCH|UNPUBLISHED_SOURCE_EVSE","dc300e5acf3d0c0e","0","","6","0","3"
"1","FRHPCPNF059602TOTEM","","4194455","NUMERIC","3477176","4","CHADEMO:60kW","2026-09-27T17:20:54.489Z","false","SOURCE_DUPLICATE_DIFFERENT_PRICING|SOURCE_REF_REUSED_ACROSS_LOCATIONS|COMPLEX_TIME_OR_DURATION_PRICING|NO_DETERMINISTIC_LOCAL_IRVE_MATCH|UNPUBLISHED_SOURCE_EVSE","92473908ef1c28cd","0","","6","0","3"
"1","FRHPCPNF059614","","4199933","NUMERIC","3491442","1","IEC_62196_T2:44kW","2026-09-27T17:25:00.389Z","false","SOURCE_DUPLICATE_DIFFERENT_PRICING|SOURCE_REF_REUSED_ACROSS_LOCATIONS|COMPLEX_TIME_OR_DURATION_PRICING|NO_DETERMINISTIC_LOCAL_IRVE_MATCH|UNPUBLISHED_SOURCE_EVSE","af44c279366146a9","0","","8","0","5"
"1","FRHPCPNF059614","","4199933","NUMERIC","3491446","1","IEC_62196_T2_COMBO:60kW","2026-09-27T17:25:00.389Z","false","SOURCE_DUPLICATE_DIFFERENT_PRICING|SOURCE_REF_REUSED_ACROSS_LOCATIONS|COMPLEX_TIME_OR_DURATION_PRICING|NO_DETERMINISTIC_LOCAL_IRVE_MATCH|UNPUBLISHED_SOURCE_EVSE","dc300e5acf3d0c0e","0","","8","0","5"
"1","FRHPCPNF059614","","4199933","NUMERIC","3491454","1","CHADEMO:60kW","2026-09-27T17:25:00.389Z","false","SOURCE_DUPLICATE_DIFFERENT_PRICING|SOURCE_REF_REUSED_ACROSS_LOCATIONS|COMPLEX_TIME_OR_DURATION_PRICING|NO_DETERMINISTIC_LOCAL_IRVE_MATCH|UNPUBLISHED_SOURCE_EVSE","92473908ef1c28cd","0","","8","0","5"
"1","FRHPCPNF059614","","4199933","NUMERIC","3491459","2","IEC_62196_T2_COMBO:190kW","2026-09-27T17:25:00.389Z","true","SOURCE_DUPLICATE_DIFFERENT_PRICING|SOURCE_REF_REUSED_ACROSS_LOCATIONS|COMPLEX_TIME_OR_DURATION_PRICING","dee9e023f60c8533","0","","8","0","3"
"1","FRHPCPNF059614","","4199933","NUMERIC","3570568","2","IEC_62196_T2_COMBO:460kW","2026-09-27T17:25:00.389Z","true","SOURCE_DUPLICATE_DIFFERENT_PRICING|SOURCE_REF_REUSED_ACROSS_LOCATIONS|COMPLEX_TIME_OR_DURATION_PRICING","dbc85e70fac8c254","0","","8","0","3"
"1","FRHPCPNF059614","","4199933","NUMERIC","3570569","2","CHADEMO:460kW","2026-09-27T17:25:00.389Z","true","SOURCE_DUPLICATE_DIFFERENT_PRICING|SOURCE_REF_REUSED_ACROSS_LOCATIONS|COMPLEX_TIME_OR_DURATION_PRICING","5fc0303a8562e353","0","","8","0","3"
"1","FRHPCPNF059614","","4199933","NUMERIC","3570570","1","IEC_62196_T2:22kW","2026-09-27T17:25:00.389Z","false","SOURCE_DUPLICATE_DIFFERENT_PRICING|SOURCE_REF_REUSED_ACROSS_LOCATIONS|COMPLEX_TIME_OR_DURATION_PRICING|NO_DETERMINISTIC_LOCAL_IRVE_MATCH|UNPUBLISHED_SOURCE_EVSE","122869f63c72132b","0","","8","0","5"
"1","FRHPCPNF059614","","4199933","NUMERIC","3570571","1","IEC_62196_T2_COMBO:460kW","2026-09-27T17:25:00.389Z","false","SOURCE_DUPLICATE_DIFFERENT_PRICING|SOURCE_REF_REUSED_ACROSS_LOCATIONS|COMPLEX_TIME_OR_DURATION_PRICING|NO_DETERMINISTIC_LOCAL_IRVE_MATCH|UNPUBLISHED_SOURCE_EVSE","dbc85e70fac8c254","0","","8","0","5"
"1","FRHPCPNF059645","","4196902","NUMERIC","3484271","1","IEC_62196_T2_COMBO:460kW","2026-09-27T17:24:16.529Z","true","SOURCE_DUPLICATE_DIFFERENT_PRICING|SOURCE_REF_REUSED_ACROSS_LOCATIONS|COMPLEX_TIME_OR_DURATION_PRICING","dbc85e70fac8c254","0","","8","0","2"
"1","FRHPCPNF059645","","4196902","NUMERIC","3484272","1","IEC_62196_T2:22kW","2026-09-27T17:24:16.529Z","true","SOURCE_DUPLICATE_DIFFERENT_PRICING|SOURCE_REF_REUSED_ACROSS_LOCATIONS|COMPLEX_TIME_OR_DURATION_PRICING","122869f63c72132b","0","","8","0","2"
"1","FRHPCPNF059645","","4196902","NUMERIC","3484273","2","IEC_62196_T2_COMBO:460kW","2026-09-27T17:24:16.529Z","true","SOURCE_DUPLICATE_DIFFERENT_PRICING|SOURCE_REF_REUSED_ACROSS_LOCATIONS|COMPLEX_TIME_OR_DURATION_PRICING","dbc85e70fac8c254","0","","8","0","2"
"1","FRHPCPNF059645","","4196902","NUMERIC","3484274","7","IEC_62196_T2_COMBO:460kW","2026-09-27T17:24:16.529Z","true","SOURCE_DUPLICATE_DIFFERENT_PRICING|SOURCE_REF_REUSED_ACROSS_LOCATIONS|COMPLEX_TIME_OR_DURATION_PRICING","dbc85e70fac8c254","0","","8","0","2"
"1","FRHPCPNF059645","","4196902","NUMERIC","3484275","7","IEC_62196_T2:22kW","2026-09-27T17:24:16.529Z","true","SOURCE_DUPLICATE_DIFFERENT_PRICING|SOURCE_REF_REUSED_ACROSS_LOCATIONS|COMPLEX_TIME_OR_DURATION_PRICING","122869f63c72132b","0","","8","0","2"
"1","FRHPCPNF059645","","4196902","NUMERIC","3484277","8","CHADEMO:460kW","2026-09-27T17:24:16.529Z","true","SOURCE_DUPLICATE_DIFFERENT_PRICING|SOURCE_REF_REUSED_ACROSS_LOCATIONS|COMPLEX_TIME_OR_DURATION_PRICING","5fc0303a8562e353","0","","8","0","2"
"1","FRHPCPNF059645","","4196902","NUMERIC","3484279","8","IEC_62196_T2_COMBO:460kW","2026-09-27T17:24:16.529Z","true","SOURCE_DUPLICATE_DIFFERENT_PRICING|SOURCE_REF_REUSED_ACROSS_LOCATIONS|COMPLEX_TIME_OR_DURATION_PRICING","dbc85e70fac8c254","0","","8","0","2"
"1","FRHPCPNF059645","","4196902","NUMERIC","3484282","2","CHADEMO:460kW","2026-09-27T17:24:16.529Z","true","SOURCE_DUPLICATE_DIFFERENT_PRICING|SOURCE_REF_REUSED_ACROSS_LOCATIONS|COMPLEX_TIME_OR_DURATION_PRICING","5fc0303a8562e353","0","","8","0","2"
"1","FRHPCPNF059647","","4529794","NUMERIC","4275252","10","IEC_62196_T2_COMBO:300kW","2026-09-27T21:50:38.085Z","true","SOURCE_DUPLICATE_DIFFERENT_PRICING|SOURCE_REF_REUSED_ACROSS_LOCATIONS|COMPLEX_TIME_OR_DURATION_PRICING","29f14690829fb75b","0","","10","0","2"
"1","FRHPCPNF059647","","4529794","NUMERIC","4275253","10","CHADEMO:460kW","2026-09-27T21:50:38.085Z","true","SOURCE_DUPLICATE_DIFFERENT_PRICING|SOURCE_REF_REUSED_ACROSS_LOCATIONS|COMPLEX_TIME_OR_DURATION_PRICING","5fc0303a8562e353","0","","10","0","2"
"1","FRHPCPNF059647","","4529794","NUMERIC","4275254","9","IEC_62196_T2:22kW","2026-09-27T21:50:38.085Z","true","SOURCE_DUPLICATE_DIFFERENT_PRICING|SOURCE_REF_REUSED_ACROSS_LOCATIONS|COMPLEX_TIME_OR_DURATION_PRICING","122869f63c72132b","0","","10","0","2"
"1","FRHPCPNF059647","","4529794","NUMERIC","4275255","9","IEC_62196_T2_COMBO:300kW","2026-09-27T21:50:38.085Z","true","SOURCE_DUPLICATE_DIFFERENT_PRICING|SOURCE_REF_REUSED_ACROSS_LOCATIONS|COMPLEX_TIME_OR_DURATION_PRICING","29f14690829fb75b","0","","10","0","2"
"1","FRHPCPNF059647","","4529794","NUMERIC","4275256","8","IEC_62196_T2_COMBO:300kW","2026-09-27T21:50:38.085Z","true","SOURCE_DUPLICATE_DIFFERENT_PRICING|SOURCE_REF_REUSED_ACROSS_LOCATIONS|COMPLEX_TIME_OR_DURATION_PRICING","29f14690829fb75b","0","","10","0","2"
"1","FRHPCPNF059647","","4529794","NUMERIC","4275257","8","CHADEMO:460kW","2026-09-27T21:50:38.085Z","true","SOURCE_DUPLICATE_DIFFERENT_PRICING|SOURCE_REF_REUSED_ACROSS_LOCATIONS|COMPLEX_TIME_OR_DURATION_PRICING","5fc0303a8562e353","0","","10","0","2"
"1","FRHPCPNF059647","","4529794","NUMERIC","4275258","7","IEC_62196_T2:22kW","2026-09-27T21:50:38.085Z","true","SOURCE_DUPLICATE_DIFFERENT_PRICING|SOURCE_REF_REUSED_ACROSS_LOCATIONS|COMPLEX_TIME_OR_DURATION_PRICING","122869f63c72132b","0","","10","0","2"
"1","FRHPCPNF059647","","4529794","NUMERIC","4275259","7","IEC_62196_T2_COMBO:300kW","2026-09-27T21:50:38.085Z","true","SOURCE_DUPLICATE_DIFFERENT_PRICING|SOURCE_REF_REUSED_ACROSS_LOCATIONS|COMPLEX_TIME_OR_DURATION_PRICING","29f14690829fb75b","0","","10","0","2"
"1","FRHPCPNF059647","","4529794","NUMERIC","4275260","6","IEC_62196_T2_COMBO:300kW","2026-09-27T21:50:38.085Z","true","SOURCE_DUPLICATE_DIFFERENT_PRICING|SOURCE_REF_REUSED_ACROSS_LOCATIONS|COMPLEX_TIME_OR_DURATION_PRICING","29f14690829fb75b","0","","10","0","2"
"1","FRHPCPNF059647","","4529794","NUMERIC","4275261","6","CHADEMO:460kW","2026-09-27T21:50:38.085Z","true","SOURCE_DUPLICATE_DIFFERENT_PRICING|SOURCE_REF_REUSED_ACROSS_LOCATIONS|COMPLEX_TIME_OR_DURATION_PRICING","5fc0303a8562e353","0","","10","0","2"
"1","FRHPCPNF059647","","4529794","NUMERIC","4275262","5","IEC_62196_T2:22kW","2026-09-27T21:50:38.085Z","true","SOURCE_DUPLICATE_DIFFERENT_PRICING|SOURCE_REF_REUSED_ACROSS_LOCATIONS|COMPLEX_TIME_OR_DURATION_PRICING","122869f63c72132b","0","","10","0","2"
"1","FRHPCPNF059647","","4529794","NUMERIC","4275263","5","IEC_62196_T2_COMBO:300kW","2026-09-27T21:50:38.085Z","true","SOURCE_DUPLICATE_DIFFERENT_PRICING|SOURCE_REF_REUSED_ACROSS_LOCATIONS|COMPLEX_TIME_OR_DURATION_PRICING","29f14690829fb75b","0","","10","0","2"
"1","FRHPCPNF059647","","4529794","NUMERIC","4275266","2","IEC_62196_T2_COMBO:300kW","2026-09-27T21:50:38.085Z","true","SOURCE_DUPLICATE_DIFFERENT_PRICING|SOURCE_REF_REUSED_ACROSS_LOCATIONS|COMPLEX_TIME_OR_DURATION_PRICING","29f14690829fb75b","0","","10","0","2"
"1","FRHPCPNF059647","","4529794","NUMERIC","4275267","2","CHADEMO:460kW","2026-09-27T21:50:38.085Z","true","SOURCE_DUPLICATE_DIFFERENT_PRICING|SOURCE_REF_REUSED_ACROSS_LOCATIONS|COMPLEX_TIME_OR_DURATION_PRICING","5fc0303a8562e353","0","","10","0","2"
"1","FRHPCPNF059647","","4529794","NUMERIC","4275268","1","IEC_62196_T2:22kW","2026-09-27T21:50:38.085Z","true","SOURCE_DUPLICATE_DIFFERENT_PRICING|SOURCE_REF_REUSED_ACROSS_LOCATIONS|COMPLEX_TIME_OR_DURATION_PRICING","122869f63c72132b","0","","10","0","2"
"1","FRHPCPNF059647","","4529794","NUMERIC","4275269","1","IEC_62196_T2_COMBO:300kW","2026-09-27T21:50:38.085Z","true","SOURCE_DUPLICATE_DIFFERENT_PRICING|SOURCE_REF_REUSED_ACROSS_LOCATIONS|COMPLEX_TIME_OR_DURATION_PRICING","29f14690829fb75b","0","","10","0","2"
"1","FRHPCPNF059652","","4200203","NUMERIC","3491590","1","IEC_62196_T2_COMBO:460kW","2026-10-04T09:48:20.044Z","true","SOURCE_DUPLICATE_DIFFERENT_PRICING|SOURCE_REF_REUSED_ACROSS_LOCATIONS|COMPLEX_TIME_OR_DURATION_PRICING","5646b2342001a666","0","","10","0","2"
"1","FRHPCPNF059652","","4200203","NUMERIC","3491597","1","IEC_62196_T2:22kW","2026-10-04T09:48:20.044Z","true","SOURCE_DUPLICATE_DIFFERENT_PRICING|SOURCE_REF_REUSED_ACROSS_LOCATIONS|COMPLEX_TIME_OR_DURATION_PRICING","fe0b794d8bb093e8","0","","10","0","2"
"1","FRHPCPNF059652","","4200203","NUMERIC","3491601","2","CHADEMO:460kW","2026-10-04T09:48:20.044Z","true","SOURCE_DUPLICATE_DIFFERENT_PRICING|SOURCE_REF_REUSED_ACROSS_LOCATIONS|COMPLEX_TIME_OR_DURATION_PRICING","d0005cba5acc4fe2","0","","10","0","2"
"1","FRHPCPNF059652","","4200203","NUMERIC","3491606","2","IEC_62196_T2_COMBO:460kW","2026-10-04T09:48:20.044Z","true","SOURCE_DUPLICATE_DIFFERENT_PRICING|SOURCE_REF_REUSED_ACROSS_LOCATIONS|COMPLEX_TIME_OR_DURATION_PRICING","5646b2342001a666","0","","10","0","2"
"1","FRHPCPNF059652","","4200203","NUMERIC","3491622","5","IEC_62196_T2_COMBO:460kW","2026-10-04T09:48:20.044Z","true","SOURCE_DUPLICATE_DIFFERENT_PRICING|SOURCE_REF_REUSED_ACROSS_LOCATIONS|COMPLEX_TIME_OR_DURATION_PRICING","5646b2342001a666","0","","10","0","2"
"1","FRHPCPNF059652","","4200203","NUMERIC","3491628","5","IEC_62196_T2:22kW","2026-10-04T09:48:20.044Z","true","SOURCE_DUPLICATE_DIFFERENT_PRICING|SOURCE_REF_REUSED_ACROSS_LOCATIONS|COMPLEX_TIME_OR_DURATION_PRICING","fe0b794d8bb093e8","0","","10","0","2"
"1","FRHPCPNF059652","","4200203","NUMERIC","3491633","6","CHADEMO:460kW","2026-10-04T09:48:20.044Z","true","SOURCE_DUPLICATE_DIFFERENT_PRICING|SOURCE_REF_REUSED_ACROSS_LOCATIONS|COMPLEX_TIME_OR_DURATION_PRICING","d0005cba5acc4fe2","0","","10","0","2"
"1","FRHPCPNF059652","","4200203","NUMERIC","3491638","6","IEC_62196_T2_COMBO:460kW","2026-10-04T09:48:20.044Z","true","SOURCE_DUPLICATE_DIFFERENT_PRICING|SOURCE_REF_REUSED_ACROSS_LOCATIONS|COMPLEX_TIME_OR_DURATION_PRICING","5646b2342001a666","0","","10","0","2"
"1","FRHPCPNF059652","","4200203","NUMERIC","3491657","9","IEC_62196_T2_COMBO:460kW","2026-10-04T09:48:20.044Z","true","SOURCE_DUPLICATE_DIFFERENT_PRICING|SOURCE_REF_REUSED_ACROSS_LOCATIONS|COMPLEX_TIME_OR_DURATION_PRICING","5646b2342001a666","0","","10","0","2"
"1","FRHPCPNF059652","","4200203","NUMERIC","3491663","9","IEC_62196_T2:22kW","2026-10-04T09:48:20.044Z","true","SOURCE_DUPLICATE_DIFFERENT_PRICING|SOURCE_REF_REUSED_ACROSS_LOCATIONS|COMPLEX_TIME_OR_DURATION_PRICING","fe0b794d8bb093e8","0","","10","0","2"
"1","FRHPCPNF059652","","4200203","NUMERIC","3491668","10","CHADEMO:460kW","2026-10-04T09:48:20.044Z","true","SOURCE_DUPLICATE_DIFFERENT_PRICING|SOURCE_REF_REUSED_ACROSS_LOCATIONS|COMPLEX_TIME_OR_DURATION_PRICING","d0005cba5acc4fe2","0","","10","0","2"
"1","FRHPCPNF059652","","4200203","NUMERIC","3491671","10","IEC_62196_T2_COMBO:460kW","2026-10-04T09:48:20.044Z","true","SOURCE_DUPLICATE_DIFFERENT_PRICING|SOURCE_REF_REUSED_ACROSS_LOCATIONS|COMPLEX_TIME_OR_DURATION_PRICING","5646b2342001a666","0","","10","0","2"
"1","FRHPCPNF059664","","4195076","NUMERIC","3479123","1","IEC_62196_T2_COMBO:460kW","2026-09-27T17:21:38.630Z","true","SOURCE_DUPLICATE_DIFFERENT_PRICING|SOURCE_REF_REUSED_ACROSS_LOCATIONS|COMPLEX_TIME_OR_DURATION_PRICING","dbc85e70fac8c254","0","","6","0","2"
"1","FRHPCPNF059664","","4195076","NUMERIC","3479124","1","IEC_62196_T2:22kW","2026-09-27T17:21:38.630Z","true","SOURCE_DUPLICATE_DIFFERENT_PRICING|SOURCE_REF_REUSED_ACROSS_LOCATIONS|COMPLEX_TIME_OR_DURATION_PRICING","122869f63c72132b","0","","6","0","2"
"1","FRHPCPNF059664","","4195076","NUMERIC","3479125","2","CHADEMO:460kW","2026-09-27T17:21:38.630Z","true","SOURCE_DUPLICATE_DIFFERENT_PRICING|SOURCE_REF_REUSED_ACROSS_LOCATIONS|COMPLEX_TIME_OR_DURATION_PRICING","5fc0303a8562e353","0","","6","0","2"
"1","FRHPCPNF059664","","4195076","NUMERIC","3479126","2","IEC_62196_T2_COMBO:460kW","2026-09-27T17:21:38.630Z","true","SOURCE_DUPLICATE_DIFFERENT_PRICING|SOURCE_REF_REUSED_ACROSS_LOCATIONS|COMPLEX_TIME_OR_DURATION_PRICING","dbc85e70fac8c254","0","","6","0","2"
"1","FRHPCPNF059671TOTEM","","4194180","NUMERIC","3475828","1","IEC_62196_T2:44kW","2026-09-27T17:19:44.428Z","true","SOURCE_DUPLICATE_DIFFERENT_PRICING|SOURCE_REF_REUSED_ACROSS_LOCATIONS|COMPLEX_TIME_OR_DURATION_PRICING","af44c279366146a9","0","","8","0","3"
"1","FRHPCPNF059671TOTEM","","4194180","NUMERIC","3475830","1","IEC_62196_T2_COMBO:60kW","2026-09-27T17:19:44.428Z","true","SOURCE_DUPLICATE_DIFFERENT_PRICING|SOURCE_REF_REUSED_ACROSS_LOCATIONS|COMPLEX_TIME_OR_DURATION_PRICING","dc300e5acf3d0c0e","0","","8","0","3"
"1","FRHPCPNF059671TOTEM","","4194180","NUMERIC","3475832","1","CHADEMO:60kW","2026-09-27T17:19:44.428Z","true","SOURCE_DUPLICATE_DIFFERENT_PRICING|SOURCE_REF_REUSED_ACROSS_LOCATIONS|COMPLEX_TIME_OR_DURATION_PRICING","92473908ef1c28cd","0","","8","0","3"
"1","FRHPCPNF059671TOTEM","","4194180","NUMERIC","3475838","8","IEC_62196_T2:44kW","2026-09-27T17:19:44.428Z","true","SOURCE_DUPLICATE_DIFFERENT_PRICING|SOURCE_REF_REUSED_ACROSS_LOCATIONS|COMPLEX_TIME_OR_DURATION_PRICING","af44c279366146a9","0","","8","0","3"
"1","FRHPCPNF059671TOTEM","","4194180","NUMERIC","3475840","8","IEC_62196_T2_COMBO:60kW","2026-09-27T17:19:44.428Z","true","SOURCE_DUPLICATE_DIFFERENT_PRICING|SOURCE_REF_REUSED_ACROSS_LOCATIONS|COMPLEX_TIME_OR_DURATION_PRICING","dc300e5acf3d0c0e","0","","8","0","3"
"1","FRHPCPNF059671TOTEM","","4194180","NUMERIC","3475842","8","CHADEMO:60kW","2026-09-27T17:19:44.428Z","true","SOURCE_DUPLICATE_DIFFERENT_PRICING|SOURCE_REF_REUSED_ACROSS_LOCATIONS|COMPLEX_TIME_OR_DURATION_PRICING","92473908ef1c28cd","0","","8","0","3"
"1","FRHPCPNF059672TOTEM","","4192854","NUMERIC","3469673","1","IEC_62196_T2:44kW","2026-09-27T17:14:17.630Z","true","SOURCE_DUPLICATE_DIFFERENT_PRICING|SOURCE_REF_REUSED_ACROSS_LOCATIONS|COMPLEX_TIME_OR_DURATION_PRICING","230d0d70f11adf0f","0","","8","0","3"
"1","FRHPCPNF059672TOTEM","","4192854","NUMERIC","3469674","1","IEC_62196_T2_COMBO:60kW","2026-09-27T17:14:17.630Z","true","SOURCE_DUPLICATE_DIFFERENT_PRICING|SOURCE_REF_REUSED_ACROSS_LOCATIONS|COMPLEX_TIME_OR_DURATION_PRICING","3fa9aae7400035a7","0","","8","0","3"
"1","FRHPCPNF059672TOTEM","","4192854","NUMERIC","3469675","1","CHADEMO:60kW","2026-09-27T17:14:17.630Z","true","SOURCE_DUPLICATE_DIFFERENT_PRICING|SOURCE_REF_REUSED_ACROSS_LOCATIONS|COMPLEX_TIME_OR_DURATION_PRICING","fe40a83747f58f03","0","","8","0","3"
"1","FRHPCPNF059672TOTEM","","4192854","NUMERIC","3469682","8","IEC_62196_T2:44kW","2026-09-27T17:14:17.630Z","true","SOURCE_DUPLICATE_DIFFERENT_PRICING|SOURCE_REF_REUSED_ACROSS_LOCATIONS|COMPLEX_TIME_OR_DURATION_PRICING","230d0d70f11adf0f","0","","8","0","3"
"1","FRHPCPNF059672TOTEM","","4192854","NUMERIC","3469683","8","IEC_62196_T2_COMBO:60kW","2026-09-27T17:14:17.630Z","true","SOURCE_DUPLICATE_DIFFERENT_PRICING|SOURCE_REF_REUSED_ACROSS_LOCATIONS|COMPLEX_TIME_OR_DURATION_PRICING","3fa9aae7400035a7","0","","8","0","3"
"1","FRHPCPNF059672TOTEM","","4192854","NUMERIC","3469684","8","CHADEMO:60kW","2026-09-27T17:14:17.630Z","true","SOURCE_DUPLICATE_DIFFERENT_PRICING|SOURCE_REF_REUSED_ACROSS_LOCATIONS|COMPLEX_TIME_OR_DURATION_PRICING","fe40a83747f58f03","0","","8","0","3"
"1","FRHPCPNF059678","","4194108","NUMERIC","3475685","1","IEC_62196_T2_COMBO:460kW","2026-09-27T17:19:26.723Z","true","SOURCE_DUPLICATE_DIFFERENT_PRICING|SOURCE_REF_REUSED_ACROSS_LOCATIONS|COMPLEX_TIME_OR_DURATION_PRICING","dbc85e70fac8c254","0","","4","0","3"
"1","FRHPCPNF059678","","4194108","NUMERIC","3475686","1","CHADEMO:460kW","2026-09-27T17:19:26.723Z","true","SOURCE_DUPLICATE_DIFFERENT_PRICING|SOURCE_REF_REUSED_ACROSS_LOCATIONS|COMPLEX_TIME_OR_DURATION_PRICING","5fc0303a8562e353","0","","4","0","3"
"1","FRHPCPNF059678","","4194108","NUMERIC","3475688","1","IEC_62196_T2:22kW","2026-09-27T17:19:26.723Z","true","SOURCE_DUPLICATE_DIFFERENT_PRICING|SOURCE_REF_REUSED_ACROSS_LOCATIONS|COMPLEX_TIME_OR_DURATION_PRICING","122869f63c72132b","0","","4","0","3"
"1","FRHPCPNF059694TOTEM","","4192602","NUMERIC","3467399","1","IEC_62196_T2:44kW","2026-09-27T17:12:26.464Z","true","SOURCE_DUPLICATE_DIFFERENT_PRICING|SOURCE_REF_REUSED_ACROSS_LOCATIONS|COMPLEX_TIME_OR_DURATION_PRICING","af44c279366146a9","0","","8","0","3"
"1","FRHPCPNF059694TOTEM","","4192602","NUMERIC","3467401","1","IEC_62196_T2_COMBO:60kW","2026-09-27T17:12:26.464Z","true","SOURCE_DUPLICATE_DIFFERENT_PRICING|SOURCE_REF_REUSED_ACROSS_LOCATIONS|COMPLEX_TIME_OR_DURATION_PRICING","dc300e5acf3d0c0e","0","","8","0","3"
"1","FRHPCPNF059694TOTEM","","4192602","NUMERIC","3467403","1","CHADEMO:60kW","2026-09-27T17:12:26.464Z","true","SOURCE_DUPLICATE_DIFFERENT_PRICING|SOURCE_REF_REUSED_ACROSS_LOCATIONS|COMPLEX_TIME_OR_DURATION_PRICING","92473908ef1c28cd","0","","8","0","3"
"1","FRHPCPNF059694TOTEM","","4192602","NUMERIC","3467415","8","IEC_62196_T2:44kW","2026-09-27T17:12:26.464Z","true","SOURCE_DUPLICATE_DIFFERENT_PRICING|SOURCE_REF_REUSED_ACROSS_LOCATIONS|COMPLEX_TIME_OR_DURATION_PRICING","af44c279366146a9","0","","8","0","3"
"1","FRHPCPNF059694TOTEM","","4192602","NUMERIC","3467417","8","IEC_62196_T2_COMBO:60kW","2026-09-27T17:12:26.464Z","true","SOURCE_DUPLICATE_DIFFERENT_PRICING|SOURCE_REF_REUSED_ACROSS_LOCATIONS|COMPLEX_TIME_OR_DURATION_PRICING","dc300e5acf3d0c0e","0","","8","0","3"
"1","FRHPCPNF059694TOTEM","","4192602","NUMERIC","3467419","8","CHADEMO:60kW","2026-09-27T17:12:26.464Z","true","SOURCE_DUPLICATE_DIFFERENT_PRICING|SOURCE_REF_REUSED_ACROSS_LOCATIONS|COMPLEX_TIME_OR_DURATION_PRICING","92473908ef1c28cd","0","","8","0","3"
"1","FRHPCPNF059709","","4196108","NUMERIC","3482105","1","IEC_62196_T2_COMBO:460kW","2026-09-27T17:23:13.609Z","true","SOURCE_DUPLICATE_DIFFERENT_PRICING|SOURCE_REF_REUSED_ACROSS_LOCATIONS|COMPLEX_TIME_OR_DURATION_PRICING","f08230b7a329b53b","0","","6","0","2"
"1","FRHPCPNF059709","","4196108","NUMERIC","3482106","1","IEC_62196_T2:22kW","2026-09-27T17:23:13.609Z","true","SOURCE_DUPLICATE_DIFFERENT_PRICING|SOURCE_REF_REUSED_ACROSS_LOCATIONS|COMPLEX_TIME_OR_DURATION_PRICING","0f184683c80852a4","0","","6","0","2"
"1","FRHPCPNF059709","","4196108","NUMERIC","3482107","2","CHADEMO:460kW","2026-09-27T17:23:13.609Z","true","SOURCE_DUPLICATE_DIFFERENT_PRICING|SOURCE_REF_REUSED_ACROSS_LOCATIONS|COMPLEX_TIME_OR_DURATION_PRICING","c44e05fd11870ab6","0","","6","0","2"
"1","FRHPCPNF059709","","4196108","NUMERIC","3482108","2","IEC_62196_T2_COMBO:460kW","2026-09-27T17:23:13.609Z","true","SOURCE_DUPLICATE_DIFFERENT_PRICING|SOURCE_REF_REUSED_ACROSS_LOCATIONS|COMPLEX_TIME_OR_DURATION_PRICING","f08230b7a329b53b","0","","6","0","2"
"1","FRHPCPNF059709","","4196108","NUMERIC","3482111","5","IEC_62196_T2:22kW","2026-09-27T17:23:13.609Z","true","SOURCE_DUPLICATE_DIFFERENT_PRICING|SOURCE_REF_REUSED_ACROSS_LOCATIONS|COMPLEX_TIME_OR_DURATION_PRICING","0f184683c80852a4","0","","6","0","2"
"1","FRHPCPNF059709","","4196108","NUMERIC","3482112","6","CHADEMO:460kW","2026-09-27T17:23:13.609Z","true","SOURCE_DUPLICATE_DIFFERENT_PRICING|SOURCE_REF_REUSED_ACROSS_LOCATIONS|COMPLEX_TIME_OR_DURATION_PRICING","c44e05fd11870ab6","0","","6","0","2"
"1","FRHPCPNF059709","","4196108","NUMERIC","3482113","6","IEC_62196_T2_COMBO:460kW","2026-09-27T17:23:13.609Z","true","SOURCE_DUPLICATE_DIFFERENT_PRICING|SOURCE_REF_REUSED_ACROSS_LOCATIONS|COMPLEX_TIME_OR_DURATION_PRICING","f08230b7a329b53b","0","","6","0","2"
"1","FRHPCPNF059709","","4196108","NUMERIC","3482114","5","IEC_62196_T2_COMBO:460kW","2026-09-27T17:23:13.609Z","true","SOURCE_DUPLICATE_DIFFERENT_PRICING|SOURCE_REF_REUSED_ACROSS_LOCATIONS|COMPLEX_TIME_OR_DURATION_PRICING","f08230b7a329b53b","0","","6","0","2"
"1","FRHPCPNF059736TOTEM","","4193028","NUMERIC","3470709","1","IEC_62196_T2:44kW","2026-09-27T17:15:24.235Z","true","SOURCE_DUPLICATE_DIFFERENT_PRICING|SOURCE_REF_REUSED_ACROSS_LOCATIONS|COMPLEX_TIME_OR_DURATION_PRICING","af44c279366146a9","0","","8","0","3"
"1","FRHPCPNF059736TOTEM","","4193028","NUMERIC","3470710","1","IEC_62196_T2_COMBO:60kW","2026-09-27T17:15:24.235Z","true","SOURCE_DUPLICATE_DIFFERENT_PRICING|SOURCE_REF_REUSED_ACROSS_LOCATIONS|COMPLEX_TIME_OR_DURATION_PRICING","dc300e5acf3d0c0e","0","","8","0","3"
"1","FRHPCPNF059736TOTEM","","4193028","NUMERIC","3470711","1","CHADEMO:60kW","2026-09-27T17:15:24.235Z","true","SOURCE_DUPLICATE_DIFFERENT_PRICING|SOURCE_REF_REUSED_ACROSS_LOCATIONS|COMPLEX_TIME_OR_DURATION_PRICING","92473908ef1c28cd","0","","8","0","3"
"1","FRHPCPNF059736TOTEM","","4193028","NUMERIC","3470716","8","IEC_62196_T2:44kW","2026-09-27T17:15:24.235Z","true","SOURCE_DUPLICATE_DIFFERENT_PRICING|SOURCE_REF_REUSED_ACROSS_LOCATIONS|COMPLEX_TIME_OR_DURATION_PRICING","af44c279366146a9","0","","8","0","3"
"1","FRHPCPNF059736TOTEM","","4193028","NUMERIC","3470717","8","IEC_62196_T2_COMBO:60kW","2026-09-27T17:15:24.235Z","true","SOURCE_DUPLICATE_DIFFERENT_PRICING|SOURCE_REF_REUSED_ACROSS_LOCATIONS|COMPLEX_TIME_OR_DURATION_PRICING","dc300e5acf3d0c0e","0","","8","0","3"
"1","FRHPCPNF059736TOTEM","","4193028","NUMERIC","3470718","8","CHADEMO:60kW","2026-09-27T17:15:24.235Z","true","SOURCE_DUPLICATE_DIFFERENT_PRICING|SOURCE_REF_REUSED_ACROSS_LOCATIONS|COMPLEX_TIME_OR_DURATION_PRICING","92473908ef1c28cd","0","","8","0","3"
"1","FRHPCPNF059743TOTEM","","4194403","NUMERIC","3476903","4","IEC_62196_T2:44kW","2026-09-27T17:20:43.366Z","true","SOURCE_DUPLICATE_DIFFERENT_PRICING|SOURCE_REF_REUSED_ACROSS_LOCATIONS|COMPLEX_TIME_OR_DURATION_PRICING","af44c279366146a9","0","","4","0","3"
"1","FRHPCPNF059743TOTEM","","4194403","NUMERIC","3476904","4","IEC_62196_T2_COMBO:60kW","2026-09-27T17:20:43.366Z","true","SOURCE_DUPLICATE_DIFFERENT_PRICING|SOURCE_REF_REUSED_ACROSS_LOCATIONS|COMPLEX_TIME_OR_DURATION_PRICING","dc300e5acf3d0c0e","0","","4","0","3"
"1","FRHPCPNF059743TOTEM","","4194403","NUMERIC","3476905","4","CHADEMO:60kW","2026-09-27T17:20:43.366Z","true","SOURCE_DUPLICATE_DIFFERENT_PRICING|SOURCE_REF_REUSED_ACROSS_LOCATIONS|COMPLEX_TIME_OR_DURATION_PRICING","92473908ef1c28cd","0","","4","0","3"
"1","FRHPCPNF059743TOTEM","","4194403","NUMERIC","3476906","1","IEC_62196_T2:44kW","2026-09-27T17:20:43.366Z","true","SOURCE_DUPLICATE_DIFFERENT_PRICING|SOURCE_REF_REUSED_ACROSS_LOCATIONS|COMPLEX_TIME_OR_DURATION_PRICING","af44c279366146a9","0","","4","0","3"
"1","FRHPCPNF059743TOTEM","","4194403","NUMERIC","3476907","1","IEC_62196_T2_COMBO:60kW","2026-09-27T17:20:43.366Z","true","SOURCE_DUPLICATE_DIFFERENT_PRICING|SOURCE_REF_REUSED_ACROSS_LOCATIONS|COMPLEX_TIME_OR_DURATION_PRICING","dc300e5acf3d0c0e","0","","4","0","3"
"1","FRHPCPNF059743TOTEM","","4194403","NUMERIC","3476908","1","CHADEMO:60kW","2026-09-27T17:20:43.366Z","true","SOURCE_DUPLICATE_DIFFERENT_PRICING|SOURCE_REF_REUSED_ACROSS_LOCATIONS|COMPLEX_TIME_OR_DURATION_PRICING","92473908ef1c28cd","0","","4","0","3"
"1","FRHPCPNF059748","","4192822","NUMERIC","3469454","1","IEC_62196_T2:44kW","2026-09-27T17:14:04.253Z","true","SOURCE_DUPLICATE_DIFFERENT_PRICING|SOURCE_REF_REUSED_ACROSS_LOCATIONS|COMPLEX_TIME_OR_DURATION_PRICING","af44c279366146a9","0","","8","0","3"
"1","FRHPCPNF059748","","4192822","NUMERIC","3469456","1","IEC_62196_T2_COMBO:60kW","2026-09-27T17:14:04.253Z","true","SOURCE_DUPLICATE_DIFFERENT_PRICING|SOURCE_REF_REUSED_ACROSS_LOCATIONS|COMPLEX_TIME_OR_DURATION_PRICING","dc300e5acf3d0c0e","0","","8","0","3"
"1","FRHPCPNF059748","","4192822","NUMERIC","3469458","1","CHADEMO:60kW","2026-09-27T17:14:04.253Z","true","SOURCE_DUPLICATE_DIFFERENT_PRICING|SOURCE_REF_REUSED_ACROSS_LOCATIONS|COMPLEX_TIME_OR_DURATION_PRICING","92473908ef1c28cd","0","","8","0","3"
"1","FRHPCPNF059748","","4192822","NUMERIC","3469472","8","IEC_62196_T2:44kW","2026-09-27T17:14:04.253Z","true","SOURCE_DUPLICATE_DIFFERENT_PRICING|SOURCE_REF_REUSED_ACROSS_LOCATIONS|COMPLEX_TIME_OR_DURATION_PRICING","af44c279366146a9","0","","8","0","3"
"1","FRHPCPNF059748","","4192822","NUMERIC","3469474","8","IEC_62196_T2_COMBO:60kW","2026-09-27T17:14:04.253Z","true","SOURCE_DUPLICATE_DIFFERENT_PRICING|SOURCE_REF_REUSED_ACROSS_LOCATIONS|COMPLEX_TIME_OR_DURATION_PRICING","dc300e5acf3d0c0e","0","","8","0","3"
"1","FRHPCPNF059748","","4192822","NUMERIC","3469475","8","CHADEMO:60kW","2026-09-27T17:14:04.253Z","true","SOURCE_DUPLICATE_DIFFERENT_PRICING|SOURCE_REF_REUSED_ACROSS_LOCATIONS|COMPLEX_TIME_OR_DURATION_PRICING","92473908ef1c28cd","0","","8","0","3"
"1","FRHPCPNF059779","","4194259","NUMERIC","3476297","1","IEC_62196_T2_COMBO:460kW","2026-09-27T17:20:11.697Z","true","SOURCE_DUPLICATE_DIFFERENT_PRICING|SOURCE_REF_REUSED_ACROSS_LOCATIONS|COMPLEX_TIME_OR_DURATION_PRICING","dbc85e70fac8c254","0","","4","0","2"
"1","FRHPCPNF059779","","4194259","NUMERIC","3476298","1","IEC_62196_T2:22kW","2026-09-27T17:20:11.697Z","true","SOURCE_DUPLICATE_DIFFERENT_PRICING|SOURCE_REF_REUSED_ACROSS_LOCATIONS|COMPLEX_TIME_OR_DURATION_PRICING","122869f63c72132b","0","","4","0","2"
"1","FRHPCPNF059779","","4194259","NUMERIC","3476299","2","CHADEMO:460kW","2026-09-27T17:20:11.697Z","true","SOURCE_DUPLICATE_DIFFERENT_PRICING|SOURCE_REF_REUSED_ACROSS_LOCATIONS|COMPLEX_TIME_OR_DURATION_PRICING","5fc0303a8562e353","0","","4","0","2"
"1","FRHPCPNF059779","","4194259","NUMERIC","3476301","2","IEC_62196_T2_COMBO:460kW","2026-09-27T17:20:11.697Z","true","SOURCE_DUPLICATE_DIFFERENT_PRICING|SOURCE_REF_REUSED_ACROSS_LOCATIONS|COMPLEX_TIME_OR_DURATION_PRICING","dbc85e70fac8c254","0","","4","0","2"
"1","FRHPCPNF059779","","4194259","NUMERIC","3476303","3","IEC_62196_T2_COMBO:460kW","2026-09-27T17:20:11.697Z","true","SOURCE_DUPLICATE_DIFFERENT_PRICING|SOURCE_REF_REUSED_ACROSS_LOCATIONS|COMPLEX_TIME_OR_DURATION_PRICING","dbc85e70fac8c254","0","","4","0","2"
"1","FRHPCPNF059779","","4194259","NUMERIC","3476305","3","IEC_62196_T2:22kW","2026-09-27T17:20:11.697Z","true","SOURCE_DUPLICATE_DIFFERENT_PRICING|SOURCE_REF_REUSED_ACROSS_LOCATIONS|COMPLEX_TIME_OR_DURATION_PRICING","122869f63c72132b","0","","4","0","2"
"1","FRHPCPNF059779","","4194259","NUMERIC","3476306","4","CHADEMO:460kW","2026-09-27T17:20:11.697Z","true","SOURCE_DUPLICATE_DIFFERENT_PRICING|SOURCE_REF_REUSED_ACROSS_LOCATIONS|COMPLEX_TIME_OR_DURATION_PRICING","5fc0303a8562e353","0","","4","0","2"
"1","FRHPCPNF059779","","4194259","NUMERIC","3476308","4","IEC_62196_T2_COMBO:460kW","2026-09-27T17:20:11.697Z","true","SOURCE_DUPLICATE_DIFFERENT_PRICING|SOURCE_REF_REUSED_ACROSS_LOCATIONS|COMPLEX_TIME_OR_DURATION_PRICING","dbc85e70fac8c254","0","","4","0","2"
"1","FRHPCPNF059786","","4192733","NUMERIC","3468607","3","IEC_62196_T2_COMBO:460kW","2026-09-27T17:13:39.819Z","true","SOURCE_DUPLICATE_DIFFERENT_PRICING|SOURCE_REF_REUSED_ACROSS_LOCATIONS|COMPLEX_TIME_OR_DURATION_PRICING","dbc85e70fac8c254","0","","3","0","3"
"1","FRHPCPNF059786","","4192733","NUMERIC","3468609","3","IEC_62196_T2:22kW","2026-09-27T17:13:39.819Z","true","SOURCE_DUPLICATE_DIFFERENT_PRICING|SOURCE_REF_REUSED_ACROSS_LOCATIONS|COMPLEX_TIME_OR_DURATION_PRICING","122869f63c72132b","0","","3","0","3"
"1","FRHPCPNF059786","","4192733","NUMERIC","3468612","3","CHADEMO:460kW","2026-09-27T17:13:39.819Z","true","SOURCE_DUPLICATE_DIFFERENT_PRICING|SOURCE_REF_REUSED_ACROSS_LOCATIONS|COMPLEX_TIME_OR_DURATION_PRICING","5fc0303a8562e353","0","","3","0","3"
"1","FRHPCPNF059792","","4199941","NUMERIC","3491450","1","IEC_62196_T2:44kW","2026-09-27T17:25:01.531Z","true","SOURCE_DUPLICATE_DIFFERENT_PRICING|SOURCE_REF_REUSED_ACROSS_LOCATIONS|COMPLEX_TIME_OR_DURATION_PRICING","b66d3c2f6bebf12e","0","","1","0","3"
"1","FRHPCPNF059792","","4199941","NUMERIC","3491457","1","IEC_62196_T2_COMBO:60kW","2026-09-27T17:25:01.531Z","true","SOURCE_DUPLICATE_DIFFERENT_PRICING|SOURCE_REF_REUSED_ACROSS_LOCATIONS|COMPLEX_TIME_OR_DURATION_PRICING","0e31a245ea6f98f8","0","","1","0","3"
"1","FRHPCPNF059792","","4199941","NUMERIC","3491461","1","CHADEMO:60kW","2026-09-27T17:25:01.531Z","true","SOURCE_DUPLICATE_DIFFERENT_PRICING|SOURCE_REF_REUSED_ACROSS_LOCATIONS|COMPLEX_TIME_OR_DURATION_PRICING","d2ecf663140f184d","0","","1","0","3"
"1","FRHPCPNF059797","","4193389","NUMERIC","3472782","1","IEC_62196_T2:43kW","2026-09-27T17:16:54.766Z","true","SOURCE_DUPLICATE_DIFFERENT_PRICING|SOURCE_REF_REUSED_ACROSS_LOCATIONS|COMPLEX_TIME_OR_DURATION_PRICING","07ac1f8891d1eaee","0","","1","0","3"
"1","FRHPCPNF059797","","4193389","NUMERIC","3472784","1","IEC_62196_T2_COMBO:60kW","2026-09-27T17:16:54.766Z","true","SOURCE_DUPLICATE_DIFFERENT_PRICING|SOURCE_REF_REUSED_ACROSS_LOCATIONS|COMPLEX_TIME_OR_DURATION_PRICING","dc300e5acf3d0c0e","0","","1","0","3"
"1","FRHPCPNF059797","","4193389","NUMERIC","3472786","1","CHADEMO:60kW","2026-09-27T17:16:54.766Z","true","SOURCE_DUPLICATE_DIFFERENT_PRICING|SOURCE_REF_REUSED_ACROSS_LOCATIONS|COMPLEX_TIME_OR_DURATION_PRICING","92473908ef1c28cd","0","","1","0","3"
"1","FRHPCPNF059841","","4194255","NUMERIC","3476154","1","IEC_62196_T2_COMBO:460kW","2026-09-27T17:20:09.608Z","true","SOURCE_DUPLICATE_DIFFERENT_PRICING|SOURCE_REF_REUSED_ACROSS_LOCATIONS|COMPLEX_TIME_OR_DURATION_PRICING","dbc85e70fac8c254","0","","6","0","2"
"1","FRHPCPNF059841","","4194255","NUMERIC","3476155","1","IEC_62196_T2:22kW","2026-09-27T17:20:09.608Z","true","SOURCE_DUPLICATE_DIFFERENT_PRICING|SOURCE_REF_REUSED_ACROSS_LOCATIONS|COMPLEX_TIME_OR_DURATION_PRICING","122869f63c72132b","0","","6","0","2"
"1","FRHPCPNF059841","","4194255","NUMERIC","3476156","2","CHADEMO:460kW","2026-09-27T17:20:09.608Z","true","SOURCE_DUPLICATE_DIFFERENT_PRICING|SOURCE_REF_REUSED_ACROSS_LOCATIONS|COMPLEX_TIME_OR_DURATION_PRICING","5fc0303a8562e353","0","","6","0","2"
"1","FRHPCPNF059841","","4194255","NUMERIC","3476157","2","IEC_62196_T2_COMBO:460kW","2026-09-27T17:20:09.608Z","true","SOURCE_DUPLICATE_DIFFERENT_PRICING|SOURCE_REF_REUSED_ACROSS_LOCATIONS|COMPLEX_TIME_OR_DURATION_PRICING","dbc85e70fac8c254","0","","6","0","2"
"1","FRHPCPNF059841","","4194255","NUMERIC","3476158","3","IEC_62196_T2:22kW","2026-09-27T17:20:09.608Z","true","SOURCE_DUPLICATE_DIFFERENT_PRICING|SOURCE_REF_REUSED_ACROSS_LOCATIONS|COMPLEX_TIME_OR_DURATION_PRICING","122869f63c72132b","0","","6","0","2"
"1","FRHPCPNF059841","","4194255","NUMERIC","3476159","4","CHADEMO:460kW","2026-09-27T17:20:09.608Z","true","SOURCE_DUPLICATE_DIFFERENT_PRICING|SOURCE_REF_REUSED_ACROSS_LOCATIONS|COMPLEX_TIME_OR_DURATION_PRICING","5fc0303a8562e353","0","","6","0","2"
"1","FRHPCPNF059841","","4194255","NUMERIC","3476160","4","IEC_62196_T2_COMBO:460kW","2026-09-27T17:20:09.608Z","true","SOURCE_DUPLICATE_DIFFERENT_PRICING|SOURCE_REF_REUSED_ACROSS_LOCATIONS|COMPLEX_TIME_OR_DURATION_PRICING","dbc85e70fac8c254","0","","6","0","2"
"1","FRHPCPNF059841","","4194255","NUMERIC","3476163","3","IEC_62196_T2_COMBO:460kW","2026-09-27T17:20:09.608Z","true","SOURCE_DUPLICATE_DIFFERENT_PRICING|SOURCE_REF_REUSED_ACROSS_LOCATIONS|COMPLEX_TIME_OR_DURATION_PRICING","dbc85e70fac8c254","0","","6","0","2"
"1","FRHPCPNF059902TOTEM","","4193829","NUMERIC","3474586","1","IEC_62196_T2:43kW","2026-09-27T17:18:22.789Z","true","SOURCE_DUPLICATE_DIFFERENT_PRICING|SOURCE_REF_REUSED_ACROSS_LOCATIONS|COMPLEX_TIME_OR_DURATION_PRICING","07ac1f8891d1eaee","0","","8","0","3"
"1","FRHPCPNF059902TOTEM","","4193829","NUMERIC","3474587","1","IEC_62196_T2_COMBO:60kW","2026-09-27T17:18:22.789Z","true","SOURCE_DUPLICATE_DIFFERENT_PRICING|SOURCE_REF_REUSED_ACROSS_LOCATIONS|COMPLEX_TIME_OR_DURATION_PRICING","dc300e5acf3d0c0e","0","","8","0","3"
"1","FRHPCPNF059902TOTEM","","4193829","NUMERIC","3474588","1","CHADEMO:60kW","2026-09-27T17:18:22.789Z","true","SOURCE_DUPLICATE_DIFFERENT_PRICING|SOURCE_REF_REUSED_ACROSS_LOCATIONS|COMPLEX_TIME_OR_DURATION_PRICING","92473908ef1c28cd","0","","8","0","3"
"1","FRHPCPNF059902TOTEM","","4193829","NUMERIC","3474599","8","IEC_62196_T2:43kW","2026-09-27T17:18:22.789Z","true","SOURCE_DUPLICATE_DIFFERENT_PRICING|SOURCE_REF_REUSED_ACROSS_LOCATIONS|COMPLEX_TIME_OR_DURATION_PRICING","07ac1f8891d1eaee","0","","8","0","3"
"1","FRHPCPNF059902TOTEM","","4193829","NUMERIC","3474600","8","IEC_62196_T2_COMBO:60kW","2026-09-27T17:18:22.789Z","true","SOURCE_DUPLICATE_DIFFERENT_PRICING|SOURCE_REF_REUSED_ACROSS_LOCATIONS|COMPLEX_TIME_OR_DURATION_PRICING","dc300e5acf3d0c0e","0","","8","0","3"
"1","FRHPCPNF059902TOTEM","","4193829","NUMERIC","3474601","8","CHADEMO:60kW","2026-09-27T17:18:22.789Z","true","SOURCE_DUPLICATE_DIFFERENT_PRICING|SOURCE_REF_REUSED_ACROSS_LOCATIONS|COMPLEX_TIME_OR_DURATION_PRICING","92473908ef1c28cd","0","","8","0","3"
"1","FRHPCPNF059903TOTEM","","4194930","NUMERIC","3478659","1","IEC_62196_T2:44kW","2026-09-27T17:21:35.176Z","true","SOURCE_DUPLICATE_DIFFERENT_PRICING|SOURCE_REF_REUSED_ACROSS_LOCATIONS|COMPLEX_TIME_OR_DURATION_PRICING","af44c279366146a9","0","","4","0","3"
"1","FRHPCPNF059903TOTEM","","4194930","NUMERIC","3478660","1","IEC_62196_T2_COMBO:60kW","2026-09-27T17:21:35.176Z","true","SOURCE_DUPLICATE_DIFFERENT_PRICING|SOURCE_REF_REUSED_ACROSS_LOCATIONS|COMPLEX_TIME_OR_DURATION_PRICING","dc300e5acf3d0c0e","0","","4","0","3"
"1","FRHPCPNF059903TOTEM","","4194930","NUMERIC","3478661","1","CHADEMO:60kW","2026-09-27T17:21:35.176Z","true","SOURCE_DUPLICATE_DIFFERENT_PRICING|SOURCE_REF_REUSED_ACROSS_LOCATIONS|COMPLEX_TIME_OR_DURATION_PRICING","92473908ef1c28cd","0","","4","0","3"
"1","FRHPCPNF059903TOTEM","","4194930","NUMERIC","3478664","4","IEC_62196_T2:44kW","2026-09-27T17:21:35.176Z","true","SOURCE_DUPLICATE_DIFFERENT_PRICING|SOURCE_REF_REUSED_ACROSS_LOCATIONS|COMPLEX_TIME_OR_DURATION_PRICING","af44c279366146a9","0","","4","0","3"
"1","FRHPCPNF059903TOTEM","","4194930","NUMERIC","3478665","4","IEC_62196_T2_COMBO:60kW","2026-09-27T17:21:35.176Z","true","SOURCE_DUPLICATE_DIFFERENT_PRICING|SOURCE_REF_REUSED_ACROSS_LOCATIONS|COMPLEX_TIME_OR_DURATION_PRICING","dc300e5acf3d0c0e","0","","4","0","3"
"1","FRHPCPNF059903TOTEM","","4194930","NUMERIC","3478666","4","CHADEMO:60kW","2026-09-27T17:21:35.176Z","true","SOURCE_DUPLICATE_DIFFERENT_PRICING|SOURCE_REF_REUSED_ACROSS_LOCATIONS|COMPLEX_TIME_OR_DURATION_PRICING","92473908ef1c28cd","0","","4","0","3"
"1","FRHPCPNF059907","","4194477","NUMERIC","3477016","5","IEC_62196_T2_COMBO:460kW","2026-09-27T17:21:03.274Z","true","SOURCE_DUPLICATE_DIFFERENT_PRICING|SOURCE_REF_REUSED_ACROSS_LOCATIONS|COMPLEX_TIME_OR_DURATION_PRICING","dbc85e70fac8c254","0","","5","0","3"
"1","FRHPCPNF059907","","4194477","NUMERIC","3477017","5","IEC_62196_T2:22kW","2026-09-27T17:21:03.274Z","true","SOURCE_DUPLICATE_DIFFERENT_PRICING|SOURCE_REF_REUSED_ACROSS_LOCATIONS|COMPLEX_TIME_OR_DURATION_PRICING","122869f63c72132b","0","","5","0","3"
"1","FRHPCPNF059907","","4194477","NUMERIC","3477019","5","CHADEMO:460kW","2026-09-27T17:21:03.274Z","true","SOURCE_DUPLICATE_DIFFERENT_PRICING|SOURCE_REF_REUSED_ACROSS_LOCATIONS|COMPLEX_TIME_OR_DURATION_PRICING","5fc0303a8562e353","0","","5","0","3"
"1","FRHPCPNF059964","","4195270","NUMERIC","3479643","1","IEC_62196_T2_COMBO:300kW","2026-09-27T17:22:00.400Z","false","SOURCE_DUPLICATE_DIFFERENT_PRICING|SOURCE_REF_REUSED_ACROSS_LOCATIONS|COMPLEX_TIME_OR_DURATION_PRICING|NO_DETERMINISTIC_LOCAL_IRVE_MATCH|UNPUBLISHED_SOURCE_EVSE","29f14690829fb75b","0","","2","0","6"
"1","FRHPCPNF059964","","4195270","NUMERIC","3479646","1","IEC_62196_T2:22kW","2026-09-27T17:22:00.400Z","false","SOURCE_DUPLICATE_DIFFERENT_PRICING|SOURCE_REF_REUSED_ACROSS_LOCATIONS|COMPLEX_TIME_OR_DURATION_PRICING|NO_DETERMINISTIC_LOCAL_IRVE_MATCH|UNPUBLISHED_SOURCE_EVSE","122869f63c72132b","0","","2","0","6"
"1","FRHPCPNF059964","","4195270","NUMERIC","3479650","1","CHADEMO:100kW","2026-09-27T17:22:00.400Z","false","SOURCE_DUPLICATE_DIFFERENT_PRICING|SOURCE_REF_REUSED_ACROSS_LOCATIONS|COMPLEX_TIME_OR_DURATION_PRICING|NO_DETERMINISTIC_LOCAL_IRVE_MATCH|UNPUBLISHED_SOURCE_EVSE","0307c5f8e6e971df","0","","2","0","6"
"1","FRHPCPNF059964","","4195270","NUMERIC","3479652","3","IEC_62196_T2_COMBO:300kW","2026-09-27T17:22:00.400Z","false","SOURCE_DUPLICATE_DIFFERENT_PRICING|SOURCE_REF_REUSED_ACROSS_LOCATIONS|COMPLEX_TIME_OR_DURATION_PRICING|NO_DETERMINISTIC_LOCAL_IRVE_MATCH|UNPUBLISHED_SOURCE_EVSE","29f14690829fb75b","0","","2","0","3"
"1","FRHPCPNF059964","","4195270","NUMERIC","3479653","3","IEC_62196_T2:22kW","2026-09-27T17:22:00.400Z","false","SOURCE_DUPLICATE_DIFFERENT_PRICING|SOURCE_REF_REUSED_ACROSS_LOCATIONS|COMPLEX_TIME_OR_DURATION_PRICING|NO_DETERMINISTIC_LOCAL_IRVE_MATCH|UNPUBLISHED_SOURCE_EVSE","122869f63c72132b","0","","2","0","3"
"1","FRHPCPNF059964","","4195270","NUMERIC","3479654","3","CHADEMO:100kW","2026-09-27T17:22:00.400Z","false","SOURCE_DUPLICATE_DIFFERENT_PRICING|SOURCE_REF_REUSED_ACROSS_LOCATIONS|COMPLEX_TIME_OR_DURATION_PRICING|NO_DETERMINISTIC_LOCAL_IRVE_MATCH|UNPUBLISHED_SOURCE_EVSE","0307c5f8e6e971df","0","","2","0","3"
"1","FRHPCPNF059964","","4195270","NUMERIC","3479655","4","IEC_62196_T2_COMBO:460kW","2026-09-27T17:22:00.400Z","false","SOURCE_DUPLICATE_DIFFERENT_PRICING|SOURCE_REF_REUSED_ACROSS_LOCATIONS|COMPLEX_TIME_OR_DURATION_PRICING|NO_DETERMINISTIC_LOCAL_IRVE_MATCH|UNPUBLISHED_SOURCE_EVSE","73cc744bbd85f528","0","","2","0","3"
"1","FRHPCPNF059964","","4195270","NUMERIC","3479656","4","CHADEMO:460kW","2026-09-27T17:22:00.400Z","false","SOURCE_DUPLICATE_DIFFERENT_PRICING|SOURCE_REF_REUSED_ACROSS_LOCATIONS|COMPLEX_TIME_OR_DURATION_PRICING|NO_DETERMINISTIC_LOCAL_IRVE_MATCH|UNPUBLISHED_SOURCE_EVSE","64869e6e3859821e","0","","2","0","3"
"1","FRHPCPNF059964","","4195270","NUMERIC","3479658","4","IEC_62196_T2:22kW","2026-09-27T17:22:00.400Z","false","SOURCE_DUPLICATE_DIFFERENT_PRICING|SOURCE_REF_REUSED_ACROSS_LOCATIONS|COMPLEX_TIME_OR_DURATION_PRICING|NO_DETERMINISTIC_LOCAL_IRVE_MATCH|UNPUBLISHED_SOURCE_EVSE","17e1d60383ce6b81","0","","2","0","3"
"1","FRHPCPNF059964","","4195270","NUMERIC","3479660","2","IEC_62196_T2_COMBO:460kW","2026-09-27T17:22:00.400Z","false","SOURCE_DUPLICATE_DIFFERENT_PRICING|SOURCE_REF_REUSED_ACROSS_LOCATIONS|COMPLEX_TIME_OR_DURATION_PRICING|NO_DETERMINISTIC_LOCAL_IRVE_MATCH|UNPUBLISHED_SOURCE_EVSE","73cc744bbd85f528","0","","2","0","2"
"1","FRHPCPNF059964","","4195270","NUMERIC","3491522","1","IEC_62196_T2_COMBO:300kW","2026-09-27T17:22:00.400Z","false","SOURCE_DUPLICATE_DIFFERENT_PRICING|SOURCE_REF_REUSED_ACROSS_LOCATIONS|COMPLEX_TIME_OR_DURATION_PRICING|NO_DETERMINISTIC_LOCAL_IRVE_MATCH|UNPUBLISHED_SOURCE_EVSE","29f14690829fb75b","0","","2","0","6"
"1","FRHPCPNF059964","","4195270","NUMERIC","3491527","1","CHADEMO:100kW","2026-09-27T17:22:00.400Z","false","SOURCE_DUPLICATE_DIFFERENT_PRICING|SOURCE_REF_REUSED_ACROSS_LOCATIONS|COMPLEX_TIME_OR_DURATION_PRICING|NO_DETERMINISTIC_LOCAL_IRVE_MATCH|UNPUBLISHED_SOURCE_EVSE","0307c5f8e6e971df","0","","2","0","6"
"1","FRHPCPNF059964","","4195270","NUMERIC","3491532","1","IEC_62196_T2:22kW","2026-09-27T17:22:00.400Z","false","SOURCE_DUPLICATE_DIFFERENT_PRICING|SOURCE_REF_REUSED_ACROSS_LOCATIONS|COMPLEX_TIME_OR_DURATION_PRICING|NO_DETERMINISTIC_LOCAL_IRVE_MATCH|UNPUBLISHED_SOURCE_EVSE","122869f63c72132b","0","","2","0","6"
"1","FRHPCPNF059964","","4195270","NUMERIC","3491536","2","IEC_62196_T2_COMBO:190kW","2026-09-27T17:22:00.400Z","false","SOURCE_DUPLICATE_DIFFERENT_PRICING|SOURCE_REF_REUSED_ACROSS_LOCATIONS|COMPLEX_TIME_OR_DURATION_PRICING|NO_DETERMINISTIC_LOCAL_IRVE_MATCH|UNPUBLISHED_SOURCE_EVSE","dee9e023f60c8533","0","","2","0","2"
"1","FRHPCPNF059977","","4196434","NUMERIC","3482930","1","IEC_62196_T2_COMBO:460kW","2026-10-04T09:46:56.822Z","true","SOURCE_DUPLICATE_DIFFERENT_PRICING|SOURCE_REF_REUSED_ACROSS_LOCATIONS|COMPLEX_TIME_OR_DURATION_PRICING","1d2da32100d6466c","0","","5","0","2"
"1","FRHPCPNF059977","","4196434","NUMERIC","3482931","1","IEC_62196_T2:22kW","2026-10-04T09:46:56.822Z","true","SOURCE_DUPLICATE_DIFFERENT_PRICING|SOURCE_REF_REUSED_ACROSS_LOCATIONS|COMPLEX_TIME_OR_DURATION_PRICING","4d44be8972662e6e","0","","5","0","2"
"1","FRHPCPNF059977","","4196434","NUMERIC","3482932","2","CHADEMO:460kW","2026-10-04T09:46:56.822Z","true","SOURCE_DUPLICATE_DIFFERENT_PRICING|SOURCE_REF_REUSED_ACROSS_LOCATIONS|COMPLEX_TIME_OR_DURATION_PRICING","c3c7da6c15dfc6e2","0","","5","0","2"
"1","FRHPCPNF059977","","4196434","NUMERIC","3482933","2","IEC_62196_T2_COMBO:460kW","2026-10-04T09:46:56.822Z","true","SOURCE_DUPLICATE_DIFFERENT_PRICING|SOURCE_REF_REUSED_ACROSS_LOCATIONS|COMPLEX_TIME_OR_DURATION_PRICING","1d2da32100d6466c","0","","5","0","2"
"1","FRHPCPNF059983","","4193091","NUMERIC","3471100","7","IEC_62196_T2_COMBO:460kW","2026-10-04T09:42:33.556Z","true","SOURCE_DUPLICATE_DIFFERENT_PRICING|SOURCE_REF_REUSED_ACROSS_LOCATIONS|COMPLEX_TIME_OR_DURATION_PRICING","e72b6b91c6adea6b","0","","9","0","3"
"1","FRHPCPNF059983","","4193091","NUMERIC","3471103","7","CHADEMO:230kW","2026-10-04T09:42:33.556Z","true","SOURCE_DUPLICATE_DIFFERENT_PRICING|SOURCE_REF_REUSED_ACROSS_LOCATIONS|COMPLEX_TIME_OR_DURATION_PRICING","b4cd6d7178515ec7","0","","9","0","3"
"1","FRHPCPNF059983","","4193091","NUMERIC","3471105","7","IEC_62196_T2:22kW","2026-10-04T09:42:33.556Z","true","SOURCE_DUPLICATE_DIFFERENT_PRICING|SOURCE_REF_REUSED_ACROSS_LOCATIONS|COMPLEX_TIME_OR_DURATION_PRICING","473290522abd5cf4","0","","9","0","3"
"1","FRHPCPNF059983","","4193091","NUMERIC","3471112","8","IEC_62196_T2_COMBO:186kW","2026-10-04T09:42:33.556Z","true","SOURCE_DUPLICATE_DIFFERENT_PRICING|SOURCE_REF_REUSED_ACROSS_LOCATIONS|COMPLEX_TIME_OR_DURATION_PRICING","d424205d10fe71ad","0","","9","0","3"
"1","FRHPCPNF059983","","4193091","NUMERIC","3471114","8","CHADEMO:100kW","2026-10-04T09:42:33.556Z","true","SOURCE_DUPLICATE_DIFFERENT_PRICING|SOURCE_REF_REUSED_ACROSS_LOCATIONS|COMPLEX_TIME_OR_DURATION_PRICING","3f2033f1608343f9","0","","9","0","3"
"1","FRHPCPNF059983","","4193091","NUMERIC","3471117","8","IEC_62196_T2:22kW","2026-10-04T09:42:33.556Z","true","SOURCE_DUPLICATE_DIFFERENT_PRICING|SOURCE_REF_REUSED_ACROSS_LOCATIONS|COMPLEX_TIME_OR_DURATION_PRICING","473290522abd5cf4","0","","9","0","3"
"1","FRHPCPNF059994TOTEM","","4194190","NUMERIC","3476100","1","IEC_62196_T2:44kW","2026-09-27T17:19:47.285Z","true","SOURCE_DUPLICATE_DIFFERENT_PRICING|SOURCE_REF_REUSED_ACROSS_LOCATIONS|COMPLEX_TIME_OR_DURATION_PRICING","f4196c69d94a0a69","0","","4","0","3"
"1","FRHPCPNF059994TOTEM","","4194190","NUMERIC","3476101","1","IEC_62196_T2_COMBO:60kW","2026-09-27T17:19:47.285Z","true","SOURCE_DUPLICATE_DIFFERENT_PRICING|SOURCE_REF_REUSED_ACROSS_LOCATIONS|COMPLEX_TIME_OR_DURATION_PRICING","f6893528e3999a3d","0","","4","0","3"
"1","FRHPCPNF059994TOTEM","","4194190","NUMERIC","3476102","1","CHADEMO:60kW","2026-09-27T17:19:47.285Z","true","SOURCE_DUPLICATE_DIFFERENT_PRICING|SOURCE_REF_REUSED_ACROSS_LOCATIONS|COMPLEX_TIME_OR_DURATION_PRICING","a82aa184a77b65e5","0","","4","0","3"
"1","FRHPCPNF059994TOTEM","","4194190","NUMERIC","3476105","4","IEC_62196_T2:44kW","2026-09-27T17:19:47.285Z","true","SOURCE_DUPLICATE_DIFFERENT_PRICING|SOURCE_REF_REUSED_ACROSS_LOCATIONS|COMPLEX_TIME_OR_DURATION_PRICING","f4196c69d94a0a69","0","","4","0","3"
"1","FRHPCPNF059994TOTEM","","4194190","NUMERIC","3476106","4","IEC_62196_T2_COMBO:460kW","2026-09-27T17:19:47.285Z","true","SOURCE_DUPLICATE_DIFFERENT_PRICING|SOURCE_REF_REUSED_ACROSS_LOCATIONS|COMPLEX_TIME_OR_DURATION_PRICING","ab9820fe43f390cf","0","","4","0","3"
"1","FRHPCPNF059994TOTEM","","4194190","NUMERIC","3476107","4","CHADEMO:460kW","2026-09-27T17:19:47.285Z","true","SOURCE_DUPLICATE_DIFFERENT_PRICING|SOURCE_REF_REUSED_ACROSS_LOCATIONS|COMPLEX_TIME_OR_DURATION_PRICING","48219d9170373822","0","","4","0","3"
"1","FRHPCPNF062022","","4194649","NUMERIC","3477868","1","IEC_62196_T2:22kW","2026-09-27T17:21:16.883Z","true","SOURCE_DUPLICATE_DIFFERENT_PRICING|SOURCE_REF_REUSED_ACROSS_LOCATIONS|COMPLEX_TIME_OR_DURATION_PRICING","122869f63c72132b","0","","6","0","2"
"1","FRHPCPNF062022","","4194649","NUMERIC","3477870","2","CHADEMO:460kW","2026-09-27T17:21:16.883Z","true","SOURCE_DUPLICATE_DIFFERENT_PRICING|SOURCE_REF_REUSED_ACROSS_LOCATIONS|COMPLEX_TIME_OR_DURATION_PRICING","5fc0303a8562e353","0","","6","0","2"
"1","FRHPCPNF062022","","4194649","NUMERIC","3477872","2","IEC_62196_T2_COMBO:460kW","2026-09-27T17:21:16.883Z","true","SOURCE_DUPLICATE_DIFFERENT_PRICING|SOURCE_REF_REUSED_ACROSS_LOCATIONS|COMPLEX_TIME_OR_DURATION_PRICING","dbc85e70fac8c254","0","","6","0","2"
"1","FRHPCPNF062022","","4194649","NUMERIC","3477882","1","IEC_62196_T2_COMBO:460kW","2026-09-27T17:21:16.883Z","true","SOURCE_DUPLICATE_DIFFERENT_PRICING|SOURCE_REF_REUSED_ACROSS_LOCATIONS|COMPLEX_TIME_OR_DURATION_PRICING","dbc85e70fac8c254","0","","6","0","2"
"1","FRHPCPNF062085","","4200133","NUMERIC","3491554","1","IEC_62196_T2:44kW","2026-09-27T17:25:34.816Z","true","SOURCE_DUPLICATE_DIFFERENT_PRICING|SOURCE_REF_REUSED_ACROSS_LOCATIONS|COMPLEX_TIME_OR_DURATION_PRICING","af44c279366146a9","0","","8","0","3"
"1","FRHPCPNF062085","","4200133","NUMERIC","3491558","1","IEC_62196_T2_COMBO:60kW","2026-09-27T17:25:34.816Z","true","SOURCE_DUPLICATE_DIFFERENT_PRICING|SOURCE_REF_REUSED_ACROSS_LOCATIONS|COMPLEX_TIME_OR_DURATION_PRICING","dc300e5acf3d0c0e","0","","8","0","3"
"1","FRHPCPNF062085","","4200133","NUMERIC","3491565","1","CHADEMO:60kW","2026-09-27T17:25:34.816Z","true","SOURCE_DUPLICATE_DIFFERENT_PRICING|SOURCE_REF_REUSED_ACROSS_LOCATIONS|COMPLEX_TIME_OR_DURATION_PRICING","92473908ef1c28cd","0","","8","0","3"
"1","FRHPCPNF062085","","4200133","NUMERIC","3491607","8","IEC_62196_T2:44kW","2026-09-27T17:25:34.816Z","true","SOURCE_DUPLICATE_DIFFERENT_PRICING|SOURCE_REF_REUSED_ACROSS_LOCATIONS|COMPLEX_TIME_OR_DURATION_PRICING","af44c279366146a9","0","","8","0","3"
"1","FRHPCPNF062085","","4200133","NUMERIC","3491611","8","IEC_62196_T2_COMBO:60kW","2026-09-27T17:25:34.816Z","true","SOURCE_DUPLICATE_DIFFERENT_PRICING|SOURCE_REF_REUSED_ACROSS_LOCATIONS|COMPLEX_TIME_OR_DURATION_PRICING","dc300e5acf3d0c0e","0","","8","0","3"
"1","FRHPCPNF062085","","4200133","NUMERIC","3491617","8","CHADEMO:60kW","2026-09-27T17:25:34.816Z","true","SOURCE_DUPLICATE_DIFFERENT_PRICING|SOURCE_REF_REUSED_ACROSS_LOCATIONS|COMPLEX_TIME_OR_DURATION_PRICING","92473908ef1c28cd","0","","8","0","3"
"1","FRHPCPNF062209","","4193054","NUMERIC","3470920","3","IEC_62196_T2_COMBO:60kW","2026-09-27T17:15:29.322Z","true","SOURCE_DUPLICATE_DIFFERENT_PRICING|SOURCE_REF_REUSED_ACROSS_LOCATIONS|COMPLEX_TIME_OR_DURATION_PRICING","3fa9aae7400035a7","0","","4","0","3"
"1","FRHPCPNF062209","","4193054","NUMERIC","3470926","3","IEC_62196_T2:22kW","2026-09-27T17:15:29.322Z","true","SOURCE_DUPLICATE_DIFFERENT_PRICING|SOURCE_REF_REUSED_ACROSS_LOCATIONS|COMPLEX_TIME_OR_DURATION_PRICING","122869f63c72132b","0","","4","0","3"
"1","FRHPCPNF062209","","4193054","NUMERIC","3470928","3","CHADEMO:60kW","2026-09-27T17:15:29.322Z","true","SOURCE_DUPLICATE_DIFFERENT_PRICING|SOURCE_REF_REUSED_ACROSS_LOCATIONS|COMPLEX_TIME_OR_DURATION_PRICING","fe40a83747f58f03","0","","4","0","3"
"1","FRHPCPNF062228TOTEM","","4193071","NUMERIC","3471123","1","IEC_62196_T2_COMBO:460kW","2026-09-27T17:15:37.523Z","true","SOURCE_DUPLICATE_DIFFERENT_PRICING|SOURCE_REF_REUSED_ACROSS_LOCATIONS|COMPLEX_TIME_OR_DURATION_PRICING","dbc85e70fac8c254","0","","8","0","2"
"1","FRHPCPNF062228TOTEM","","4193071","NUMERIC","3471126","1","IEC_62196_T2:22kW","2026-09-27T17:15:37.523Z","true","SOURCE_DUPLICATE_DIFFERENT_PRICING|SOURCE_REF_REUSED_ACROSS_LOCATIONS|COMPLEX_TIME_OR_DURATION_PRICING","122869f63c72132b","0","","8","0","2"
"1","FRHPCPNF062228TOTEM","","4193071","NUMERIC","3471129","2","CHADEMO:460kW","2026-09-27T17:15:37.523Z","true","SOURCE_DUPLICATE_DIFFERENT_PRICING|SOURCE_REF_REUSED_ACROSS_LOCATIONS|COMPLEX_TIME_OR_DURATION_PRICING","5fc0303a8562e353","0","","8","0","2"
"1","FRHPCPNF062228TOTEM","","4193071","NUMERIC","3471131","2","IEC_62196_T2_COMBO:460kW","2026-09-27T17:15:37.523Z","true","SOURCE_DUPLICATE_DIFFERENT_PRICING|SOURCE_REF_REUSED_ACROSS_LOCATIONS|COMPLEX_TIME_OR_DURATION_PRICING","dbc85e70fac8c254","0","","8","0","2"
"1","FRHPCPNF062228TOTEM","","4193071","NUMERIC","3471133","3","IEC_62196_T2_COMBO:460kW","2026-09-27T17:15:37.523Z","true","SOURCE_DUPLICATE_DIFFERENT_PRICING|SOURCE_REF_REUSED_ACROSS_LOCATIONS|COMPLEX_TIME_OR_DURATION_PRICING","dbc85e70fac8c254","0","","8","0","2"
"1","FRHPCPNF062228TOTEM","","4193071","NUMERIC","3471136","3","IEC_62196_T2:22kW","2026-09-27T17:15:37.523Z","true","SOURCE_DUPLICATE_DIFFERENT_PRICING|SOURCE_REF_REUSED_ACROSS_LOCATIONS|COMPLEX_TIME_OR_DURATION_PRICING","122869f63c72132b","0","","8","0","2"
"1","FRHPCPNF062228TOTEM","","4193071","NUMERIC","3471139","4","CHADEMO:460kW","2026-09-27T17:15:37.523Z","true","SOURCE_DUPLICATE_DIFFERENT_PRICING|SOURCE_REF_REUSED_ACROSS_LOCATIONS|COMPLEX_TIME_OR_DURATION_PRICING","5fc0303a8562e353","0","","8","0","2"
"1","FRHPCPNF062228TOTEM","","4193071","NUMERIC","3471141","4","IEC_62196_T2_COMBO:460kW","2026-09-27T17:15:37.523Z","true","SOURCE_DUPLICATE_DIFFERENT_PRICING|SOURCE_REF_REUSED_ACROSS_LOCATIONS|COMPLEX_TIME_OR_DURATION_PRICING","dbc85e70fac8c254","0","","8","0","2"
"1","FRHPCPNF062247","","4193924","NUMERIC","3474999","1","IEC_62196_T2_COMBO:460kW","2026-09-27T17:18:41.759Z","true","SOURCE_DUPLICATE_DIFFERENT_PRICING|SOURCE_REF_REUSED_ACROSS_LOCATIONS|COMPLEX_TIME_OR_DURATION_PRICING","dbc85e70fac8c254","0","","11","0","2"
"1","FRHPCPNF062247","","4193924","NUMERIC","3475001","1","CHADEMO:460kW","2026-09-27T17:18:41.759Z","true","SOURCE_DUPLICATE_DIFFERENT_PRICING|SOURCE_REF_REUSED_ACROSS_LOCATIONS|COMPLEX_TIME_OR_DURATION_PRICING","5fc0303a8562e353","0","","11","0","2"
"1","FRHPCPNF062247","","4193924","NUMERIC","3475003","2","IEC_62196_T2:22kW","2026-09-27T17:18:41.759Z","true","SOURCE_DUPLICATE_DIFFERENT_PRICING|SOURCE_REF_REUSED_ACROSS_LOCATIONS|COMPLEX_TIME_OR_DURATION_PRICING","122869f63c72132b","0","","11","0","2"
"1","FRHPCPNF062247","","4193924","NUMERIC","3475005","2","IEC_62196_T2_COMBO:460kW","2026-09-27T17:18:41.759Z","true","SOURCE_DUPLICATE_DIFFERENT_PRICING|SOURCE_REF_REUSED_ACROSS_LOCATIONS|COMPLEX_TIME_OR_DURATION_PRICING","dbc85e70fac8c254","0","","11","0","2"
"1","FRHPCPNF062247","","4193924","NUMERIC","3475007","6","IEC_62196_T2_COMBO:460kW","2026-09-27T17:18:41.759Z","true","SOURCE_DUPLICATE_DIFFERENT_PRICING|SOURCE_REF_REUSED_ACROSS_LOCATIONS|COMPLEX_TIME_OR_DURATION_PRICING","dbc85e70fac8c254","0","","11","0","2"
"1","FRHPCPNF062247","","4193924","NUMERIC","3475009","6","IEC_62196_T2:22kW","2026-09-27T17:18:41.759Z","true","SOURCE_DUPLICATE_DIFFERENT_PRICING|SOURCE_REF_REUSED_ACROSS_LOCATIONS|COMPLEX_TIME_OR_DURATION_PRICING","122869f63c72132b","0","","11","0","2"
"1","FRHPCPNF062247","","4193924","NUMERIC","3475011","7","IEC_62196_T2_COMBO:460kW","2026-09-27T17:18:41.759Z","true","SOURCE_DUPLICATE_DIFFERENT_PRICING|SOURCE_REF_REUSED_ACROSS_LOCATIONS|COMPLEX_TIME_OR_DURATION_PRICING","dbc85e70fac8c254","0","","11","0","2"
"1","FRHPCPNF062247","","4193924","NUMERIC","3475022","7","CHADEMO:460kW","2026-09-27T17:18:41.759Z","true","SOURCE_DUPLICATE_DIFFERENT_PRICING|SOURCE_REF_REUSED_ACROSS_LOCATIONS|COMPLEX_TIME_OR_DURATION_PRICING","5fc0303a8562e353","0","","11","0","2"
"1","FRHPCPNF062704TOTEM","","4193234","NUMERIC","3471907","1","IEC_62196_T2:44kW","2026-09-27T17:16:11.909Z","true","SOURCE_DUPLICATE_DIFFERENT_PRICING|SOURCE_REF_REUSED_ACROSS_LOCATIONS|COMPLEX_TIME_OR_DURATION_PRICING","f4196c69d94a0a69","0","","16","0","3"
"1","FRHPCPNF062704TOTEM","","4193234","NUMERIC","3471909","1","IEC_62196_T2_COMBO:60kW","2026-09-27T17:16:11.909Z","true","SOURCE_DUPLICATE_DIFFERENT_PRICING|SOURCE_REF_REUSED_ACROSS_LOCATIONS|COMPLEX_TIME_OR_DURATION_PRICING","f6893528e3999a3d","0","","16","0","3"
"1","FRHPCPNF062704TOTEM","","4193234","NUMERIC","3471911","1","CHADEMO:60kW","2026-09-27T17:16:11.909Z","true","SOURCE_DUPLICATE_DIFFERENT_PRICING|SOURCE_REF_REUSED_ACROSS_LOCATIONS|COMPLEX_TIME_OR_DURATION_PRICING","a82aa184a77b65e5","0","","16","0","3"
"1","FRHPCPNF062704TOTEM","","4193234","NUMERIC","3471925","8","IEC_62196_T2:44kW","2026-09-27T17:16:11.909Z","true","SOURCE_DUPLICATE_DIFFERENT_PRICING|SOURCE_REF_REUSED_ACROSS_LOCATIONS|COMPLEX_TIME_OR_DURATION_PRICING","f4196c69d94a0a69","0","","16","0","3"
"1","FRHPCPNF062704TOTEM","","4193234","NUMERIC","3471926","8","IEC_62196_T2_COMBO:60kW","2026-09-27T17:16:11.909Z","true","SOURCE_DUPLICATE_DIFFERENT_PRICING|SOURCE_REF_REUSED_ACROSS_LOCATIONS|COMPLEX_TIME_OR_DURATION_PRICING","f6893528e3999a3d","0","","16","0","3"
"1","FRHPCPNF062704TOTEM","","4193234","NUMERIC","3471927","8","CHADEMO:60kW","2026-09-27T17:16:11.909Z","true","SOURCE_DUPLICATE_DIFFERENT_PRICING|SOURCE_REF_REUSED_ACROSS_LOCATIONS|COMPLEX_TIME_OR_DURATION_PRICING","a82aa184a77b65e5","0","","16","0","3"
"1","FRHPCPNF063007","","4200222","NUMERIC","3491630","1","IEC_62196_T2_COMBO:460kW","2026-10-04T09:48:20.044Z","true","SOURCE_DUPLICATE_DIFFERENT_PRICING|SOURCE_REF_REUSED_ACROSS_LOCATIONS|COMPLEX_TIME_OR_DURATION_PRICING","5646b2342001a666","0","","6","0","2"
"1","FRHPCPNF063007","","4200222","NUMERIC","3491635","1","IEC_62196_T2:22kW","2026-10-04T09:48:20.044Z","true","SOURCE_DUPLICATE_DIFFERENT_PRICING|SOURCE_REF_REUSED_ACROSS_LOCATIONS|COMPLEX_TIME_OR_DURATION_PRICING","fe0b794d8bb093e8","0","","6","0","2"
"1","FRHPCPNF063007","","4200222","NUMERIC","3491640","2","CHADEMO:460kW","2026-10-04T09:48:20.044Z","true","SOURCE_DUPLICATE_DIFFERENT_PRICING|SOURCE_REF_REUSED_ACROSS_LOCATIONS|COMPLEX_TIME_OR_DURATION_PRICING","d0005cba5acc4fe2","0","","6","0","2"
"1","FRHPCPNF063007","","4200222","NUMERIC","3491647","2","IEC_62196_T2_COMBO:460kW","2026-10-04T09:48:20.044Z","true","SOURCE_DUPLICATE_DIFFERENT_PRICING|SOURCE_REF_REUSED_ACROSS_LOCATIONS|COMPLEX_TIME_OR_DURATION_PRICING","5646b2342001a666","0","","6","0","2"
"1","FRHPCPNF063017","","4200396","NUMERIC","3492060","1","IEC_62196_T2_COMBO:460kW","2026-09-27T17:26:16.531Z","true","SOURCE_DUPLICATE_DIFFERENT_PRICING|SOURCE_REF_REUSED_ACROSS_LOCATIONS|COMPLEX_TIME_OR_DURATION_PRICING","dbc85e70fac8c254","0","","8","0","2"
"1","FRHPCPNF063017","","4200396","NUMERIC","3492066","1","IEC_62196_T2:22kW","2026-09-27T17:26:16.531Z","true","SOURCE_DUPLICATE_DIFFERENT_PRICING|SOURCE_REF_REUSED_ACROSS_LOCATIONS|COMPLEX_TIME_OR_DURATION_PRICING","122869f63c72132b","0","","8","0","2"
"1","FRHPCPNF063017","","4200396","NUMERIC","3492073","2","CHADEMO:460kW","2026-09-27T17:26:16.531Z","true","SOURCE_DUPLICATE_DIFFERENT_PRICING|SOURCE_REF_REUSED_ACROSS_LOCATIONS|COMPLEX_TIME_OR_DURATION_PRICING","5fc0303a8562e353","0","","8","0","2"
"1","FRHPCPNF063017","","4200396","NUMERIC","3492084","2","IEC_62196_T2_COMBO:460kW","2026-09-27T17:26:16.531Z","true","SOURCE_DUPLICATE_DIFFERENT_PRICING|SOURCE_REF_REUSED_ACROSS_LOCATIONS|COMPLEX_TIME_OR_DURATION_PRICING","dbc85e70fac8c254","0","","8","0","2"
"1","FRHPCPNF065203","","4192744","NUMERIC","3468822","1","IEC_62196_T2_COMBO:460kW","2026-09-27T17:13:43.175Z","true","SOURCE_DUPLICATE_DIFFERENT_PRICING|SOURCE_REF_REUSED_ACROSS_LOCATIONS|COMPLEX_TIME_OR_DURATION_PRICING","dbc85e70fac8c254","0","","10","0","2"
"1","FRHPCPNF065203","","4192744","NUMERIC","3468825","1","IEC_62196_T2:22kW","2026-09-27T17:13:43.175Z","true","SOURCE_DUPLICATE_DIFFERENT_PRICING|SOURCE_REF_REUSED_ACROSS_LOCATIONS|COMPLEX_TIME_OR_DURATION_PRICING","122869f63c72132b","0","","10","0","2"
"1","FRHPCPNF065203","","4192744","NUMERIC","3468827","2","CHADEMO:460kW","2026-09-27T17:13:43.175Z","true","SOURCE_DUPLICATE_DIFFERENT_PRICING|SOURCE_REF_REUSED_ACROSS_LOCATIONS|COMPLEX_TIME_OR_DURATION_PRICING","5fc0303a8562e353","0","","10","0","2"
"1","FRHPCPNF065203","","4192744","NUMERIC","3468829","2","IEC_62196_T2_COMBO:460kW","2026-09-27T17:13:43.175Z","true","SOURCE_DUPLICATE_DIFFERENT_PRICING|SOURCE_REF_REUSED_ACROSS_LOCATIONS|COMPLEX_TIME_OR_DURATION_PRICING","dbc85e70fac8c254","0","","10","0","2"
"1","FRHPCPNF065203","","4192744","NUMERIC","3468846","8","IEC_62196_T2_COMBO:460kW","2026-09-27T17:13:43.175Z","true","SOURCE_DUPLICATE_DIFFERENT_PRICING|SOURCE_REF_REUSED_ACROSS_LOCATIONS|COMPLEX_TIME_OR_DURATION_PRICING","dbc85e70fac8c254","0","","10","0","2"
"1","FRHPCPNF065203","","4192744","NUMERIC","3468848","8","IEC_62196_T2:22kW","2026-09-27T17:13:43.175Z","true","SOURCE_DUPLICATE_DIFFERENT_PRICING|SOURCE_REF_REUSED_ACROSS_LOCATIONS|COMPLEX_TIME_OR_DURATION_PRICING","122869f63c72132b","0","","10","0","2"
"1","FRHPCPNF065203","","4192744","NUMERIC","3468850","9","CHADEMO:460kW","2026-09-27T17:13:43.175Z","true","SOURCE_DUPLICATE_DIFFERENT_PRICING|SOURCE_REF_REUSED_ACROSS_LOCATIONS|COMPLEX_TIME_OR_DURATION_PRICING","5fc0303a8562e353","0","","10","0","2"
"1","FRHPCPNF065203","","4192744","NUMERIC","3468852","9","IEC_62196_T2_COMBO:460kW","2026-09-27T17:13:43.175Z","true","SOURCE_DUPLICATE_DIFFERENT_PRICING|SOURCE_REF_REUSED_ACROSS_LOCATIONS|COMPLEX_TIME_OR_DURATION_PRICING","dbc85e70fac8c254","0","","10","0","2"
"1","FRHPCPNF066231","","4200014","NUMERIC","3491636","7","IEC_62196_T2_COMBO:460kW","2026-09-27T17:25:15.521Z","true","SOURCE_DUPLICATE_DIFFERENT_PRICING|SOURCE_REF_REUSED_ACROSS_LOCATIONS|COMPLEX_TIME_OR_DURATION_PRICING","dbc85e70fac8c254","0","","8","0","2"
"1","FRHPCPNF066231","","4200014","NUMERIC","3491641","7","IEC_62196_T2:22kW","2026-09-27T17:25:15.521Z","true","SOURCE_DUPLICATE_DIFFERENT_PRICING|SOURCE_REF_REUSED_ACROSS_LOCATIONS|COMPLEX_TIME_OR_DURATION_PRICING","122869f63c72132b","0","","8","0","2"
"1","FRHPCPNF066231","","4200014","NUMERIC","3491646","8","CHADEMO:460kW","2026-09-27T17:25:15.521Z","true","SOURCE_DUPLICATE_DIFFERENT_PRICING|SOURCE_REF_REUSED_ACROSS_LOCATIONS|COMPLEX_TIME_OR_DURATION_PRICING","5fc0303a8562e353","0","","8","0","2"
"1","FRHPCPNF066231","","4200014","NUMERIC","3491653","8","IEC_62196_T2_COMBO:460kW","2026-09-27T17:25:15.521Z","true","SOURCE_DUPLICATE_DIFFERENT_PRICING|SOURCE_REF_REUSED_ACROSS_LOCATIONS|COMPLEX_TIME_OR_DURATION_PRICING","dbc85e70fac8c254","0","","8","0","2"
"1","FRHPCPNF067705TOTEM","","4193068","NUMERIC","3471013","1","IEC_62196_T2:43kW","2026-09-27T17:15:34.768Z","true","SOURCE_DUPLICATE_DIFFERENT_PRICING|SOURCE_REF_REUSED_ACROSS_LOCATIONS|COMPLEX_TIME_OR_DURATION_PRICING","d6c30fa092af7989","0","","4","0","3"
"1","FRHPCPNF067705TOTEM","","4193068","NUMERIC","3471015","1","IEC_62196_T2_COMBO:60kW","2026-09-27T17:15:34.768Z","true","SOURCE_DUPLICATE_DIFFERENT_PRICING|SOURCE_REF_REUSED_ACROSS_LOCATIONS|COMPLEX_TIME_OR_DURATION_PRICING","f6893528e3999a3d","0","","4","0","3"
"1","FRHPCPNF067705TOTEM","","4193068","NUMERIC","3471017","1","CHADEMO:60kW","2026-09-27T17:15:34.768Z","true","SOURCE_DUPLICATE_DIFFERENT_PRICING|SOURCE_REF_REUSED_ACROSS_LOCATIONS|COMPLEX_TIME_OR_DURATION_PRICING","a82aa184a77b65e5","0","","4","0","3"
"1","FRHPCPNF067705TOTEM","","4193068","NUMERIC","3471021","4","IEC_62196_T2:44kW","2026-09-27T17:15:34.768Z","true","SOURCE_DUPLICATE_DIFFERENT_PRICING|SOURCE_REF_REUSED_ACROSS_LOCATIONS|COMPLEX_TIME_OR_DURATION_PRICING","f4196c69d94a0a69","0","","4","0","3"
"1","FRHPCPNF067705TOTEM","","4193068","NUMERIC","3471024","4","IEC_62196_T2_COMBO:60kW","2026-09-27T17:15:34.768Z","true","SOURCE_DUPLICATE_DIFFERENT_PRICING|SOURCE_REF_REUSED_ACROSS_LOCATIONS|COMPLEX_TIME_OR_DURATION_PRICING","f6893528e3999a3d","0","","4","0","3"
"1","FRHPCPNF067705TOTEM","","4193068","NUMERIC","3471027","4","CHADEMO:60kW","2026-09-27T17:15:34.768Z","true","SOURCE_DUPLICATE_DIFFERENT_PRICING|SOURCE_REF_REUSED_ACROSS_LOCATIONS|COMPLEX_TIME_OR_DURATION_PRICING","a82aa184a77b65e5","0","","4","0","3"
"1","FRHPCPNF068227","","4195110","NUMERIC","3479218","2","CHADEMO:460kW","2026-09-27T17:21:43.775Z","true","SOURCE_DUPLICATE_DIFFERENT_PRICING|SOURCE_REF_REUSED_ACROSS_LOCATIONS|COMPLEX_TIME_OR_DURATION_PRICING","c44e05fd11870ab6","0","","7","0","4"
"1","FRHPCPNF068227","","4195110","NUMERIC","3479219","2","IEC_62196_T2_COMBO:460kW","2026-09-27T17:21:43.775Z","true","SOURCE_DUPLICATE_DIFFERENT_PRICING|SOURCE_REF_REUSED_ACROSS_LOCATIONS|COMPLEX_TIME_OR_DURATION_PRICING","f08230b7a329b53b","0","","7","0","4"
"1","FRHPCPNF068227","","4195110","NUMERIC","3479220","2","IEC_62196_T2:22kW","2026-09-27T17:21:43.775Z","true","SOURCE_DUPLICATE_DIFFERENT_PRICING|SOURCE_REF_REUSED_ACROSS_LOCATIONS|COMPLEX_TIME_OR_DURATION_PRICING","0f184683c80852a4","0","","7","0","4"
"1","FRHPCPNF068227","","4195110","NUMERIC","3479221","2","IEC_62196_T2_COMBO:460kW","2026-09-27T17:21:43.775Z","true","SOURCE_DUPLICATE_DIFFERENT_PRICING|SOURCE_REF_REUSED_ACROSS_LOCATIONS|COMPLEX_TIME_OR_DURATION_PRICING","f08230b7a329b53b","0","","7","0","4"
"1","FRHPCPNF069303TOTEM","","4195202","NUMERIC","3479426","1","IEC_62196_T2:44kW","2026-09-27T17:21:53.967Z","true","SOURCE_DUPLICATE_DIFFERENT_PRICING|SOURCE_REF_REUSED_ACROSS_LOCATIONS|COMPLEX_TIME_OR_DURATION_PRICING","f4196c69d94a0a69","0","","4","0","3"
"1","FRHPCPNF069303TOTEM","","4195202","NUMERIC","3479427","1","IEC_62196_T2_COMBO:60kW","2026-09-27T17:21:53.967Z","true","SOURCE_DUPLICATE_DIFFERENT_PRICING|SOURCE_REF_REUSED_ACROSS_LOCATIONS|COMPLEX_TIME_OR_DURATION_PRICING","f6893528e3999a3d","0","","4","0","3"
"1","FRHPCPNF069303TOTEM","","4195202","NUMERIC","3479428","1","CHADEMO:60kW","2026-09-27T17:21:53.967Z","true","SOURCE_DUPLICATE_DIFFERENT_PRICING|SOURCE_REF_REUSED_ACROSS_LOCATIONS|COMPLEX_TIME_OR_DURATION_PRICING","a82aa184a77b65e5","0","","4","0","3"
"1","FRHPCPNF069303TOTEM","","4195202","NUMERIC","3479431","4","IEC_62196_T2:44kW","2026-09-27T17:21:53.967Z","true","SOURCE_DUPLICATE_DIFFERENT_PRICING|SOURCE_REF_REUSED_ACROSS_LOCATIONS|COMPLEX_TIME_OR_DURATION_PRICING","f4196c69d94a0a69","0","","4","0","3"
"1","FRHPCPNF069303TOTEM","","4195202","NUMERIC","3479432","4","IEC_62196_T2_COMBO:60kW","2026-09-27T17:21:53.967Z","true","SOURCE_DUPLICATE_DIFFERENT_PRICING|SOURCE_REF_REUSED_ACROSS_LOCATIONS|COMPLEX_TIME_OR_DURATION_PRICING","f6893528e3999a3d","0","","4","0","3"
"1","FRHPCPNF069303TOTEM","","4195202","NUMERIC","3479433","4","CHADEMO:60kW","2026-09-27T17:21:53.967Z","true","SOURCE_DUPLICATE_DIFFERENT_PRICING|SOURCE_REF_REUSED_ACROSS_LOCATIONS|COMPLEX_TIME_OR_DURATION_PRICING","a82aa184a77b65e5","0","","4","0","3"
"1","FRHPCPNF069703TOTEM","","4194232","NUMERIC","3476204","1","IEC_62196_T2:44kW","2026-09-27T17:20:02.426Z","true","SOURCE_DUPLICATE_DIFFERENT_PRICING|SOURCE_REF_REUSED_ACROSS_LOCATIONS|COMPLEX_TIME_OR_DURATION_PRICING","af44c279366146a9","0","","8","0","3"
"1","FRHPCPNF069703TOTEM","","4194232","NUMERIC","3476205","1","IEC_62196_T2_COMBO:60kW","2026-09-27T17:20:02.426Z","true","SOURCE_DUPLICATE_DIFFERENT_PRICING|SOURCE_REF_REUSED_ACROSS_LOCATIONS|COMPLEX_TIME_OR_DURATION_PRICING","dc300e5acf3d0c0e","0","","8","0","3"
"1","FRHPCPNF069703TOTEM","","4194232","NUMERIC","3476206","1","CHADEMO:60kW","2026-09-27T17:20:02.426Z","true","SOURCE_DUPLICATE_DIFFERENT_PRICING|SOURCE_REF_REUSED_ACROSS_LOCATIONS|COMPLEX_TIME_OR_DURATION_PRICING","92473908ef1c28cd","0","","8","0","3"
"1","FRHPCPNF069703TOTEM","","4194232","NUMERIC","3476213","8","IEC_62196_T2:44kW","2026-09-27T17:20:02.426Z","true","SOURCE_DUPLICATE_DIFFERENT_PRICING|SOURCE_REF_REUSED_ACROSS_LOCATIONS|COMPLEX_TIME_OR_DURATION_PRICING","af44c279366146a9","0","","8","0","3"
"1","FRHPCPNF069703TOTEM","","4194232","NUMERIC","3476214","8","IEC_62196_T2_COMBO:60kW","2026-09-27T17:20:02.426Z","true","SOURCE_DUPLICATE_DIFFERENT_PRICING|SOURCE_REF_REUSED_ACROSS_LOCATIONS|COMPLEX_TIME_OR_DURATION_PRICING","dc300e5acf3d0c0e","0","","8","0","3"
"1","FRHPCPNF069703TOTEM","","4194232","NUMERIC","3476215","8","CHADEMO:60kW","2026-09-27T17:20:02.426Z","true","SOURCE_DUPLICATE_DIFFERENT_PRICING|SOURCE_REF_REUSED_ACROSS_LOCATIONS|COMPLEX_TIME_OR_DURATION_PRICING","92473908ef1c28cd","0","","8","0","3"
"1","FRHPCPNF070003","","4193885","NUMERIC","3474889","1","IEC_62196_T2:44kW","2026-09-27T17:18:31.272Z","true","SOURCE_DUPLICATE_DIFFERENT_PRICING|SOURCE_REF_REUSED_ACROSS_LOCATIONS|COMPLEX_TIME_OR_DURATION_PRICING","af44c279366146a9","0","","8","0","3"
"1","FRHPCPNF070003","","4193885","NUMERIC","3474891","1","IEC_62196_T2_COMBO:60kW","2026-09-27T17:18:31.272Z","true","SOURCE_DUPLICATE_DIFFERENT_PRICING|SOURCE_REF_REUSED_ACROSS_LOCATIONS|COMPLEX_TIME_OR_DURATION_PRICING","dc300e5acf3d0c0e","0","","8","0","3"
"1","FRHPCPNF070003","","4193885","NUMERIC","3474892","1","CHADEMO:60kW","2026-09-27T17:18:31.272Z","true","SOURCE_DUPLICATE_DIFFERENT_PRICING|SOURCE_REF_REUSED_ACROSS_LOCATIONS|COMPLEX_TIME_OR_DURATION_PRICING","92473908ef1c28cd","0","","8","0","3"
"1","FRHPCPNF070003","","4193885","NUMERIC","3474901","8","IEC_62196_T2:44kW","2026-09-27T17:18:31.272Z","true","SOURCE_DUPLICATE_DIFFERENT_PRICING|SOURCE_REF_REUSED_ACROSS_LOCATIONS|COMPLEX_TIME_OR_DURATION_PRICING","af44c279366146a9","0","","8","0","3"
"1","FRHPCPNF070003","","4193885","NUMERIC","3474903","8","IEC_62196_T2_COMBO:60kW","2026-09-27T17:18:31.272Z","true","SOURCE_DUPLICATE_DIFFERENT_PRICING|SOURCE_REF_REUSED_ACROSS_LOCATIONS|COMPLEX_TIME_OR_DURATION_PRICING","dc300e5acf3d0c0e","0","","8","0","3"
"1","FRHPCPNF070003","","4193885","NUMERIC","3474905","8","CHADEMO:60kW","2026-09-27T17:18:31.272Z","true","SOURCE_DUPLICATE_DIFFERENT_PRICING|SOURCE_REF_REUSED_ACROSS_LOCATIONS|COMPLEX_TIME_OR_DURATION_PRICING","92473908ef1c28cd","0","","8","0","3"
"1","FRHPCPNF070197","","4195909","NUMERIC","3481570","3","IEC_62196_T2_COMBO:460kW","2026-09-27T17:22:46.586Z","true","SOURCE_DUPLICATE_DIFFERENT_PRICING|SOURCE_REF_REUSED_ACROSS_LOCATIONS|COMPLEX_TIME_OR_DURATION_PRICING","f08230b7a329b53b","0","","4","0","2"
"1","FRHPCPNF070197","","4195909","NUMERIC","3481571","3","IEC_62196_T2:22kW","2026-09-27T17:22:46.586Z","true","SOURCE_DUPLICATE_DIFFERENT_PRICING|SOURCE_REF_REUSED_ACROSS_LOCATIONS|COMPLEX_TIME_OR_DURATION_PRICING","0f184683c80852a4","0","","4","0","2"
"1","FRHPCPNF070197","","4195909","NUMERIC","3481572","4","CHADEMO:460kW","2026-09-27T17:22:46.586Z","true","SOURCE_DUPLICATE_DIFFERENT_PRICING|SOURCE_REF_REUSED_ACROSS_LOCATIONS|COMPLEX_TIME_OR_DURATION_PRICING","c44e05fd11870ab6","0","","4","0","2"
"1","FRHPCPNF070197","","4195909","NUMERIC","3481573","4","IEC_62196_T2_COMBO:460kW","2026-09-27T17:22:46.586Z","true","SOURCE_DUPLICATE_DIFFERENT_PRICING|SOURCE_REF_REUSED_ACROSS_LOCATIONS|COMPLEX_TIME_OR_DURATION_PRICING","f08230b7a329b53b","0","","4","0","2"
"1","FRHPCPNF070568","","4193735","NUMERIC","3474262","1","IEC_62196_T2_COMBO:460kW","2026-09-27T17:18:10.366Z","true","SOURCE_DUPLICATE_DIFFERENT_PRICING|SOURCE_REF_REUSED_ACROSS_LOCATIONS|COMPLEX_TIME_OR_DURATION_PRICING","dbc85e70fac8c254","0","","8","0","2"
"1","FRHPCPNF070568","","4193735","NUMERIC","3474263","1","IEC_62196_T2:22kW","2026-09-27T17:18:10.366Z","true","SOURCE_DUPLICATE_DIFFERENT_PRICING|SOURCE_REF_REUSED_ACROSS_LOCATIONS|COMPLEX_TIME_OR_DURATION_PRICING","122869f63c72132b","0","","8","0","2"
"1","FRHPCPNF070568","","4193735","NUMERIC","3474264","2","CHADEMO:460kW","2026-09-27T17:18:10.366Z","true","SOURCE_DUPLICATE_DIFFERENT_PRICING|SOURCE_REF_REUSED_ACROSS_LOCATIONS|COMPLEX_TIME_OR_DURATION_PRICING","5fc0303a8562e353","0","","8","0","2"
"1","FRHPCPNF070568","","4193735","NUMERIC","3474265","2","IEC_62196_T2_COMBO:460kW","2026-09-27T17:18:10.366Z","true","SOURCE_DUPLICATE_DIFFERENT_PRICING|SOURCE_REF_REUSED_ACROSS_LOCATIONS|COMPLEX_TIME_OR_DURATION_PRICING","dbc85e70fac8c254","0","","8","0","2"
"1","FRHPCPNF070568","","4193735","NUMERIC","3474269","5","IEC_62196_T2_COMBO:460kW","2026-09-27T17:18:10.366Z","true","SOURCE_DUPLICATE_DIFFERENT_PRICING|SOURCE_REF_REUSED_ACROSS_LOCATIONS|COMPLEX_TIME_OR_DURATION_PRICING","dbc85e70fac8c254","0","","8","0","2"
"1","FRHPCPNF070568","","4193735","NUMERIC","3474271","5","IEC_62196_T2:22kW","2026-09-27T17:18:10.366Z","true","SOURCE_DUPLICATE_DIFFERENT_PRICING|SOURCE_REF_REUSED_ACROSS_LOCATIONS|COMPLEX_TIME_OR_DURATION_PRICING","122869f63c72132b","0","","8","0","2"
"1","FRHPCPNF070568","","4193735","NUMERIC","3474272","6","CHADEMO:460kW","2026-09-27T17:18:10.366Z","true","SOURCE_DUPLICATE_DIFFERENT_PRICING|SOURCE_REF_REUSED_ACROSS_LOCATIONS|COMPLEX_TIME_OR_DURATION_PRICING","5fc0303a8562e353","0","","8","0","2"
"1","FRHPCPNF070568","","4193735","NUMERIC","3474274","6","IEC_62196_T2_COMBO:460kW","2026-09-27T17:18:10.366Z","true","SOURCE_DUPLICATE_DIFFERENT_PRICING|SOURCE_REF_REUSED_ACROSS_LOCATIONS|COMPLEX_TIME_OR_DURATION_PRICING","dbc85e70fac8c254","0","","8","0","2"
"1","FRHPCPNF070568","","4193735","NUMERIC","3474276","7","IEC_62196_T2_COMBO:460kW","2026-09-27T17:18:10.366Z","true","SOURCE_DUPLICATE_DIFFERENT_PRICING|SOURCE_REF_REUSED_ACROSS_LOCATIONS|COMPLEX_TIME_OR_DURATION_PRICING","dbc85e70fac8c254","0","","8","0","2"
"1","FRHPCPNF070568","","4193735","NUMERIC","3474278","7","IEC_62196_T2:22kW","2026-09-27T17:18:10.366Z","true","SOURCE_DUPLICATE_DIFFERENT_PRICING|SOURCE_REF_REUSED_ACROSS_LOCATIONS|COMPLEX_TIME_OR_DURATION_PRICING","122869f63c72132b","0","","8","0","2"
"1","FRHPCPNF070568","","4193735","NUMERIC","3474280","8","CHADEMO:460kW","2026-09-27T17:18:10.366Z","true","SOURCE_DUPLICATE_DIFFERENT_PRICING|SOURCE_REF_REUSED_ACROSS_LOCATIONS|COMPLEX_TIME_OR_DURATION_PRICING","5fc0303a8562e353","0","","8","0","2"
"1","FRHPCPNF070568","","4193735","NUMERIC","3474282","8","IEC_62196_T2_COMBO:460kW","2026-09-27T17:18:10.366Z","true","SOURCE_DUPLICATE_DIFFERENT_PRICING|SOURCE_REF_REUSED_ACROSS_LOCATIONS|COMPLEX_TIME_OR_DURATION_PRICING","dbc85e70fac8c254","0","","8","0","2"
"1","FRHPCPNF070641TOTEMSA","","4195379","NUMERIC","3479969","1","IEC_62196_T2:43kW","2026-09-27T17:22:11.407Z","true","SOURCE_DUPLICATE_DIFFERENT_PRICING|SOURCE_REF_REUSED_ACROSS_LOCATIONS|COMPLEX_TIME_OR_DURATION_PRICING","1a21de66b3bc68b9","0","","8","0","3"
"1","FRHPCPNF070641TOTEMSA","","4195379","NUMERIC","3479971","1","IEC_62196_T2_COMBO:60kW","2026-09-27T17:22:11.407Z","true","SOURCE_DUPLICATE_DIFFERENT_PRICING|SOURCE_REF_REUSED_ACROSS_LOCATIONS|COMPLEX_TIME_OR_DURATION_PRICING","3fa9aae7400035a7","0","","8","0","3"
"1","FRHPCPNF070641TOTEMSA","","4195379","NUMERIC","3479972","1","CHADEMO:60kW","2026-09-27T17:22:11.407Z","true","SOURCE_DUPLICATE_DIFFERENT_PRICING|SOURCE_REF_REUSED_ACROSS_LOCATIONS|COMPLEX_TIME_OR_DURATION_PRICING","fe40a83747f58f03","0","","8","0","3"
"1","FRHPCPNF070641TOTEMSA","","4195379","NUMERIC","3479984","8","IEC_62196_T2:44kW","2026-09-27T17:22:11.407Z","true","SOURCE_DUPLICATE_DIFFERENT_PRICING|SOURCE_REF_REUSED_ACROSS_LOCATIONS|COMPLEX_TIME_OR_DURATION_PRICING","230d0d70f11adf0f","0","","8","0","3"
"1","FRHPCPNF070641TOTEMSA","","4195379","NUMERIC","3479985","8","IEC_62196_T2_COMBO:60kW","2026-09-27T17:22:11.407Z","true","SOURCE_DUPLICATE_DIFFERENT_PRICING|SOURCE_REF_REUSED_ACROSS_LOCATIONS|COMPLEX_TIME_OR_DURATION_PRICING","3fa9aae7400035a7","0","","8","0","3"
"1","FRHPCPNF070641TOTEMSA","","4195379","NUMERIC","3479987","8","CHADEMO:60kW","2026-09-27T17:22:11.407Z","true","SOURCE_DUPLICATE_DIFFERENT_PRICING|SOURCE_REF_REUSED_ACROSS_LOCATIONS|COMPLEX_TIME_OR_DURATION_PRICING","fe40a83747f58f03","0","","8","0","3"
"1","FRHPCPNF070659","","4195548","NUMERIC","3480543","1","IEC_62196_T2_COMBO:460kW","2026-09-27T17:22:19.660Z","true","SOURCE_DUPLICATE_DIFFERENT_PRICING|SOURCE_REF_REUSED_ACROSS_LOCATIONS|COMPLEX_TIME_OR_DURATION_PRICING","dbc85e70fac8c254","0","","7","0","2"
"1","FRHPCPNF070659","","4195548","NUMERIC","3480544","1","IEC_62196_T2:22kW","2026-09-27T17:22:19.660Z","true","SOURCE_DUPLICATE_DIFFERENT_PRICING|SOURCE_REF_REUSED_ACROSS_LOCATIONS|COMPLEX_TIME_OR_DURATION_PRICING","122869f63c72132b","0","","7","0","2"
"1","FRHPCPNF070659","","4195548","NUMERIC","3480545","2","CHADEMO:460kW","2026-09-27T17:22:19.660Z","true","SOURCE_DUPLICATE_DIFFERENT_PRICING|SOURCE_REF_REUSED_ACROSS_LOCATIONS|COMPLEX_TIME_OR_DURATION_PRICING","5fc0303a8562e353","0","","7","0","2"
"1","FRHPCPNF070659","","4195548","NUMERIC","3480546","2","IEC_62196_T2_COMBO:460kW","2026-09-27T17:22:19.660Z","true","SOURCE_DUPLICATE_DIFFERENT_PRICING|SOURCE_REF_REUSED_ACROSS_LOCATIONS|COMPLEX_TIME_OR_DURATION_PRICING","dbc85e70fac8c254","0","","7","0","2"
"1","FRHPCPNF070668","","4193661","NUMERIC","3473939","1","IEC_62196_T2:43kW","2026-09-27T17:17:48.757Z","false","SOURCE_DUPLICATE_DIFFERENT_PRICING|SOURCE_REF_REUSED_ACROSS_LOCATIONS|COMPLEX_TIME_OR_DURATION_PRICING|NO_DETERMINISTIC_LOCAL_IRVE_MATCH|UNPUBLISHED_SOURCE_EVSE","07ac1f8891d1eaee","0","","4","0","3"
"1","FRHPCPNF070668","","4193661","NUMERIC","3473940","1","IEC_62196_T2_COMBO:190kW","2026-09-27T17:17:48.757Z","false","SOURCE_DUPLICATE_DIFFERENT_PRICING|SOURCE_REF_REUSED_ACROSS_LOCATIONS|COMPLEX_TIME_OR_DURATION_PRICING|NO_DETERMINISTIC_LOCAL_IRVE_MATCH|UNPUBLISHED_SOURCE_EVSE","dee9e023f60c8533","0","","4","0","3"
"1","FRHPCPNF070668","","4193661","NUMERIC","3473942","1","CHADEMO:100kW","2026-09-27T17:17:48.757Z","false","SOURCE_DUPLICATE_DIFFERENT_PRICING|SOURCE_REF_REUSED_ACROSS_LOCATIONS|COMPLEX_TIME_OR_DURATION_PRICING|NO_DETERMINISTIC_LOCAL_IRVE_MATCH|UNPUBLISHED_SOURCE_EVSE","0307c5f8e6e971df","0","","4","0","3"
"1","FRHPCPNF070668","","4193661","NUMERIC","3473944","2","IEC_62196_T2:43kW","2026-09-27T17:17:48.757Z","false","SOURCE_DUPLICATE_DIFFERENT_PRICING|SOURCE_REF_REUSED_ACROSS_LOCATIONS|COMPLEX_TIME_OR_DURATION_PRICING|NO_DETERMINISTIC_LOCAL_IRVE_MATCH|UNPUBLISHED_SOURCE_EVSE","07ac1f8891d1eaee","0","","4","0","3"
"1","FRHPCPNF070668","","4193661","NUMERIC","3473945","2","IEC_62196_T2_COMBO:475kW","2026-09-27T17:17:48.757Z","false","SOURCE_DUPLICATE_DIFFERENT_PRICING|SOURCE_REF_REUSED_ACROSS_LOCATIONS|COMPLEX_TIME_OR_DURATION_PRICING|NO_DETERMINISTIC_LOCAL_IRVE_MATCH|UNPUBLISHED_SOURCE_EVSE","d3dab8cdfaa09339","0","","4","0","3"
"1","FRHPCPNF070668","","4193661","NUMERIC","3473946","2","CHADEMO:100kW","2026-09-27T17:17:48.757Z","false","SOURCE_DUPLICATE_DIFFERENT_PRICING|SOURCE_REF_REUSED_ACROSS_LOCATIONS|COMPLEX_TIME_OR_DURATION_PRICING|NO_DETERMINISTIC_LOCAL_IRVE_MATCH|UNPUBLISHED_SOURCE_EVSE","0307c5f8e6e971df","0","","4","0","3"
"1","FRHPCPNF070668","","4193661","NUMERIC","3473947","3","IEC_62196_T2_COMBO:190kW","2026-09-27T17:17:48.757Z","true","SOURCE_DUPLICATE_DIFFERENT_PRICING|SOURCE_REF_REUSED_ACROSS_LOCATIONS|COMPLEX_TIME_OR_DURATION_PRICING","dee9e023f60c8533","0","","4","0","2"
"1","FRHPCPNF070668","","4193661","NUMERIC","3473948","3","CHADEMO:100kW","2026-09-27T17:17:48.757Z","true","SOURCE_DUPLICATE_DIFFERENT_PRICING|SOURCE_REF_REUSED_ACROSS_LOCATIONS|COMPLEX_TIME_OR_DURATION_PRICING","0307c5f8e6e971df","0","","4","0","2"
"1","FRHPCPNF070668","","4193661","NUMERIC","3473949","4","IEC_62196_T2_COMBO:184kW","2026-09-27T17:17:48.757Z","true","SOURCE_DUPLICATE_DIFFERENT_PRICING|SOURCE_REF_REUSED_ACROSS_LOCATIONS|COMPLEX_TIME_OR_DURATION_PRICING","c6a7b32538b3ba20","0","","4","0","2"
"1","FRHPCPNF070668","","4193661","NUMERIC","3473950","4","CHADEMO:100kW","2026-09-27T17:17:48.757Z","true","SOURCE_DUPLICATE_DIFFERENT_PRICING|SOURCE_REF_REUSED_ACROSS_LOCATIONS|COMPLEX_TIME_OR_DURATION_PRICING","0307c5f8e6e971df","0","","4","0","2"
"1","FRHPCPNF072301","","4245550","NUMERIC","3593397","8","IEC_62196_T2_COMBO:460kW","2026-09-27T17:47:48.116Z","true","SOURCE_DUPLICATE_DIFFERENT_PRICING|SOURCE_REF_REUSED_ACROSS_LOCATIONS|COMPLEX_TIME_OR_DURATION_PRICING","dbc85e70fac8c254","0","","10","0","2"
"1","FRHPCPNF072301","","4245550","NUMERIC","3593400","8","CHADEMO:460kW","2026-09-27T17:47:48.116Z","true","SOURCE_DUPLICATE_DIFFERENT_PRICING|SOURCE_REF_REUSED_ACROSS_LOCATIONS|COMPLEX_TIME_OR_DURATION_PRICING","5fc0303a8562e353","0","","10","0","2"
"1","FRHPCPNF072301","","4245550","NUMERIC","3593402","7","IEC_62196_T2:22kW","2026-09-27T17:47:48.116Z","true","SOURCE_DUPLICATE_DIFFERENT_PRICING|SOURCE_REF_REUSED_ACROSS_LOCATIONS|COMPLEX_TIME_OR_DURATION_PRICING","122869f63c72132b","0","","10","0","2"
"1","FRHPCPNF072301","","4245550","NUMERIC","3593404","7","IEC_62196_T2_COMBO:460kW","2026-09-27T17:47:48.116Z","true","SOURCE_DUPLICATE_DIFFERENT_PRICING|SOURCE_REF_REUSED_ACROSS_LOCATIONS|COMPLEX_TIME_OR_DURATION_PRICING","dbc85e70fac8c254","0","","10","0","2"
"1","FRHPCPNF072301","","4245550","NUMERIC","3593405","6","IEC_62196_T2_COMBO:460kW","2026-09-27T17:47:48.116Z","true","SOURCE_DUPLICATE_DIFFERENT_PRICING|SOURCE_REF_REUSED_ACROSS_LOCATIONS|COMPLEX_TIME_OR_DURATION_PRICING","dbc85e70fac8c254","0","","10","0","2"
"1","FRHPCPNF072301","","4245550","NUMERIC","3593406","6","CHADEMO:460kW","2026-09-27T17:47:48.116Z","true","SOURCE_DUPLICATE_DIFFERENT_PRICING|SOURCE_REF_REUSED_ACROSS_LOCATIONS|COMPLEX_TIME_OR_DURATION_PRICING","5fc0303a8562e353","0","","10","0","2"
"1","FRHPCPNF072301","","4245550","NUMERIC","3593407","5","IEC_62196_T2:22kW","2026-09-27T17:47:48.116Z","true","SOURCE_DUPLICATE_DIFFERENT_PRICING|SOURCE_REF_REUSED_ACROSS_LOCATIONS|COMPLEX_TIME_OR_DURATION_PRICING","122869f63c72132b","0","","10","0","2"
"1","FRHPCPNF072301","","4245550","NUMERIC","3593408","5","IEC_62196_T2_COMBO:460kW","2026-09-27T17:47:48.116Z","true","SOURCE_DUPLICATE_DIFFERENT_PRICING|SOURCE_REF_REUSED_ACROSS_LOCATIONS|COMPLEX_TIME_OR_DURATION_PRICING","dbc85e70fac8c254","0","","10","0","2"
"1","FRHPCPNF072301","","4245550","NUMERIC","3593409","4","IEC_62196_T2_COMBO:460kW","2026-09-27T17:47:48.116Z","true","SOURCE_DUPLICATE_DIFFERENT_PRICING|SOURCE_REF_REUSED_ACROSS_LOCATIONS|COMPLEX_TIME_OR_DURATION_PRICING","dbc85e70fac8c254","0","","10","0","2"
"1","FRHPCPNF072301","","4245550","NUMERIC","3593410","4","CHADEMO:460kW","2026-09-27T17:47:48.116Z","true","SOURCE_DUPLICATE_DIFFERENT_PRICING|SOURCE_REF_REUSED_ACROSS_LOCATIONS|COMPLEX_TIME_OR_DURATION_PRICING","5fc0303a8562e353","0","","10","0","2"
"1","FRHPCPNF072301","","4245550","NUMERIC","3593411","3","IEC_62196_T2:22kW","2026-09-27T17:47:48.116Z","true","SOURCE_DUPLICATE_DIFFERENT_PRICING|SOURCE_REF_REUSED_ACROSS_LOCATIONS|COMPLEX_TIME_OR_DURATION_PRICING","122869f63c72132b","0","","10","0","2"
"1","FRHPCPNF072301","","4245550","NUMERIC","3593412","3","IEC_62196_T2_COMBO:460kW","2026-09-27T17:47:48.116Z","true","SOURCE_DUPLICATE_DIFFERENT_PRICING|SOURCE_REF_REUSED_ACROSS_LOCATIONS|COMPLEX_TIME_OR_DURATION_PRICING","dbc85e70fac8c254","0","","10","0","2"
"1","FRHPCPNF072301","","4245550","NUMERIC","3593413","2","IEC_62196_T2_COMBO:460kW","2026-09-27T17:47:48.116Z","true","SOURCE_DUPLICATE_DIFFERENT_PRICING|SOURCE_REF_REUSED_ACROSS_LOCATIONS|COMPLEX_TIME_OR_DURATION_PRICING","dbc85e70fac8c254","0","","10","0","2"
"1","FRHPCPNF072301","","4245550","NUMERIC","3593414","2","CHADEMO:460kW","2026-09-27T17:47:48.116Z","true","SOURCE_DUPLICATE_DIFFERENT_PRICING|SOURCE_REF_REUSED_ACROSS_LOCATIONS|COMPLEX_TIME_OR_DURATION_PRICING","5fc0303a8562e353","0","","10","0","2"
"1","FRHPCPNF072301","","4245550","NUMERIC","3593415","1","IEC_62196_T2:22kW","2026-09-27T17:47:48.116Z","true","SOURCE_DUPLICATE_DIFFERENT_PRICING|SOURCE_REF_REUSED_ACROSS_LOCATIONS|COMPLEX_TIME_OR_DURATION_PRICING","122869f63c72132b","0","","10","0","2"
"1","FRHPCPNF072301","","4245550","NUMERIC","3593416","1","IEC_62196_T2_COMBO:460kW","2026-09-27T17:47:48.116Z","true","SOURCE_DUPLICATE_DIFFERENT_PRICING|SOURCE_REF_REUSED_ACROSS_LOCATIONS|COMPLEX_TIME_OR_DURATION_PRICING","dbc85e70fac8c254","0","","10","0","2"
"1","FRHPCPNF072380TOTEM","","4196746","NUMERIC","3483820","1","IEC_62196_T2_COMBO:460kW","2026-09-27T17:23:52.392Z","true","SOURCE_DUPLICATE_DIFFERENT_PRICING|SOURCE_REF_REUSED_ACROSS_LOCATIONS|COMPLEX_TIME_OR_DURATION_PRICING","dbc85e70fac8c254","0","","7","0","2"
"1","FRHPCPNF072380TOTEM","","4196746","NUMERIC","3483823","3","IEC_62196_T2_COMBO:460kW","2026-09-27T17:23:52.392Z","true","SOURCE_DUPLICATE_DIFFERENT_PRICING|SOURCE_REF_REUSED_ACROSS_LOCATIONS|COMPLEX_TIME_OR_DURATION_PRICING","dbc85e70fac8c254","0","","7","0","2"
"1","FRHPCPNF072380TOTEM","","4196746","NUMERIC","3483825","3","CHADEMO:460kW","2026-09-27T17:23:52.392Z","true","SOURCE_DUPLICATE_DIFFERENT_PRICING|SOURCE_REF_REUSED_ACROSS_LOCATIONS|COMPLEX_TIME_OR_DURATION_PRICING","5fc0303a8562e353","0","","7","0","2"
"1","FRHPCPNF072380TOTEM","","4196746","NUMERIC","3483826","4","IEC_62196_T2_COMBO:460kW","2026-09-27T17:23:52.392Z","true","SOURCE_DUPLICATE_DIFFERENT_PRICING|SOURCE_REF_REUSED_ACROSS_LOCATIONS|COMPLEX_TIME_OR_DURATION_PRICING","dbc85e70fac8c254","0","","7","0","2"
"1","FRHPCPNF072380TOTEM","","4196746","NUMERIC","3483828","1","CHADEMO:460kW","2026-09-27T17:23:52.392Z","true","SOURCE_DUPLICATE_DIFFERENT_PRICING|SOURCE_REF_REUSED_ACROSS_LOCATIONS|COMPLEX_TIME_OR_DURATION_PRICING","5fc0303a8562e353","0","","7","0","2"
"1","FRHPCPNF072380TOTEM","","4196746","NUMERIC","3483829","2","IEC_62196_T2:22kW","2026-09-27T17:23:52.392Z","true","SOURCE_DUPLICATE_DIFFERENT_PRICING|SOURCE_REF_REUSED_ACROSS_LOCATIONS|COMPLEX_TIME_OR_DURATION_PRICING","122869f63c72132b","0","","7","0","2"
"1","FRHPCPNF072380TOTEM","","4196746","NUMERIC","3483830","2","IEC_62196_T2_COMBO:460kW","2026-09-27T17:23:52.392Z","true","SOURCE_DUPLICATE_DIFFERENT_PRICING|SOURCE_REF_REUSED_ACROSS_LOCATIONS|COMPLEX_TIME_OR_DURATION_PRICING","dbc85e70fac8c254","0","","7","0","2"
"1","FRHPCPNF072380TOTEM","","4196746","NUMERIC","3483831","4","IEC_62196_T2:22kW","2026-09-27T17:23:52.392Z","true","SOURCE_DUPLICATE_DIFFERENT_PRICING|SOURCE_REF_REUSED_ACROSS_LOCATIONS|COMPLEX_TIME_OR_DURATION_PRICING","122869f63c72132b","0","","7","0","2"
"1","FRHPCPNF074566TOTEM","","4193237","NUMERIC","3472111","5","IEC_62196_T2_COMBO:460kW","2026-09-27T17:16:14.805Z","true","SOURCE_DUPLICATE_DIFFERENT_PRICING|SOURCE_REF_REUSED_ACROSS_LOCATIONS|COMPLEX_TIME_OR_DURATION_PRICING","dbc85e70fac8c254","0","","8","0","2"
"1","FRHPCPNF074566TOTEM","","4193237","NUMERIC","3472113","5","IEC_62196_T2:22kW","2026-09-27T17:16:14.805Z","true","SOURCE_DUPLICATE_DIFFERENT_PRICING|SOURCE_REF_REUSED_ACROSS_LOCATIONS|COMPLEX_TIME_OR_DURATION_PRICING","122869f63c72132b","0","","8","0","2"
"1","FRHPCPNF074566TOTEM","","4193237","NUMERIC","3472115","6","CHADEMO:460kW","2026-09-27T17:16:14.805Z","true","SOURCE_DUPLICATE_DIFFERENT_PRICING|SOURCE_REF_REUSED_ACROSS_LOCATIONS|COMPLEX_TIME_OR_DURATION_PRICING","5fc0303a8562e353","0","","8","0","2"
"1","FRHPCPNF074566TOTEM","","4193237","NUMERIC","3472117","6","IEC_62196_T2_COMBO:460kW","2026-09-27T17:16:14.805Z","true","SOURCE_DUPLICATE_DIFFERENT_PRICING|SOURCE_REF_REUSED_ACROSS_LOCATIONS|COMPLEX_TIME_OR_DURATION_PRICING","dbc85e70fac8c254","0","","8","0","2"
"1","FRHPCPNF074566TOTEM","","4193237","NUMERIC","3472119","7","IEC_62196_T2_COMBO:460kW","2026-09-27T17:16:14.805Z","true","SOURCE_DUPLICATE_DIFFERENT_PRICING|SOURCE_REF_REUSED_ACROSS_LOCATIONS|COMPLEX_TIME_OR_DURATION_PRICING","dbc85e70fac8c254","0","","8","0","2"
"1","FRHPCPNF074566TOTEM","","4193237","NUMERIC","3472121","7","IEC_62196_T2:22kW","2026-09-27T17:16:14.805Z","true","SOURCE_DUPLICATE_DIFFERENT_PRICING|SOURCE_REF_REUSED_ACROSS_LOCATIONS|COMPLEX_TIME_OR_DURATION_PRICING","122869f63c72132b","0","","8","0","2"
"1","FRHPCPNF074566TOTEM","","4193237","NUMERIC","3472122","8","CHADEMO:460kW","2026-09-27T17:16:14.805Z","true","SOURCE_DUPLICATE_DIFFERENT_PRICING|SOURCE_REF_REUSED_ACROSS_LOCATIONS|COMPLEX_TIME_OR_DURATION_PRICING","5fc0303a8562e353","0","","8","0","2"
"1","FRHPCPNF074566TOTEM","","4193237","NUMERIC","3472123","8","IEC_62196_T2_COMBO:460kW","2026-09-27T17:16:14.805Z","true","SOURCE_DUPLICATE_DIFFERENT_PRICING|SOURCE_REF_REUSED_ACROSS_LOCATIONS|COMPLEX_TIME_OR_DURATION_PRICING","dbc85e70fac8c254","0","","8","0","2"
"1","FRHPCPNF076523","","4193910","NUMERIC","3474940","1","IEC_62196_T2_COMBO:460kW","2026-09-27T17:18:37.242Z","true","SOURCE_DUPLICATE_DIFFERENT_PRICING|SOURCE_REF_REUSED_ACROSS_LOCATIONS|COMPLEX_TIME_OR_DURATION_PRICING","dbc85e70fac8c254","0","","4","0","3"
"1","FRHPCPNF076523","","4193910","NUMERIC","3474942","1","CHADEMO:100kW","2026-09-27T17:18:37.242Z","true","SOURCE_DUPLICATE_DIFFERENT_PRICING|SOURCE_REF_REUSED_ACROSS_LOCATIONS|COMPLEX_TIME_OR_DURATION_PRICING","0307c5f8e6e971df","0","","4","0","3"
"1","FRHPCPNF076523","","4193910","NUMERIC","3474943","1","IEC_62196_T2:22kW","2026-09-27T17:18:37.242Z","true","SOURCE_DUPLICATE_DIFFERENT_PRICING|SOURCE_REF_REUSED_ACROSS_LOCATIONS|COMPLEX_TIME_OR_DURATION_PRICING","122869f63c72132b","0","","4","0","3"
"1","FRHPCPNF078016TOTEM","","4193268","NUMERIC","3471942","1","IEC_62196_T2:43kW","2026-09-27T17:16:20.066Z","true","SOURCE_DUPLICATE_DIFFERENT_PRICING|SOURCE_REF_REUSED_ACROSS_LOCATIONS|COMPLEX_TIME_OR_DURATION_PRICING","07ac1f8891d1eaee","0","","8","0","3"
"1","FRHPCPNF078016TOTEM","","4193268","NUMERIC","3471943","1","IEC_62196_T2_COMBO:60kW","2026-09-27T17:16:20.066Z","true","SOURCE_DUPLICATE_DIFFERENT_PRICING|SOURCE_REF_REUSED_ACROSS_LOCATIONS|COMPLEX_TIME_OR_DURATION_PRICING","dc300e5acf3d0c0e","0","","8","0","3"
"1","FRHPCPNF078016TOTEM","","4193268","NUMERIC","3471944","1","CHADEMO:60kW","2026-09-27T17:16:20.066Z","true","SOURCE_DUPLICATE_DIFFERENT_PRICING|SOURCE_REF_REUSED_ACROSS_LOCATIONS|COMPLEX_TIME_OR_DURATION_PRICING","92473908ef1c28cd","0","","8","0","3"
"1","FRHPCPNF078016TOTEM","","4193268","NUMERIC","3471950","8","IEC_62196_T2:44kW","2026-09-27T17:16:20.066Z","true","SOURCE_DUPLICATE_DIFFERENT_PRICING|SOURCE_REF_REUSED_ACROSS_LOCATIONS|COMPLEX_TIME_OR_DURATION_PRICING","af44c279366146a9","0","","8","0","3"
"1","FRHPCPNF078016TOTEM","","4193268","NUMERIC","3471951","8","IEC_62196_T2_COMBO:60kW","2026-09-27T17:16:20.066Z","true","SOURCE_DUPLICATE_DIFFERENT_PRICING|SOURCE_REF_REUSED_ACROSS_LOCATIONS|COMPLEX_TIME_OR_DURATION_PRICING","dc300e5acf3d0c0e","0","","8","0","3"
"1","FRHPCPNF078016TOTEM","","4193268","NUMERIC","3471952","8","CHADEMO:60kW","2026-09-27T17:16:20.066Z","true","SOURCE_DUPLICATE_DIFFERENT_PRICING|SOURCE_REF_REUSED_ACROSS_LOCATIONS|COMPLEX_TIME_OR_DURATION_PRICING","92473908ef1c28cd","0","","8","0","3"
"1","FRHPCPNF078037","","4194071","NUMERIC","3475504","1","IEC_62196_T2_COMBO:460kW","2026-09-27T17:19:14.404Z","true","SOURCE_DUPLICATE_DIFFERENT_PRICING|SOURCE_REF_REUSED_ACROSS_LOCATIONS|COMPLEX_TIME_OR_DURATION_PRICING","dbc85e70fac8c254","0","","1","0","3"
"1","FRHPCPNF078037","","4194071","NUMERIC","3475508","1","CHADEMO:460kW","2026-09-27T17:19:14.404Z","true","SOURCE_DUPLICATE_DIFFERENT_PRICING|SOURCE_REF_REUSED_ACROSS_LOCATIONS|COMPLEX_TIME_OR_DURATION_PRICING","5fc0303a8562e353","0","","1","0","3"
"1","FRHPCPNF078037","","4194071","NUMERIC","3475510","1","IEC_62196_T2:22kW","2026-09-27T17:19:14.404Z","true","SOURCE_DUPLICATE_DIFFERENT_PRICING|SOURCE_REF_REUSED_ACROSS_LOCATIONS|COMPLEX_TIME_OR_DURATION_PRICING","122869f63c72132b","0","","1","0","3"
"1","FRHPCPNF078069","","4192667","NUMERIC","3468128","1","IEC_62196_T2_COMBO:150kW","2026-09-27T17:12:56.899Z","true","SOURCE_DUPLICATE_DIFFERENT_PRICING|SOURCE_REF_REUSED_ACROSS_LOCATIONS|COMPLEX_TIME_OR_DURATION_PRICING","d81c2f9ca3ec5b6e","0","","3","0","3"
"1","FRHPCPNF078069","","4192667","NUMERIC","3468131","1","IEC_62196_T2:22kW","2026-09-27T17:12:56.899Z","true","SOURCE_DUPLICATE_DIFFERENT_PRICING|SOURCE_REF_REUSED_ACROSS_LOCATIONS|COMPLEX_TIME_OR_DURATION_PRICING","122869f63c72132b","0","","3","0","3"
"1","FRHPCPNF078069","","4192667","NUMERIC","3468133","1","CHADEMO:100kW","2026-09-27T17:12:56.899Z","true","SOURCE_DUPLICATE_DIFFERENT_PRICING|SOURCE_REF_REUSED_ACROSS_LOCATIONS|COMPLEX_TIME_OR_DURATION_PRICING","0307c5f8e6e971df","0","","3","0","3"
"1","FRHPCPNF078072","","4259161","NUMERIC","3616143","10","IEC_62196_T2_COMBO:460kW","2026-09-27T17:58:06.682Z","true","SOURCE_DUPLICATE_DIFFERENT_PRICING|SOURCE_REF_REUSED_ACROSS_LOCATIONS|COMPLEX_TIME_OR_DURATION_PRICING","dbc85e70fac8c254","0","","10","0","2"
"1","FRHPCPNF078072","","4259161","NUMERIC","3616144","10","CHADEMO:460kW","2026-09-27T17:58:06.682Z","true","SOURCE_DUPLICATE_DIFFERENT_PRICING|SOURCE_REF_REUSED_ACROSS_LOCATIONS|COMPLEX_TIME_OR_DURATION_PRICING","5fc0303a8562e353","0","","10","0","2"
"1","FRHPCPNF078072","","4259161","NUMERIC","3616145","9","IEC_62196_T2:22kW","2026-09-27T17:58:06.682Z","true","SOURCE_DUPLICATE_DIFFERENT_PRICING|SOURCE_REF_REUSED_ACROSS_LOCATIONS|COMPLEX_TIME_OR_DURATION_PRICING","122869f63c72132b","0","","10","0","2"
"1","FRHPCPNF078072","","4259161","NUMERIC","3616146","9","IEC_62196_T2_COMBO:460kW","2026-09-27T17:58:06.682Z","true","SOURCE_DUPLICATE_DIFFERENT_PRICING|SOURCE_REF_REUSED_ACROSS_LOCATIONS|COMPLEX_TIME_OR_DURATION_PRICING","dbc85e70fac8c254","0","","10","0","2"
"1","FRHPCPNF078072","","4259161","NUMERIC","3616147","8","IEC_62196_T2_COMBO:460kW","2026-09-27T17:58:06.682Z","true","SOURCE_DUPLICATE_DIFFERENT_PRICING|SOURCE_REF_REUSED_ACROSS_LOCATIONS|COMPLEX_TIME_OR_DURATION_PRICING","dbc85e70fac8c254","0","","10","0","2"
"1","FRHPCPNF078072","","4259161","NUMERIC","3616148","8","CHADEMO:460kW","2026-09-27T17:58:06.682Z","true","SOURCE_DUPLICATE_DIFFERENT_PRICING|SOURCE_REF_REUSED_ACROSS_LOCATIONS|COMPLEX_TIME_OR_DURATION_PRICING","5fc0303a8562e353","0","","10","0","2"
"1","FRHPCPNF078072","","4259161","NUMERIC","3616149","7","IEC_62196_T2:22kW","2026-09-27T17:58:06.682Z","true","SOURCE_DUPLICATE_DIFFERENT_PRICING|SOURCE_REF_REUSED_ACROSS_LOCATIONS|COMPLEX_TIME_OR_DURATION_PRICING","122869f63c72132b","0","","10","0","2"
"1","FRHPCPNF078072","","4259161","NUMERIC","3616150","7","IEC_62196_T2_COMBO:460kW","2026-09-27T17:58:06.682Z","true","SOURCE_DUPLICATE_DIFFERENT_PRICING|SOURCE_REF_REUSED_ACROSS_LOCATIONS|COMPLEX_TIME_OR_DURATION_PRICING","dbc85e70fac8c254","0","","10","0","2"
"1","FRHPCPNF078072","","4259161","NUMERIC","3616155","4","IEC_62196_T2_COMBO:460kW","2026-09-27T17:58:06.682Z","true","SOURCE_DUPLICATE_DIFFERENT_PRICING|SOURCE_REF_REUSED_ACROSS_LOCATIONS|COMPLEX_TIME_OR_DURATION_PRICING","dbc85e70fac8c254","0","","10","0","2"
"1","FRHPCPNF078072","","4259161","NUMERIC","3616156","4","CHADEMO:460kW","2026-09-27T17:58:06.682Z","true","SOURCE_DUPLICATE_DIFFERENT_PRICING|SOURCE_REF_REUSED_ACROSS_LOCATIONS|COMPLEX_TIME_OR_DURATION_PRICING","5fc0303a8562e353","0","","10","0","2"
"1","FRHPCPNF078072","","4259161","NUMERIC","3616157","3","IEC_62196_T2:22kW","2026-09-27T17:58:06.682Z","true","SOURCE_DUPLICATE_DIFFERENT_PRICING|SOURCE_REF_REUSED_ACROSS_LOCATIONS|COMPLEX_TIME_OR_DURATION_PRICING","122869f63c72132b","0","","10","0","2"
"1","FRHPCPNF078072","","4259161","NUMERIC","3616158","3","IEC_62196_T2_COMBO:460kW","2026-09-27T17:58:06.682Z","true","SOURCE_DUPLICATE_DIFFERENT_PRICING|SOURCE_REF_REUSED_ACROSS_LOCATIONS|COMPLEX_TIME_OR_DURATION_PRICING","dbc85e70fac8c254","0","","10","0","2"
"1","FRHPCPNF078072","","4259161","NUMERIC","3616159","2","IEC_62196_T2_COMBO:460kW","2026-09-27T17:58:06.682Z","true","SOURCE_DUPLICATE_DIFFERENT_PRICING|SOURCE_REF_REUSED_ACROSS_LOCATIONS|COMPLEX_TIME_OR_DURATION_PRICING","dbc85e70fac8c254","0","","10","0","2"
"1","FRHPCPNF078072","","4259161","NUMERIC","3616160","2","CHADEMO:460kW","2026-09-27T17:58:06.682Z","true","SOURCE_DUPLICATE_DIFFERENT_PRICING|SOURCE_REF_REUSED_ACROSS_LOCATIONS|COMPLEX_TIME_OR_DURATION_PRICING","5fc0303a8562e353","0","","10","0","2"
"1","FRHPCPNF078072","","4259161","NUMERIC","3616161","1","IEC_62196_T2:22kW","2026-09-27T17:58:06.682Z","true","SOURCE_DUPLICATE_DIFFERENT_PRICING|SOURCE_REF_REUSED_ACROSS_LOCATIONS|COMPLEX_TIME_OR_DURATION_PRICING","122869f63c72132b","0","","10","0","2"
"1","FRHPCPNF078072","","4259161","NUMERIC","3616162","1","IEC_62196_T2_COMBO:460kW","2026-09-27T17:58:06.682Z","true","SOURCE_DUPLICATE_DIFFERENT_PRICING|SOURCE_REF_REUSED_ACROSS_LOCATIONS|COMPLEX_TIME_OR_DURATION_PRICING","dbc85e70fac8c254","0","","10","0","2"
"1","FRHPCPNF078072","","4259161","NUMERIC","3720693","6","IEC_62196_T2_COMBO:460kW","2026-09-27T17:58:06.682Z","true","SOURCE_DUPLICATE_DIFFERENT_PRICING|SOURCE_REF_REUSED_ACROSS_LOCATIONS|COMPLEX_TIME_OR_DURATION_PRICING","dbc85e70fac8c254","0","","10","0","2"
"1","FRHPCPNF078072","","4259161","NUMERIC","3720694","6","CHADEMO:460kW","2026-09-27T17:58:06.682Z","true","SOURCE_DUPLICATE_DIFFERENT_PRICING|SOURCE_REF_REUSED_ACROSS_LOCATIONS|COMPLEX_TIME_OR_DURATION_PRICING","5fc0303a8562e353","0","","10","0","2"
"1","FRHPCPNF078072","","4259161","NUMERIC","3720695","5","IEC_62196_T2:22kW","2026-09-27T17:58:06.682Z","true","SOURCE_DUPLICATE_DIFFERENT_PRICING|SOURCE_REF_REUSED_ACROSS_LOCATIONS|COMPLEX_TIME_OR_DURATION_PRICING","122869f63c72132b","0","","10","0","2"
"1","FRHPCPNF078072","","4259161","NUMERIC","3720696","5","IEC_62196_T2_COMBO:460kW","2026-09-27T17:58:06.682Z","true","SOURCE_DUPLICATE_DIFFERENT_PRICING|SOURCE_REF_REUSED_ACROSS_LOCATIONS|COMPLEX_TIME_OR_DURATION_PRICING","dbc85e70fac8c254","0","","10","0","2"
"1","FRHPCPNF078075","","4194473","NUMERIC","3477046","1","IEC_62196_T2_COMBO:460kW","2026-09-27T17:21:00.720Z","true","SOURCE_DUPLICATE_DIFFERENT_PRICING|SOURCE_REF_REUSED_ACROSS_LOCATIONS|COMPLEX_TIME_OR_DURATION_PRICING","dbc85e70fac8c254","0","","6","0","2"
"1","FRHPCPNF078075","","4194473","NUMERIC","3477047","1","IEC_62196_T2:22kW","2026-09-27T17:21:00.720Z","true","SOURCE_DUPLICATE_DIFFERENT_PRICING|SOURCE_REF_REUSED_ACROSS_LOCATIONS|COMPLEX_TIME_OR_DURATION_PRICING","122869f63c72132b","0","","6","0","2"
"1","FRHPCPNF078075","","4194473","NUMERIC","3477049","2","CHADEMO:460kW","2026-09-27T17:21:00.720Z","true","SOURCE_DUPLICATE_DIFFERENT_PRICING|SOURCE_REF_REUSED_ACROSS_LOCATIONS|COMPLEX_TIME_OR_DURATION_PRICING","5fc0303a8562e353","0","","6","0","2"
"1","FRHPCPNF078075","","4194473","NUMERIC","3477051","2","IEC_62196_T2_COMBO:460kW","2026-09-27T17:21:00.720Z","true","SOURCE_DUPLICATE_DIFFERENT_PRICING|SOURCE_REF_REUSED_ACROSS_LOCATIONS|COMPLEX_TIME_OR_DURATION_PRICING","dbc85e70fac8c254","0","","6","0","2"
"1","FRHPCPNF078075","","4194473","NUMERIC","3477053","5","IEC_62196_T2_COMBO:460kW","2026-09-27T17:21:00.720Z","true","SOURCE_DUPLICATE_DIFFERENT_PRICING|SOURCE_REF_REUSED_ACROSS_LOCATIONS|COMPLEX_TIME_OR_DURATION_PRICING","dbc85e70fac8c254","0","","6","0","2"
"1","FRHPCPNF078075","","4194473","NUMERIC","3477056","5","IEC_62196_T2:22kW","2026-09-27T17:21:00.720Z","true","SOURCE_DUPLICATE_DIFFERENT_PRICING|SOURCE_REF_REUSED_ACROSS_LOCATIONS|COMPLEX_TIME_OR_DURATION_PRICING","122869f63c72132b","0","","6","0","2"
"1","FRHPCPNF078075","","4194473","NUMERIC","3477059","6","CHADEMO:460kW","2026-09-27T17:21:00.720Z","true","SOURCE_DUPLICATE_DIFFERENT_PRICING|SOURCE_REF_REUSED_ACROSS_LOCATIONS|COMPLEX_TIME_OR_DURATION_PRICING","5fc0303a8562e353","0","","6","0","2"
"1","FRHPCPNF078075","","4194473","NUMERIC","3477060","6","IEC_62196_T2_COMBO:460kW","2026-09-27T17:21:00.720Z","true","SOURCE_DUPLICATE_DIFFERENT_PRICING|SOURCE_REF_REUSED_ACROSS_LOCATIONS|COMPLEX_TIME_OR_DURATION_PRICING","dbc85e70fac8c254","0","","6","0","2"
"1","FRHPCPNF078135","","4195165","NUMERIC","3479338","1","IEC_62196_T2:22kW","2026-09-27T17:21:48.788Z","true","SOURCE_DUPLICATE_DIFFERENT_PRICING|SOURCE_REF_REUSED_ACROSS_LOCATIONS|COMPLEX_TIME_OR_DURATION_PRICING","122869f63c72132b","0","","8","0","2"
"1","FRHPCPNF078135","","4195165","NUMERIC","3479339","2","CHADEMO:460kW","2026-09-27T17:21:48.788Z","true","SOURCE_DUPLICATE_DIFFERENT_PRICING|SOURCE_REF_REUSED_ACROSS_LOCATIONS|COMPLEX_TIME_OR_DURATION_PRICING","5fc0303a8562e353","0","","8","0","2"
"1","FRHPCPNF078135","","4195165","NUMERIC","3479341","2","IEC_62196_T2_COMBO:460kW","2026-09-27T17:21:48.788Z","true","SOURCE_DUPLICATE_DIFFERENT_PRICING|SOURCE_REF_REUSED_ACROSS_LOCATIONS|COMPLEX_TIME_OR_DURATION_PRICING","dbc85e70fac8c254","0","","8","0","2"
"1","FRHPCPNF078135","","4195165","NUMERIC","3479354","1","IEC_62196_T2_COMBO:460kW","2026-09-27T17:21:48.788Z","true","SOURCE_DUPLICATE_DIFFERENT_PRICING|SOURCE_REF_REUSED_ACROSS_LOCATIONS|COMPLEX_TIME_OR_DURATION_PRICING","dbc85e70fac8c254","0","","8","0","2"
"1","FRHPCPNF078176","","4193906","NUMERIC","3474914","7","IEC_62196_T2_COMBO:460kW","2026-09-27T17:18:34.355Z","true","SOURCE_DUPLICATE_DIFFERENT_PRICING|SOURCE_REF_REUSED_ACROSS_LOCATIONS|COMPLEX_TIME_OR_DURATION_PRICING","dbc85e70fac8c254","0","","8","0","2"
"1","FRHPCPNF078176","","4193906","NUMERIC","3474915","7","IEC_62196_T2:22kW","2026-09-27T17:18:34.355Z","true","SOURCE_DUPLICATE_DIFFERENT_PRICING|SOURCE_REF_REUSED_ACROSS_LOCATIONS|COMPLEX_TIME_OR_DURATION_PRICING","122869f63c72132b","0","","8","0","2"
"1","FRHPCPNF078176","","4193906","NUMERIC","3474916","8","CHADEMO:460kW","2026-09-27T17:18:34.355Z","true","SOURCE_DUPLICATE_DIFFERENT_PRICING|SOURCE_REF_REUSED_ACROSS_LOCATIONS|COMPLEX_TIME_OR_DURATION_PRICING","5fc0303a8562e353","0","","8","0","2"
"1","FRHPCPNF078176","","4193906","NUMERIC","3474917","8","IEC_62196_T2_COMBO:460kW","2026-09-27T17:18:34.355Z","true","SOURCE_DUPLICATE_DIFFERENT_PRICING|SOURCE_REF_REUSED_ACROSS_LOCATIONS|COMPLEX_TIME_OR_DURATION_PRICING","dbc85e70fac8c254","0","","8","0","2"
"1","FRHPCPNF078180","","4193381","NUMERIC","3472507","1","IEC_62196_T2_COMBO:460kW","2026-09-27T17:16:49.825Z","true","SOURCE_DUPLICATE_DIFFERENT_PRICING|SOURCE_REF_REUSED_ACROSS_LOCATIONS|COMPLEX_TIME_OR_DURATION_PRICING","dbc85e70fac8c254","0","","18","0","2"
"1","FRHPCPNF078180","","4193381","NUMERIC","3472508","1","IEC_62196_T2_COMBO:60kW","2026-09-27T17:16:49.825Z","true","SOURCE_DUPLICATE_DIFFERENT_PRICING|SOURCE_REF_REUSED_ACROSS_LOCATIONS|COMPLEX_TIME_OR_DURATION_PRICING","3fa9aae7400035a7","0","","18","0","2"
"1","FRHPCPNF078180","","4193381","NUMERIC","3472525","16","CHADEMO:460kW","2026-09-27T17:16:49.825Z","true","SOURCE_DUPLICATE_DIFFERENT_PRICING|SOURCE_REF_REUSED_ACROSS_LOCATIONS|COMPLEX_TIME_OR_DURATION_PRICING","5fc0303a8562e353","0","","18","0","2"
"1","FRHPCPNF078180","","4193381","NUMERIC","3472527","16","IEC_62196_T2:22kW","2026-09-27T17:16:49.825Z","true","SOURCE_DUPLICATE_DIFFERENT_PRICING|SOURCE_REF_REUSED_ACROSS_LOCATIONS|COMPLEX_TIME_OR_DURATION_PRICING","122869f63c72132b","0","","18","0","2"
"1","FRHPCPNF078180","","4193381","NUMERIC","3472531","18","CHADEMO:460kW","2026-09-27T17:16:49.825Z","true","SOURCE_DUPLICATE_DIFFERENT_PRICING|SOURCE_REF_REUSED_ACROSS_LOCATIONS|COMPLEX_TIME_OR_DURATION_PRICING","5fc0303a8562e353","0","","18","0","2"
"1","FRHPCPNF078180","","4193381","NUMERIC","3472533","18","IEC_62196_T2:22kW","2026-09-27T17:16:49.825Z","true","SOURCE_DUPLICATE_DIFFERENT_PRICING|SOURCE_REF_REUSED_ACROSS_LOCATIONS|COMPLEX_TIME_OR_DURATION_PRICING","122869f63c72132b","0","","18","0","2"
"1","FRHPCPNF078181","","4193304","NUMERIC","3472296","1","IEC_62196_T2:44kW","2026-09-27T17:16:33.014Z","true","SOURCE_DUPLICATE_DIFFERENT_PRICING|SOURCE_REF_REUSED_ACROSS_LOCATIONS|COMPLEX_TIME_OR_DURATION_PRICING","af44c279366146a9","0","","8","0","3"
"1","FRHPCPNF078181","","4193304","NUMERIC","3472297","1","IEC_62196_T2_COMBO:60kW","2026-09-27T17:16:33.014Z","true","SOURCE_DUPLICATE_DIFFERENT_PRICING|SOURCE_REF_REUSED_ACROSS_LOCATIONS|COMPLEX_TIME_OR_DURATION_PRICING","dc300e5acf3d0c0e","0","","8","0","3"
"1","FRHPCPNF078181","","4193304","NUMERIC","3472299","1","CHADEMO:60kW","2026-09-27T17:16:33.014Z","true","SOURCE_DUPLICATE_DIFFERENT_PRICING|SOURCE_REF_REUSED_ACROSS_LOCATIONS|COMPLEX_TIME_OR_DURATION_PRICING","92473908ef1c28cd","0","","8","0","3"
"1","FRHPCPNF078181","","4193304","NUMERIC","3472304","4","IEC_62196_T2:44kW","2026-09-27T17:16:33.014Z","true","SOURCE_DUPLICATE_DIFFERENT_PRICING|SOURCE_REF_REUSED_ACROSS_LOCATIONS|COMPLEX_TIME_OR_DURATION_PRICING","af44c279366146a9","0","","8","0","3"
"1","FRHPCPNF078181","","4193304","NUMERIC","3472307","4","IEC_62196_T2_COMBO:60kW","2026-09-27T17:16:33.014Z","true","SOURCE_DUPLICATE_DIFFERENT_PRICING|SOURCE_REF_REUSED_ACROSS_LOCATIONS|COMPLEX_TIME_OR_DURATION_PRICING","dc300e5acf3d0c0e","0","","8","0","3"
"1","FRHPCPNF078181","","4193304","NUMERIC","3472310","4","CHADEMO:60kW","2026-09-27T17:16:33.014Z","true","SOURCE_DUPLICATE_DIFFERENT_PRICING|SOURCE_REF_REUSED_ACROSS_LOCATIONS|COMPLEX_TIME_OR_DURATION_PRICING","92473908ef1c28cd","0","","8","0","3"
"1","FRHPCPNF078182","","4200223","NUMERIC","3491769","2","IEC_62196_T2_COMBO:460kW","2026-10-04T09:48:20.045Z","true","SOURCE_DUPLICATE_DIFFERENT_PRICING|SOURCE_REF_REUSED_ACROSS_LOCATIONS|COMPLEX_TIME_OR_DURATION_PRICING","5646b2342001a666","0","","10","0","2"
"1","FRHPCPNF078182","","4200223","NUMERIC","3491784","4","IEC_62196_T2_COMBO:460kW","2026-10-04T09:48:20.045Z","true","SOURCE_DUPLICATE_DIFFERENT_PRICING|SOURCE_REF_REUSED_ACROSS_LOCATIONS|COMPLEX_TIME_OR_DURATION_PRICING","5646b2342001a666","0","","10","0","2"
"1","FRHPCPNF078182","","4200223","NUMERIC","3491797","6","IEC_62196_T2_COMBO:460kW","2026-10-04T09:48:20.045Z","true","SOURCE_DUPLICATE_DIFFERENT_PRICING|SOURCE_REF_REUSED_ACROSS_LOCATIONS|COMPLEX_TIME_OR_DURATION_PRICING","5646b2342001a666","0","","10","0","2"
"1","FRHPCPNF078182","","4200223","NUMERIC","3491803","6","IEC_62196_T2:22kW","2026-10-04T09:48:20.045Z","true","SOURCE_DUPLICATE_DIFFERENT_PRICING|SOURCE_REF_REUSED_ACROSS_LOCATIONS|COMPLEX_TIME_OR_DURATION_PRICING","fe0b794d8bb093e8","0","","10","0","2"
"1","FRHPCPNF078182","","4200223","NUMERIC","3491807","5","CHADEMO:460kW","2026-10-04T09:48:20.045Z","true","SOURCE_DUPLICATE_DIFFERENT_PRICING|SOURCE_REF_REUSED_ACROSS_LOCATIONS|COMPLEX_TIME_OR_DURATION_PRICING","d0005cba5acc4fe2","0","","10","0","2"
"1","FRHPCPNF078182","","4200223","NUMERIC","3491813","5","IEC_62196_T2_COMBO:460kW","2026-10-04T09:48:20.045Z","true","SOURCE_DUPLICATE_DIFFERENT_PRICING|SOURCE_REF_REUSED_ACROSS_LOCATIONS|COMPLEX_TIME_OR_DURATION_PRICING","5646b2342001a666","0","","10","0","2"
"1","FRHPCPNF078182","","4200223","NUMERIC","3491819","8","IEC_62196_T2_COMBO:460kW","2026-10-04T09:48:20.045Z","true","SOURCE_DUPLICATE_DIFFERENT_PRICING|SOURCE_REF_REUSED_ACROSS_LOCATIONS|COMPLEX_TIME_OR_DURATION_PRICING","5646b2342001a666","0","","10","0","2"
"1","FRHPCPNF078182","","4200223","NUMERIC","3491821","8","IEC_62196_T2:22kW","2026-10-04T09:48:20.045Z","true","SOURCE_DUPLICATE_DIFFERENT_PRICING|SOURCE_REF_REUSED_ACROSS_LOCATIONS|COMPLEX_TIME_OR_DURATION_PRICING","fe0b794d8bb093e8","0","","10","0","2"
"1","FRHPCPNF078182","","4200223","NUMERIC","3491829","7","CHADEMO:460kW","2026-10-04T09:48:20.045Z","true","SOURCE_DUPLICATE_DIFFERENT_PRICING|SOURCE_REF_REUSED_ACROSS_LOCATIONS|COMPLEX_TIME_OR_DURATION_PRICING","d0005cba5acc4fe2","0","","10","0","2"
"1","FRHPCPNF078182","","4200223","NUMERIC","3491835","7","IEC_62196_T2_COMBO:460kW","2026-10-04T09:48:20.045Z","true","SOURCE_DUPLICATE_DIFFERENT_PRICING|SOURCE_REF_REUSED_ACROSS_LOCATIONS|COMPLEX_TIME_OR_DURATION_PRICING","5646b2342001a666","0","","10","0","2"
"1","FRHPCPNF078182","","4200223","NUMERIC","3491842","10","IEC_62196_T2_COMBO:460kW","2026-10-04T09:48:20.045Z","true","SOURCE_DUPLICATE_DIFFERENT_PRICING|SOURCE_REF_REUSED_ACROSS_LOCATIONS|COMPLEX_TIME_OR_DURATION_PRICING","5646b2342001a666","0","","10","0","2"
"1","FRHPCPNF078182","","4200223","NUMERIC","3491847","10","IEC_62196_T2:22kW","2026-10-04T09:48:20.045Z","true","SOURCE_DUPLICATE_DIFFERENT_PRICING|SOURCE_REF_REUSED_ACROSS_LOCATIONS|COMPLEX_TIME_OR_DURATION_PRICING","fe0b794d8bb093e8","0","","10","0","2"
"1","FRHPCPNF078182","","4200223","NUMERIC","3491855","9","CHADEMO:460kW","2026-10-04T09:48:20.045Z","true","SOURCE_DUPLICATE_DIFFERENT_PRICING|SOURCE_REF_REUSED_ACROSS_LOCATIONS|COMPLEX_TIME_OR_DURATION_PRICING","d0005cba5acc4fe2","0","","10","0","2"
"1","FRHPCPNF078182","","4200223","NUMERIC","3491865","9","IEC_62196_T2_COMBO:460kW","2026-10-04T09:48:20.045Z","true","SOURCE_DUPLICATE_DIFFERENT_PRICING|SOURCE_REF_REUSED_ACROSS_LOCATIONS|COMPLEX_TIME_OR_DURATION_PRICING","5646b2342001a666","0","","10","0","2"
"1","FRHPCPNF078182","","4200223","NUMERIC","4475593","2","IEC_62196_T2:22kW","2026-10-04T09:48:20.045Z","true","SOURCE_DUPLICATE_DIFFERENT_PRICING|SOURCE_REF_REUSED_ACROSS_LOCATIONS|COMPLEX_TIME_OR_DURATION_PRICING","fe0b794d8bb093e8","0","","10","0","2"
"1","FRHPCPNF078182","","4200223","NUMERIC","4475594","4","IEC_62196_T2:22kW","2026-10-04T09:48:20.045Z","true","SOURCE_DUPLICATE_DIFFERENT_PRICING|SOURCE_REF_REUSED_ACROSS_LOCATIONS|COMPLEX_TIME_OR_DURATION_PRICING","fe0b794d8bb093e8","0","","10","0","2"
"1","FRHPCPNF078183TOTEM","","4192638","NUMERIC","3467996","1","IEC_62196_T2:44kW","2026-09-27T17:12:40.640Z","true","SOURCE_DUPLICATE_DIFFERENT_PRICING|SOURCE_REF_REUSED_ACROSS_LOCATIONS|COMPLEX_TIME_OR_DURATION_PRICING","af44c279366146a9","0","","4","0","3"
"1","FRHPCPNF078183TOTEM","","4192638","NUMERIC","3467999","1","IEC_62196_T2_COMBO:60kW","2026-09-27T17:12:40.640Z","true","SOURCE_DUPLICATE_DIFFERENT_PRICING|SOURCE_REF_REUSED_ACROSS_LOCATIONS|COMPLEX_TIME_OR_DURATION_PRICING","dc300e5acf3d0c0e","0","","4","0","3"
"1","FRHPCPNF078183TOTEM","","4192638","NUMERIC","3468001","1","CHADEMO:60kW","2026-09-27T17:12:40.640Z","true","SOURCE_DUPLICATE_DIFFERENT_PRICING|SOURCE_REF_REUSED_ACROSS_LOCATIONS|COMPLEX_TIME_OR_DURATION_PRICING","92473908ef1c28cd","0","","4","0","3"
"1","FRHPCPNF078183TOTEM","","4192638","NUMERIC","3468003","4","IEC_62196_T2:44kW","2026-09-27T17:12:40.640Z","true","SOURCE_DUPLICATE_DIFFERENT_PRICING|SOURCE_REF_REUSED_ACROSS_LOCATIONS|COMPLEX_TIME_OR_DURATION_PRICING","af44c279366146a9","0","","4","0","3"
"1","FRHPCPNF078183TOTEM","","4192638","NUMERIC","3468006","4","IEC_62196_T2_COMBO:460kW","2026-09-27T17:12:40.640Z","true","SOURCE_DUPLICATE_DIFFERENT_PRICING|SOURCE_REF_REUSED_ACROSS_LOCATIONS|COMPLEX_TIME_OR_DURATION_PRICING","323f10442d25902b","0","","4","0","3"
"1","FRHPCPNF078183TOTEM","","4192638","NUMERIC","3468009","4","CHADEMO:460kW","2026-09-27T17:12:40.640Z","true","SOURCE_DUPLICATE_DIFFERENT_PRICING|SOURCE_REF_REUSED_ACROSS_LOCATIONS|COMPLEX_TIME_OR_DURATION_PRICING","7902869ecdc8446f","0","","4","0","3"
"1","FRHPCPNF078190","","4192603","NUMERIC","3467434","1","IEC_62196_T2:44kW","2026-09-27T17:12:28.325Z","true","SOURCE_DUPLICATE_DIFFERENT_PRICING|SOURCE_REF_REUSED_ACROSS_LOCATIONS|COMPLEX_TIME_OR_DURATION_PRICING","af44c279366146a9","0","","4","0","3"
"1","FRHPCPNF078190","","4192603","NUMERIC","3467436","1","IEC_62196_T2_COMBO:60kW","2026-09-27T17:12:28.325Z","true","SOURCE_DUPLICATE_DIFFERENT_PRICING|SOURCE_REF_REUSED_ACROSS_LOCATIONS|COMPLEX_TIME_OR_DURATION_PRICING","dc300e5acf3d0c0e","0","","4","0","3"
"1","FRHPCPNF078190","","4192603","NUMERIC","3467438","1","CHADEMO:60kW","2026-09-27T17:12:28.325Z","true","SOURCE_DUPLICATE_DIFFERENT_PRICING|SOURCE_REF_REUSED_ACROSS_LOCATIONS|COMPLEX_TIME_OR_DURATION_PRICING","92473908ef1c28cd","0","","4","0","3"
"1","FRHPCPNF078190","","4192603","NUMERIC","3467443","4","IEC_62196_T2:44kW","2026-09-27T17:12:28.325Z","true","SOURCE_DUPLICATE_DIFFERENT_PRICING|SOURCE_REF_REUSED_ACROSS_LOCATIONS|COMPLEX_TIME_OR_DURATION_PRICING","af44c279366146a9","0","","4","0","3"
"1","FRHPCPNF078190","","4192603","NUMERIC","3467445","4","IEC_62196_T2_COMBO:60kW","2026-09-27T17:12:28.325Z","true","SOURCE_DUPLICATE_DIFFERENT_PRICING|SOURCE_REF_REUSED_ACROSS_LOCATIONS|COMPLEX_TIME_OR_DURATION_PRICING","dc300e5acf3d0c0e","0","","4","0","3"
"1","FRHPCPNF078190","","4192603","NUMERIC","3467447","4","CHADEMO:60kW","2026-09-27T17:12:28.325Z","true","SOURCE_DUPLICATE_DIFFERENT_PRICING|SOURCE_REF_REUSED_ACROSS_LOCATIONS|COMPLEX_TIME_OR_DURATION_PRICING","92473908ef1c28cd","0","","4","0","3"
"1","FRHPCPNF078197","","4194404","NUMERIC","3476750","1","IEC_62196_T2_COMBO:460kW","2026-09-27T17:20:46.993Z","true","SOURCE_DUPLICATE_DIFFERENT_PRICING|SOURCE_REF_REUSED_ACROSS_LOCATIONS|COMPLEX_TIME_OR_DURATION_PRICING","dbc85e70fac8c254","0","","10","0","2"
"1","FRHPCPNF078197","","4194404","NUMERIC","3476751","1","IEC_62196_T2:22kW","2026-09-27T17:20:46.993Z","true","SOURCE_DUPLICATE_DIFFERENT_PRICING|SOURCE_REF_REUSED_ACROSS_LOCATIONS|COMPLEX_TIME_OR_DURATION_PRICING","122869f63c72132b","0","","10","0","2"
"1","FRHPCPNF078197","","4194404","NUMERIC","3476752","2","CHADEMO:460kW","2026-09-27T17:20:46.993Z","true","SOURCE_DUPLICATE_DIFFERENT_PRICING|SOURCE_REF_REUSED_ACROSS_LOCATIONS|COMPLEX_TIME_OR_DURATION_PRICING","5fc0303a8562e353","0","","10","0","3"
"1","FRHPCPNF078197","","4194404","NUMERIC","3476753","2","IEC_62196_T2_COMBO:460kW","2026-09-27T17:20:46.993Z","true","SOURCE_DUPLICATE_DIFFERENT_PRICING|SOURCE_REF_REUSED_ACROSS_LOCATIONS|COMPLEX_TIME_OR_DURATION_PRICING","dbc85e70fac8c254","0","","10","0","3"
"1","FRHPCPNF078197","","4194404","NUMERIC","3476755","2","IEC_62196_T2_COMBO:460kW","2026-09-27T17:20:46.993Z","true","SOURCE_DUPLICATE_DIFFERENT_PRICING|SOURCE_REF_REUSED_ACROSS_LOCATIONS|COMPLEX_TIME_OR_DURATION_PRICING","dbc85e70fac8c254","0","","10","0","3"
"1","FRHPCPNF078197","","4194404","NUMERIC","3476765","9","IEC_62196_T2_COMBO:460kW","2026-09-27T17:20:46.993Z","true","SOURCE_DUPLICATE_DIFFERENT_PRICING|SOURCE_REF_REUSED_ACROSS_LOCATIONS|COMPLEX_TIME_OR_DURATION_PRICING","dbc85e70fac8c254","0","","10","0","3"
"1","FRHPCPNF078197","","4194404","NUMERIC","3476767","9","IEC_62196_T2_COMBO:460kW","2026-09-27T17:20:46.993Z","true","SOURCE_DUPLICATE_DIFFERENT_PRICING|SOURCE_REF_REUSED_ACROSS_LOCATIONS|COMPLEX_TIME_OR_DURATION_PRICING","dbc85e70fac8c254","0","","10","0","3"
"1","FRHPCPNF078197","","4194404","NUMERIC","3476769","9","IEC_62196_T2:22kW","2026-09-27T17:20:46.993Z","true","SOURCE_DUPLICATE_DIFFERENT_PRICING|SOURCE_REF_REUSED_ACROSS_LOCATIONS|COMPLEX_TIME_OR_DURATION_PRICING","122869f63c72132b","0","","10","0","3"
"1","FRHPCPNF078197","","4194404","NUMERIC","3476770","10","CHADEMO:460kW","2026-09-27T17:20:46.993Z","true","SOURCE_DUPLICATE_DIFFERENT_PRICING|SOURCE_REF_REUSED_ACROSS_LOCATIONS|COMPLEX_TIME_OR_DURATION_PRICING","5fc0303a8562e353","0","","10","0","2"
"1","FRHPCPNF078197","","4194404","NUMERIC","3476771","10","IEC_62196_T2_COMBO:460kW","2026-09-27T17:20:46.993Z","true","SOURCE_DUPLICATE_DIFFERENT_PRICING|SOURCE_REF_REUSED_ACROSS_LOCATIONS|COMPLEX_TIME_OR_DURATION_PRICING","dbc85e70fac8c254","0","","10","0","2"
"1","FRHPCPNF078202TOTEM","","4200104","NUMERIC","3492113","7","IEC_62196_T2_COMBO:460kW","2026-10-04T09:48:00.298Z","true","SOURCE_DUPLICATE_DIFFERENT_PRICING|SOURCE_REF_REUSED_ACROSS_LOCATIONS|COMPLEX_TIME_OR_DURATION_PRICING","5646b2342001a666","0","","8","0","2"
"1","FRHPCPNF078202TOTEM","","4200104","NUMERIC","3492121","7","IEC_62196_T2:22kW","2026-10-04T09:48:00.298Z","true","SOURCE_DUPLICATE_DIFFERENT_PRICING|SOURCE_REF_REUSED_ACROSS_LOCATIONS|COMPLEX_TIME_OR_DURATION_PRICING","fe0b794d8bb093e8","0","","8","0","2"
"1","FRHPCPNF078202TOTEM","","4200104","NUMERIC","3492126","8","CHADEMO:460kW","2026-10-04T09:48:00.298Z","true","SOURCE_DUPLICATE_DIFFERENT_PRICING|SOURCE_REF_REUSED_ACROSS_LOCATIONS|COMPLEX_TIME_OR_DURATION_PRICING","d0005cba5acc4fe2","0","","8","0","2"
"1","FRHPCPNF078202TOTEM","","4200104","NUMERIC","3492128","8","IEC_62196_T2_COMBO:460kW","2026-10-04T09:48:00.298Z","true","SOURCE_DUPLICATE_DIFFERENT_PRICING|SOURCE_REF_REUSED_ACROSS_LOCATIONS|COMPLEX_TIME_OR_DURATION_PRICING","5646b2342001a666","0","","8","0","2"
"1","FRHPCPNF078203","","4193458","NUMERIC","3473040","1","IEC_62196_T2_COMBO:460kW","2026-10-04T09:43:14.934Z","true","SOURCE_DUPLICATE_DIFFERENT_PRICING|SOURCE_REF_REUSED_ACROSS_LOCATIONS|COMPLEX_TIME_OR_DURATION_PRICING","e72b6b91c6adea6b","0","","8","0","2"
"1","FRHPCPNF078203","","4193458","NUMERIC","3473042","1","IEC_62196_T2:22kW","2026-10-04T09:43:14.934Z","true","SOURCE_DUPLICATE_DIFFERENT_PRICING|SOURCE_REF_REUSED_ACROSS_LOCATIONS|COMPLEX_TIME_OR_DURATION_PRICING","473290522abd5cf4","0","","8","0","2"
"1","FRHPCPNF078203","","4193458","NUMERIC","3473044","2","CHADEMO:460kW","2026-10-04T09:43:14.934Z","true","SOURCE_DUPLICATE_DIFFERENT_PRICING|SOURCE_REF_REUSED_ACROSS_LOCATIONS|COMPLEX_TIME_OR_DURATION_PRICING","195e310c863957bd","0","","8","0","2"
"1","FRHPCPNF078203","","4193458","NUMERIC","3473046","2","IEC_62196_T2_COMBO:460kW","2026-10-04T09:43:14.934Z","true","SOURCE_DUPLICATE_DIFFERENT_PRICING|SOURCE_REF_REUSED_ACROSS_LOCATIONS|COMPLEX_TIME_OR_DURATION_PRICING","e72b6b91c6adea6b","0","","8","0","2"
"1","FRHPCPNF078218TOTEM","","4193475","NUMERIC","3473165","1","IEC_62196_T2:43kW","2026-09-26T21:20:50.743Z","false","SOURCE_DUPLICATE_DIFFERENT_PRICING|SOURCE_REF_REUSED_ACROSS_LOCATIONS|COMPLEX_TIME_OR_DURATION_PRICING|NO_DETERMINISTIC_LOCAL_IRVE_MATCH|UNPUBLISHED_SOURCE_EVSE","d6c30fa092af7989","0","","9","0","3"
"1","FRHPCPNF078218TOTEM","","4193475","NUMERIC","3473166","1","CHADEMO:60kW","2026-09-26T21:20:50.743Z","false","SOURCE_DUPLICATE_DIFFERENT_PRICING|SOURCE_REF_REUSED_ACROSS_LOCATIONS|COMPLEX_TIME_OR_DURATION_PRICING|NO_DETERMINISTIC_LOCAL_IRVE_MATCH|UNPUBLISHED_SOURCE_EVSE","a82aa184a77b65e5","0","","9","0","3"
"1","FRHPCPNF078218TOTEM","","4193475","NUMERIC","3473168","1","IEC_62196_T2_COMBO:60kW","2026-09-26T21:20:50.743Z","false","SOURCE_DUPLICATE_DIFFERENT_PRICING|SOURCE_REF_REUSED_ACROSS_LOCATIONS|COMPLEX_TIME_OR_DURATION_PRICING|NO_DETERMINISTIC_LOCAL_IRVE_MATCH|UNPUBLISHED_SOURCE_EVSE","f6893528e3999a3d","0","","9","0","3"
"1","FRHPCPNF078218TOTEM","","4193475","NUMERIC","3473174","8","IEC_62196_T2:44kW","2026-09-26T21:20:50.743Z","false","SOURCE_DUPLICATE_DIFFERENT_PRICING|SOURCE_REF_REUSED_ACROSS_LOCATIONS|COMPLEX_TIME_OR_DURATION_PRICING|NO_DETERMINISTIC_LOCAL_IRVE_MATCH|UNPUBLISHED_SOURCE_EVSE","f4196c69d94a0a69","0","","9","0","3"
"1","FRHPCPNF078218TOTEM","","4193475","NUMERIC","3473176","8","IEC_62196_T2_COMBO:60kW","2026-09-26T21:20:50.743Z","false","SOURCE_DUPLICATE_DIFFERENT_PRICING|SOURCE_REF_REUSED_ACROSS_LOCATIONS|COMPLEX_TIME_OR_DURATION_PRICING|NO_DETERMINISTIC_LOCAL_IRVE_MATCH|UNPUBLISHED_SOURCE_EVSE","f6893528e3999a3d","0","","9","0","3"
"1","FRHPCPNF078218TOTEM","","4193475","NUMERIC","3473178","8","CHADEMO:60kW","2026-09-26T21:20:50.743Z","false","SOURCE_DUPLICATE_DIFFERENT_PRICING|SOURCE_REF_REUSED_ACROSS_LOCATIONS|COMPLEX_TIME_OR_DURATION_PRICING|NO_DETERMINISTIC_LOCAL_IRVE_MATCH|UNPUBLISHED_SOURCE_EVSE","a82aa184a77b65e5","0","","9","0","3"
"1","FRHPCPNF078226","","4192698","NUMERIC","3468309","1","IEC_62196_T2:44kW","2026-09-27T17:13:20.502Z","true","SOURCE_DUPLICATE_DIFFERENT_PRICING|SOURCE_REF_REUSED_ACROSS_LOCATIONS|COMPLEX_TIME_OR_DURATION_PRICING","f4196c69d94a0a69","0","","4","0","3"
"1","FRHPCPNF078226","","4192698","NUMERIC","3468310","1","IEC_62196_T2_COMBO:60kW","2026-09-27T17:13:20.502Z","true","SOURCE_DUPLICATE_DIFFERENT_PRICING|SOURCE_REF_REUSED_ACROSS_LOCATIONS|COMPLEX_TIME_OR_DURATION_PRICING","f6893528e3999a3d","0","","4","0","3"
"1","FRHPCPNF078226","","4192698","NUMERIC","3468311","1","CHADEMO:60kW","2026-09-27T17:13:20.502Z","true","SOURCE_DUPLICATE_DIFFERENT_PRICING|SOURCE_REF_REUSED_ACROSS_LOCATIONS|COMPLEX_TIME_OR_DURATION_PRICING","a82aa184a77b65e5","0","","4","0","3"
"1","FRHPCPNF078226","","4192698","NUMERIC","3468315","4","IEC_62196_T2:44kW","2026-09-27T17:13:20.502Z","true","SOURCE_DUPLICATE_DIFFERENT_PRICING|SOURCE_REF_REUSED_ACROSS_LOCATIONS|COMPLEX_TIME_OR_DURATION_PRICING","f4196c69d94a0a69","0","","4","0","3"
"1","FRHPCPNF078226","","4192698","NUMERIC","3468318","4","IEC_62196_T2_COMBO:60kW","2026-09-27T17:13:20.502Z","true","SOURCE_DUPLICATE_DIFFERENT_PRICING|SOURCE_REF_REUSED_ACROSS_LOCATIONS|COMPLEX_TIME_OR_DURATION_PRICING","f6893528e3999a3d","0","","4","0","3"
"1","FRHPCPNF078226","","4192698","NUMERIC","3468320","4","CHADEMO:60kW","2026-09-27T17:13:20.502Z","true","SOURCE_DUPLICATE_DIFFERENT_PRICING|SOURCE_REF_REUSED_ACROSS_LOCATIONS|COMPLEX_TIME_OR_DURATION_PRICING","a82aa184a77b65e5","0","","4","0","3"
"1","FRHPCPNF078227TOTEM","","4195445","NUMERIC","3480230","1","IEC_62196_T2:44kW","2026-09-26T21:20:54.098Z","true","SOURCE_DUPLICATE_DIFFERENT_PRICING|SOURCE_REF_REUSED_ACROSS_LOCATIONS|COMPLEX_TIME_OR_DURATION_PRICING","f4196c69d94a0a69","0","","4","0","3"
"1","FRHPCPNF078227TOTEM","","4195445","NUMERIC","3480231","1","IEC_62196_T2_COMBO:60kW","2026-09-26T21:20:54.098Z","true","SOURCE_DUPLICATE_DIFFERENT_PRICING|SOURCE_REF_REUSED_ACROSS_LOCATIONS|COMPLEX_TIME_OR_DURATION_PRICING","f6893528e3999a3d","0","","4","0","3"
"1","FRHPCPNF078227TOTEM","","4195445","NUMERIC","3480232","1","CHADEMO:60kW","2026-09-26T21:20:54.098Z","true","SOURCE_DUPLICATE_DIFFERENT_PRICING|SOURCE_REF_REUSED_ACROSS_LOCATIONS|COMPLEX_TIME_OR_DURATION_PRICING","a82aa184a77b65e5","0","","4","0","3"
"1","FRHPCPNF078227TOTEM","","4195445","NUMERIC","3480235","4","IEC_62196_T2:44kW","2026-09-26T21:20:54.098Z","true","SOURCE_DUPLICATE_DIFFERENT_PRICING|SOURCE_REF_REUSED_ACROSS_LOCATIONS|COMPLEX_TIME_OR_DURATION_PRICING","f4196c69d94a0a69","0","","4","0","3"
"1","FRHPCPNF078227TOTEM","","4195445","NUMERIC","3480236","4","IEC_62196_T2_COMBO:60kW","2026-09-26T21:20:54.098Z","true","SOURCE_DUPLICATE_DIFFERENT_PRICING|SOURCE_REF_REUSED_ACROSS_LOCATIONS|COMPLEX_TIME_OR_DURATION_PRICING","f6893528e3999a3d","0","","4","0","3"
"1","FRHPCPNF078227TOTEM","","4195445","NUMERIC","3480237","4","CHADEMO:60kW","2026-09-26T21:20:54.098Z","true","SOURCE_DUPLICATE_DIFFERENT_PRICING|SOURCE_REF_REUSED_ACROSS_LOCATIONS|COMPLEX_TIME_OR_DURATION_PRICING","a82aa184a77b65e5","0","","4","0","3"
"1","FRHPCPNF078228","","4196658","NUMERIC","3483570","2","CHADEMO:460kW","2026-09-27T17:23:41.115Z","true","SOURCE_DUPLICATE_DIFFERENT_PRICING|SOURCE_REF_REUSED_ACROSS_LOCATIONS|COMPLEX_TIME_OR_DURATION_PRICING","5fc0303a8562e353","0","","2","0","3"
"1","FRHPCPNF078228","","4196658","NUMERIC","3483571","2","IEC_62196_T2:22kW","2026-09-27T17:23:41.115Z","true","SOURCE_DUPLICATE_DIFFERENT_PRICING|SOURCE_REF_REUSED_ACROSS_LOCATIONS|COMPLEX_TIME_OR_DURATION_PRICING","122869f63c72132b","0","","2","0","3"
"1","FRHPCPNF078228","","4196658","NUMERIC","3483573","2","IEC_62196_T2_COMBO:460kW","2026-09-27T17:23:41.115Z","true","SOURCE_DUPLICATE_DIFFERENT_PRICING|SOURCE_REF_REUSED_ACROSS_LOCATIONS|COMPLEX_TIME_OR_DURATION_PRICING","dbc85e70fac8c254","0","","2","0","3"
"1","FRHPCPNF078230","","4195607","NUMERIC","3480696","1","IEC_62196_T2_COMBO:460kW","2026-09-27T17:22:23.725Z","true","SOURCE_DUPLICATE_DIFFERENT_PRICING|SOURCE_REF_REUSED_ACROSS_LOCATIONS|COMPLEX_TIME_OR_DURATION_PRICING","dbc85e70fac8c254","0","","6","0","3"
"1","FRHPCPNF078230","","4195607","NUMERIC","3480698","1","IEC_62196_T2:22kW","2026-09-27T17:22:23.725Z","true","SOURCE_DUPLICATE_DIFFERENT_PRICING|SOURCE_REF_REUSED_ACROSS_LOCATIONS|COMPLEX_TIME_OR_DURATION_PRICING","122869f63c72132b","0","","6","0","3"
"1","FRHPCPNF078230","","4195607","NUMERIC","3480705","6","IEC_62196_T2_COMBO:460kW","2026-09-27T17:22:23.725Z","true","SOURCE_DUPLICATE_DIFFERENT_PRICING|SOURCE_REF_REUSED_ACROSS_LOCATIONS|COMPLEX_TIME_OR_DURATION_PRICING","dbc85e70fac8c254","0","","6","0","3"
"1","FRHPCPNF078230","","4195607","NUMERIC","3480706","6","CHADEMO:460kW","2026-09-27T17:22:23.725Z","true","SOURCE_DUPLICATE_DIFFERENT_PRICING|SOURCE_REF_REUSED_ACROSS_LOCATIONS|COMPLEX_TIME_OR_DURATION_PRICING","5fc0303a8562e353","0","","6","0","3"
"1","FRHPCPNF078230","","4195607","NUMERIC","3480707","6","IEC_62196_T2:22kW","2026-09-27T17:22:23.725Z","true","SOURCE_DUPLICATE_DIFFERENT_PRICING|SOURCE_REF_REUSED_ACROSS_LOCATIONS|COMPLEX_TIME_OR_DURATION_PRICING","122869f63c72132b","0","","6","0","3"
"1","FRHPCPNF078230","","4195607","NUMERIC","3480708","1","CHADEMO:460kW","2026-09-27T17:22:23.725Z","true","SOURCE_DUPLICATE_DIFFERENT_PRICING|SOURCE_REF_REUSED_ACROSS_LOCATIONS|COMPLEX_TIME_OR_DURATION_PRICING","5fc0303a8562e353","0","","6","0","3"
"1","FRHPCPNF078238","","4196718","NUMERIC","3483744","1","IEC_62196_T2:43kW","2026-09-27T17:23:44.845Z","true","SOURCE_DUPLICATE_DIFFERENT_PRICING|SOURCE_REF_REUSED_ACROSS_LOCATIONS|COMPLEX_TIME_OR_DURATION_PRICING","07ac1f8891d1eaee","0","","4","0","3"
"1","FRHPCPNF078238","","4196718","NUMERIC","3483746","1","CHADEMO:60kW","2026-09-27T17:23:44.845Z","true","SOURCE_DUPLICATE_DIFFERENT_PRICING|SOURCE_REF_REUSED_ACROSS_LOCATIONS|COMPLEX_TIME_OR_DURATION_PRICING","92473908ef1c28cd","0","","4","0","3"
"1","FRHPCPNF078238","","4196718","NUMERIC","3483748","1","IEC_62196_T2_COMBO:60kW","2026-09-27T17:23:44.845Z","true","SOURCE_DUPLICATE_DIFFERENT_PRICING|SOURCE_REF_REUSED_ACROSS_LOCATIONS|COMPLEX_TIME_OR_DURATION_PRICING","dc300e5acf3d0c0e","0","","4","0","3"
"1","FRHPCPNF078238","","4196718","NUMERIC","3483749","2","IEC_62196_T2_COMBO:190kW","2026-09-27T17:23:44.845Z","true","SOURCE_DUPLICATE_DIFFERENT_PRICING|SOURCE_REF_REUSED_ACROSS_LOCATIONS|COMPLEX_TIME_OR_DURATION_PRICING","dee9e023f60c8533","0","","4","0","2"
"1","FRHPCPNF078238","","4196718","NUMERIC","3483750","2","CHADEMO:100kW","2026-09-27T17:23:44.845Z","true","SOURCE_DUPLICATE_DIFFERENT_PRICING|SOURCE_REF_REUSED_ACROSS_LOCATIONS|COMPLEX_TIME_OR_DURATION_PRICING","0307c5f8e6e971df","0","","4","0","2"
"1","FRHPCPNF078243TOTEM","","4192703","NUMERIC","3468359","1","IEC_62196_T2:44kW","2026-09-27T17:13:24.693Z","true","SOURCE_DUPLICATE_DIFFERENT_PRICING|SOURCE_REF_REUSED_ACROSS_LOCATIONS|COMPLEX_TIME_OR_DURATION_PRICING","af44c279366146a9","0","","8","0","3"
"1","FRHPCPNF078243TOTEM","","4192703","NUMERIC","3468360","1","IEC_62196_T2_COMBO:60kW","2026-09-27T17:13:24.693Z","true","SOURCE_DUPLICATE_DIFFERENT_PRICING|SOURCE_REF_REUSED_ACROSS_LOCATIONS|COMPLEX_TIME_OR_DURATION_PRICING","dc300e5acf3d0c0e","0","","8","0","3"
"1","FRHPCPNF078243TOTEM","","4192703","NUMERIC","3468361","1","CHADEMO:60kW","2026-09-27T17:13:24.693Z","true","SOURCE_DUPLICATE_DIFFERENT_PRICING|SOURCE_REF_REUSED_ACROSS_LOCATIONS|COMPLEX_TIME_OR_DURATION_PRICING","92473908ef1c28cd","0","","8","0","3"
"1","FRHPCPNF078243TOTEM","","4192703","NUMERIC","3468365","5","IEC_62196_T2:44kW","2026-09-27T17:13:24.693Z","true","SOURCE_DUPLICATE_DIFFERENT_PRICING|SOURCE_REF_REUSED_ACROSS_LOCATIONS|COMPLEX_TIME_OR_DURATION_PRICING","af44c279366146a9","0","","8","0","3"
"1","FRHPCPNF078243TOTEM","","4192703","NUMERIC","3468366","5","IEC_62196_T2_COMBO:60kW","2026-09-27T17:13:24.693Z","true","SOURCE_DUPLICATE_DIFFERENT_PRICING|SOURCE_REF_REUSED_ACROSS_LOCATIONS|COMPLEX_TIME_OR_DURATION_PRICING","dc300e5acf3d0c0e","0","","8","0","3"
"1","FRHPCPNF078243TOTEM","","4192703","NUMERIC","3468367","5","CHADEMO:60kW","2026-09-27T17:13:24.693Z","true","SOURCE_DUPLICATE_DIFFERENT_PRICING|SOURCE_REF_REUSED_ACROSS_LOCATIONS|COMPLEX_TIME_OR_DURATION_PRICING","92473908ef1c28cd","0","","8","0","3"
"1","FRHPCPNF078244","","4194155","NUMERIC","3475881","1","IEC_62196_T2:44kW","2026-09-27T17:19:32.001Z","true","SOURCE_DUPLICATE_DIFFERENT_PRICING|SOURCE_REF_REUSED_ACROSS_LOCATIONS|COMPLEX_TIME_OR_DURATION_PRICING","af44c279366146a9","0","","8","0","3"
"1","FRHPCPNF078244","","4194155","NUMERIC","3475882","1","IEC_62196_T2_COMBO:60kW","2026-09-27T17:19:32.001Z","true","SOURCE_DUPLICATE_DIFFERENT_PRICING|SOURCE_REF_REUSED_ACROSS_LOCATIONS|COMPLEX_TIME_OR_DURATION_PRICING","dc300e5acf3d0c0e","0","","8","0","3"
"1","FRHPCPNF078244","","4194155","NUMERIC","3475883","1","CHADEMO:60kW","2026-09-27T17:19:32.001Z","true","SOURCE_DUPLICATE_DIFFERENT_PRICING|SOURCE_REF_REUSED_ACROSS_LOCATIONS|COMPLEX_TIME_OR_DURATION_PRICING","92473908ef1c28cd","0","","8","0","3"
"1","FRHPCPNF078244","","4194155","NUMERIC","3475889","8","IEC_62196_T2:44kW","2026-09-27T17:19:32.001Z","true","SOURCE_DUPLICATE_DIFFERENT_PRICING|SOURCE_REF_REUSED_ACROSS_LOCATIONS|COMPLEX_TIME_OR_DURATION_PRICING","af44c279366146a9","0","","8","0","3"
"1","FRHPCPNF078244","","4194155","NUMERIC","3475890","8","IEC_62196_T2_COMBO:60kW","2026-09-27T17:19:32.001Z","true","SOURCE_DUPLICATE_DIFFERENT_PRICING|SOURCE_REF_REUSED_ACROSS_LOCATIONS|COMPLEX_TIME_OR_DURATION_PRICING","dc300e5acf3d0c0e","0","","8","0","3"
"1","FRHPCPNF078244","","4194155","NUMERIC","3475891","8","CHADEMO:60kW","2026-09-27T17:19:32.001Z","true","SOURCE_DUPLICATE_DIFFERENT_PRICING|SOURCE_REF_REUSED_ACROSS_LOCATIONS|COMPLEX_TIME_OR_DURATION_PRICING","92473908ef1c28cd","0","","8","0","3"
"1","FRHPCPNF078332","","4196030","NUMERIC","3481888","1","IEC_62196_T2_COMBO:150kW","2026-09-27T17:22:58.011Z","true","SOURCE_DUPLICATE_DIFFERENT_PRICING|SOURCE_REF_REUSED_ACROSS_LOCATIONS|COMPLEX_TIME_OR_DURATION_PRICING","d81c2f9ca3ec5b6e","0","","4","0","3"
"1","FRHPCPNF078332","","4196030","NUMERIC","3481889","1","CHADEMO:100kW","2026-09-27T17:22:58.011Z","true","SOURCE_DUPLICATE_DIFFERENT_PRICING|SOURCE_REF_REUSED_ACROSS_LOCATIONS|COMPLEX_TIME_OR_DURATION_PRICING","0307c5f8e6e971df","0","","4","0","3"
"1","FRHPCPNF078332","","4196030","NUMERIC","3481890","1","IEC_62196_T2:22kW","2026-09-27T17:22:58.011Z","true","SOURCE_DUPLICATE_DIFFERENT_PRICING|SOURCE_REF_REUSED_ACROSS_LOCATIONS|COMPLEX_TIME_OR_DURATION_PRICING","122869f63c72132b","0","","4","0","3"
"1","FRHPCPNF078332","","4196030","NUMERIC","3481893","4","IEC_62196_T2_COMBO:150kW","2026-09-27T17:22:58.011Z","true","SOURCE_DUPLICATE_DIFFERENT_PRICING|SOURCE_REF_REUSED_ACROSS_LOCATIONS|COMPLEX_TIME_OR_DURATION_PRICING","d81c2f9ca3ec5b6e","0","","4","0","3"
"1","FRHPCPNF078332","","4196030","NUMERIC","3481894","4","CHADEMO:100kW","2026-09-27T17:22:58.011Z","true","SOURCE_DUPLICATE_DIFFERENT_PRICING|SOURCE_REF_REUSED_ACROSS_LOCATIONS|COMPLEX_TIME_OR_DURATION_PRICING","0307c5f8e6e971df","0","","4","0","3"
"1","FRHPCPNF078332","","4196030","NUMERIC","3481895","4","IEC_62196_T2:22kW","2026-09-27T17:22:58.011Z","true","SOURCE_DUPLICATE_DIFFERENT_PRICING|SOURCE_REF_REUSED_ACROSS_LOCATIONS|COMPLEX_TIME_OR_DURATION_PRICING","122869f63c72132b","0","","4","0","3"
"1","FRHPCPNF078333","","4192763","NUMERIC","3468700","1","IEC_62196_T2:44kW","2026-09-27T17:13:46.418Z","true","SOURCE_DUPLICATE_DIFFERENT_PRICING|SOURCE_REF_REUSED_ACROSS_LOCATIONS|COMPLEX_TIME_OR_DURATION_PRICING","af44c279366146a9","0","","8","0","3"
"1","FRHPCPNF078333","","4192763","NUMERIC","3468704","1","IEC_62196_T2_COMBO:60kW","2026-09-27T17:13:46.418Z","true","SOURCE_DUPLICATE_DIFFERENT_PRICING|SOURCE_REF_REUSED_ACROSS_LOCATIONS|COMPLEX_TIME_OR_DURATION_PRICING","dc300e5acf3d0c0e","0","","8","0","3"
"1","FRHPCPNF078333","","4192763","NUMERIC","3468711","1","CHADEMO:60kW","2026-09-27T17:13:46.418Z","true","SOURCE_DUPLICATE_DIFFERENT_PRICING|SOURCE_REF_REUSED_ACROSS_LOCATIONS|COMPLEX_TIME_OR_DURATION_PRICING","92473908ef1c28cd","0","","8","0","3"
"1","FRHPCPNF078333","","4192763","NUMERIC","3468722","5","IEC_62196_T2:44kW","2026-09-27T17:13:46.418Z","true","SOURCE_DUPLICATE_DIFFERENT_PRICING|SOURCE_REF_REUSED_ACROSS_LOCATIONS|COMPLEX_TIME_OR_DURATION_PRICING","af44c279366146a9","0","","8","0","3"
"1","FRHPCPNF078333","","4192763","NUMERIC","3468724","5","IEC_62196_T2_COMBO:60kW","2026-09-27T17:13:46.418Z","true","SOURCE_DUPLICATE_DIFFERENT_PRICING|SOURCE_REF_REUSED_ACROSS_LOCATIONS|COMPLEX_TIME_OR_DURATION_PRICING","dc300e5acf3d0c0e","0","","8","0","3"
"1","FRHPCPNF078333","","4192763","NUMERIC","3468726","5","CHADEMO:60kW","2026-09-27T17:13:46.418Z","true","SOURCE_DUPLICATE_DIFFERENT_PRICING|SOURCE_REF_REUSED_ACROSS_LOCATIONS|COMPLEX_TIME_OR_DURATION_PRICING","92473908ef1c28cd","0","","8","0","3"
"1","FRHPCPNF078386TOTEM","","4195377","NUMERIC","3480054","1","IEC_62196_T2:43kW","2026-09-27T17:22:05.673Z","true","SOURCE_DUPLICATE_DIFFERENT_PRICING|SOURCE_REF_REUSED_ACROSS_LOCATIONS|COMPLEX_TIME_OR_DURATION_PRICING","1a21de66b3bc68b9","0","","8","0","3"
"1","FRHPCPNF078386TOTEM","","4195377","NUMERIC","3480056","1","IEC_62196_T2_COMBO:60kW","2026-09-27T17:22:05.673Z","true","SOURCE_DUPLICATE_DIFFERENT_PRICING|SOURCE_REF_REUSED_ACROSS_LOCATIONS|COMPLEX_TIME_OR_DURATION_PRICING","3fa9aae7400035a7","0","","8","0","3"
"1","FRHPCPNF078386TOTEM","","4195377","NUMERIC","3480057","1","CHADEMO:60kW","2026-09-27T17:22:05.673Z","true","SOURCE_DUPLICATE_DIFFERENT_PRICING|SOURCE_REF_REUSED_ACROSS_LOCATIONS|COMPLEX_TIME_OR_DURATION_PRICING","fe40a83747f58f03","0","","8","0","3"
"1","FRHPCPNF078386TOTEM","","4195377","NUMERIC","3480062","4","IEC_62196_T2:43kW","2026-09-27T17:22:05.673Z","true","SOURCE_DUPLICATE_DIFFERENT_PRICING|SOURCE_REF_REUSED_ACROSS_LOCATIONS|COMPLEX_TIME_OR_DURATION_PRICING","1a21de66b3bc68b9","0","","8","0","3"
"1","FRHPCPNF078386TOTEM","","4195377","NUMERIC","3480063","4","IEC_62196_T2_COMBO:60kW","2026-09-27T17:22:05.673Z","true","SOURCE_DUPLICATE_DIFFERENT_PRICING|SOURCE_REF_REUSED_ACROSS_LOCATIONS|COMPLEX_TIME_OR_DURATION_PRICING","3fa9aae7400035a7","0","","8","0","3"
"1","FRHPCPNF078386TOTEM","","4195377","NUMERIC","3480064","4","CHADEMO:60kW","2026-09-27T17:22:05.673Z","true","SOURCE_DUPLICATE_DIFFERENT_PRICING|SOURCE_REF_REUSED_ACROSS_LOCATIONS|COMPLEX_TIME_OR_DURATION_PRICING","fe40a83747f58f03","0","","8","0","3"
"1","FRHPCPNF078386TOTEM","","4195377","NUMERIC","3480065","5","IEC_62196_T2_COMBO:460kW","2026-09-27T17:22:05.673Z","true","SOURCE_DUPLICATE_DIFFERENT_PRICING|SOURCE_REF_REUSED_ACROSS_LOCATIONS|COMPLEX_TIME_OR_DURATION_PRICING","dbc85e70fac8c254","0","","8","0","2"
"1","FRHPCPNF078386TOTEM","","4195377","NUMERIC","3480066","5","IEC_62196_T2:22kW","2026-09-27T17:22:05.673Z","true","SOURCE_DUPLICATE_DIFFERENT_PRICING|SOURCE_REF_REUSED_ACROSS_LOCATIONS|COMPLEX_TIME_OR_DURATION_PRICING","122869f63c72132b","0","","8","0","2"
"1","FRHPCPNF078386TOTEM","","4195377","NUMERIC","3480067","6","CHADEMO:460kW","2026-09-27T17:22:05.673Z","true","SOURCE_DUPLICATE_DIFFERENT_PRICING|SOURCE_REF_REUSED_ACROSS_LOCATIONS|COMPLEX_TIME_OR_DURATION_PRICING","5fc0303a8562e353","0","","8","0","2"
"1","FRHPCPNF078386TOTEM","","4195377","NUMERIC","3480068","6","IEC_62196_T2_COMBO:460kW","2026-09-27T17:22:05.673Z","true","SOURCE_DUPLICATE_DIFFERENT_PRICING|SOURCE_REF_REUSED_ACROSS_LOCATIONS|COMPLEX_TIME_OR_DURATION_PRICING","dbc85e70fac8c254","0","","8","0","2"
"1","FRHPCPNF078386TOTEM","","4195377","NUMERIC","3480069","7","IEC_62196_T2_COMBO:460kW","2026-09-27T17:22:05.673Z","true","SOURCE_DUPLICATE_DIFFERENT_PRICING|SOURCE_REF_REUSED_ACROSS_LOCATIONS|COMPLEX_TIME_OR_DURATION_PRICING","dbc85e70fac8c254","0","","8","0","2"
"1","FRHPCPNF078386TOTEM","","4195377","NUMERIC","3480070","7","IEC_62196_T2:22kW","2026-09-27T17:22:05.673Z","true","SOURCE_DUPLICATE_DIFFERENT_PRICING|SOURCE_REF_REUSED_ACROSS_LOCATIONS|COMPLEX_TIME_OR_DURATION_PRICING","122869f63c72132b","0","","8","0","2"
"1","FRHPCPNF078386TOTEM","","4195377","NUMERIC","3480071","8","CHADEMO:460kW","2026-09-27T17:22:05.673Z","true","SOURCE_DUPLICATE_DIFFERENT_PRICING|SOURCE_REF_REUSED_ACROSS_LOCATIONS|COMPLEX_TIME_OR_DURATION_PRICING","5fc0303a8562e353","0","","8","0","2"
"1","FRHPCPNF078386TOTEM","","4195377","NUMERIC","3480072","8","IEC_62196_T2_COMBO:460kW","2026-09-27T17:22:05.673Z","true","SOURCE_DUPLICATE_DIFFERENT_PRICING|SOURCE_REF_REUSED_ACROSS_LOCATIONS|COMPLEX_TIME_OR_DURATION_PRICING","dbc85e70fac8c254","0","","8","0","2"
"1","FRHPCPNF078387TOTEM","","4192684","NUMERIC","3468201","1","IEC_62196_T2:44kW","2026-09-27T17:13:04.257Z","true","SOURCE_DUPLICATE_DIFFERENT_PRICING|SOURCE_REF_REUSED_ACROSS_LOCATIONS|COMPLEX_TIME_OR_DURATION_PRICING","230d0d70f11adf0f","0","","8","0","3"
"1","FRHPCPNF078387TOTEM","","4192684","NUMERIC","3468202","1","IEC_62196_T2_COMBO:60kW","2026-09-27T17:13:04.257Z","true","SOURCE_DUPLICATE_DIFFERENT_PRICING|SOURCE_REF_REUSED_ACROSS_LOCATIONS|COMPLEX_TIME_OR_DURATION_PRICING","3fa9aae7400035a7","0","","8","0","3"
"1","FRHPCPNF078387TOTEM","","4192684","NUMERIC","3468203","1","CHADEMO:60kW","2026-09-27T17:13:04.257Z","true","SOURCE_DUPLICATE_DIFFERENT_PRICING|SOURCE_REF_REUSED_ACROSS_LOCATIONS|COMPLEX_TIME_OR_DURATION_PRICING","fe40a83747f58f03","0","","8","0","3"
"1","FRHPCPNF078387TOTEM","","4192684","NUMERIC","3468214","8","IEC_62196_T2:44kW","2026-09-27T17:13:04.257Z","true","SOURCE_DUPLICATE_DIFFERENT_PRICING|SOURCE_REF_REUSED_ACROSS_LOCATIONS|COMPLEX_TIME_OR_DURATION_PRICING","230d0d70f11adf0f","0","","8","0","3"
"1","FRHPCPNF078387TOTEM","","4192684","NUMERIC","3468216","8","IEC_62196_T2_COMBO:60kW","2026-09-27T17:13:04.257Z","true","SOURCE_DUPLICATE_DIFFERENT_PRICING|SOURCE_REF_REUSED_ACROSS_LOCATIONS|COMPLEX_TIME_OR_DURATION_PRICING","3fa9aae7400035a7","0","","8","0","3"
"1","FRHPCPNF078387TOTEM","","4192684","NUMERIC","3468218","8","CHADEMO:60kW","2026-09-27T17:13:04.257Z","true","SOURCE_DUPLICATE_DIFFERENT_PRICING|SOURCE_REF_REUSED_ACROSS_LOCATIONS|COMPLEX_TIME_OR_DURATION_PRICING","fe40a83747f58f03","0","","8","0","3"
"1","FRHPCPNF078531","","4193669","NUMERIC","3473998","1","IEC_62196_T2:43kW","2026-09-27T17:17:49.884Z","true","SOURCE_DUPLICATE_DIFFERENT_PRICING|SOURCE_REF_REUSED_ACROSS_LOCATIONS|COMPLEX_TIME_OR_DURATION_PRICING","d6c30fa092af7989","0","","2","0","3"
"1","FRHPCPNF078531","","4193669","NUMERIC","3473999","1","IEC_62196_T2_COMBO:60kW","2026-09-27T17:17:49.884Z","true","SOURCE_DUPLICATE_DIFFERENT_PRICING|SOURCE_REF_REUSED_ACROSS_LOCATIONS|COMPLEX_TIME_OR_DURATION_PRICING","f6893528e3999a3d","0","","2","0","3"
"1","FRHPCPNF078531","","4193669","NUMERIC","3474000","1","CHADEMO:60kW","2026-09-27T17:17:49.884Z","true","SOURCE_DUPLICATE_DIFFERENT_PRICING|SOURCE_REF_REUSED_ACROSS_LOCATIONS|COMPLEX_TIME_OR_DURATION_PRICING","a82aa184a77b65e5","0","","2","0","3"
"1","FRHPCPNF078544","","4200300","NUMERIC","3491868","1","IEC_62196_T2:44kW","2026-09-27T17:26:09.934Z","true","SOURCE_DUPLICATE_DIFFERENT_PRICING|SOURCE_REF_REUSED_ACROSS_LOCATIONS|COMPLEX_TIME_OR_DURATION_PRICING","266e7362b8006ae9","0","","1","0","3"
"1","FRHPCPNF078544","","4200300","NUMERIC","3491877","1","IEC_62196_T2_COMBO:60kW","2026-09-27T17:26:09.934Z","true","SOURCE_DUPLICATE_DIFFERENT_PRICING|SOURCE_REF_REUSED_ACROSS_LOCATIONS|COMPLEX_TIME_OR_DURATION_PRICING","89624b039b0d37f6","0","","1","0","3"
"1","FRHPCPNF078544","","4200300","NUMERIC","3491882","1","CHADEMO:60kW","2026-09-27T17:26:09.934Z","true","SOURCE_DUPLICATE_DIFFERENT_PRICING|SOURCE_REF_REUSED_ACROSS_LOCATIONS|COMPLEX_TIME_OR_DURATION_PRICING","965b2f85cc54a903","0","","1","0","3"
"1","FRHPCPNF078546","","4194049","NUMERIC","3475397","1","IEC_62196_T2:44kW","2026-09-27T17:19:10.465Z","false","SOURCE_DUPLICATE_DIFFERENT_PRICING|SOURCE_REF_REUSED_ACROSS_LOCATIONS|COMPLEX_TIME_OR_DURATION_PRICING|NO_DETERMINISTIC_LOCAL_IRVE_MATCH|UNPUBLISHED_SOURCE_EVSE","af44c279366146a9","0","","4","0","4"
"1","FRHPCPNF078546","","4194049","NUMERIC","3475399","1","IEC_62196_T2_COMBO:60kW","2026-09-27T17:19:10.465Z","false","SOURCE_DUPLICATE_DIFFERENT_PRICING|SOURCE_REF_REUSED_ACROSS_LOCATIONS|COMPLEX_TIME_OR_DURATION_PRICING|NO_DETERMINISTIC_LOCAL_IRVE_MATCH|UNPUBLISHED_SOURCE_EVSE","dc300e5acf3d0c0e","0","","4","0","4"
"1","FRHPCPNF078546","","4194049","NUMERIC","3475400","1","CHADEMO:60kW","2026-09-27T17:19:10.465Z","false","SOURCE_DUPLICATE_DIFFERENT_PRICING|SOURCE_REF_REUSED_ACROSS_LOCATIONS|COMPLEX_TIME_OR_DURATION_PRICING|NO_DETERMINISTIC_LOCAL_IRVE_MATCH|UNPUBLISHED_SOURCE_EVSE","92473908ef1c28cd","0","","4","0","4"
"1","FRHPCPNF078546","","4194049","NUMERIC","3475401","1","IEC_62196_T2_COMBO:460kW","2026-09-27T17:19:10.465Z","false","SOURCE_DUPLICATE_DIFFERENT_PRICING|SOURCE_REF_REUSED_ACROSS_LOCATIONS|COMPLEX_TIME_OR_DURATION_PRICING|NO_DETERMINISTIC_LOCAL_IRVE_MATCH|UNPUBLISHED_SOURCE_EVSE","dbc85e70fac8c254","0","","4","0","4"
"1","FRHPCPNF078546","","4194049","NUMERIC","3475402","2","IEC_62196_T2:43kW","2026-09-27T17:19:10.465Z","false","SOURCE_DUPLICATE_DIFFERENT_PRICING|SOURCE_REF_REUSED_ACROSS_LOCATIONS|COMPLEX_TIME_OR_DURATION_PRICING|NO_DETERMINISTIC_LOCAL_IRVE_MATCH|UNPUBLISHED_SOURCE_EVSE","07ac1f8891d1eaee","0","","4","0","4"
"1","FRHPCPNF078546","","4194049","NUMERIC","3475403","2","IEC_62196_T2_COMBO:60kW","2026-09-27T17:19:10.465Z","false","SOURCE_DUPLICATE_DIFFERENT_PRICING|SOURCE_REF_REUSED_ACROSS_LOCATIONS|COMPLEX_TIME_OR_DURATION_PRICING|NO_DETERMINISTIC_LOCAL_IRVE_MATCH|UNPUBLISHED_SOURCE_EVSE","dc300e5acf3d0c0e","0","","4","0","4"
"1","FRHPCPNF078546","","4194049","NUMERIC","3475404","2","CHADEMO:60kW","2026-09-27T17:19:10.465Z","false","SOURCE_DUPLICATE_DIFFERENT_PRICING|SOURCE_REF_REUSED_ACROSS_LOCATIONS|COMPLEX_TIME_OR_DURATION_PRICING|NO_DETERMINISTIC_LOCAL_IRVE_MATCH|UNPUBLISHED_SOURCE_EVSE","92473908ef1c28cd","0","","4","0","4"
"1","FRHPCPNF078546","","4194049","NUMERIC","3475405","2","IEC_62196_T2_COMBO:190kW","2026-09-27T17:19:10.465Z","false","SOURCE_DUPLICATE_DIFFERENT_PRICING|SOURCE_REF_REUSED_ACROSS_LOCATIONS|COMPLEX_TIME_OR_DURATION_PRICING|NO_DETERMINISTIC_LOCAL_IRVE_MATCH|UNPUBLISHED_SOURCE_EVSE","dee9e023f60c8533","0","","4","0","4"
"1","FRHPCPNF078551","","4194074","NUMERIC","3475435","1","IEC_62196_T2:43kW","2026-09-27T17:19:18.110Z","false","SOURCE_DUPLICATE_DIFFERENT_PRICING|SOURCE_REF_REUSED_ACROSS_LOCATIONS|COMPLEX_TIME_OR_DURATION_PRICING|NO_DETERMINISTIC_LOCAL_IRVE_MATCH|UNPUBLISHED_SOURCE_EVSE","07ac1f8891d1eaee","0","","4","0","4"
"1","FRHPCPNF078551","","4194074","NUMERIC","3475436","1","IEC_62196_T2_COMBO:60kW","2026-09-27T17:19:18.110Z","false","SOURCE_DUPLICATE_DIFFERENT_PRICING|SOURCE_REF_REUSED_ACROSS_LOCATIONS|COMPLEX_TIME_OR_DURATION_PRICING|NO_DETERMINISTIC_LOCAL_IRVE_MATCH|UNPUBLISHED_SOURCE_EVSE","dc300e5acf3d0c0e","0","","4","0","4"
"1","FRHPCPNF078551","","4194074","NUMERIC","3475437","1","CHADEMO:60kW","2026-09-27T17:19:18.110Z","false","SOURCE_DUPLICATE_DIFFERENT_PRICING|SOURCE_REF_REUSED_ACROSS_LOCATIONS|COMPLEX_TIME_OR_DURATION_PRICING|NO_DETERMINISTIC_LOCAL_IRVE_MATCH|UNPUBLISHED_SOURCE_EVSE","92473908ef1c28cd","0","","4","0","4"
"1","FRHPCPNF078551","","4194074","NUMERIC","3475438","1","IEC_62196_T2_COMBO:190kW","2026-09-27T17:19:18.110Z","false","SOURCE_DUPLICATE_DIFFERENT_PRICING|SOURCE_REF_REUSED_ACROSS_LOCATIONS|COMPLEX_TIME_OR_DURATION_PRICING|NO_DETERMINISTIC_LOCAL_IRVE_MATCH|UNPUBLISHED_SOURCE_EVSE","dee9e023f60c8533","0","","4","0","4"
"1","FRHPCPNF078551","","4194074","NUMERIC","3475439","2","IEC_62196_T2:43kW","2026-09-27T17:19:18.110Z","false","SOURCE_DUPLICATE_DIFFERENT_PRICING|SOURCE_REF_REUSED_ACROSS_LOCATIONS|COMPLEX_TIME_OR_DURATION_PRICING|NO_DETERMINISTIC_LOCAL_IRVE_MATCH|UNPUBLISHED_SOURCE_EVSE","07ac1f8891d1eaee","0","","4","0","4"
"1","FRHPCPNF078551","","4194074","NUMERIC","3475440","2","IEC_62196_T2_COMBO:60kW","2026-09-27T17:19:18.110Z","false","SOURCE_DUPLICATE_DIFFERENT_PRICING|SOURCE_REF_REUSED_ACROSS_LOCATIONS|COMPLEX_TIME_OR_DURATION_PRICING|NO_DETERMINISTIC_LOCAL_IRVE_MATCH|UNPUBLISHED_SOURCE_EVSE","dc300e5acf3d0c0e","0","","4","0","4"
"1","FRHPCPNF078551","","4194074","NUMERIC","3475441","2","CHADEMO:60kW","2026-09-27T17:19:18.110Z","false","SOURCE_DUPLICATE_DIFFERENT_PRICING|SOURCE_REF_REUSED_ACROSS_LOCATIONS|COMPLEX_TIME_OR_DURATION_PRICING|NO_DETERMINISTIC_LOCAL_IRVE_MATCH|UNPUBLISHED_SOURCE_EVSE","92473908ef1c28cd","0","","4","0","4"
"1","FRHPCPNF078551","","4194074","NUMERIC","3475442","2","IEC_62196_T2_COMBO:460kW","2026-09-27T17:19:18.110Z","false","SOURCE_DUPLICATE_DIFFERENT_PRICING|SOURCE_REF_REUSED_ACROSS_LOCATIONS|COMPLEX_TIME_OR_DURATION_PRICING|NO_DETERMINISTIC_LOCAL_IRVE_MATCH|UNPUBLISHED_SOURCE_EVSE","dbc85e70fac8c254","0","","4","0","4"
"1","FRHPCPNF078553","","4519731","NUMERIC","4251393","8","IEC_62196_T2_COMBO:300kW","2026-09-27T21:40:09.133Z","true","SOURCE_DUPLICATE_DIFFERENT_PRICING|SOURCE_REF_REUSED_ACROSS_LOCATIONS|COMPLEX_TIME_OR_DURATION_PRICING","29f14690829fb75b","0","","8","0","2"
"1","FRHPCPNF078553","","4519731","NUMERIC","4251394","8","CHADEMO:100kW","2026-09-27T21:40:09.133Z","true","SOURCE_DUPLICATE_DIFFERENT_PRICING|SOURCE_REF_REUSED_ACROSS_LOCATIONS|COMPLEX_TIME_OR_DURATION_PRICING","0307c5f8e6e971df","0","","8","0","2"
"1","FRHPCPNF078553","","4519731","NUMERIC","4251395","7","IEC_62196_T2:22kW","2026-09-27T21:40:09.133Z","true","SOURCE_DUPLICATE_DIFFERENT_PRICING|SOURCE_REF_REUSED_ACROSS_LOCATIONS|COMPLEX_TIME_OR_DURATION_PRICING","122869f63c72132b","0","","8","0","2"
"1","FRHPCPNF078553","","4519731","NUMERIC","4251396","6","CHADEMO:100kW","2026-09-27T21:40:09.133Z","true","SOURCE_DUPLICATE_DIFFERENT_PRICING|SOURCE_REF_REUSED_ACROSS_LOCATIONS|COMPLEX_TIME_OR_DURATION_PRICING","0307c5f8e6e971df","0","","8","0","2"
"1","FRHPCPNF078553","","4519731","NUMERIC","4251397","7","IEC_62196_T2_COMBO:300kW","2026-09-27T21:40:09.133Z","true","SOURCE_DUPLICATE_DIFFERENT_PRICING|SOURCE_REF_REUSED_ACROSS_LOCATIONS|COMPLEX_TIME_OR_DURATION_PRICING","29f14690829fb75b","0","","8","0","2"
"1","FRHPCPNF078553","","4519731","NUMERIC","4251398","6","IEC_62196_T2_COMBO:300kW","2026-09-27T21:40:09.133Z","true","SOURCE_DUPLICATE_DIFFERENT_PRICING|SOURCE_REF_REUSED_ACROSS_LOCATIONS|COMPLEX_TIME_OR_DURATION_PRICING","29f14690829fb75b","0","","8","0","2"
"1","FRHPCPNF078553","","4519731","NUMERIC","4251399","5","IEC_62196_T2:22kW","2026-09-27T21:40:09.133Z","true","SOURCE_DUPLICATE_DIFFERENT_PRICING|SOURCE_REF_REUSED_ACROSS_LOCATIONS|COMPLEX_TIME_OR_DURATION_PRICING","122869f63c72132b","0","","8","0","2"
"1","FRHPCPNF078553","","4519731","NUMERIC","4251400","5","IEC_62196_T2_COMBO:300kW","2026-09-27T21:40:09.133Z","true","SOURCE_DUPLICATE_DIFFERENT_PRICING|SOURCE_REF_REUSED_ACROSS_LOCATIONS|COMPLEX_TIME_OR_DURATION_PRICING","29f14690829fb75b","0","","8","0","2"
"1","FRHPCPNF078556TOTEM","","4193045","NUMERIC","3470877","1","IEC_62196_T2:43kW","2026-09-27T17:15:26.408Z","true","SOURCE_DUPLICATE_DIFFERENT_PRICING|SOURCE_REF_REUSED_ACROSS_LOCATIONS|COMPLEX_TIME_OR_DURATION_PRICING","d6c30fa092af7989","0","","4","0","3"
"1","FRHPCPNF078556TOTEM","","4193045","NUMERIC","3470880","1","IEC_62196_T2_COMBO:60kW","2026-09-27T17:15:26.408Z","true","SOURCE_DUPLICATE_DIFFERENT_PRICING|SOURCE_REF_REUSED_ACROSS_LOCATIONS|COMPLEX_TIME_OR_DURATION_PRICING","f6893528e3999a3d","0","","4","0","3"
"1","FRHPCPNF078556TOTEM","","4193045","NUMERIC","3470883","1","CHADEMO:60kW","2026-09-27T17:15:26.408Z","true","SOURCE_DUPLICATE_DIFFERENT_PRICING|SOURCE_REF_REUSED_ACROSS_LOCATIONS|COMPLEX_TIME_OR_DURATION_PRICING","a82aa184a77b65e5","0","","4","0","3"
"1","FRHPCPNF078556TOTEM","","4193045","NUMERIC","3470889","4","IEC_62196_T2:43kW","2026-09-27T17:15:26.408Z","true","SOURCE_DUPLICATE_DIFFERENT_PRICING|SOURCE_REF_REUSED_ACROSS_LOCATIONS|COMPLEX_TIME_OR_DURATION_PRICING","d6c30fa092af7989","0","","4","0","3"
"1","FRHPCPNF078556TOTEM","","4193045","NUMERIC","3470892","4","IEC_62196_T2_COMBO:60kW","2026-09-27T17:15:26.408Z","true","SOURCE_DUPLICATE_DIFFERENT_PRICING|SOURCE_REF_REUSED_ACROSS_LOCATIONS|COMPLEX_TIME_OR_DURATION_PRICING","f6893528e3999a3d","0","","4","0","3"
"1","FRHPCPNF078556TOTEM","","4193045","NUMERIC","3470894","4","CHADEMO:60kW","2026-09-27T17:15:26.408Z","true","SOURCE_DUPLICATE_DIFFERENT_PRICING|SOURCE_REF_REUSED_ACROSS_LOCATIONS|COMPLEX_TIME_OR_DURATION_PRICING","a82aa184a77b65e5","0","","4","0","3"
"1","FRHPCPNF078564TOTEM","","4193216","NUMERIC","3471817","1","IEC_62196_T2:44kW","2026-09-27T17:16:06.219Z","true","SOURCE_DUPLICATE_DIFFERENT_PRICING|SOURCE_REF_REUSED_ACROSS_LOCATIONS|COMPLEX_TIME_OR_DURATION_PRICING","230d0d70f11adf0f","0","","18","0","3"
"1","FRHPCPNF078564TOTEM","","4193216","NUMERIC","3471818","1","IEC_62196_T2_COMBO:60kW","2026-09-27T17:16:06.219Z","true","SOURCE_DUPLICATE_DIFFERENT_PRICING|SOURCE_REF_REUSED_ACROSS_LOCATIONS|COMPLEX_TIME_OR_DURATION_PRICING","3fa9aae7400035a7","0","","18","0","3"
"1","FRHPCPNF078564TOTEM","","4193216","NUMERIC","3471819","1","CHADEMO:60kW","2026-09-27T17:16:06.219Z","true","SOURCE_DUPLICATE_DIFFERENT_PRICING|SOURCE_REF_REUSED_ACROSS_LOCATIONS|COMPLEX_TIME_OR_DURATION_PRICING","fe40a83747f58f03","0","","18","0","3"
"1","FRHPCPNF078564TOTEM","","4193216","NUMERIC","3471834","18","IEC_62196_T2:44kW","2026-09-27T17:16:06.219Z","true","SOURCE_DUPLICATE_DIFFERENT_PRICING|SOURCE_REF_REUSED_ACROSS_LOCATIONS|COMPLEX_TIME_OR_DURATION_PRICING","230d0d70f11adf0f","0","","18","0","3"
"1","FRHPCPNF078564TOTEM","","4193216","NUMERIC","3471835","18","IEC_62196_T2_COMBO:60kW","2026-09-27T17:16:06.219Z","true","SOURCE_DUPLICATE_DIFFERENT_PRICING|SOURCE_REF_REUSED_ACROSS_LOCATIONS|COMPLEX_TIME_OR_DURATION_PRICING","3fa9aae7400035a7","0","","18","0","3"
"1","FRHPCPNF078564TOTEM","","4193216","NUMERIC","3471836","18","CHADEMO:60kW","2026-09-27T17:16:06.219Z","true","SOURCE_DUPLICATE_DIFFERENT_PRICING|SOURCE_REF_REUSED_ACROSS_LOCATIONS|COMPLEX_TIME_OR_DURATION_PRICING","fe40a83747f58f03","0","","18","0","3"
"1","FRHPCPNF078576","","4200131","NUMERIC","3570346","4","IEC_62196_T2:22kW","2026-09-27T17:25:32.291Z","true","SOURCE_DUPLICATE_DIFFERENT_PRICING|SOURCE_REF_REUSED_ACROSS_LOCATIONS|COMPLEX_TIME_OR_DURATION_PRICING","122869f63c72132b","0","","4","0","3"
"1","FRHPCPNF078576","","4200131","NUMERIC","3570347","4","CHADEMO:460kW","2026-09-27T17:25:32.291Z","true","SOURCE_DUPLICATE_DIFFERENT_PRICING|SOURCE_REF_REUSED_ACROSS_LOCATIONS|COMPLEX_TIME_OR_DURATION_PRICING","5fc0303a8562e353","0","","4","0","3"
"1","FRHPCPNF078576","","4200131","NUMERIC","3570348","4","IEC_62196_T2_COMBO:460kW","2026-09-27T17:25:32.291Z","true","SOURCE_DUPLICATE_DIFFERENT_PRICING|SOURCE_REF_REUSED_ACROSS_LOCATIONS|COMPLEX_TIME_OR_DURATION_PRICING","dbc85e70fac8c254","0","","4","0","3"
"1","FRHPCPNF078576","","4200131","NUMERIC","3570349","1","IEC_62196_T2:22kW","2026-09-27T17:25:32.291Z","true","SOURCE_DUPLICATE_DIFFERENT_PRICING|SOURCE_REF_REUSED_ACROSS_LOCATIONS|COMPLEX_TIME_OR_DURATION_PRICING","122869f63c72132b","0","","4","0","3"
"1","FRHPCPNF078576","","4200131","NUMERIC","3570350","1","CHADEMO:460kW","2026-09-27T17:25:32.291Z","true","SOURCE_DUPLICATE_DIFFERENT_PRICING|SOURCE_REF_REUSED_ACROSS_LOCATIONS|COMPLEX_TIME_OR_DURATION_PRICING","5fc0303a8562e353","0","","4","0","3"
"1","FRHPCPNF078576","","4200131","NUMERIC","3570351","1","IEC_62196_T2_COMBO:460kW","2026-09-27T17:25:32.291Z","true","SOURCE_DUPLICATE_DIFFERENT_PRICING|SOURCE_REF_REUSED_ACROSS_LOCATIONS|COMPLEX_TIME_OR_DURATION_PRICING","dbc85e70fac8c254","0","","4","0","3"
"1","FRHPCPNF078593","","4194224","NUMERIC","3476226","1","IEC_62196_T2:22kW","2026-09-27T17:19:58.237Z","true","SOURCE_DUPLICATE_DIFFERENT_PRICING|SOURCE_REF_REUSED_ACROSS_LOCATIONS|COMPLEX_TIME_OR_DURATION_PRICING","240698188121b0a2","0","","8","0","3"
"1","FRHPCPNF078593","","4194224","NUMERIC","3476227","1","IEC_62196_T2_COMBO:60kW","2026-09-27T17:19:58.237Z","true","SOURCE_DUPLICATE_DIFFERENT_PRICING|SOURCE_REF_REUSED_ACROSS_LOCATIONS|COMPLEX_TIME_OR_DURATION_PRICING","dc300e5acf3d0c0e","0","","8","0","3"
"1","FRHPCPNF078593","","4194224","NUMERIC","3476228","1","CHADEMO:60kW","2026-09-27T17:19:58.237Z","true","SOURCE_DUPLICATE_DIFFERENT_PRICING|SOURCE_REF_REUSED_ACROSS_LOCATIONS|COMPLEX_TIME_OR_DURATION_PRICING","92473908ef1c28cd","0","","8","0","3"
"1","FRHPCPNF078593","","4194224","NUMERIC","3476229","8","IEC_62196_T2:22kW","2026-09-27T17:19:58.237Z","true","SOURCE_DUPLICATE_DIFFERENT_PRICING|SOURCE_REF_REUSED_ACROSS_LOCATIONS|COMPLEX_TIME_OR_DURATION_PRICING","240698188121b0a2","0","","8","0","3"
"1","FRHPCPNF078593","","4194224","NUMERIC","3476230","8","IEC_62196_T2_COMBO:60kW","2026-09-27T17:19:58.237Z","true","SOURCE_DUPLICATE_DIFFERENT_PRICING|SOURCE_REF_REUSED_ACROSS_LOCATIONS|COMPLEX_TIME_OR_DURATION_PRICING","dc300e5acf3d0c0e","0","","8","0","3"
"1","FRHPCPNF078593","","4194224","NUMERIC","3476231","8","CHADEMO:60kW","2026-09-27T17:19:58.237Z","true","SOURCE_DUPLICATE_DIFFERENT_PRICING|SOURCE_REF_REUSED_ACROSS_LOCATIONS|COMPLEX_TIME_OR_DURATION_PRICING","92473908ef1c28cd","0","","8","0","3"
"1","FRHPCPNF078601TOTEM","","4192716","NUMERIC","3468531","1","IEC_62196_T2:43kW","2026-09-27T17:13:27.808Z","true","SOURCE_DUPLICATE_DIFFERENT_PRICING|SOURCE_REF_REUSED_ACROSS_LOCATIONS|COMPLEX_TIME_OR_DURATION_PRICING","07ac1f8891d1eaee","0","","8","0","3"
"1","FRHPCPNF078601TOTEM","","4192716","NUMERIC","3468536","1","IEC_62196_T2_COMBO:60kW","2026-09-27T17:13:27.808Z","true","SOURCE_DUPLICATE_DIFFERENT_PRICING|SOURCE_REF_REUSED_ACROSS_LOCATIONS|COMPLEX_TIME_OR_DURATION_PRICING","dc300e5acf3d0c0e","0","","8","0","3"
"1","FRHPCPNF078601TOTEM","","4192716","NUMERIC","3468539","1","CHADEMO:60kW","2026-09-27T17:13:27.808Z","true","SOURCE_DUPLICATE_DIFFERENT_PRICING|SOURCE_REF_REUSED_ACROSS_LOCATIONS|COMPLEX_TIME_OR_DURATION_PRICING","92473908ef1c28cd","0","","8","0","3"
"1","FRHPCPNF078601TOTEM","","4192716","NUMERIC","3468561","8","IEC_62196_T2:43kW","2026-09-27T17:13:27.808Z","true","SOURCE_DUPLICATE_DIFFERENT_PRICING|SOURCE_REF_REUSED_ACROSS_LOCATIONS|COMPLEX_TIME_OR_DURATION_PRICING","07ac1f8891d1eaee","0","","8","0","3"
"1","FRHPCPNF078601TOTEM","","4192716","NUMERIC","3468564","8","IEC_62196_T2_COMBO:60kW","2026-09-27T17:13:27.808Z","true","SOURCE_DUPLICATE_DIFFERENT_PRICING|SOURCE_REF_REUSED_ACROSS_LOCATIONS|COMPLEX_TIME_OR_DURATION_PRICING","dc300e5acf3d0c0e","0","","8","0","3"
"1","FRHPCPNF078601TOTEM","","4192716","NUMERIC","3468568","8","CHADEMO:60kW","2026-09-27T17:13:27.808Z","true","SOURCE_DUPLICATE_DIFFERENT_PRICING|SOURCE_REF_REUSED_ACROSS_LOCATIONS|COMPLEX_TIME_OR_DURATION_PRICING","92473908ef1c28cd","0","","8","0","3"
"1","FRHPCPNF078611","","4193537","NUMERIC","3472993","1","IEC_62196_T2:44kW","2026-09-27T17:17:12.981Z","true","SOURCE_DUPLICATE_DIFFERENT_PRICING|SOURCE_REF_REUSED_ACROSS_LOCATIONS|COMPLEX_TIME_OR_DURATION_PRICING","230d0d70f11adf0f","0","","4","0","3"
"1","FRHPCPNF078611","","4193537","NUMERIC","3472996","1","IEC_62196_T2_COMBO:60kW","2026-09-27T17:17:12.981Z","true","SOURCE_DUPLICATE_DIFFERENT_PRICING|SOURCE_REF_REUSED_ACROSS_LOCATIONS|COMPLEX_TIME_OR_DURATION_PRICING","3fa9aae7400035a7","0","","4","0","3"
"1","FRHPCPNF078611","","4193537","NUMERIC","3472999","1","CHADEMO:60kW","2026-09-27T17:17:12.981Z","true","SOURCE_DUPLICATE_DIFFERENT_PRICING|SOURCE_REF_REUSED_ACROSS_LOCATIONS|COMPLEX_TIME_OR_DURATION_PRICING","fe40a83747f58f03","0","","4","0","3"
"1","FRHPCPNF078611","","4193537","NUMERIC","3473005","4","IEC_62196_T2:44kW","2026-09-27T17:17:12.981Z","true","SOURCE_DUPLICATE_DIFFERENT_PRICING|SOURCE_REF_REUSED_ACROSS_LOCATIONS|COMPLEX_TIME_OR_DURATION_PRICING","230d0d70f11adf0f","0","","4","0","3"
"1","FRHPCPNF078611","","4193537","NUMERIC","3473007","4","IEC_62196_T2_COMBO:60kW","2026-09-27T17:17:12.981Z","true","SOURCE_DUPLICATE_DIFFERENT_PRICING|SOURCE_REF_REUSED_ACROSS_LOCATIONS|COMPLEX_TIME_OR_DURATION_PRICING","3fa9aae7400035a7","0","","4","0","3"
"1","FRHPCPNF078611","","4193537","NUMERIC","3473008","4","CHADEMO:60kW","2026-09-27T17:17:12.981Z","true","SOURCE_DUPLICATE_DIFFERENT_PRICING|SOURCE_REF_REUSED_ACROSS_LOCATIONS|COMPLEX_TIME_OR_DURATION_PRICING","fe40a83747f58f03","0","","4","0","3"
"1","FRHPCPNF079244","","4193733","NUMERIC","3474166","1","IEC_62196_T2_COMBO:460kW","2026-09-27T17:18:06.826Z","true","SOURCE_DUPLICATE_DIFFERENT_PRICING|SOURCE_REF_REUSED_ACROSS_LOCATIONS|COMPLEX_TIME_OR_DURATION_PRICING","dbc85e70fac8c254","0","","10","0","2"
"1","FRHPCPNF079244","","4193733","NUMERIC","3474167","1","IEC_62196_T2:22kW","2026-09-27T17:18:06.826Z","true","SOURCE_DUPLICATE_DIFFERENT_PRICING|SOURCE_REF_REUSED_ACROSS_LOCATIONS|COMPLEX_TIME_OR_DURATION_PRICING","122869f63c72132b","0","","10","0","2"
"1","FRHPCPNF079244","","4193733","NUMERIC","3474168","2","CHADEMO:460kW","2026-09-27T17:18:06.826Z","true","SOURCE_DUPLICATE_DIFFERENT_PRICING|SOURCE_REF_REUSED_ACROSS_LOCATIONS|COMPLEX_TIME_OR_DURATION_PRICING","5fc0303a8562e353","0","","10","0","2"
"1","FRHPCPNF079244","","4193733","NUMERIC","3474169","2","IEC_62196_T2_COMBO:460kW","2026-09-27T17:18:06.826Z","true","SOURCE_DUPLICATE_DIFFERENT_PRICING|SOURCE_REF_REUSED_ACROSS_LOCATIONS|COMPLEX_TIME_OR_DURATION_PRICING","dbc85e70fac8c254","0","","10","0","2"
"1","FRHPCPNF079244","","4193733","NUMERIC","3474174","5","IEC_62196_T2_COMBO:460kW","2026-09-27T17:18:06.826Z","true","SOURCE_DUPLICATE_DIFFERENT_PRICING|SOURCE_REF_REUSED_ACROSS_LOCATIONS|COMPLEX_TIME_OR_DURATION_PRICING","dbc85e70fac8c254","0","","10","0","2"
"1","FRHPCPNF079244","","4193733","NUMERIC","3474175","5","IEC_62196_T2:22kW","2026-09-27T17:18:06.826Z","true","SOURCE_DUPLICATE_DIFFERENT_PRICING|SOURCE_REF_REUSED_ACROSS_LOCATIONS|COMPLEX_TIME_OR_DURATION_PRICING","122869f63c72132b","0","","10","0","2"
"1","FRHPCPNF079244","","4193733","NUMERIC","3474176","6","CHADEMO:460kW","2026-09-27T17:18:06.826Z","true","SOURCE_DUPLICATE_DIFFERENT_PRICING|SOURCE_REF_REUSED_ACROSS_LOCATIONS|COMPLEX_TIME_OR_DURATION_PRICING","5fc0303a8562e353","0","","10","0","2"
"1","FRHPCPNF079244","","4193733","NUMERIC","3474178","6","IEC_62196_T2_COMBO:460kW","2026-09-27T17:18:06.826Z","true","SOURCE_DUPLICATE_DIFFERENT_PRICING|SOURCE_REF_REUSED_ACROSS_LOCATIONS|COMPLEX_TIME_OR_DURATION_PRICING","dbc85e70fac8c254","0","","10","0","2"
"1","FRHPCPNF079244","","4193733","NUMERIC","3474180","7","IEC_62196_T2_COMBO:460kW","2026-09-27T17:18:06.826Z","true","SOURCE_DUPLICATE_DIFFERENT_PRICING|SOURCE_REF_REUSED_ACROSS_LOCATIONS|COMPLEX_TIME_OR_DURATION_PRICING","dbc85e70fac8c254","0","","10","0","2"
"1","FRHPCPNF079244","","4193733","NUMERIC","3474181","7","IEC_62196_T2:22kW","2026-09-27T17:18:06.826Z","true","SOURCE_DUPLICATE_DIFFERENT_PRICING|SOURCE_REF_REUSED_ACROSS_LOCATIONS|COMPLEX_TIME_OR_DURATION_PRICING","122869f63c72132b","0","","10","0","2"
"1","FRHPCPNF079244","","4193733","NUMERIC","3474182","8","CHADEMO:460kW","2026-09-27T17:18:06.826Z","true","SOURCE_DUPLICATE_DIFFERENT_PRICING|SOURCE_REF_REUSED_ACROSS_LOCATIONS|COMPLEX_TIME_OR_DURATION_PRICING","5fc0303a8562e353","0","","10","0","2"
"1","FRHPCPNF079244","","4193733","NUMERIC","3474183","8","IEC_62196_T2_COMBO:460kW","2026-09-27T17:18:06.826Z","true","SOURCE_DUPLICATE_DIFFERENT_PRICING|SOURCE_REF_REUSED_ACROSS_LOCATIONS|COMPLEX_TIME_OR_DURATION_PRICING","dbc85e70fac8c254","0","","10","0","2"
"1","FRHPCPNF079244","","4193733","NUMERIC","3474184","9","IEC_62196_T2_COMBO:460kW","2026-09-27T17:18:06.826Z","true","SOURCE_DUPLICATE_DIFFERENT_PRICING|SOURCE_REF_REUSED_ACROSS_LOCATIONS|COMPLEX_TIME_OR_DURATION_PRICING","dbc85e70fac8c254","0","","10","0","2"
"1","FRHPCPNF079244","","4193733","NUMERIC","3474185","9","IEC_62196_T2:22kW","2026-09-27T17:18:06.826Z","true","SOURCE_DUPLICATE_DIFFERENT_PRICING|SOURCE_REF_REUSED_ACROSS_LOCATIONS|COMPLEX_TIME_OR_DURATION_PRICING","122869f63c72132b","0","","10","0","2"
"1","FRHPCPNF079244","","4193733","NUMERIC","3474186","10","CHADEMO:460kW","2026-09-27T17:18:06.826Z","true","SOURCE_DUPLICATE_DIFFERENT_PRICING|SOURCE_REF_REUSED_ACROSS_LOCATIONS|COMPLEX_TIME_OR_DURATION_PRICING","5fc0303a8562e353","0","","10","0","2"
"1","FRHPCPNF079244","","4193733","NUMERIC","3474187","10","IEC_62196_T2_COMBO:460kW","2026-09-27T17:18:06.826Z","true","SOURCE_DUPLICATE_DIFFERENT_PRICING|SOURCE_REF_REUSED_ACROSS_LOCATIONS|COMPLEX_TIME_OR_DURATION_PRICING","dbc85e70fac8c254","0","","10","0","2"
"1","FRHPCPNF079761","","4192770","NUMERIC","3468945","1","IEC_62196_T2:44kW","2026-09-27T17:13:48.493Z","true","SOURCE_DUPLICATE_DIFFERENT_PRICING|SOURCE_REF_REUSED_ACROSS_LOCATIONS|COMPLEX_TIME_OR_DURATION_PRICING","f4196c69d94a0a69","0","","4","0","3"
"1","FRHPCPNF079761","","4192770","NUMERIC","3468947","1","IEC_62196_T2_COMBO:60kW","2026-09-27T17:13:48.493Z","true","SOURCE_DUPLICATE_DIFFERENT_PRICING|SOURCE_REF_REUSED_ACROSS_LOCATIONS|COMPLEX_TIME_OR_DURATION_PRICING","f6893528e3999a3d","0","","4","0","3"
"1","FRHPCPNF079761","","4192770","NUMERIC","3468949","1","CHADEMO:60kW","2026-09-27T17:13:48.493Z","true","SOURCE_DUPLICATE_DIFFERENT_PRICING|SOURCE_REF_REUSED_ACROSS_LOCATIONS|COMPLEX_TIME_OR_DURATION_PRICING","a82aa184a77b65e5","0","","4","0","3"
"1","FRHPCPNF079761","","4192770","NUMERIC","3468954","4","IEC_62196_T2:43kW","2026-09-27T17:13:48.493Z","true","SOURCE_DUPLICATE_DIFFERENT_PRICING|SOURCE_REF_REUSED_ACROSS_LOCATIONS|COMPLEX_TIME_OR_DURATION_PRICING","d6c30fa092af7989","0","","4","0","3"
"1","FRHPCPNF079761","","4192770","NUMERIC","3468956","4","IEC_62196_T2_COMBO:60kW","2026-09-27T17:13:48.493Z","true","SOURCE_DUPLICATE_DIFFERENT_PRICING|SOURCE_REF_REUSED_ACROSS_LOCATIONS|COMPLEX_TIME_OR_DURATION_PRICING","f6893528e3999a3d","0","","4","0","3"
"1","FRHPCPNF079761","","4192770","NUMERIC","3468960","4","CHADEMO:60kW","2026-09-27T17:13:48.493Z","true","SOURCE_DUPLICATE_DIFFERENT_PRICING|SOURCE_REF_REUSED_ACROSS_LOCATIONS|COMPLEX_TIME_OR_DURATION_PRICING","a82aa184a77b65e5","0","","4","0","3"
"1","FRHPCPNF079895","","4196024","NUMERIC","3481822","1","IEC_62196_T2_COMBO:460kW","2026-09-27T17:22:54.232Z","true","SOURCE_DUPLICATE_DIFFERENT_PRICING|SOURCE_REF_REUSED_ACROSS_LOCATIONS|COMPLEX_TIME_OR_DURATION_PRICING","f08230b7a329b53b","0","","16","0","2"
"1","FRHPCPNF079895","","4196024","NUMERIC","3481823","1","CHADEMO:460kW","2026-09-27T17:22:54.232Z","true","SOURCE_DUPLICATE_DIFFERENT_PRICING|SOURCE_REF_REUSED_ACROSS_LOCATIONS|COMPLEX_TIME_OR_DURATION_PRICING","c44e05fd11870ab6","0","","16","0","2"
"1","FRHPCPNF079895","","4196024","NUMERIC","3481827","9","IEC_62196_T2_COMBO:460kW","2026-09-27T17:22:54.232Z","true","SOURCE_DUPLICATE_DIFFERENT_PRICING|SOURCE_REF_REUSED_ACROSS_LOCATIONS|COMPLEX_TIME_OR_DURATION_PRICING","f08230b7a329b53b","0","","16","0","2"
"1","FRHPCPNF079895","","4196024","NUMERIC","3481828","9","IEC_62196_T2:22kW","2026-09-27T17:22:54.232Z","true","SOURCE_DUPLICATE_DIFFERENT_PRICING|SOURCE_REF_REUSED_ACROSS_LOCATIONS|COMPLEX_TIME_OR_DURATION_PRICING","0f184683c80852a4","0","","16","0","2"
"1","FRHPCPNF079895","","4196024","NUMERIC","3481832","2","IEC_62196_T2:22kW","2026-09-27T17:22:54.232Z","true","SOURCE_DUPLICATE_DIFFERENT_PRICING|SOURCE_REF_REUSED_ACROSS_LOCATIONS|COMPLEX_TIME_OR_DURATION_PRICING","0f184683c80852a4","0","","16","0","2"
"1","FRHPCPNF079895","","4196024","NUMERIC","3481833","2","IEC_62196_T2_COMBO:460kW","2026-09-27T17:22:54.232Z","true","SOURCE_DUPLICATE_DIFFERENT_PRICING|SOURCE_REF_REUSED_ACROSS_LOCATIONS|COMPLEX_TIME_OR_DURATION_PRICING","f08230b7a329b53b","0","","16","0","2"
"1","FRHPCPNF079895","","4196024","NUMERIC","3481834","10","CHADEMO:460kW","2026-09-27T17:22:54.232Z","true","SOURCE_DUPLICATE_DIFFERENT_PRICING|SOURCE_REF_REUSED_ACROSS_LOCATIONS|COMPLEX_TIME_OR_DURATION_PRICING","c44e05fd11870ab6","0","","16","0","2"
"1","FRHPCPNF079895","","4196024","NUMERIC","3481835","10","IEC_62196_T2_COMBO:460kW","2026-09-27T17:22:54.232Z","true","SOURCE_DUPLICATE_DIFFERENT_PRICING|SOURCE_REF_REUSED_ACROSS_LOCATIONS|COMPLEX_TIME_OR_DURATION_PRICING","f08230b7a329b53b","0","","16","0","2"
"1","FRHPCPNF080003","","4200049","NUMERIC","3491624","2","IEC_62196_T2_COMBO:460kW","2026-09-27T17:25:20.883Z","true","SOURCE_DUPLICATE_DIFFERENT_PRICING|SOURCE_REF_REUSED_ACROSS_LOCATIONS|COMPLEX_TIME_OR_DURATION_PRICING","dbc85e70fac8c254","0","","7","0","2"
"1","FRHPCPNF080003","","4200049","NUMERIC","3491629","2","IEC_62196_T2:22kW","2026-09-27T17:25:20.883Z","true","SOURCE_DUPLICATE_DIFFERENT_PRICING|SOURCE_REF_REUSED_ACROSS_LOCATIONS|COMPLEX_TIME_OR_DURATION_PRICING","122869f63c72132b","0","","7","0","2"
"1","FRHPCPNF080003","","4200049","NUMERIC","3491634","3","CHADEMO:460kW","2026-09-27T17:25:20.883Z","true","SOURCE_DUPLICATE_DIFFERENT_PRICING|SOURCE_REF_REUSED_ACROSS_LOCATIONS|COMPLEX_TIME_OR_DURATION_PRICING","5fc0303a8562e353","0","","7","0","2"
"1","FRHPCPNF080003","","4200049","NUMERIC","3491639","3","IEC_62196_T2_COMBO:460kW","2026-09-27T17:25:20.883Z","true","SOURCE_DUPLICATE_DIFFERENT_PRICING|SOURCE_REF_REUSED_ACROSS_LOCATIONS|COMPLEX_TIME_OR_DURATION_PRICING","dbc85e70fac8c254","0","","7","0","2"
"1","FRHPCPNF080003","","4200049","NUMERIC","3491645","4","IEC_62196_T2_COMBO:300kW","2026-09-27T17:25:20.883Z","true","SOURCE_DUPLICATE_DIFFERENT_PRICING|SOURCE_REF_REUSED_ACROSS_LOCATIONS|COMPLEX_TIME_OR_DURATION_PRICING","29f14690829fb75b","0","","7","0","2"
"1","FRHPCPNF080003","","4200049","NUMERIC","3491651","4","IEC_62196_T2:22kW","2026-09-27T17:25:20.883Z","true","SOURCE_DUPLICATE_DIFFERENT_PRICING|SOURCE_REF_REUSED_ACROSS_LOCATIONS|COMPLEX_TIME_OR_DURATION_PRICING","122869f63c72132b","0","","7","0","2"
"1","FRHPCPNF080003","","4200049","NUMERIC","3491656","5","CHADEMO:460kW","2026-09-27T17:25:20.883Z","true","SOURCE_DUPLICATE_DIFFERENT_PRICING|SOURCE_REF_REUSED_ACROSS_LOCATIONS|COMPLEX_TIME_OR_DURATION_PRICING","5fc0303a8562e353","0","","7","0","2"
"1","FRHPCPNF080003","","4200049","NUMERIC","3491661","5","IEC_62196_T2_COMBO:460kW","2026-09-27T17:25:20.883Z","true","SOURCE_DUPLICATE_DIFFERENT_PRICING|SOURCE_REF_REUSED_ACROSS_LOCATIONS|COMPLEX_TIME_OR_DURATION_PRICING","dbc85e70fac8c254","0","","7","0","2"
"1","FRHPCPNF080003","","4200049","NUMERIC","3491666","6","IEC_62196_T2_COMBO:300kW","2026-09-27T17:25:20.883Z","true","SOURCE_DUPLICATE_DIFFERENT_PRICING|SOURCE_REF_REUSED_ACROSS_LOCATIONS|COMPLEX_TIME_OR_DURATION_PRICING","29f14690829fb75b","0","","7","0","2"
"1","FRHPCPNF080003","","4200049","NUMERIC","3491670","6","IEC_62196_T2:22kW","2026-09-27T17:25:20.883Z","true","SOURCE_DUPLICATE_DIFFERENT_PRICING|SOURCE_REF_REUSED_ACROSS_LOCATIONS|COMPLEX_TIME_OR_DURATION_PRICING","122869f63c72132b","0","","7","0","2"
"1","FRHPCPNF080003","","4200049","NUMERIC","3491672","7","CHADEMO:460kW","2026-09-27T17:25:20.883Z","true","SOURCE_DUPLICATE_DIFFERENT_PRICING|SOURCE_REF_REUSED_ACROSS_LOCATIONS|COMPLEX_TIME_OR_DURATION_PRICING","5fc0303a8562e353","0","","7","0","2"
"1","FRHPCPNF080003","","4200049","NUMERIC","3491675","7","IEC_62196_T2_COMBO:460kW","2026-09-27T17:25:20.883Z","true","SOURCE_DUPLICATE_DIFFERENT_PRICING|SOURCE_REF_REUSED_ACROSS_LOCATIONS|COMPLEX_TIME_OR_DURATION_PRICING","dbc85e70fac8c254","0","","7","0","2"
"1","FRHPCPNF080024","","4193811","NUMERIC","3474423","2","CHADEMO:460kW","2026-10-04T09:44:05.807Z","true","SOURCE_DUPLICATE_DIFFERENT_PRICING|SOURCE_REF_REUSED_ACROSS_LOCATIONS|COMPLEX_TIME_OR_DURATION_PRICING","c3c7da6c15dfc6e2","0","","16","0","2"
"1","FRHPCPNF080024","","4193811","NUMERIC","3474430","1","IEC_62196_T2_COMBO:460kW","2026-10-04T09:44:05.807Z","true","SOURCE_DUPLICATE_DIFFERENT_PRICING|SOURCE_REF_REUSED_ACROSS_LOCATIONS|COMPLEX_TIME_OR_DURATION_PRICING","1d2da32100d6466c","0","","16","0","2"
"1","FRHPCPNF080024","","4193811","NUMERIC","3474431","1","IEC_62196_T2:22kW","2026-10-04T09:44:05.807Z","true","SOURCE_DUPLICATE_DIFFERENT_PRICING|SOURCE_REF_REUSED_ACROSS_LOCATIONS|COMPLEX_TIME_OR_DURATION_PRICING","4d44be8972662e6e","0","","16","0","2"
"1","FRHPCPNF080024","","4193811","NUMERIC","3474433","2","IEC_62196_T2_COMBO:460kW","2026-10-04T09:44:05.807Z","true","SOURCE_DUPLICATE_DIFFERENT_PRICING|SOURCE_REF_REUSED_ACROSS_LOCATIONS|COMPLEX_TIME_OR_DURATION_PRICING","1d2da32100d6466c","0","","16","0","2"
"1","FRHPCPNF080024","","4193811","NUMERIC","3474437","8","IEC_62196_T2_COMBO:460kW","2026-10-04T09:44:05.807Z","true","SOURCE_DUPLICATE_DIFFERENT_PRICING|SOURCE_REF_REUSED_ACROSS_LOCATIONS|COMPLEX_TIME_OR_DURATION_PRICING","1d2da32100d6466c","0","","16","0","2"
"1","FRHPCPNF080024","","4193811","NUMERIC","3474438","8","IEC_62196_T2:22kW","2026-10-04T09:44:05.807Z","true","SOURCE_DUPLICATE_DIFFERENT_PRICING|SOURCE_REF_REUSED_ACROSS_LOCATIONS|COMPLEX_TIME_OR_DURATION_PRICING","4d44be8972662e6e","0","","16","0","2"
"1","FRHPCPNF080024","","4193811","NUMERIC","3474439","9","CHADEMO:460kW","2026-10-04T09:44:05.807Z","true","SOURCE_DUPLICATE_DIFFERENT_PRICING|SOURCE_REF_REUSED_ACROSS_LOCATIONS|COMPLEX_TIME_OR_DURATION_PRICING","c3c7da6c15dfc6e2","0","","16","0","2"
"1","FRHPCPNF080024","","4193811","NUMERIC","3474440","9","IEC_62196_T2_COMBO:460kW","2026-10-04T09:44:05.807Z","true","SOURCE_DUPLICATE_DIFFERENT_PRICING|SOURCE_REF_REUSED_ACROSS_LOCATIONS|COMPLEX_TIME_OR_DURATION_PRICING","1d2da32100d6466c","0","","16","0","2"
"1","FRHPCPNF080044TOTEM","","4193577","NUMERIC","3473370","1","IEC_62196_T2:44kW","2026-09-27T17:17:20.988Z","true","SOURCE_DUPLICATE_DIFFERENT_PRICING|SOURCE_REF_REUSED_ACROSS_LOCATIONS|COMPLEX_TIME_OR_DURATION_PRICING","af44c279366146a9","0","","4","0","3"
"1","FRHPCPNF080044TOTEM","","4193577","NUMERIC","3473371","1","IEC_62196_T2_COMBO:60kW","2026-09-27T17:17:20.988Z","true","SOURCE_DUPLICATE_DIFFERENT_PRICING|SOURCE_REF_REUSED_ACROSS_LOCATIONS|COMPLEX_TIME_OR_DURATION_PRICING","dc300e5acf3d0c0e","0","","4","0","3"
"1","FRHPCPNF080044TOTEM","","4193577","NUMERIC","3473372","1","CHADEMO:60kW","2026-09-27T17:17:20.988Z","true","SOURCE_DUPLICATE_DIFFERENT_PRICING|SOURCE_REF_REUSED_ACROSS_LOCATIONS|COMPLEX_TIME_OR_DURATION_PRICING","92473908ef1c28cd","0","","4","0","3"
"1","FRHPCPNF080044TOTEM","","4193577","NUMERIC","3473375","4","IEC_62196_T2:44kW","2026-09-27T17:17:20.988Z","true","SOURCE_DUPLICATE_DIFFERENT_PRICING|SOURCE_REF_REUSED_ACROSS_LOCATIONS|COMPLEX_TIME_OR_DURATION_PRICING","af44c279366146a9","0","","4","0","3"
"1","FRHPCPNF080044TOTEM","","4193577","NUMERIC","3473377","4","IEC_62196_T2_COMBO:60kW","2026-09-27T17:17:20.988Z","true","SOURCE_DUPLICATE_DIFFERENT_PRICING|SOURCE_REF_REUSED_ACROSS_LOCATIONS|COMPLEX_TIME_OR_DURATION_PRICING","dc300e5acf3d0c0e","0","","4","0","3"
"1","FRHPCPNF080044TOTEM","","4193577","NUMERIC","3473379","4","CHADEMO:60kW","2026-09-27T17:17:20.988Z","true","SOURCE_DUPLICATE_DIFFERENT_PRICING|SOURCE_REF_REUSED_ACROSS_LOCATIONS|COMPLEX_TIME_OR_DURATION_PRICING","92473908ef1c28cd","0","","4","0","3"
"1","FRHPCPNF080046","","4194269","NUMERIC","3476317","1","IEC_62196_T2:22kW","2026-09-27T17:20:28.863Z","true","SOURCE_DUPLICATE_DIFFERENT_PRICING|SOURCE_REF_REUSED_ACROSS_LOCATIONS|COMPLEX_TIME_OR_DURATION_PRICING","122869f63c72132b","0","","4","0","2"
"1","FRHPCPNF080046","","4194269","NUMERIC","3476318","2","CHADEMO:460kW","2026-09-27T17:20:28.863Z","true","SOURCE_DUPLICATE_DIFFERENT_PRICING|SOURCE_REF_REUSED_ACROSS_LOCATIONS|COMPLEX_TIME_OR_DURATION_PRICING","5fc0303a8562e353","0","","4","0","2"
"1","FRHPCPNF080046","","4194269","NUMERIC","3476320","3","IEC_62196_T2_COMBO:460kW","2026-09-27T17:20:28.863Z","true","SOURCE_DUPLICATE_DIFFERENT_PRICING|SOURCE_REF_REUSED_ACROSS_LOCATIONS|COMPLEX_TIME_OR_DURATION_PRICING","dbc85e70fac8c254","0","","4","0","2"
"1","FRHPCPNF080046","","4194269","NUMERIC","3476322","3","IEC_62196_T2:22kW","2026-09-27T17:20:28.863Z","true","SOURCE_DUPLICATE_DIFFERENT_PRICING|SOURCE_REF_REUSED_ACROSS_LOCATIONS|COMPLEX_TIME_OR_DURATION_PRICING","122869f63c72132b","0","","4","0","2"
"1","FRHPCPNF080046","","4194269","NUMERIC","3476323","4","CHADEMO:460kW","2026-09-27T17:20:28.863Z","true","SOURCE_DUPLICATE_DIFFERENT_PRICING|SOURCE_REF_REUSED_ACROSS_LOCATIONS|COMPLEX_TIME_OR_DURATION_PRICING","5fc0303a8562e353","0","","4","0","2"
"1","FRHPCPNF080046","","4194269","NUMERIC","3476324","4","IEC_62196_T2_COMBO:460kW","2026-09-27T17:20:28.863Z","true","SOURCE_DUPLICATE_DIFFERENT_PRICING|SOURCE_REF_REUSED_ACROSS_LOCATIONS|COMPLEX_TIME_OR_DURATION_PRICING","dbc85e70fac8c254","0","","4","0","2"
"1","FRHPCPNF080046","","4194269","NUMERIC","3476325","2","IEC_62196_T2_COMBO:460kW","2026-09-27T17:20:28.863Z","true","SOURCE_DUPLICATE_DIFFERENT_PRICING|SOURCE_REF_REUSED_ACROSS_LOCATIONS|COMPLEX_TIME_OR_DURATION_PRICING","dbc85e70fac8c254","0","","4","0","2"
"1","FRHPCPNF080046","","4194269","NUMERIC","3476326","1","IEC_62196_T2_COMBO:460kW","2026-09-27T17:20:28.863Z","true","SOURCE_DUPLICATE_DIFFERENT_PRICING|SOURCE_REF_REUSED_ACROSS_LOCATIONS|COMPLEX_TIME_OR_DURATION_PRICING","dbc85e70fac8c254","0","","4","0","2"
"1","FRHPCPNF080048TOTEM","","4192886","NUMERIC","3469899","1","IEC_62196_T2:43kW","2026-09-27T17:14:28.253Z","true","SOURCE_DUPLICATE_DIFFERENT_PRICING|SOURCE_REF_REUSED_ACROSS_LOCATIONS|COMPLEX_TIME_OR_DURATION_PRICING","d6c30fa092af7989","0","","8","0","3"
"1","FRHPCPNF080048TOTEM","","4192886","NUMERIC","3469900","1","IEC_62196_T2_COMBO:60kW","2026-09-27T17:14:28.253Z","true","SOURCE_DUPLICATE_DIFFERENT_PRICING|SOURCE_REF_REUSED_ACROSS_LOCATIONS|COMPLEX_TIME_OR_DURATION_PRICING","f6893528e3999a3d","0","","8","0","3"
"1","FRHPCPNF080048TOTEM","","4192886","NUMERIC","3469902","1","CHADEMO:60kW","2026-09-27T17:14:28.253Z","true","SOURCE_DUPLICATE_DIFFERENT_PRICING|SOURCE_REF_REUSED_ACROSS_LOCATIONS|COMPLEX_TIME_OR_DURATION_PRICING","a82aa184a77b65e5","0","","8","0","3"
"1","FRHPCPNF080048TOTEM","","4192886","NUMERIC","3469918","8","IEC_62196_T2:43kW","2026-09-27T17:14:28.253Z","true","SOURCE_DUPLICATE_DIFFERENT_PRICING|SOURCE_REF_REUSED_ACROSS_LOCATIONS|COMPLEX_TIME_OR_DURATION_PRICING","d6c30fa092af7989","0","","8","0","3"
"1","FRHPCPNF080048TOTEM","","4192886","NUMERIC","3469920","8","CHADEMO:60kW","2026-09-27T17:14:28.253Z","true","SOURCE_DUPLICATE_DIFFERENT_PRICING|SOURCE_REF_REUSED_ACROSS_LOCATIONS|COMPLEX_TIME_OR_DURATION_PRICING","a82aa184a77b65e5","0","","8","0","3"
"1","FRHPCPNF080048TOTEM","","4192886","NUMERIC","3469923","8","IEC_62196_T2_COMBO:60kW","2026-09-27T17:14:28.253Z","true","SOURCE_DUPLICATE_DIFFERENT_PRICING|SOURCE_REF_REUSED_ACROSS_LOCATIONS|COMPLEX_TIME_OR_DURATION_PRICING","f6893528e3999a3d","0","","8","0","3"
"1","FRHPCPNF080063TIERSTOTEM","","4193283","NUMERIC","3472187","9","IEC_62196_T2:43kW","2026-09-27T17:16:28.610Z","true","SOURCE_DUPLICATE_DIFFERENT_PRICING|SOURCE_REF_REUSED_ACROSS_LOCATIONS|COMPLEX_TIME_OR_DURATION_PRICING","d6c30fa092af7989","0","","16","0","3"
"1","FRHPCPNF080063TIERSTOTEM","","4193283","NUMERIC","3472190","9","IEC_62196_T2_COMBO:60kW","2026-09-27T17:16:28.610Z","true","SOURCE_DUPLICATE_DIFFERENT_PRICING|SOURCE_REF_REUSED_ACROSS_LOCATIONS|COMPLEX_TIME_OR_DURATION_PRICING","f6893528e3999a3d","0","","16","0","3"
"1","FRHPCPNF080063TIERSTOTEM","","4193283","NUMERIC","3472192","9","CHADEMO:60kW","2026-09-27T17:16:28.610Z","true","SOURCE_DUPLICATE_DIFFERENT_PRICING|SOURCE_REF_REUSED_ACROSS_LOCATIONS|COMPLEX_TIME_OR_DURATION_PRICING","a82aa184a77b65e5","0","","16","0","3"
"1","FRHPCPNF080063TIERSTOTEM","","4193283","NUMERIC","3472207","16","IEC_62196_T2:44kW","2026-09-27T17:16:28.610Z","true","SOURCE_DUPLICATE_DIFFERENT_PRICING|SOURCE_REF_REUSED_ACROSS_LOCATIONS|COMPLEX_TIME_OR_DURATION_PRICING","f4196c69d94a0a69","0","","16","0","3"
"1","FRHPCPNF080063TIERSTOTEM","","4193283","NUMERIC","3472209","16","IEC_62196_T2_COMBO:60kW","2026-09-27T17:16:28.610Z","true","SOURCE_DUPLICATE_DIFFERENT_PRICING|SOURCE_REF_REUSED_ACROSS_LOCATIONS|COMPLEX_TIME_OR_DURATION_PRICING","f6893528e3999a3d","0","","16","0","3"
"1","FRHPCPNF080063TIERSTOTEM","","4193283","NUMERIC","3472211","16","CHADEMO:60kW","2026-09-27T17:16:28.610Z","true","SOURCE_DUPLICATE_DIFFERENT_PRICING|SOURCE_REF_REUSED_ACROSS_LOCATIONS|COMPLEX_TIME_OR_DURATION_PRICING","a82aa184a77b65e5","0","","16","0","3"
"1","FRHPCPNF080064","","4196133","NUMERIC","3482197","4","CHADEMO:460kW","2026-09-27T17:23:20.068Z","true","SOURCE_DUPLICATE_DIFFERENT_PRICING|SOURCE_REF_REUSED_ACROSS_LOCATIONS|COMPLEX_TIME_OR_DURATION_PRICING","5fc0303a8562e353","0","","4","0","3"
"1","FRHPCPNF080064","","4196133","NUMERIC","3482198","4","IEC_62196_T2:22kW","2026-09-27T17:23:20.068Z","true","SOURCE_DUPLICATE_DIFFERENT_PRICING|SOURCE_REF_REUSED_ACROSS_LOCATIONS|COMPLEX_TIME_OR_DURATION_PRICING","122869f63c72132b","0","","4","0","3"
"1","FRHPCPNF080064","","4196133","NUMERIC","3482200","4","IEC_62196_T2_COMBO:460kW","2026-09-27T17:23:20.068Z","true","SOURCE_DUPLICATE_DIFFERENT_PRICING|SOURCE_REF_REUSED_ACROSS_LOCATIONS|COMPLEX_TIME_OR_DURATION_PRICING","dbc85e70fac8c254","0","","4","0","3"
"1","FRHPCPNF080070TOTEM","","4192864","NUMERIC","3469701","1","IEC_62196_T2:44kW","2026-09-27T17:14:24.938Z","true","SOURCE_DUPLICATE_DIFFERENT_PRICING|SOURCE_REF_REUSED_ACROSS_LOCATIONS|COMPLEX_TIME_OR_DURATION_PRICING","af44c279366146a9","0","","8","0","3"
"1","FRHPCPNF080070TOTEM","","4192864","NUMERIC","3469704","1","IEC_62196_T2_COMBO:60kW","2026-09-27T17:14:24.938Z","true","SOURCE_DUPLICATE_DIFFERENT_PRICING|SOURCE_REF_REUSED_ACROSS_LOCATIONS|COMPLEX_TIME_OR_DURATION_PRICING","dc300e5acf3d0c0e","0","","8","0","3"
"1","FRHPCPNF080070TOTEM","","4192864","NUMERIC","3469705","1","CHADEMO:60kW","2026-09-27T17:14:24.938Z","true","SOURCE_DUPLICATE_DIFFERENT_PRICING|SOURCE_REF_REUSED_ACROSS_LOCATIONS|COMPLEX_TIME_OR_DURATION_PRICING","92473908ef1c28cd","0","","8","0","3"
"1","FRHPCPNF080070TOTEM","","4192864","NUMERIC","3469710","5","IEC_62196_T2:44kW","2026-09-27T17:14:24.938Z","true","SOURCE_DUPLICATE_DIFFERENT_PRICING|SOURCE_REF_REUSED_ACROSS_LOCATIONS|COMPLEX_TIME_OR_DURATION_PRICING","af44c279366146a9","0","","8","0","3"
"1","FRHPCPNF080070TOTEM","","4192864","NUMERIC","3469711","5","IEC_62196_T2_COMBO:60kW","2026-09-27T17:14:24.938Z","true","SOURCE_DUPLICATE_DIFFERENT_PRICING|SOURCE_REF_REUSED_ACROSS_LOCATIONS|COMPLEX_TIME_OR_DURATION_PRICING","dc300e5acf3d0c0e","0","","8","0","3"
"1","FRHPCPNF080070TOTEM","","4192864","NUMERIC","3469712","5","CHADEMO:60kW","2026-09-27T17:14:24.938Z","true","SOURCE_DUPLICATE_DIFFERENT_PRICING|SOURCE_REF_REUSED_ACROSS_LOCATIONS|COMPLEX_TIME_OR_DURATION_PRICING","92473908ef1c28cd","0","","8","0","3"
"1","FRHPCPNF080071TOTEM","","4193078","NUMERIC","3471221","1","IEC_62196_T2:43kW","2026-09-27T17:15:40.901Z","true","SOURCE_DUPLICATE_DIFFERENT_PRICING|SOURCE_REF_REUSED_ACROSS_LOCATIONS|COMPLEX_TIME_OR_DURATION_PRICING","1a21de66b3bc68b9","0","","8","0","3"
"1","FRHPCPNF080071TOTEM","","4193078","NUMERIC","3471224","1","CHADEMO:60kW","2026-09-27T17:15:40.901Z","true","SOURCE_DUPLICATE_DIFFERENT_PRICING|SOURCE_REF_REUSED_ACROSS_LOCATIONS|COMPLEX_TIME_OR_DURATION_PRICING","fe40a83747f58f03","0","","8","0","3"
"1","FRHPCPNF080071TOTEM","","4193078","NUMERIC","3471227","1","IEC_62196_T2_COMBO:460kW","2026-09-27T17:15:40.901Z","true","SOURCE_DUPLICATE_DIFFERENT_PRICING|SOURCE_REF_REUSED_ACROSS_LOCATIONS|COMPLEX_TIME_OR_DURATION_PRICING","dbc85e70fac8c254","0","","8","0","3"
"1","FRHPCPNF080071TOTEM","","4193078","NUMERIC","3471247","8","IEC_62196_T2:44kW","2026-09-27T17:15:40.901Z","true","SOURCE_DUPLICATE_DIFFERENT_PRICING|SOURCE_REF_REUSED_ACROSS_LOCATIONS|COMPLEX_TIME_OR_DURATION_PRICING","230d0d70f11adf0f","0","","8","0","3"
"1","FRHPCPNF080071TOTEM","","4193078","NUMERIC","3471248","8","IEC_62196_T2_COMBO:60kW","2026-09-27T17:15:40.901Z","true","SOURCE_DUPLICATE_DIFFERENT_PRICING|SOURCE_REF_REUSED_ACROSS_LOCATIONS|COMPLEX_TIME_OR_DURATION_PRICING","3fa9aae7400035a7","0","","8","0","3"
"1","FRHPCPNF080071TOTEM","","4193078","NUMERIC","3471250","8","CHADEMO:60kW","2026-09-27T17:15:40.901Z","true","SOURCE_DUPLICATE_DIFFERENT_PRICING|SOURCE_REF_REUSED_ACROSS_LOCATIONS|COMPLEX_TIME_OR_DURATION_PRICING","fe40a83747f58f03","0","","8","0","3"
"1","FRHPCPNF080072TOTEM","","4192954","NUMERIC","3470222","1","IEC_62196_T2:43kW","2026-09-27T17:14:53.984Z","true","SOURCE_DUPLICATE_DIFFERENT_PRICING|SOURCE_REF_REUSED_ACROSS_LOCATIONS|COMPLEX_TIME_OR_DURATION_PRICING","1a21de66b3bc68b9","0","","4","0","3"
"1","FRHPCPNF080072TOTEM","","4192954","NUMERIC","3470224","1","IEC_62196_T2_COMBO:60kW","2026-09-27T17:14:53.984Z","true","SOURCE_DUPLICATE_DIFFERENT_PRICING|SOURCE_REF_REUSED_ACROSS_LOCATIONS|COMPLEX_TIME_OR_DURATION_PRICING","3fa9aae7400035a7","0","","4","0","3"
"1","FRHPCPNF080072TOTEM","","4192954","NUMERIC","3470225","1","CHADEMO:60kW","2026-09-27T17:14:53.984Z","true","SOURCE_DUPLICATE_DIFFERENT_PRICING|SOURCE_REF_REUSED_ACROSS_LOCATIONS|COMPLEX_TIME_OR_DURATION_PRICING","fe40a83747f58f03","0","","4","0","3"
"1","FRHPCPNF080072TOTEM","","4192954","NUMERIC","3470228","4","IEC_62196_T2:43kW","2026-09-27T17:14:53.984Z","true","SOURCE_DUPLICATE_DIFFERENT_PRICING|SOURCE_REF_REUSED_ACROSS_LOCATIONS|COMPLEX_TIME_OR_DURATION_PRICING","1a21de66b3bc68b9","0","","4","0","3"
"1","FRHPCPNF080072TOTEM","","4192954","NUMERIC","3470229","4","IEC_62196_T2_COMBO:60kW","2026-09-27T17:14:53.984Z","true","SOURCE_DUPLICATE_DIFFERENT_PRICING|SOURCE_REF_REUSED_ACROSS_LOCATIONS|COMPLEX_TIME_OR_DURATION_PRICING","3fa9aae7400035a7","0","","4","0","3"
"1","FRHPCPNF080072TOTEM","","4192954","NUMERIC","3470230","4","CHADEMO:60kW","2026-09-27T17:14:53.984Z","true","SOURCE_DUPLICATE_DIFFERENT_PRICING|SOURCE_REF_REUSED_ACROSS_LOCATIONS|COMPLEX_TIME_OR_DURATION_PRICING","fe40a83747f58f03","0","","4","0","3"
"1","FRHPCPNF080101","","4259164","NUMERIC","3616171","2","IEC_62196_T2:22kW","2026-09-27T17:58:09.723Z","true","SOURCE_DUPLICATE_DIFFERENT_PRICING|SOURCE_REF_REUSED_ACROSS_LOCATIONS|COMPLEX_TIME_OR_DURATION_PRICING","122869f63c72132b","0","","8","0","3"
"1","FRHPCPNF080101","","4259164","NUMERIC","3619251","2","IEC_62196_T2_COMBO:300kW","2026-09-27T17:58:09.723Z","true","SOURCE_DUPLICATE_DIFFERENT_PRICING|SOURCE_REF_REUSED_ACROSS_LOCATIONS|COMPLEX_TIME_OR_DURATION_PRICING","29f14690829fb75b","0","","8","0","3"
"1","FRHPCPNF080101","","4259164","NUMERIC","3619252","2","CHADEMO:100kW","2026-09-27T17:58:09.723Z","true","SOURCE_DUPLICATE_DIFFERENT_PRICING|SOURCE_REF_REUSED_ACROSS_LOCATIONS|COMPLEX_TIME_OR_DURATION_PRICING","0307c5f8e6e971df","0","","8","0","3"
"1","FRHPCPNF080117DODO","","4193297","NUMERIC","3472298","1","IEC_62196_T2_COMBO:460kW","2026-09-27T17:16:30.023Z","true","SOURCE_DUPLICATE_DIFFERENT_PRICING|SOURCE_REF_REUSED_ACROSS_LOCATIONS|COMPLEX_TIME_OR_DURATION_PRICING","dbc85e70fac8c254","0","","4","0","2"
"1","FRHPCPNF080117DODO","","4193297","NUMERIC","3472301","1","IEC_62196_T2:22kW","2026-09-27T17:16:30.023Z","true","SOURCE_DUPLICATE_DIFFERENT_PRICING|SOURCE_REF_REUSED_ACROSS_LOCATIONS|COMPLEX_TIME_OR_DURATION_PRICING","122869f63c72132b","0","","4","0","2"
"1","FRHPCPNF080123DODO","","4200291","NUMERIC","3491677","1","IEC_62196_T2_COMBO:460kW","2026-09-27T17:26:09.016Z","true","SOURCE_DUPLICATE_DIFFERENT_PRICING|SOURCE_REF_REUSED_ACROSS_LOCATIONS|COMPLEX_TIME_OR_DURATION_PRICING","dbc85e70fac8c254","0","","4","0","2"
"1","FRHPCPNF080123DODO","","4200291","NUMERIC","3491678","1","IEC_62196_T2:22kW","2026-09-27T17:26:09.016Z","true","SOURCE_DUPLICATE_DIFFERENT_PRICING|SOURCE_REF_REUSED_ACROSS_LOCATIONS|COMPLEX_TIME_OR_DURATION_PRICING","122869f63c72132b","0","","4","0","2"
"1","FRHPCPNF080123DODO","","4200291","NUMERIC","3491683","3","IEC_62196_T2_COMBO:460kW","2026-09-27T17:26:09.016Z","true","SOURCE_DUPLICATE_DIFFERENT_PRICING|SOURCE_REF_REUSED_ACROSS_LOCATIONS|COMPLEX_TIME_OR_DURATION_PRICING","dbc85e70fac8c254","0","","4","0","2"
"1","FRHPCPNF080123DODO","","4200291","NUMERIC","3491684","3","IEC_62196_T2:22kW","2026-09-27T17:26:09.016Z","true","SOURCE_DUPLICATE_DIFFERENT_PRICING|SOURCE_REF_REUSED_ACROSS_LOCATIONS|COMPLEX_TIME_OR_DURATION_PRICING","122869f63c72132b","0","","4","0","2"
"1","FRHPCPNF080138TOTEM","","4196093","NUMERIC","3482029","9","CHADEMO:460kW","2026-09-27T17:23:11.106Z","true","SOURCE_DUPLICATE_DIFFERENT_PRICING|SOURCE_REF_REUSED_ACROSS_LOCATIONS|COMPLEX_TIME_OR_DURATION_PRICING","5fc0303a8562e353","0","","16","0","2"
"1","FRHPCPNF080138TOTEM","","4196093","NUMERIC","3482031","16","CHADEMO:460kW","2026-09-27T17:23:11.106Z","true","SOURCE_DUPLICATE_DIFFERENT_PRICING|SOURCE_REF_REUSED_ACROSS_LOCATIONS|COMPLEX_TIME_OR_DURATION_PRICING","5fc0303a8562e353","0","","16","0","2"
"1","FRHPCPNF080138TOTEM","","4196093","NUMERIC","3482033","1","IEC_62196_T2:43kW","2026-09-27T17:23:11.106Z","true","SOURCE_DUPLICATE_DIFFERENT_PRICING|SOURCE_REF_REUSED_ACROSS_LOCATIONS|COMPLEX_TIME_OR_DURATION_PRICING","07ac1f8891d1eaee","0","","16","0","3"
"1","FRHPCPNF080138TOTEM","","4196093","NUMERIC","3482035","1","CHADEMO:60kW","2026-09-27T17:23:11.106Z","true","SOURCE_DUPLICATE_DIFFERENT_PRICING|SOURCE_REF_REUSED_ACROSS_LOCATIONS|COMPLEX_TIME_OR_DURATION_PRICING","92473908ef1c28cd","0","","16","0","3"
"1","FRHPCPNF080138TOTEM","","4196093","NUMERIC","3482038","13","CHADEMO:460kW","2026-09-27T17:23:11.106Z","true","SOURCE_DUPLICATE_DIFFERENT_PRICING|SOURCE_REF_REUSED_ACROSS_LOCATIONS|COMPLEX_TIME_OR_DURATION_PRICING","5fc0303a8562e353","0","","16","0","2"
"1","FRHPCPNF080138TOTEM","","4196093","NUMERIC","3482039","1","IEC_62196_T2_COMBO:60kW","2026-09-27T17:23:11.106Z","true","SOURCE_DUPLICATE_DIFFERENT_PRICING|SOURCE_REF_REUSED_ACROSS_LOCATIONS|COMPLEX_TIME_OR_DURATION_PRICING","dc300e5acf3d0c0e","0","","16","0","3"
"1","FRHPCPNF080138TOTEM","","4196093","NUMERIC","3482041","8","IEC_62196_T2:44kW","2026-09-27T17:23:11.106Z","true","SOURCE_DUPLICATE_DIFFERENT_PRICING|SOURCE_REF_REUSED_ACROSS_LOCATIONS|COMPLEX_TIME_OR_DURATION_PRICING","af44c279366146a9","0","","16","0","3"
"1","FRHPCPNF080138TOTEM","","4196093","NUMERIC","3482042","8","IEC_62196_T2_COMBO:60kW","2026-09-27T17:23:11.106Z","true","SOURCE_DUPLICATE_DIFFERENT_PRICING|SOURCE_REF_REUSED_ACROSS_LOCATIONS|COMPLEX_TIME_OR_DURATION_PRICING","dc300e5acf3d0c0e","0","","16","0","3"
"1","FRHPCPNF080138TOTEM","","4196093","NUMERIC","3482044","8","CHADEMO:60kW","2026-09-27T17:23:11.106Z","true","SOURCE_DUPLICATE_DIFFERENT_PRICING|SOURCE_REF_REUSED_ACROSS_LOCATIONS|COMPLEX_TIME_OR_DURATION_PRICING","92473908ef1c28cd","0","","16","0","3"
"1","FRHPCPNF080138TOTEM","","4196093","NUMERIC","3482046","11","IEC_62196_T2_COMBO:460kW","2026-09-27T17:23:11.106Z","true","SOURCE_DUPLICATE_DIFFERENT_PRICING|SOURCE_REF_REUSED_ACROSS_LOCATIONS|COMPLEX_TIME_OR_DURATION_PRICING","dbc85e70fac8c254","0","","16","0","2"
"1","FRHPCPNF080138TOTEM","","4196093","NUMERIC","3482047","11","IEC_62196_T2:22kW","2026-09-27T17:23:11.106Z","true","SOURCE_DUPLICATE_DIFFERENT_PRICING|SOURCE_REF_REUSED_ACROSS_LOCATIONS|COMPLEX_TIME_OR_DURATION_PRICING","122869f63c72132b","0","","16","0","2"
"1","FRHPCPNF080138TOTEM","","4196093","NUMERIC","3482050","12","CHADEMO:460kW","2026-09-27T17:23:11.106Z","true","SOURCE_DUPLICATE_DIFFERENT_PRICING|SOURCE_REF_REUSED_ACROSS_LOCATIONS|COMPLEX_TIME_OR_DURATION_PRICING","5fc0303a8562e353","0","","16","0","2"
"1","FRHPCPNF080138TOTEM","","4196093","NUMERIC","3482052","12","IEC_62196_T2_COMBO:460kW","2026-09-27T17:23:11.106Z","true","SOURCE_DUPLICATE_DIFFERENT_PRICING|SOURCE_REF_REUSED_ACROSS_LOCATIONS|COMPLEX_TIME_OR_DURATION_PRICING","dbc85e70fac8c254","0","","16","0","2"
"1","FRHPCPNF080138TOTEM","","4196093","NUMERIC","3482056","13","IEC_62196_T2_COMBO:460kW","2026-09-27T17:23:11.106Z","true","SOURCE_DUPLICATE_DIFFERENT_PRICING|SOURCE_REF_REUSED_ACROSS_LOCATIONS|COMPLEX_TIME_OR_DURATION_PRICING","dbc85e70fac8c254","0","","16","0","2"
"1","FRHPCPNF080138TOTEM","","4196093","NUMERIC","3482062","9","IEC_62196_T2_COMBO:460kW","2026-09-27T17:23:11.106Z","true","SOURCE_DUPLICATE_DIFFERENT_PRICING|SOURCE_REF_REUSED_ACROSS_LOCATIONS|COMPLEX_TIME_OR_DURATION_PRICING","dbc85e70fac8c254","0","","16","0","2"
"1","FRHPCPNF080138TOTEM","","4196093","NUMERIC","3482064","10","IEC_62196_T2:22kW","2026-09-27T17:23:11.106Z","true","SOURCE_DUPLICATE_DIFFERENT_PRICING|SOURCE_REF_REUSED_ACROSS_LOCATIONS|COMPLEX_TIME_OR_DURATION_PRICING","122869f63c72132b","0","","16","0","2"
"1","FRHPCPNF080138TOTEM","","4196093","NUMERIC","3482065","14","IEC_62196_T2:22kW","2026-09-27T17:23:11.106Z","true","SOURCE_DUPLICATE_DIFFERENT_PRICING|SOURCE_REF_REUSED_ACROSS_LOCATIONS|COMPLEX_TIME_OR_DURATION_PRICING","122869f63c72132b","0","","16","0","2"
"1","FRHPCPNF080138TOTEM","","4196093","NUMERIC","3482066","10","IEC_62196_T2_COMBO:460kW","2026-09-27T17:23:11.106Z","true","SOURCE_DUPLICATE_DIFFERENT_PRICING|SOURCE_REF_REUSED_ACROSS_LOCATIONS|COMPLEX_TIME_OR_DURATION_PRICING","dbc85e70fac8c254","0","","16","0","2"
"1","FRHPCPNF080138TOTEM","","4196093","NUMERIC","3482069","16","IEC_62196_T2_COMBO:460kW","2026-09-27T17:23:11.106Z","true","SOURCE_DUPLICATE_DIFFERENT_PRICING|SOURCE_REF_REUSED_ACROSS_LOCATIONS|COMPLEX_TIME_OR_DURATION_PRICING","dbc85e70fac8c254","0","","16","0","2"
"1","FRHPCPNF080138TOTEM","","4196093","NUMERIC","3482071","15","IEC_62196_T2_COMBO:460kW","2026-09-27T17:23:11.106Z","true","SOURCE_DUPLICATE_DIFFERENT_PRICING|SOURCE_REF_REUSED_ACROSS_LOCATIONS|COMPLEX_TIME_OR_DURATION_PRICING","dbc85e70fac8c254","0","","16","0","2"
"1","FRHPCPNF080138TOTEM","","4196093","NUMERIC","3482073","15","IEC_62196_T2:22kW","2026-09-27T17:23:11.106Z","true","SOURCE_DUPLICATE_DIFFERENT_PRICING|SOURCE_REF_REUSED_ACROSS_LOCATIONS|COMPLEX_TIME_OR_DURATION_PRICING","122869f63c72132b","0","","16","0","2"
"1","FRHPCPNF080138TOTEM","","4196093","NUMERIC","3482074","14","IEC_62196_T2_COMBO:468kW","2026-09-27T17:23:11.106Z","true","SOURCE_DUPLICATE_DIFFERENT_PRICING|SOURCE_REF_REUSED_ACROSS_LOCATIONS|COMPLEX_TIME_OR_DURATION_PRICING","40273271bca1b533","0","","16","0","2"
"1","FRHPCPNF080139DODO","","4192605","NUMERIC","3467370","1","IEC_62196_T2_COMBO:460kW","2026-09-27T17:12:30.199Z","true","SOURCE_DUPLICATE_DIFFERENT_PRICING|SOURCE_REF_REUSED_ACROSS_LOCATIONS|COMPLEX_TIME_OR_DURATION_PRICING","dbc85e70fac8c254","0","","5","0","2"
"1","FRHPCPNF080139DODO","","4192605","NUMERIC","3467371","1","IEC_62196_T2:22kW","2026-09-27T17:12:30.199Z","true","SOURCE_DUPLICATE_DIFFERENT_PRICING|SOURCE_REF_REUSED_ACROSS_LOCATIONS|COMPLEX_TIME_OR_DURATION_PRICING","122869f63c72132b","0","","5","0","2"
"1","FRHPCPNF080139DODO","","4192605","NUMERIC","3467373","3","IEC_62196_T2_COMBO:460kW","2026-09-27T17:12:30.199Z","true","SOURCE_DUPLICATE_DIFFERENT_PRICING|SOURCE_REF_REUSED_ACROSS_LOCATIONS|COMPLEX_TIME_OR_DURATION_PRICING","dbc85e70fac8c254","0","","5","0","2"
"1","FRHPCPNF080139DODO","","4192605","NUMERIC","3467374","3","IEC_62196_T2:22kW","2026-09-27T17:12:30.199Z","true","SOURCE_DUPLICATE_DIFFERENT_PRICING|SOURCE_REF_REUSED_ACROSS_LOCATIONS|COMPLEX_TIME_OR_DURATION_PRICING","122869f63c72132b","0","","5","0","2"
"1","FRHPCPNF080150","","4196646","NUMERIC","3483543","1","IEC_62196_T2_COMBO:460kW","2026-09-27T17:23:39.234Z","true","SOURCE_DUPLICATE_DIFFERENT_PRICING|SOURCE_REF_REUSED_ACROSS_LOCATIONS|COMPLEX_TIME_OR_DURATION_PRICING","dbc85e70fac8c254","0","","1","0","3"
"1","FRHPCPNF080150","","4196646","NUMERIC","3483544","1","CHADEMO:460kW","2026-09-27T17:23:39.234Z","true","SOURCE_DUPLICATE_DIFFERENT_PRICING|SOURCE_REF_REUSED_ACROSS_LOCATIONS|COMPLEX_TIME_OR_DURATION_PRICING","5fc0303a8562e353","0","","1","0","3"
"1","FRHPCPNF080150","","4196646","NUMERIC","3483547","1","IEC_62196_T2:22kW","2026-09-27T17:23:39.234Z","true","SOURCE_DUPLICATE_DIFFERENT_PRICING|SOURCE_REF_REUSED_ACROSS_LOCATIONS|COMPLEX_TIME_OR_DURATION_PRICING","122869f63c72132b","0","","1","0","3"
"1","FRHPCPNF080162","","4193707","NUMERIC","3474091","1","IEC_62196_T2_COMBO:460kW","2026-09-27T17:17:54.473Z","true","SOURCE_DUPLICATE_DIFFERENT_PRICING|SOURCE_REF_REUSED_ACROSS_LOCATIONS|COMPLEX_TIME_OR_DURATION_PRICING","dbc85e70fac8c254","0","","8","0","2"
"1","FRHPCPNF080162","","4193707","NUMERIC","3474093","1","IEC_62196_T2:22kW","2026-09-27T17:17:54.473Z","true","SOURCE_DUPLICATE_DIFFERENT_PRICING|SOURCE_REF_REUSED_ACROSS_LOCATIONS|COMPLEX_TIME_OR_DURATION_PRICING","122869f63c72132b","0","","8","0","2"
"1","FRHPCPNF080162","","4193707","NUMERIC","3474096","5","IEC_62196_T2_COMBO:460kW","2026-09-27T17:17:54.473Z","true","SOURCE_DUPLICATE_DIFFERENT_PRICING|SOURCE_REF_REUSED_ACROSS_LOCATIONS|COMPLEX_TIME_OR_DURATION_PRICING","dbc85e70fac8c254","0","","8","0","2"
"1","FRHPCPNF080162","","4193707","NUMERIC","3474097","5","IEC_62196_T2:22kW","2026-09-27T17:17:54.473Z","true","SOURCE_DUPLICATE_DIFFERENT_PRICING|SOURCE_REF_REUSED_ACROSS_LOCATIONS|COMPLEX_TIME_OR_DURATION_PRICING","122869f63c72132b","0","","8","0","2"
"1","FRHPCPNF080172TOTEM","","4193588","NUMERIC","3473721","1","IEC_62196_T2:44kW","2026-09-27T17:17:24.726Z","true","SOURCE_DUPLICATE_DIFFERENT_PRICING|SOURCE_REF_REUSED_ACROSS_LOCATIONS|COMPLEX_TIME_OR_DURATION_PRICING","af44c279366146a9","0","","8","0","3"
"1","FRHPCPNF080172TOTEM","","4193588","NUMERIC","3473722","1","IEC_62196_T2_COMBO:60kW","2026-09-27T17:17:24.726Z","true","SOURCE_DUPLICATE_DIFFERENT_PRICING|SOURCE_REF_REUSED_ACROSS_LOCATIONS|COMPLEX_TIME_OR_DURATION_PRICING","dc300e5acf3d0c0e","0","","8","0","3"
"1","FRHPCPNF080172TOTEM","","4193588","NUMERIC","3473723","1","CHADEMO:60kW","2026-09-27T17:17:24.726Z","true","SOURCE_DUPLICATE_DIFFERENT_PRICING|SOURCE_REF_REUSED_ACROSS_LOCATIONS|COMPLEX_TIME_OR_DURATION_PRICING","92473908ef1c28cd","0","","8","0","3"
"1","FRHPCPNF080172TOTEM","","4193588","NUMERIC","3473732","8","IEC_62196_T2:44kW","2026-09-27T17:17:24.726Z","true","SOURCE_DUPLICATE_DIFFERENT_PRICING|SOURCE_REF_REUSED_ACROSS_LOCATIONS|COMPLEX_TIME_OR_DURATION_PRICING","af44c279366146a9","0","","8","0","3"
"1","FRHPCPNF080172TOTEM","","4193588","NUMERIC","3473734","8","IEC_62196_T2_COMBO:60kW","2026-09-27T17:17:24.726Z","true","SOURCE_DUPLICATE_DIFFERENT_PRICING|SOURCE_REF_REUSED_ACROSS_LOCATIONS|COMPLEX_TIME_OR_DURATION_PRICING","dc300e5acf3d0c0e","0","","8","0","3"
"1","FRHPCPNF080172TOTEM","","4193588","NUMERIC","3473736","8","CHADEMO:60kW","2026-09-27T17:17:24.726Z","true","SOURCE_DUPLICATE_DIFFERENT_PRICING|SOURCE_REF_REUSED_ACROSS_LOCATIONS|COMPLEX_TIME_OR_DURATION_PRICING","92473908ef1c28cd","0","","8","0","3"
"1","FRHPCPNF080173TOTEM","","4192905","NUMERIC","3470075","1","IEC_62196_T2:44kW","2026-09-27T17:14:36.113Z","true","SOURCE_DUPLICATE_DIFFERENT_PRICING|SOURCE_REF_REUSED_ACROSS_LOCATIONS|COMPLEX_TIME_OR_DURATION_PRICING","af44c279366146a9","0","","4","0","3"
"1","FRHPCPNF080173TOTEM","","4192905","NUMERIC","3470076","1","IEC_62196_T2_COMBO:60kW","2026-09-27T17:14:36.113Z","true","SOURCE_DUPLICATE_DIFFERENT_PRICING|SOURCE_REF_REUSED_ACROSS_LOCATIONS|COMPLEX_TIME_OR_DURATION_PRICING","dc300e5acf3d0c0e","0","","4","0","3"
"1","FRHPCPNF080173TOTEM","","4192905","NUMERIC","3470077","1","CHADEMO:60kW","2026-09-27T17:14:36.113Z","true","SOURCE_DUPLICATE_DIFFERENT_PRICING|SOURCE_REF_REUSED_ACROSS_LOCATIONS|COMPLEX_TIME_OR_DURATION_PRICING","92473908ef1c28cd","0","","4","0","3"
"1","FRHPCPNF080173TOTEM","","4192905","NUMERIC","3470081","4","IEC_62196_T2:44kW","2026-09-27T17:14:36.113Z","true","SOURCE_DUPLICATE_DIFFERENT_PRICING|SOURCE_REF_REUSED_ACROSS_LOCATIONS|COMPLEX_TIME_OR_DURATION_PRICING","af44c279366146a9","0","","4","0","3"
"1","FRHPCPNF080173TOTEM","","4192905","NUMERIC","3470082","4","IEC_62196_T2_COMBO:60kW","2026-09-27T17:14:36.113Z","true","SOURCE_DUPLICATE_DIFFERENT_PRICING|SOURCE_REF_REUSED_ACROSS_LOCATIONS|COMPLEX_TIME_OR_DURATION_PRICING","dc300e5acf3d0c0e","0","","4","0","3"
"1","FRHPCPNF080173TOTEM","","4192905","NUMERIC","3470083","4","CHADEMO:60kW","2026-09-27T17:14:36.113Z","true","SOURCE_DUPLICATE_DIFFERENT_PRICING|SOURCE_REF_REUSED_ACROSS_LOCATIONS|COMPLEX_TIME_OR_DURATION_PRICING","92473908ef1c28cd","0","","4","0","3"
"1","FRHPCPNF080175TOTEM","","4193492","NUMERIC","3473256","1","IEC_62196_T2_COMBO:460kW","2026-09-27T17:17:08.238Z","true","SOURCE_DUPLICATE_DIFFERENT_PRICING|SOURCE_REF_REUSED_ACROSS_LOCATIONS|COMPLEX_TIME_OR_DURATION_PRICING","73cc744bbd85f528","0","","16","0","3"
"1","FRHPCPNF080175TOTEM","","4193492","NUMERIC","3473257","1","CHADEMO:460kW","2026-09-27T17:17:08.238Z","true","SOURCE_DUPLICATE_DIFFERENT_PRICING|SOURCE_REF_REUSED_ACROSS_LOCATIONS|COMPLEX_TIME_OR_DURATION_PRICING","64869e6e3859821e","0","","16","0","3"
"1","FRHPCPNF080175TOTEM","","4193492","NUMERIC","3473259","1","IEC_62196_T2:22kW","2026-09-27T17:17:08.238Z","true","SOURCE_DUPLICATE_DIFFERENT_PRICING|SOURCE_REF_REUSED_ACROSS_LOCATIONS|COMPLEX_TIME_OR_DURATION_PRICING","17e1d60383ce6b81","0","","16","0","3"
"1","FRHPCPNF080175TOTEM","","4193492","NUMERIC","3473269","10","IEC_62196_T2_COMBO:460kW","2026-09-27T17:17:08.238Z","true","SOURCE_DUPLICATE_DIFFERENT_PRICING|SOURCE_REF_REUSED_ACROSS_LOCATIONS|COMPLEX_TIME_OR_DURATION_PRICING","73cc744bbd85f528","0","","16","0","3"
"1","FRHPCPNF080175TOTEM","","4193492","NUMERIC","3473270","10","CHADEMO:460kW","2026-09-27T17:17:08.238Z","true","SOURCE_DUPLICATE_DIFFERENT_PRICING|SOURCE_REF_REUSED_ACROSS_LOCATIONS|COMPLEX_TIME_OR_DURATION_PRICING","64869e6e3859821e","0","","16","0","3"
"1","FRHPCPNF080175TOTEM","","4193492","NUMERIC","3473271","10","IEC_62196_T2:22kW","2026-09-27T17:17:08.238Z","true","SOURCE_DUPLICATE_DIFFERENT_PRICING|SOURCE_REF_REUSED_ACROSS_LOCATIONS|COMPLEX_TIME_OR_DURATION_PRICING","17e1d60383ce6b81","0","","16","0","3"
"1","FRHPCPNF080178","","4196071","NUMERIC","3481983","1","IEC_62196_T2_COMBO:460kW","2026-09-27T17:23:00.507Z","false","SOURCE_DUPLICATE_DIFFERENT_PRICING|SOURCE_REF_REUSED_ACROSS_LOCATIONS|COMPLEX_TIME_OR_DURATION_PRICING|NO_DETERMINISTIC_LOCAL_IRVE_MATCH|UNPUBLISHED_SOURCE_EVSE","dbc85e70fac8c254","0","","1","0","3"
"1","FRHPCPNF080178","","4196071","NUMERIC","3481984","1","CHADEMO:184kW","2026-09-27T17:23:00.507Z","false","SOURCE_DUPLICATE_DIFFERENT_PRICING|SOURCE_REF_REUSED_ACROSS_LOCATIONS|COMPLEX_TIME_OR_DURATION_PRICING|NO_DETERMINISTIC_LOCAL_IRVE_MATCH|UNPUBLISHED_SOURCE_EVSE","f556cb03067d27ad","0","","1","0","3"
"1","FRHPCPNF080178","","4196071","NUMERIC","3481985","1","IEC_62196_T2:22kW","2026-09-27T17:23:00.507Z","false","SOURCE_DUPLICATE_DIFFERENT_PRICING|SOURCE_REF_REUSED_ACROSS_LOCATIONS|COMPLEX_TIME_OR_DURATION_PRICING|NO_DETERMINISTIC_LOCAL_IRVE_MATCH|UNPUBLISHED_SOURCE_EVSE","122869f63c72132b","0","","1","0","3"
"1","FRHPCPNF080188","","4192702","NUMERIC","3468355","1","IEC_62196_T2:43kW","2026-09-27T17:13:21.654Z","false","SOURCE_DUPLICATE_DIFFERENT_PRICING|SOURCE_REF_REUSED_ACROSS_LOCATIONS|COMPLEX_TIME_OR_DURATION_PRICING|NO_DETERMINISTIC_LOCAL_IRVE_MATCH|UNPUBLISHED_SOURCE_EVSE","07ac1f8891d1eaee","0","","3","0","2"
"1","FRHPCPNF080188","","4192702","NUMERIC","3468356","1","IEC_62196_T2_COMBO:180kW","2026-09-27T17:13:21.654Z","false","SOURCE_DUPLICATE_DIFFERENT_PRICING|SOURCE_REF_REUSED_ACROSS_LOCATIONS|COMPLEX_TIME_OR_DURATION_PRICING|NO_DETERMINISTIC_LOCAL_IRVE_MATCH|UNPUBLISHED_SOURCE_EVSE","ad3209d6083f35eb","0","","3","0","2"
"1","FRHPCPNF080188","","4192702","NUMERIC","3468357","2","IEC_62196_T2:43kW","2026-09-27T17:13:21.654Z","false","SOURCE_DUPLICATE_DIFFERENT_PRICING|SOURCE_REF_REUSED_ACROSS_LOCATIONS|COMPLEX_TIME_OR_DURATION_PRICING|NO_DETERMINISTIC_LOCAL_IRVE_MATCH|UNPUBLISHED_SOURCE_EVSE","07ac1f8891d1eaee","0","","3","0","2"
"1","FRHPCPNF080188","","4192702","NUMERIC","3468358","2","IEC_62196_T2_COMBO:180kW","2026-09-27T17:13:21.654Z","false","SOURCE_DUPLICATE_DIFFERENT_PRICING|SOURCE_REF_REUSED_ACROSS_LOCATIONS|COMPLEX_TIME_OR_DURATION_PRICING|NO_DETERMINISTIC_LOCAL_IRVE_MATCH|UNPUBLISHED_SOURCE_EVSE","ad3209d6083f35eb","0","","3","0","2"
"1","FRHPCPNF080191","","4196679","NUMERIC","3483638","2","IEC_62196_T2_COMBO:460kW","2026-10-04T09:47:14.722Z","true","SOURCE_DUPLICATE_DIFFERENT_PRICING|SOURCE_REF_REUSED_ACROSS_LOCATIONS|COMPLEX_TIME_OR_DURATION_PRICING","5646b2342001a666","0","","4","0","2"
"1","FRHPCPNF080191","","4196679","NUMERIC","3483639","1","IEC_62196_T2:44kW","2026-10-04T09:47:14.722Z","true","SOURCE_DUPLICATE_DIFFERENT_PRICING|SOURCE_REF_REUSED_ACROSS_LOCATIONS|COMPLEX_TIME_OR_DURATION_PRICING","ea28f0c748778455","0","","4","0","2"
"1","FRHPCPNF080191","","4196679","NUMERIC","3483640","2","IEC_62196_T2:44kW","2026-10-04T09:47:14.722Z","true","SOURCE_DUPLICATE_DIFFERENT_PRICING|SOURCE_REF_REUSED_ACROSS_LOCATIONS|COMPLEX_TIME_OR_DURATION_PRICING","ea28f0c748778455","0","","4","0","2"
"1","FRHPCPNF080191","","4196679","NUMERIC","3483641","1","IEC_62196_T2_COMBO:460kW","2026-10-04T09:47:14.722Z","true","SOURCE_DUPLICATE_DIFFERENT_PRICING|SOURCE_REF_REUSED_ACROSS_LOCATIONS|COMPLEX_TIME_OR_DURATION_PRICING","5646b2342001a666","0","","4","0","2"
"1","FRHPCPNF080193TOTEMSA","","4195778","NUMERIC","3481207","1","IEC_62196_T2:44kW","2026-09-27T17:22:36.275Z","true","SOURCE_DUPLICATE_DIFFERENT_PRICING|SOURCE_REF_REUSED_ACROSS_LOCATIONS|COMPLEX_TIME_OR_DURATION_PRICING","f4196c69d94a0a69","0","","8","0","3"
"1","FRHPCPNF080193TOTEMSA","","4195778","NUMERIC","3481208","1","IEC_62196_T2_COMBO:60kW","2026-09-27T17:22:36.275Z","true","SOURCE_DUPLICATE_DIFFERENT_PRICING|SOURCE_REF_REUSED_ACROSS_LOCATIONS|COMPLEX_TIME_OR_DURATION_PRICING","f6893528e3999a3d","0","","8","0","3"
"1","FRHPCPNF080193TOTEMSA","","4195778","NUMERIC","3481209","1","CHADEMO:60kW","2026-09-27T17:22:36.275Z","true","SOURCE_DUPLICATE_DIFFERENT_PRICING|SOURCE_REF_REUSED_ACROSS_LOCATIONS|COMPLEX_TIME_OR_DURATION_PRICING","a82aa184a77b65e5","0","","8","0","3"
"1","FRHPCPNF080193TOTEMSA","","4195778","NUMERIC","3481217","8","IEC_62196_T2:44kW","2026-09-27T17:22:36.275Z","true","SOURCE_DUPLICATE_DIFFERENT_PRICING|SOURCE_REF_REUSED_ACROSS_LOCATIONS|COMPLEX_TIME_OR_DURATION_PRICING","f4196c69d94a0a69","0","","8","0","3"
"1","FRHPCPNF080193TOTEMSA","","4195778","NUMERIC","3481218","8","IEC_62196_T2_COMBO:60kW","2026-09-27T17:22:36.275Z","true","SOURCE_DUPLICATE_DIFFERENT_PRICING|SOURCE_REF_REUSED_ACROSS_LOCATIONS|COMPLEX_TIME_OR_DURATION_PRICING","f6893528e3999a3d","0","","8","0","3"
"1","FRHPCPNF080193TOTEMSA","","4195778","NUMERIC","3481220","8","CHADEMO:60kW","2026-09-27T17:22:36.275Z","true","SOURCE_DUPLICATE_DIFFERENT_PRICING|SOURCE_REF_REUSED_ACROSS_LOCATIONS|COMPLEX_TIME_OR_DURATION_PRICING","a82aa184a77b65e5","0","","8","0","3"
"1","FRHPCPNF080198","","4193394","NUMERIC","3472580","1","IEC_62196_T2_COMBO:190kW","2026-09-27T17:16:57.023Z","true","SOURCE_DUPLICATE_DIFFERENT_PRICING|SOURCE_REF_REUSED_ACROSS_LOCATIONS|COMPLEX_TIME_OR_DURATION_PRICING","dee9e023f60c8533","0","","4","0","3"
"1","FRHPCPNF080198","","4193394","NUMERIC","3472581","1","CHADEMO:100kW","2026-09-27T17:16:57.023Z","true","SOURCE_DUPLICATE_DIFFERENT_PRICING|SOURCE_REF_REUSED_ACROSS_LOCATIONS|COMPLEX_TIME_OR_DURATION_PRICING","0307c5f8e6e971df","0","","4","0","3"
"1","FRHPCPNF080198","","4193394","NUMERIC","3472582","1","IEC_62196_T2:22kW","2026-09-27T17:16:57.023Z","true","SOURCE_DUPLICATE_DIFFERENT_PRICING|SOURCE_REF_REUSED_ACROSS_LOCATIONS|COMPLEX_TIME_OR_DURATION_PRICING","122869f63c72132b","0","","4","0","3"
"1","FRHPCPNF080198","","4193394","NUMERIC","3472583","2","IEC_62196_T2_COMBO:475kW","2026-09-27T17:16:57.023Z","true","SOURCE_DUPLICATE_DIFFERENT_PRICING|SOURCE_REF_REUSED_ACROSS_LOCATIONS|COMPLEX_TIME_OR_DURATION_PRICING","d3dab8cdfaa09339","0","","4","0","3"
"1","FRHPCPNF080198","","4193394","NUMERIC","3472584","2","IEC_62196_T2:22kW","2026-09-27T17:16:57.023Z","true","SOURCE_DUPLICATE_DIFFERENT_PRICING|SOURCE_REF_REUSED_ACROSS_LOCATIONS|COMPLEX_TIME_OR_DURATION_PRICING","122869f63c72132b","0","","4","0","3"
"1","FRHPCPNF080198","","4193394","NUMERIC","3472585","2","CHADEMO:100kW","2026-09-27T17:16:57.023Z","true","SOURCE_DUPLICATE_DIFFERENT_PRICING|SOURCE_REF_REUSED_ACROSS_LOCATIONS|COMPLEX_TIME_OR_DURATION_PRICING","0307c5f8e6e971df","0","","4","0","3"
"1","FRHPCPNF080200TOTEM","","4193590","NUMERIC","3473733","1","IEC_62196_T2:43kW","2026-09-27T17:17:41.918Z","true","SOURCE_DUPLICATE_DIFFERENT_PRICING|SOURCE_REF_REUSED_ACROSS_LOCATIONS|COMPLEX_TIME_OR_DURATION_PRICING","1a21de66b3bc68b9","0","","4","0","3"
"1","FRHPCPNF080200TOTEM","","4193590","NUMERIC","3473735","1","IEC_62196_T2_COMBO:60kW","2026-09-27T17:17:41.918Z","true","SOURCE_DUPLICATE_DIFFERENT_PRICING|SOURCE_REF_REUSED_ACROSS_LOCATIONS|COMPLEX_TIME_OR_DURATION_PRICING","3fa9aae7400035a7","0","","4","0","3"
"1","FRHPCPNF080200TOTEM","","4193590","NUMERIC","3473737","1","CHADEMO:60kW","2026-09-27T17:17:41.918Z","true","SOURCE_DUPLICATE_DIFFERENT_PRICING|SOURCE_REF_REUSED_ACROSS_LOCATIONS|COMPLEX_TIME_OR_DURATION_PRICING","fe40a83747f58f03","0","","4","0","3"
"1","FRHPCPNF080200TOTEM","","4193590","NUMERIC","3473740","4","IEC_62196_T2:43kW","2026-09-27T17:17:41.918Z","true","SOURCE_DUPLICATE_DIFFERENT_PRICING|SOURCE_REF_REUSED_ACROSS_LOCATIONS|COMPLEX_TIME_OR_DURATION_PRICING","1a21de66b3bc68b9","0","","4","0","3"
"1","FRHPCPNF080200TOTEM","","4193590","NUMERIC","3473741","4","IEC_62196_T2_COMBO:60kW","2026-09-27T17:17:41.918Z","true","SOURCE_DUPLICATE_DIFFERENT_PRICING|SOURCE_REF_REUSED_ACROSS_LOCATIONS|COMPLEX_TIME_OR_DURATION_PRICING","3fa9aae7400035a7","0","","4","0","3"
"1","FRHPCPNF080200TOTEM","","4193590","NUMERIC","3473742","4","CHADEMO:60kW","2026-09-27T17:17:41.918Z","true","SOURCE_DUPLICATE_DIFFERENT_PRICING|SOURCE_REF_REUSED_ACROSS_LOCATIONS|COMPLEX_TIME_OR_DURATION_PRICING","fe40a83747f58f03","0","","4","0","3"
"1","FRHPCPNF080232","","4194592","NUMERIC","3477532","1","IEC_62196_T2:43kW","2026-09-27T17:21:11.517Z","false","SOURCE_DUPLICATE_DIFFERENT_PRICING|SOURCE_REF_REUSED_ACROSS_LOCATIONS|COMPLEX_TIME_OR_DURATION_PRICING|NO_DETERMINISTIC_LOCAL_IRVE_MATCH|UNPUBLISHED_SOURCE_EVSE","07ac1f8891d1eaee","0","","12","0","3"
"1","FRHPCPNF080232","","4194592","NUMERIC","3477533","1","IEC_62196_T2_COMBO:60kW","2026-09-27T17:21:11.517Z","false","SOURCE_DUPLICATE_DIFFERENT_PRICING|SOURCE_REF_REUSED_ACROSS_LOCATIONS|COMPLEX_TIME_OR_DURATION_PRICING|NO_DETERMINISTIC_LOCAL_IRVE_MATCH|UNPUBLISHED_SOURCE_EVSE","dc300e5acf3d0c0e","0","","12","0","3"
"1","FRHPCPNF080232","","4194592","NUMERIC","3477534","1","CHADEMO:60kW","2026-09-27T17:21:11.517Z","false","SOURCE_DUPLICATE_DIFFERENT_PRICING|SOURCE_REF_REUSED_ACROSS_LOCATIONS|COMPLEX_TIME_OR_DURATION_PRICING|NO_DETERMINISTIC_LOCAL_IRVE_MATCH|UNPUBLISHED_SOURCE_EVSE","92473908ef1c28cd","0","","12","0","3"
"1","FRHPCPNF080232","","4194592","NUMERIC","3477536","3","IEC_62196_T2_COMBO:460kW","2026-09-27T17:21:11.517Z","false","SOURCE_DUPLICATE_DIFFERENT_PRICING|SOURCE_REF_REUSED_ACROSS_LOCATIONS|COMPLEX_TIME_OR_DURATION_PRICING|NO_DETERMINISTIC_LOCAL_IRVE_MATCH|UNPUBLISHED_SOURCE_EVSE","dbc85e70fac8c254","0","","12","0","2"
"1","FRHPCPNF080232","","4194592","NUMERIC","3477537","3","IEC_62196_T2:22kW","2026-09-27T17:21:11.517Z","false","SOURCE_DUPLICATE_DIFFERENT_PRICING|SOURCE_REF_REUSED_ACROSS_LOCATIONS|COMPLEX_TIME_OR_DURATION_PRICING|NO_DETERMINISTIC_LOCAL_IRVE_MATCH|UNPUBLISHED_SOURCE_EVSE","122869f63c72132b","0","","12","0","2"
"1","FRHPCPNF080232","","4194592","NUMERIC","3477538","4","CHADEMO:460kW","2026-09-27T17:21:11.517Z","false","SOURCE_DUPLICATE_DIFFERENT_PRICING|SOURCE_REF_REUSED_ACROSS_LOCATIONS|COMPLEX_TIME_OR_DURATION_PRICING|NO_DETERMINISTIC_LOCAL_IRVE_MATCH|UNPUBLISHED_SOURCE_EVSE","5fc0303a8562e353","0","","12","0","2"
"1","FRHPCPNF080232","","4194592","NUMERIC","3477539","4","IEC_62196_T2_COMBO:460kW","2026-09-27T17:21:11.517Z","false","SOURCE_DUPLICATE_DIFFERENT_PRICING|SOURCE_REF_REUSED_ACROSS_LOCATIONS|COMPLEX_TIME_OR_DURATION_PRICING|NO_DETERMINISTIC_LOCAL_IRVE_MATCH|UNPUBLISHED_SOURCE_EVSE","dbc85e70fac8c254","0","","12","0","2"
"1","FRHPCPNF080234","","4193724","NUMERIC","3474196","1","IEC_62196_T2_COMBO:150kW","2026-09-27T17:18:00.273Z","true","SOURCE_DUPLICATE_DIFFERENT_PRICING|SOURCE_REF_REUSED_ACROSS_LOCATIONS|COMPLEX_TIME_OR_DURATION_PRICING","d81c2f9ca3ec5b6e","0","","16","0","3"
"1","FRHPCPNF080234","","4193724","NUMERIC","3474198","1","IEC_62196_T2:22kW","2026-09-27T17:18:00.273Z","true","SOURCE_DUPLICATE_DIFFERENT_PRICING|SOURCE_REF_REUSED_ACROSS_LOCATIONS|COMPLEX_TIME_OR_DURATION_PRICING","122869f63c72132b","0","","16","0","3"
"1","FRHPCPNF080234","","4193724","NUMERIC","3474200","1","CHADEMO:460kW","2026-09-27T17:18:00.273Z","true","SOURCE_DUPLICATE_DIFFERENT_PRICING|SOURCE_REF_REUSED_ACROSS_LOCATIONS|COMPLEX_TIME_OR_DURATION_PRICING","5fc0303a8562e353","0","","16","0","3"
"1","FRHPCPNF080234","","4193724","NUMERIC","3474213","8","IEC_62196_T2:22kW","2026-09-27T17:18:00.273Z","true","SOURCE_DUPLICATE_DIFFERENT_PRICING|SOURCE_REF_REUSED_ACROSS_LOCATIONS|COMPLEX_TIME_OR_DURATION_PRICING","122869f63c72132b","0","","16","0","3"
"1","FRHPCPNF080234","","4193724","NUMERIC","3474214","8","CHADEMO:460kW","2026-09-27T17:18:00.273Z","true","SOURCE_DUPLICATE_DIFFERENT_PRICING|SOURCE_REF_REUSED_ACROSS_LOCATIONS|COMPLEX_TIME_OR_DURATION_PRICING","5fc0303a8562e353","0","","16","0","3"
"1","FRHPCPNF080234","","4193724","NUMERIC","3474215","9","IEC_62196_T2_COMBO:460kW","2026-09-27T17:18:00.273Z","true","SOURCE_DUPLICATE_DIFFERENT_PRICING|SOURCE_REF_REUSED_ACROSS_LOCATIONS|COMPLEX_TIME_OR_DURATION_PRICING","dbc85e70fac8c254","0","","16","0","3"
"1","FRHPCPNF080234","","4193724","NUMERIC","3474216","9","IEC_62196_T2:22kW","2026-09-27T17:18:00.273Z","true","SOURCE_DUPLICATE_DIFFERENT_PRICING|SOURCE_REF_REUSED_ACROSS_LOCATIONS|COMPLEX_TIME_OR_DURATION_PRICING","122869f63c72132b","0","","16","0","3"
"1","FRHPCPNF080234","","4193724","NUMERIC","3474217","9","CHADEMO:460kW","2026-09-27T17:18:00.273Z","true","SOURCE_DUPLICATE_DIFFERENT_PRICING|SOURCE_REF_REUSED_ACROSS_LOCATIONS|COMPLEX_TIME_OR_DURATION_PRICING","5fc0303a8562e353","0","","16","0","3"
"1","FRHPCPNF080234","","4193724","NUMERIC","3474230","16","IEC_62196_T2_COMBO:150kW","2026-09-27T17:18:00.273Z","true","SOURCE_DUPLICATE_DIFFERENT_PRICING|SOURCE_REF_REUSED_ACROSS_LOCATIONS|COMPLEX_TIME_OR_DURATION_PRICING","d81c2f9ca3ec5b6e","0","","16","0","3"
"1","FRHPCPNF080234","","4193724","NUMERIC","3474232","16","IEC_62196_T2:22kW","2026-09-27T17:18:00.273Z","true","SOURCE_DUPLICATE_DIFFERENT_PRICING|SOURCE_REF_REUSED_ACROSS_LOCATIONS|COMPLEX_TIME_OR_DURATION_PRICING","122869f63c72132b","0","","16","0","3"
"1","FRHPCPNF080234","","4193724","NUMERIC","3474234","16","CHADEMO:100kW","2026-09-27T17:18:00.273Z","true","SOURCE_DUPLICATE_DIFFERENT_PRICING|SOURCE_REF_REUSED_ACROSS_LOCATIONS|COMPLEX_TIME_OR_DURATION_PRICING","0307c5f8e6e971df","0","","16","0","3"
"1","FRHPCPNF080234","","4193724","NUMERIC","3474235","8","IEC_62196_T2_COMBO:460kW","2026-09-27T17:18:00.273Z","true","SOURCE_DUPLICATE_DIFFERENT_PRICING|SOURCE_REF_REUSED_ACROSS_LOCATIONS|COMPLEX_TIME_OR_DURATION_PRICING","dbc85e70fac8c254","0","","16","0","3"
"1","FRHPCPNF080259","","4203809","NUMERIC","3499821","3","IEC_62196_T2_COMBO:300kW","2026-09-27T17:27:57.366Z","true","SOURCE_DUPLICATE_DIFFERENT_PRICING|SOURCE_REF_REUSED_ACROSS_LOCATIONS|COMPLEX_TIME_OR_DURATION_PRICING","b7e895de3b04249f","0","","4","0","3"
"1","FRHPCPNF080259","","4203809","NUMERIC","3499823","3","CHADEMO:100kW","2026-09-27T17:27:57.366Z","true","SOURCE_DUPLICATE_DIFFERENT_PRICING|SOURCE_REF_REUSED_ACROSS_LOCATIONS|COMPLEX_TIME_OR_DURATION_PRICING","f76e025cd9d39da0","0","","4","0","3"
"1","FRHPCPNF080259","","4203809","NUMERIC","3499826","3","IEC_62196_T2:22kW","2026-09-27T17:27:57.366Z","true","SOURCE_DUPLICATE_DIFFERENT_PRICING|SOURCE_REF_REUSED_ACROSS_LOCATIONS|COMPLEX_TIME_OR_DURATION_PRICING","17e1d60383ce6b81","0","","4","0","3"
"1","FRHPCPNF080259","","4203809","NUMERIC","3499830","4","IEC_62196_T2_COMBO:300kW","2026-09-27T17:27:57.366Z","true","SOURCE_DUPLICATE_DIFFERENT_PRICING|SOURCE_REF_REUSED_ACROSS_LOCATIONS|COMPLEX_TIME_OR_DURATION_PRICING","b7e895de3b04249f","0","","4","0","3"
"1","FRHPCPNF080259","","4203809","NUMERIC","3499832","4","CHADEMO:100kW","2026-09-27T17:27:57.366Z","true","SOURCE_DUPLICATE_DIFFERENT_PRICING|SOURCE_REF_REUSED_ACROSS_LOCATIONS|COMPLEX_TIME_OR_DURATION_PRICING","f76e025cd9d39da0","0","","4","0","3"
"1","FRHPCPNF080259","","4203809","NUMERIC","3499835","4","IEC_62196_T2:22kW","2026-09-27T17:27:57.366Z","true","SOURCE_DUPLICATE_DIFFERENT_PRICING|SOURCE_REF_REUSED_ACROSS_LOCATIONS|COMPLEX_TIME_OR_DURATION_PRICING","17e1d60383ce6b81","0","","4","0","3"
"1","FRHPCPNF080260","","4193350","NUMERIC","3472570","7","IEC_62196_T2_COMBO:460kW","2026-09-27T17:16:43.161Z","true","SOURCE_DUPLICATE_DIFFERENT_PRICING|SOURCE_REF_REUSED_ACROSS_LOCATIONS|COMPLEX_TIME_OR_DURATION_PRICING","dbc85e70fac8c254","0","","8","0","2"
"1","FRHPCPNF080260","","4193350","NUMERIC","3472571","7","IEC_62196_T2:22kW","2026-09-27T17:16:43.161Z","true","SOURCE_DUPLICATE_DIFFERENT_PRICING|SOURCE_REF_REUSED_ACROSS_LOCATIONS|COMPLEX_TIME_OR_DURATION_PRICING","122869f63c72132b","0","","8","0","2"
"1","FRHPCPNF080260","","4193350","NUMERIC","3472572","8","CHADEMO:460kW","2026-09-27T17:16:43.161Z","true","SOURCE_DUPLICATE_DIFFERENT_PRICING|SOURCE_REF_REUSED_ACROSS_LOCATIONS|COMPLEX_TIME_OR_DURATION_PRICING","5fc0303a8562e353","0","","8","0","2"
"1","FRHPCPNF080260","","4193350","NUMERIC","3472573","8","IEC_62196_T2_COMBO:460kW","2026-09-27T17:16:43.161Z","true","SOURCE_DUPLICATE_DIFFERENT_PRICING|SOURCE_REF_REUSED_ACROSS_LOCATIONS|COMPLEX_TIME_OR_DURATION_PRICING","dbc85e70fac8c254","0","","8","0","2"
"1","FRHPCPNF080261","","4194607","NUMERIC","3477571","1","IEC_62196_T2:43kW","2026-09-27T17:21:14.492Z","true","SOURCE_DUPLICATE_DIFFERENT_PRICING|SOURCE_REF_REUSED_ACROSS_LOCATIONS|COMPLEX_TIME_OR_DURATION_PRICING","d6c30fa092af7989","0","","8","0","3"
"1","FRHPCPNF080261","","4194607","NUMERIC","3477572","1","IEC_62196_T2_COMBO:60kW","2026-09-27T17:21:14.492Z","true","SOURCE_DUPLICATE_DIFFERENT_PRICING|SOURCE_REF_REUSED_ACROSS_LOCATIONS|COMPLEX_TIME_OR_DURATION_PRICING","f6893528e3999a3d","0","","8","0","3"
"1","FRHPCPNF080261","","4194607","NUMERIC","3477573","1","CHADEMO:60kW","2026-09-27T17:21:14.492Z","true","SOURCE_DUPLICATE_DIFFERENT_PRICING|SOURCE_REF_REUSED_ACROSS_LOCATIONS|COMPLEX_TIME_OR_DURATION_PRICING","a82aa184a77b65e5","0","","8","0","3"
"1","FRHPCPNF080261","","4194607","NUMERIC","3477576","4","IEC_62196_T2:43kW","2026-09-27T17:21:14.492Z","true","SOURCE_DUPLICATE_DIFFERENT_PRICING|SOURCE_REF_REUSED_ACROSS_LOCATIONS|COMPLEX_TIME_OR_DURATION_PRICING","d6c30fa092af7989","0","","8","0","3"
"1","FRHPCPNF080261","","4194607","NUMERIC","3477577","4","IEC_62196_T2_COMBO:60kW","2026-09-27T17:21:14.492Z","true","SOURCE_DUPLICATE_DIFFERENT_PRICING|SOURCE_REF_REUSED_ACROSS_LOCATIONS|COMPLEX_TIME_OR_DURATION_PRICING","f6893528e3999a3d","0","","8","0","3"
"1","FRHPCPNF080261","","4194607","NUMERIC","3477578","4","CHADEMO:60kW","2026-09-27T17:21:14.492Z","true","SOURCE_DUPLICATE_DIFFERENT_PRICING|SOURCE_REF_REUSED_ACROSS_LOCATIONS|COMPLEX_TIME_OR_DURATION_PRICING","a82aa184a77b65e5","0","","8","0","3"
"1","FRHPCPNF080266TOTEM","","4193020","NUMERIC","3470618","6","IEC_62196_T2:43kW","2026-09-27T17:15:21.098Z","true","SOURCE_DUPLICATE_DIFFERENT_PRICING|SOURCE_REF_REUSED_ACROSS_LOCATIONS|COMPLEX_TIME_OR_DURATION_PRICING","07ac1f8891d1eaee","0","","9","0","3"
