locationId,stationName,city,evseId,connectorId,powerW,tariffIds,decision,reasons,source
GBCPIL7379475,EVIELIFE ROWHILL GRANGE,Dartford,GBCPIE7379475*1,GBCPIP7379475*1*1259,22080,NLCPIT2tjJ*K*0,verification_requise_ne_pas_promouvoir_comme_payg_valide,ocpi_tariff_type_unspecified_valid_for_all_sessions_not_payg_checkout_proof;ocpi_vat_unspecified_20pct_derivation_not_operator_verified,Eco-Movement ChargePoint PCPR CPO OCPI 2.2.1
GBCPIL7379475,EVIELIFE ROWHILL GRANGE,Dartford,GBCPIE7379475*2,GBCPIP7379475*2*1259,22080,NLCPIT2tjJ*K*0,verification_requise_ne_pas_promouvoir_comme_payg_valide,ocpi_tariff_type_unspecified_valid_for_all_sessions_not_payg_checkout_proof;ocpi_vat_unspecified_20pct_derivation_not_operator_verified,Eco-Movement ChargePoint PCPR CPO OCPI 2.2.1
GBCPIL7418135,EVIELIFE HORNSBURY MILL,chard,GBCPIE7418135*1,GBCPIP7418135*1*1259,22080,NLCPIT2tjJ*K*0,verification_requise_ne_pas_promouvoir_comme_payg_valide,ocpi_tariff_type_unspecified_valid_for_all_sessions_not_payg_checkout_proof;ocpi_vat_unspecified_20pct_derivation_not_operator_verified,Eco-Movement ChargePoint PCPR CPO OCPI 2.2.1
GBCPIL7418135,EVIELIFE HORNSBURY MILL,chard,GBCPIE7418135*2,GBCPIP7418135*2*1259,22080,NLCPIT2tjJ*K*0,verification_requise_ne_pas_promouvoir_comme_payg_valide,ocpi_tariff_type_unspecified_valid_for_all_sessions_not_payg_checkout_proof;ocpi_vat_unspecified_20pct_derivation_not_operator_verified,Eco-Movement ChargePoint PCPR CPO OCPI 2.2.1
GBCPIL6476245,CP NETWORK UK CP6K HQ 02,Theale,GBCPIE6911855*2,GBCPIP6911855*2*1259,22080,NLCPITbHN*b*0,verification_requise_ne_pas_promouvoir_comme_payg_valide,ocpi_tariff_type_unspecified_valid_for_all_sessions_not_payg_checkout_proof;ocpi_vat_unspecified_20pct_derivation_not_operator_verified,Eco-Movement ChargePoint PCPR CPO OCPI 2.2.1
GBCPIL6476245,CP NETWORK UK CP6K HQ 02,Theale,GBCPIE6476245*1,GBCPIP6476245*1*231,22000,NLCPIT2QP*1*0,tarif_indisponible,foreign_currency_tariff;ocpi_tariff_type_unspecified_valid_for_all_sessions_not_payg_checkout_proof;ocpi_vat_unspecified_20pct_derivation_not_operator_verified,Eco-Movement ChargePoint PCPR CPO OCPI 2.2.1
GBCPIL6476245,CP NETWORK UK CP6K HQ 02,Theale,GBCPIE6500755*1,GBCPIP6500755*1*209,125000,NLCPITbHX*N*0,verification_requise_ne_pas_promouvoir_comme_payg_valide,ocpi_tariff_type_unspecified_valid_for_all_sessions_not_payg_checkout_proof;ocpi_vat_unspecified_20pct_derivation_not_operator_verified,Eco-Movement ChargePoint PCPR CPO OCPI 2.2.1
GBCPIL6476245,CP NETWORK UK CP6K HQ 02,Theale,GBCPIE6500755*1,GBCPIP6500755*1*17,125000,NLCPITbHX*N*0,verification_requise_ne_pas_promouvoir_comme_payg_valide,ocpi_tariff_type_unspecified_valid_for_all_sessions_not_payg_checkout_proof;ocpi_vat_unspecified_20pct_derivation_not_operator_verified,Eco-Movement ChargePoint PCPR CPO OCPI 2.2.1
GBCPIL6476245,CP NETWORK UK CP6K HQ 02,Theale,GBCPIE6500765*1,GBCPIP6500765*1*209,125000,NLCPITbHX*N*0,verification_requise_ne_pas_promouvoir_comme_payg_valide,ocpi_tariff_type_unspecified_valid_for_all_sessions_not_payg_checkout_proof;ocpi_vat_unspecified_20pct_derivation_not_operator_verified,Eco-Movement ChargePoint PCPR CPO OCPI 2.2.1
GBCPIL6476245,CP NETWORK UK CP6K HQ 02,Theale,GBCPIE6500765*1,GBCPIP6500765*1*17,125000,NLCPITbHX*N*0,verification_requise_ne_pas_promouvoir_comme_payg_valide,ocpi_tariff_type_unspecified_valid_for_all_sessions_not_payg_checkout_proof;ocpi_vat_unspecified_20pct_derivation_not_operator_verified,Eco-Movement ChargePoint PCPR CPO OCPI 2.2.1
GBCPIL6476245,CP NETWORK UK CP6K HQ 02,Theale,GBCPIE6911855*1,GBCPIP6911855*1*1259,22080,NLCPITbHN*b*0,verification_requise_ne_pas_promouvoir_comme_payg_valide,ocpi_tariff_type_unspecified_valid_for_all_sessions_not_payg_checkout_proof;ocpi_vat_unspecified_20pct_derivation_not_operator_verified,Eco-Movement ChargePoint PCPR CPO OCPI 2.2.1
GBCPIL7401915,EVIELIFE UPHOLLAND 1,Up Holland,GBCPIE7401915*1,GBCPIP7401915*1*1259,22080,NLCPIT2tjJ*K*0,verification_requise_ne_pas_promouvoir_comme_payg_valide,ocpi_tariff_type_unspecified_valid_for_all_sessions_not_payg_checkout_proof;ocpi_vat_unspecified_20pct_derivation_not_operator_verified,Eco-Movement ChargePoint PCPR CPO OCPI 2.2.1
GBCPIL7401915,EVIELIFE UPHOLLAND 1,Up Holland,GBCPIE7401915*2,GBCPIP7401915*2*1259,22080,NLCPIT2tjJ*K*0,verification_requise_ne_pas_promouvoir_comme_payg_valide,ocpi_tariff_type_unspecified_valid_for_all_sessions_not_payg_checkout_proof;ocpi_vat_unspecified_20pct_derivation_not_operator_verified,Eco-Movement ChargePoint PCPR CPO OCPI 2.2.1
GBCPIL7408435,MEPC MILTON PAR BEE HOUSE,Milton,GBCPIE7408435*1,GBCPIP7408435*1*47,50000,NLCPIT2QP*1*0,tarif_indisponible,foreign_currency_tariff;ocpi_tariff_type_unspecified_valid_for_all_sessions_not_payg_checkout_proof;ocpi_vat_unspecified_20pct_derivation_not_operator_verified,Eco-Movement ChargePoint PCPR CPO OCPI 2.2.1
GBCPIL7408435,MEPC MILTON PAR BEE HOUSE,Milton,GBCPIE7408435*1,GBCPIP7408435*1*217,50000,NLCPIT2QP*1*0,tarif_indisponible,foreign_currency_tariff;ocpi_tariff_type_unspecified_valid_for_all_sessions_not_payg_checkout_proof;ocpi_vat_unspecified_20pct_derivation_not_operator_verified,Eco-Movement ChargePoint PCPR CPO OCPI 2.2.1
GBCPIL6948875,HULL UNIVERSITY STATION 12,Kingston upon Hull,GBCPIE6948875*1,GBCPIP6948875*1*1258,22080,NLCPIT2BXn*8*0,verification_requise_ne_pas_promouvoir_comme_payg_valide,ocpi_tariff_type_unspecified_valid_for_all_sessions_not_payg_checkout_proof;ocpi_vat_unspecified_20pct_derivation_not_operator_verified,Eco-Movement ChargePoint PCPR CPO OCPI 2.2.1
GBCPIL6948875,HULL UNIVERSITY STATION 12,Kingston upon Hull,GBCPIE6948875*2,GBCPIP6948875*2*1258,22080,NLCPIT2BXn*8*0,verification_requise_ne_pas_promouvoir_comme_payg_valide,ocpi_tariff_type_unspecified_valid_for_all_sessions_not_payg_checkout_proof;ocpi_vat_unspecified_20pct_derivation_not_operator_verified,Eco-Movement ChargePoint PCPR CPO OCPI 2.2.1
GBCPIL6948875,HULL UNIVERSITY STATION 12,Kingston upon Hull,GBCPIE6948865*1,GBCPIP6948865*1*1258,22080,NLCPIT2BXn*8*0,verification_requise_ne_pas_promouvoir_comme_payg_valide,ocpi_tariff_type_unspecified_valid_for_all_sessions_not_payg_checkout_proof;ocpi_vat_unspecified_20pct_derivation_not_operator_verified,Eco-Movement ChargePoint PCPR CPO OCPI 2.2.1
GBCPIL6948875,HULL UNIVERSITY STATION 12,Kingston upon Hull,GBCPIE6948865*2,GBCPIP6948865*2*1258,22080,NLCPIT2BXn*8*0,verification_requise_ne_pas_promouvoir_comme_payg_valide,ocpi_tariff_type_unspecified_valid_for_all_sessions_not_payg_checkout_proof;ocpi_vat_unspecified_20pct_derivation_not_operator_verified,Eco-Movement ChargePoint PCPR CPO OCPI 2.2.1
GBCPIL6555705,NAV HOUSE NAV HOUSE PUBLI,Harwich,GBCPIE6555705*1,GBCPIP6555705*1*84,22000,NLCPIT1ZXz*D*0,verification_requise_ne_pas_promouvoir_comme_payg_valide,ocpi_tariff_type_unspecified_valid_for_all_sessions_not_payg_checkout_proof;ocpi_vat_unspecified_20pct_derivation_not_operator_verified,Eco-Movement ChargePoint PCPR CPO OCPI 2.2.1
GBCPIL6555705,NAV HOUSE NAV HOUSE PUBLI,Harwich,GBCPIE6555705*2,GBCPIP6555705*2*84,22000,NLCPIT1ZXz*D*0,verification_requise_ne_pas_promouvoir_comme_payg_valide,ocpi_tariff_type_unspecified_valid_for_all_sessions_not_payg_checkout_proof;ocpi_vat_unspecified_20pct_derivation_not_operator_verified,Eco-Movement ChargePoint PCPR CPO OCPI 2.2.1
GBCPIL6782025,BV STATION 07,Bicester,GBCPIE6782025*1,GBCPIP6782025*1*1259,22080,NLCPIT2AJz*2*0,verification_requise_ne_pas_promouvoir_comme_payg_valide,ocpi_tariff_type_unspecified_valid_for_all_sessions_not_payg_checkout_proof;ocpi_vat_unspecified_20pct_derivation_not_operator_verified,Eco-Movement ChargePoint PCPR CPO OCPI 2.2.1
GBCPIL6782025,BV STATION 07,Bicester,GBCPIE6782025*2,GBCPIP6782025*2*1259,22080,NLCPIT2AJz*2*0,verification_requise_ne_pas_promouvoir_comme_payg_valide,ocpi_tariff_type_unspecified_valid_for_all_sessions_not_payg_checkout_proof;ocpi_vat_unspecified_20pct_derivation_not_operator_verified,Eco-Movement ChargePoint PCPR CPO OCPI 2.2.1
GBCPIL6782025,BV STATION 07,Bicester,GBCPIE6777245*1,GBCPIP6777245*1*1259,22080,NLCPIT2AJz*2*0,verification_requise_ne_pas_promouvoir_comme_payg_valide,ocpi_tariff_type_unspecified_valid_for_all_sessions_not_payg_checkout_proof;ocpi_vat_unspecified_20pct_derivation_not_operator_verified,Eco-Movement ChargePoint PCPR CPO OCPI 2.2.1
GBCPIL6782025,BV STATION 07,Bicester,GBCPIE6777245*2,GBCPIP6777245*2*1259,22080,NLCPIT2AJz*2*0,verification_requise_ne_pas_promouvoir_comme_payg_valide,ocpi_tariff_type_unspecified_valid_for_all_sessions_not_payg_checkout_proof;ocpi_vat_unspecified_20pct_derivation_not_operator_verified,Eco-Movement ChargePoint PCPR CPO OCPI 2.2.1
GBCPIL6623115,BEAVERBROOK BEAVERBROOK 2,Leatherhead,GBCPIE6623105*1,GBCPIP6623105*1*84,22000,NLCPIT1k0r*3*0,verification_requise_ne_pas_promouvoir_comme_payg_valide,ocpi_tariff_type_unspecified_valid_for_all_sessions_not_payg_checkout_proof;ocpi_vat_unspecified_20pct_derivation_not_operator_verified,Eco-Movement ChargePoint PCPR CPO OCPI 2.2.1
GBCPIL6623115,BEAVERBROOK BEAVERBROOK 2,Leatherhead,GBCPIE6623105*2,GBCPIP6623105*2*84,22000,NLCPIT1k0r*3*0,verification_requise_ne_pas_promouvoir_comme_payg_valide,ocpi_tariff_type_unspecified_valid_for_all_sessions_not_payg_checkout_proof;ocpi_vat_unspecified_20pct_derivation_not_operator_verified,Eco-Movement ChargePoint PCPR CPO OCPI 2.2.1
GBCPIL6623115,BEAVERBROOK BEAVERBROOK 2,Leatherhead,GBCPIE6623115*1,GBCPIP6623115*1*84,22000,NLCPIT1k0r*3*0,verification_requise_ne_pas_promouvoir_comme_payg_valide,ocpi_tariff_type_unspecified_valid_for_all_sessions_not_payg_checkout_proof;ocpi_vat_unspecified_20pct_derivation_not_operator_verified,Eco-Movement ChargePoint PCPR CPO OCPI 2.2.1
GBCPIL6623115,BEAVERBROOK BEAVERBROOK 2,Leatherhead,GBCPIE6623115*2,GBCPIP6623115*2*84,22000,NLCPIT1k0r*3*0,verification_requise_ne_pas_promouvoir_comme_payg_valide,ocpi_tariff_type_unspecified_valid_for_all_sessions_not_payg_checkout_proof;ocpi_vat_unspecified_20pct_derivation_not_operator_verified,Eco-Movement ChargePoint PCPR CPO OCPI 2.2.1
GBCPIL6715725,GARRICK RD STATION 1,London,GBCPIE6715725*2,GBCPIP6715725*2*1258,22080,NLCPIT2gBJ*4*0,verification_requise_ne_pas_promouvoir_comme_payg_valide,ocpi_tariff_type_unspecified_valid_for_all_sessions_not_payg_checkout_proof;ocpi_vat_unspecified_20pct_derivation_not_operator_verified,Eco-Movement ChargePoint PCPR CPO OCPI 2.2.1
GBCPIL6715725,GARRICK RD STATION 1,London,GBCPIE6715615*1,GBCPIP6715615*1*1258,22080,NLCPIT2gBJ*4*0,verification_requise_ne_pas_promouvoir_comme_payg_valide,ocpi_tariff_type_unspecified_valid_for_all_sessions_not_payg_checkout_proof;ocpi_vat_unspecified_20pct_derivation_not_operator_verified,Eco-Movement ChargePoint PCPR CPO OCPI 2.2.1
GBCPIL6715725,GARRICK RD STATION 1,London,GBCPIE6715615*2,GBCPIP6715615*2*1258,22080,NLCPIT2gBJ*4*0,verification_requise_ne_pas_promouvoir_comme_payg_valide,ocpi_tariff_type_unspecified_valid_for_all_sessions_not_payg_checkout_proof;ocpi_vat_unspecified_20pct_derivation_not_operator_verified,Eco-Movement ChargePoint PCPR CPO OCPI 2.2.1
GBCPIL6715725,GARRICK RD STATION 1,London,GBCPIE6715705*1,GBCPIP6715705*1*1258,22080,NLCPIT2gBJ*4*0,verification_requise_ne_pas_promouvoir_comme_payg_valide,ocpi_tariff_type_unspecified_valid_for_all_sessions_not_payg_checkout_proof;ocpi_vat_unspecified_20pct_derivation_not_operator_verified,Eco-Movement ChargePoint PCPR CPO OCPI 2.2.1
GBCPIL6715725,GARRICK RD STATION 1,London,GBCPIE6715705*2,GBCPIP6715705*2*1258,22080,NLCPIT2gBJ*4*0,verification_requise_ne_pas_promouvoir_comme_payg_valide,ocpi_tariff_type_unspecified_valid_for_all_sessions_not_payg_checkout_proof;ocpi_vat_unspecified_20pct_derivation_not_operator_verified,Eco-Movement ChargePoint PCPR CPO OCPI 2.2.1
GBCPIL6715725,GARRICK RD STATION 1,London,GBCPIE6715715*1,GBCPIP6715715*1*1258,22080,NLCPIT2gBJ*4*0,verification_requise_ne_pas_promouvoir_comme_payg_valide,ocpi_tariff_type_unspecified_valid_for_all_sessions_not_payg_checkout_proof;ocpi_vat_unspecified_20pct_derivation_not_operator_verified,Eco-Movement ChargePoint PCPR CPO OCPI 2.2.1
GBCPIL6715725,GARRICK RD STATION 1,London,GBCPIE6715715*2,GBCPIP6715715*2*1258,22080,NLCPIT2gBJ*4*0,verification_requise_ne_pas_promouvoir_comme_payg_valide,ocpi_tariff_type_unspecified_valid_for_all_sessions_not_payg_checkout_proof;ocpi_vat_unspecified_20pct_derivation_not_operator_verified,Eco-Movement ChargePoint PCPR CPO OCPI 2.2.1
GBCPIL6715725,GARRICK RD STATION 1,London,GBCPIE6715725*1,GBCPIP6715725*1*1258,22080,NLCPIT2gBJ*4*0,verification_requise_ne_pas_promouvoir_comme_payg_valide,ocpi_tariff_type_unspecified_valid_for_all_sessions_not_payg_checkout_proof;ocpi_vat_unspecified_20pct_derivation_not_operator_verified,Eco-Movement ChargePoint PCPR CPO OCPI 2.2.1
GBCPIL6583615,COUNTY MALL COUNTY MALL 2,Crawley,GBCPIE6583615*1,GBCPIP6583615*1*82,22000,NLCPIT1eBt*3*0,verification_requise_ne_pas_promouvoir_comme_payg_valide,ocpi_tariff_type_unspecified_valid_for_all_sessions_not_payg_checkout_proof;ocpi_vat_unspecified_20pct_derivation_not_operator_verified,Eco-Movement ChargePoint PCPR CPO OCPI 2.2.1
GBCPIL6583615,COUNTY MALL COUNTY MALL 2,Crawley,GBCPIE6583615*2,GBCPIP6583615*2*82,22000,NLCPIT1eBt*3*0,verification_requise_ne_pas_promouvoir_comme_payg_valide,ocpi_tariff_type_unspecified_valid_for_all_sessions_not_payg_checkout_proof;ocpi_vat_unspecified_20pct_derivation_not_operator_verified,Eco-Movement ChargePoint PCPR CPO OCPI 2.2.1
GBCPIL7423025,HH-EVC SIDMOUTH 1,Sidmouth,GBCPIE7423025*1,GBCPIP7423025*1*1258,22080,NLCPIT3DR5*8*0,verification_requise_ne_pas_promouvoir_comme_payg_valide,ocpi_tariff_type_unspecified_valid_for_all_sessions_not_payg_checkout_proof;ocpi_vat_unspecified_20pct_derivation_not_operator_verified,Eco-Movement ChargePoint PCPR CPO OCPI 2.2.1
GBCPIL7423025,HH-EVC SIDMOUTH 1,Sidmouth,GBCPIE7423025*2,GBCPIP7423025*2*1258,22080,NLCPIT3DR5*8*0,verification_requise_ne_pas_promouvoir_comme_payg_valide,ocpi_tariff_type_unspecified_valid_for_all_sessions_not_payg_checkout_proof;ocpi_vat_unspecified_20pct_derivation_not_operator_verified,Eco-Movement ChargePoint PCPR CPO OCPI 2.2.1
GBCPIL7315615,WATERSIDE TREGOAD - SALES,Looe,GBCPIE7315615*1,GBCPIP7315615*1*231,22000,NLCPIT3CaL*6*0,verification_requise_ne_pas_promouvoir_comme_payg_valide,ocpi_tariff_type_unspecified_valid_for_all_sessions_not_payg_checkout_proof;ocpi_vat_unspecified_20pct_derivation_not_operator_verified,Eco-Movement ChargePoint PCPR CPO OCPI 2.2.1
GBCPIL7379715,HH-EVC BEACH CLUB 1,salcombe,GBCPIE7379695*1,GBCPIP7379695*1*1258,22080,NLCPIT3DR5*8*0,verification_requise_ne_pas_promouvoir_comme_payg_valide,ocpi_tariff_type_unspecified_valid_for_all_sessions_not_payg_checkout_proof;ocpi_vat_unspecified_20pct_derivation_not_operator_verified,Eco-Movement ChargePoint PCPR CPO OCPI 2.2.1
GBCPIL7379715,HH-EVC BEACH CLUB 1,salcombe,GBCPIE7379695*2,GBCPIP7379695*2*1258,22080,NLCPIT3DR5*8*0,verification_requise_ne_pas_promouvoir_comme_payg_valide,ocpi_tariff_type_unspecified_valid_for_all_sessions_not_payg_checkout_proof;ocpi_vat_unspecified_20pct_derivation_not_operator_verified,Eco-Movement ChargePoint PCPR CPO OCPI 2.2.1
GBCPIL7379715,HH-EVC BEACH CLUB 1,salcombe,GBCPIE7379715*1,GBCPIP7379715*1*1258,22080,NLCPIT3DR5*8*0,verification_requise_ne_pas_promouvoir_comme_payg_valide,ocpi_tariff_type_unspecified_valid_for_all_sessions_not_payg_checkout_proof;ocpi_vat_unspecified_20pct_derivation_not_operator_verified,Eco-Movement ChargePoint PCPR CPO OCPI 2.2.1
GBCPIL7379715,HH-EVC BEACH CLUB 1,salcombe,GBCPIE7379715*2,GBCPIP7379715*2*1258,22080,NLCPIT3DR5*8*0,verification_requise_ne_pas_promouvoir_comme_payg_valide,ocpi_tariff_type_unspecified_valid_for_all_sessions_not_payg_checkout_proof;ocpi_vat_unspecified_20pct_derivation_not_operator_verified,Eco-Movement ChargePoint PCPR CPO OCPI 2.2.1
GBCPIL6527885,THE AA NEWCASTLE 2,Newcastle upon Tyne,GBCPIE6527885*1,GBCPIP6527885*1*82,22000,NLCPIT2QP*1*0,tarif_indisponible,foreign_currency_tariff;ocpi_tariff_type_unspecified_valid_for_all_sessions_not_payg_checkout_proof;ocpi_vat_unspecified_20pct_derivation_not_operator_verified,Eco-Movement ChargePoint PCPR CPO OCPI 2.2.1
GBCPIL6527885,THE AA NEWCASTLE 2,Newcastle upon Tyne,GBCPIE6527885*2,GBCPIP6527885*2*82,22000,NLCPIT2QP*1*0,tarif_indisponible,foreign_currency_tariff;ocpi_tariff_type_unspecified_valid_for_all_sessions_not_payg_checkout_proof;ocpi_vat_unspecified_20pct_derivation_not_operator_verified,Eco-Movement ChargePoint PCPR CPO OCPI 2.2.1
GBCPIL6527885,THE AA NEWCASTLE 2,Newcastle upon Tyne,GBCPIE6507855*1,GBCPIP6507855*1*82,22000,NLCPIT2QP*1*0,tarif_indisponible,foreign_currency_tariff;ocpi_tariff_type_unspecified_valid_for_all_sessions_not_payg_checkout_proof;ocpi_vat_unspecified_20pct_derivation_not_operator_verified,Eco-Movement ChargePoint PCPR CPO OCPI 2.2.1
GBCPIL6527885,THE AA NEWCASTLE 2,Newcastle upon Tyne,GBCPIE6507855*2,GBCPIP6507855*2*82,22000,NLCPIT2QP*1*0,tarif_indisponible,foreign_currency_tariff;ocpi_tariff_type_unspecified_valid_for_all_sessions_not_payg_checkout_proof;ocpi_vat_unspecified_20pct_derivation_not_operator_verified,Eco-Movement ChargePoint PCPR CPO OCPI 2.2.1
GBCPIL6527885,THE AA NEWCASTLE 2,Newcastle upon Tyne,GBCPIE6527875*1,GBCPIP6527875*1*82,22000,NLCPIT2QP*1*0,tarif_indisponible,foreign_currency_tariff;ocpi_tariff_type_unspecified_valid_for_all_sessions_not_payg_checkout_proof;ocpi_vat_unspecified_20pct_derivation_not_operator_verified,Eco-Movement ChargePoint PCPR CPO OCPI 2.2.1
GBCPIL6527885,THE AA NEWCASTLE 2,Newcastle upon Tyne,GBCPIE6527875*2,GBCPIP6527875*2*82,22000,NLCPIT2QP*1*0,tarif_indisponible,foreign_currency_tariff;ocpi_tariff_type_unspecified_valid_for_all_sessions_not_payg_checkout_proof;ocpi_vat_unspecified_20pct_derivation_not_operator_verified,Eco-Movement ChargePoint PCPR CPO OCPI 2.2.1
GBCPIL6692475,SABA LISTER 1,Stevenage,GBCPIE6692415*1,GBCPIP6692415*1*1258,7680,NLCPIT233p*3*0,verification_requise_ne_pas_promouvoir_comme_payg_valide,ocpi_tariff_type_unspecified_valid_for_all_sessions_not_payg_checkout_proof;ocpi_vat_unspecified_20pct_derivation_not_operator_verified,Eco-Movement ChargePoint PCPR CPO OCPI 2.2.1
GBCPIL6692475,SABA LISTER 1,Stevenage,GBCPIE6692415*2,GBCPIP6692415*2*1258,7680,NLCPIT233p*3*0,verification_requise_ne_pas_promouvoir_comme_payg_valide,ocpi_tariff_type_unspecified_valid_for_all_sessions_not_payg_checkout_proof;ocpi_vat_unspecified_20pct_derivation_not_operator_verified,Eco-Movement ChargePoint PCPR CPO OCPI 2.2.1
GBCPIL6692475,SABA LISTER 1,Stevenage,GBCPIE6692475*1,GBCPIP6692475*1*1258,22080,NLCPIT233p*3*0,verification_requise_ne_pas_promouvoir_comme_payg_valide,ocpi_tariff_type_unspecified_valid_for_all_sessions_not_payg_checkout_proof;ocpi_vat_unspecified_20pct_derivation_not_operator_verified,Eco-Movement ChargePoint PCPR CPO OCPI 2.2.1
GBCPIL6692475,SABA LISTER 1,Stevenage,GBCPIE6692475*2,GBCPIP6692475*2*1258,22080,NLCPIT233p*3*0,verification_requise_ne_pas_promouvoir_comme_payg_valide,ocpi_tariff_type_unspecified_valid_for_all_sessions_not_payg_checkout_proof;ocpi_vat_unspecified_20pct_derivation_not_operator_verified,Eco-Movement ChargePoint PCPR CPO OCPI 2.2.1
GBCPIL7369685,EVIELIFE MARINE HOTEL,Seaton Carew,GBCPIE7369685*1,GBCPIP7369685*1*1259,22080,NLCPIT2tjJ*K*0,verification_requise_ne_pas_promouvoir_comme_payg_valide,ocpi_tariff_type_unspecified_valid_for_all_sessions_not_payg_checkout_proof;ocpi_vat_unspecified_20pct_derivation_not_operator_verified,Eco-Movement ChargePoint PCPR CPO OCPI 2.2.1
GBCPIL7369685,EVIELIFE MARINE HOTEL,Seaton Carew,GBCPIE7369685*2,GBCPIP7369685*2*1259,22080,NLCPIT2tjJ*K*0,verification_requise_ne_pas_promouvoir_comme_payg_valide,ocpi_tariff_type_unspecified_valid_for_all_sessions_not_payg_checkout_proof;ocpi_vat_unspecified_20pct_derivation_not_operator_verified,Eco-Movement ChargePoint PCPR CPO OCPI 2.2.1
GBCPIL6905985,WARE CAMPUS STATION 06,Ware,GBCPIE6905985*1,GBCPIP6905985*1*1258,3840,NLCPIT2QP*1*0,tarif_indisponible,foreign_currency_tariff;ocpi_tariff_type_unspecified_valid_for_all_sessions_not_payg_checkout_proof;ocpi_vat_unspecified_20pct_derivation_not_operator_verified,Eco-Movement ChargePoint PCPR CPO OCPI 2.2.1
GBCPIL7000775,EVIELIFE CASTLE HOTEL,Lincoln,GBCPIE7000775*1,GBCPIP7000775*1*1258,22080,NLCPIT38r3*K*0,verification_requise_ne_pas_promouvoir_comme_payg_valide,ocpi_tariff_type_unspecified_valid_for_all_sessions_not_payg_checkout_proof;ocpi_vat_unspecified_20pct_derivation_not_operator_verified,Eco-Movement ChargePoint PCPR CPO OCPI 2.2.1
GBCPIL7000775,EVIELIFE CASTLE HOTEL,Lincoln,GBCPIE7000775*2,GBCPIP7000775*2*1258,22080,NLCPIT38r3*K*0,verification_requise_ne_pas_promouvoir_comme_payg_valide,ocpi_tariff_type_unspecified_valid_for_all_sessions_not_payg_checkout_proof;ocpi_vat_unspecified_20pct_derivation_not_operator_verified,Eco-Movement ChargePoint PCPR CPO OCPI 2.2.1
GBCPIL7177135,ZOLBEV ANGELHOTEL2,Uddingston,GBCPIE7177125*1,GBCPIP7177125*1*1258,27600,NLCPIT39K5*5*0,verification_requise_ne_pas_promouvoir_comme_payg_valide,ocpi_tariff_type_unspecified_valid_for_all_sessions_not_payg_checkout_proof;ocpi_vat_unspecified_20pct_derivation_not_operator_verified,Eco-Movement ChargePoint PCPR CPO OCPI 2.2.1
GBCPIL7177135,ZOLBEV ANGELHOTEL2,Uddingston,GBCPIE7177125*2,GBCPIP7177125*2*1258,27600,NLCPIT39K5*5*0,verification_requise_ne_pas_promouvoir_comme_payg_valide,ocpi_tariff_type_unspecified_valid_for_all_sessions_not_payg_checkout_proof;ocpi_vat_unspecified_20pct_derivation_not_operator_verified,Eco-Movement ChargePoint PCPR CPO OCPI 2.2.1
GBCPIL7177135,ZOLBEV ANGELHOTEL2,Uddingston,GBCPIE7177135*1,GBCPIP7177135*1*1258,27600,NLCPIT39K5*5*0,verification_requise_ne_pas_promouvoir_comme_payg_valide,ocpi_tariff_type_unspecified_valid_for_all_sessions_not_payg_checkout_proof;ocpi_vat_unspecified_20pct_derivation_not_operator_verified,Eco-Movement ChargePoint PCPR CPO OCPI 2.2.1
GBCPIL7177135,ZOLBEV ANGELHOTEL2,Uddingston,GBCPIE7177135*2,GBCPIP7177135*2*1258,27600,NLCPIT39K5*5*0,verification_requise_ne_pas_promouvoir_comme_payg_valide,ocpi_tariff_type_unspecified_valid_for_all_sessions_not_payg_checkout_proof;ocpi_vat_unspecified_20pct_derivation_not_operator_verified,Eco-Movement ChargePoint PCPR CPO OCPI 2.2.1
GBCPIL6811885,T2 0500-02,Dordon,GBCPIE6811885*2,GBCPIP6811885*2*1259,22080,NLCPIT2XL5*9*0,verification_requise_ne_pas_promouvoir_comme_payg_valide,ocpi_tariff_type_unspecified_valid_for_all_sessions_not_payg_checkout_proof;ocpi_vat_unspecified_20pct_derivation_not_operator_verified,Eco-Movement ChargePoint PCPR CPO OCPI 2.2.1
GBCPIL6811885,T2 0500-02,Dordon,GBCPIE6811625*1,GBCPIP6811625*1*1259,22080,NLCPIT2XL5*9*0,verification_requise_ne_pas_promouvoir_comme_payg_valide,ocpi_tariff_type_unspecified_valid_for_all_sessions_not_payg_checkout_proof;ocpi_vat_unspecified_20pct_derivation_not_operator_verified,Eco-Movement ChargePoint PCPR CPO OCPI 2.2.1
GBCPIL6811885,T2 0500-02,Dordon,GBCPIE6811625*2,GBCPIP6811625*2*1259,22080,NLCPIT2XL5*9*0,verification_requise_ne_pas_promouvoir_comme_payg_valide,ocpi_tariff_type_unspecified_valid_for_all_sessions_not_payg_checkout_proof;ocpi_vat_unspecified_20pct_derivation_not_operator_verified,Eco-Movement ChargePoint PCPR CPO OCPI 2.2.1
GBCPIL6811885,T2 0500-02,Dordon,GBCPIE6811885*1,GBCPIP6811885*1*1259,22080,NLCPIT2XL5*9*0,verification_requise_ne_pas_promouvoir_comme_payg_valide,ocpi_tariff_type_unspecified_valid_for_all_sessions_not_payg_checkout_proof;ocpi_vat_unspecified_20pct_derivation_not_operator_verified,Eco-Movement ChargePoint PCPR CPO OCPI 2.2.1
GBCPIL7412005,ROSSLYN SOUTHERN CROSS,Watford,GBCPIE7412005*1,GBCPIP7412005*1*100149,300000,NLCPIT3AsN*s*0,verification_requise_ne_pas_promouvoir_comme_payg_valide,ocpi_tariff_type_unspecified_valid_for_all_sessions_not_payg_checkout_proof;ocpi_vat_unspecified_20pct_derivation_not_operator_verified,Eco-Movement ChargePoint PCPR CPO OCPI 2.2.1
GBCPIL7412005,ROSSLYN SOUTHERN CROSS,Watford,GBCPIE7412005*2,GBCPIP7412005*2*100149,300000,NLCPIT3AsN*s*0,verification_requise_ne_pas_promouvoir_comme_payg_valide,ocpi_tariff_type_unspecified_valid_for_all_sessions_not_payg_checkout_proof;ocpi_vat_unspecified_20pct_derivation_not_operator_verified,Eco-Movement ChargePoint PCPR CPO OCPI 2.2.1
GBCPIL6583635,COUNTY MALL COUNTY MALL 3,Crawley,GBCPIE6583605*2,GBCPIP6583605*2*100067,22080,NLCPIT1eBt*3*0,verification_requise_ne_pas_promouvoir_comme_payg_valide,ocpi_tariff_type_unspecified_valid_for_all_sessions_not_payg_checkout_proof;ocpi_vat_unspecified_20pct_derivation_not_operator_verified,Eco-Movement ChargePoint PCPR CPO OCPI 2.2.1
GBCPIL6583635,COUNTY MALL COUNTY MALL 3,Crawley,GBCPIE6583635*1,GBCPIP6583635*1*82,22000,NLCPIT1eBt*3*0,verification_requise_ne_pas_promouvoir_comme_payg_valide,ocpi_tariff_type_unspecified_valid_for_all_sessions_not_payg_checkout_proof;ocpi_vat_unspecified_20pct_derivation_not_operator_verified,Eco-Movement ChargePoint PCPR CPO OCPI 2.2.1
GBCPIL6583635,COUNTY MALL COUNTY MALL 3,Crawley,GBCPIE6583635*2,GBCPIP6583635*2*82,22000,NLCPIT1eBt*3*0,verification_requise_ne_pas_promouvoir_comme_payg_valide,ocpi_tariff_type_unspecified_valid_for_all_sessions_not_payg_checkout_proof;ocpi_vat_unspecified_20pct_derivation_not_operator_verified,Eco-Movement ChargePoint PCPR CPO OCPI 2.2.1
GBCPIL6583635,COUNTY MALL COUNTY MALL 3,Crawley,GBCPIE6583605*1,GBCPIP6583605*1*100067,22080,NLCPIT1eBt*3*0,verification_requise_ne_pas_promouvoir_comme_payg_valide,ocpi_tariff_type_unspecified_valid_for_all_sessions_not_payg_checkout_proof;ocpi_vat_unspecified_20pct_derivation_not_operator_verified,Eco-Movement ChargePoint PCPR CPO OCPI 2.2.1
GBCPIL6771145,NETV NETV-LINC-02,Lincoln,GBCPIE6771145*1,GBCPIP6771145*1*84,22000,NLCPIT2ACt*D*0,verification_requise_ne_pas_promouvoir_comme_payg_valide,ocpi_tariff_type_unspecified_valid_for_all_sessions_not_payg_checkout_proof;ocpi_vat_unspecified_20pct_derivation_not_operator_verified,Eco-Movement ChargePoint PCPR CPO OCPI 2.2.1
GBCPIL6771145,NETV NETV-LINC-02,Lincoln,GBCPIE6771145*2,GBCPIP6771145*2*84,22000,NLCPIT2ACt*D*0,verification_requise_ne_pas_promouvoir_comme_payg_valide,ocpi_tariff_type_unspecified_valid_for_all_sessions_not_payg_checkout_proof;ocpi_vat_unspecified_20pct_derivation_not_operator_verified,Eco-Movement ChargePoint PCPR CPO OCPI 2.2.1
GBCPIL7390305,SBR1 CHARGER 1,Croydon,GBCPIE7390295*1,GBCPIP7390295*1*82,22000,NLCPIT2QP*1*0,tarif_indisponible,foreign_currency_tariff;ocpi_tariff_type_unspecified_valid_for_all_sessions_not_payg_checkout_proof;ocpi_vat_unspecified_20pct_derivation_not_operator_verified,Eco-Movement ChargePoint PCPR CPO OCPI 2.2.1
GBCPIL7390305,SBR1 CHARGER 1,Croydon,GBCPIE7390305*1,GBCPIP7390305*1*82,22000,NLCPIT2QP*1*0,tarif_indisponible,foreign_currency_tariff;ocpi_tariff_type_unspecified_valid_for_all_sessions_not_payg_checkout_proof;ocpi_vat_unspecified_20pct_derivation_not_operator_verified,Eco-Movement ChargePoint PCPR CPO OCPI 2.2.1
GBCPIL6816375,BABCOCK STATION 11,Plymouth,GBCPIE6788685*2,GBCPIP6788685*2*1258,7680,NLCPIT2XHh*G*0,verification_requise_ne_pas_promouvoir_comme_payg_valide,ocpi_tariff_type_unspecified_valid_for_all_sessions_not_payg_checkout_proof;ocpi_vat_unspecified_20pct_derivation_not_operator_verified,Eco-Movement ChargePoint PCPR CPO OCPI 2.2.1
GBCPIL6816375,BABCOCK STATION 11,Plymouth,GBCPIE6788695*1,GBCPIP6788695*1*1258,7680,NLCPIT2XHh*G*0,verification_requise_ne_pas_promouvoir_comme_payg_valide,ocpi_tariff_type_unspecified_valid_for_all_sessions_not_payg_checkout_proof;ocpi_vat_unspecified_20pct_derivation_not_operator_verified,Eco-Movement ChargePoint PCPR CPO OCPI 2.2.1
GBCPIL6816375,BABCOCK STATION 11,Plymouth,GBCPIE6788695*2,GBCPIP6788695*2*1258,7680,NLCPIT2XHh*G*0,verification_requise_ne_pas_promouvoir_comme_payg_valide,ocpi_tariff_type_unspecified_valid_for_all_sessions_not_payg_checkout_proof;ocpi_vat_unspecified_20pct_derivation_not_operator_verified,Eco-Movement ChargePoint PCPR CPO OCPI 2.2.1
GBCPIL6816375,BABCOCK STATION 11,Plymouth,GBCPIE6816365*1,GBCPIP6816365*1*1258,7680,NLCPIT2XHh*G*0,verification_requise_ne_pas_promouvoir_comme_payg_valide,ocpi_tariff_type_unspecified_valid_for_all_sessions_not_payg_checkout_proof;ocpi_vat_unspecified_20pct_derivation_not_operator_verified,Eco-Movement ChargePoint PCPR CPO OCPI 2.2.1
GBCPIL6816375,BABCOCK STATION 11,Plymouth,GBCPIE6816375*1,GBCPIP6816375*1*1258,7680,NLCPIT2XHh*G*0,verification_requise_ne_pas_promouvoir_comme_payg_valide,ocpi_tariff_type_unspecified_valid_for_all_sessions_not_payg_checkout_proof;ocpi_vat_unspecified_20pct_derivation_not_operator_verified,Eco-Movement ChargePoint PCPR CPO OCPI 2.2.1
GBCPIL6816375,BABCOCK STATION 11,Plymouth,GBCPIE6788685*1,GBCPIP6788685*1*1258,7680,NLCPIT2XHh*G*0,verification_requise_ne_pas_promouvoir_comme_payg_valide,ocpi_tariff_type_unspecified_valid_for_all_sessions_not_payg_checkout_proof;ocpi_vat_unspecified_20pct_derivation_not_operator_verified,Eco-Movement ChargePoint PCPR CPO OCPI 2.2.1
GBCPIL6715735,GARRICK RD STATION 5,London,GBCPIE6715735*1,GBCPIP6715735*1*1258,22080,NLCPIT2gBJ*4*0,verification_requise_ne_pas_promouvoir_comme_payg_valide,ocpi_tariff_type_unspecified_valid_for_all_sessions_not_payg_checkout_proof;ocpi_vat_unspecified_20pct_derivation_not_operator_verified,Eco-Movement ChargePoint PCPR CPO OCPI 2.2.1
GBCPIL6715735,GARRICK RD STATION 5,London,GBCPIE6715735*2,GBCPIP6715735*2*1258,22080,NLCPIT2gBJ*4*0,verification_requise_ne_pas_promouvoir_comme_payg_valide,ocpi_tariff_type_unspecified_valid_for_all_sessions_not_payg_checkout_proof;ocpi_vat_unspecified_20pct_derivation_not_operator_verified,Eco-Movement ChargePoint PCPR CPO OCPI 2.2.1
GBCPIL7176445,ZOLBEV DALZIEL PARK2,Motherwell,GBCPIE7176435*1,GBCPIP7176435*1*1258,22080,NLCPIT39K5*5*0,verification_requise_ne_pas_promouvoir_comme_payg_valide,ocpi_tariff_type_unspecified_valid_for_all_sessions_not_payg_checkout_proof;ocpi_vat_unspecified_20pct_derivation_not_operator_verified,Eco-Movement ChargePoint PCPR CPO OCPI 2.2.1
GBCPIL7176445,ZOLBEV DALZIEL PARK2,Motherwell,GBCPIE7176435*2,GBCPIP7176435*2*1258,22080,NLCPIT39K5*5*0,verification_requise_ne_pas_promouvoir_comme_payg_valide,ocpi_tariff_type_unspecified_valid_for_all_sessions_not_payg_checkout_proof;ocpi_vat_unspecified_20pct_derivation_not_operator_verified,Eco-Movement ChargePoint PCPR CPO OCPI 2.2.1
GBCPIL7176445,ZOLBEV DALZIEL PARK2,Motherwell,GBCPIE7176445*1,GBCPIP7176445*1*1258,22080,NLCPIT39K5*5*0,verification_requise_ne_pas_promouvoir_comme_payg_valide,ocpi_tariff_type_unspecified_valid_for_all_sessions_not_payg_checkout_proof;ocpi_vat_unspecified_20pct_derivation_not_operator_verified,Eco-Movement ChargePoint PCPR CPO OCPI 2.2.1
GBCPIL7176445,ZOLBEV DALZIEL PARK2,Motherwell,GBCPIE7176445*2,GBCPIP7176445*2*1258,22080,NLCPIT39K5*5*0,verification_requise_ne_pas_promouvoir_comme_payg_valide,ocpi_tariff_type_unspecified_valid_for_all_sessions_not_payg_checkout_proof;ocpi_vat_unspecified_20pct_derivation_not_operator_verified,Eco-Movement ChargePoint PCPR CPO OCPI 2.2.1
GBCPIL6500825,CP QA UK CPE250_EU_QA,Moffat,GBCPIE6500825*1,GBCPIP6500825*1*131,50000,NLCPIT2OT*1*0,verification_requise_ne_pas_promouvoir_comme_payg_valide,ocpi_tariff_type_unspecified_valid_for_all_sessions_not_payg_checkout_proof;ocpi_vat_unspecified_20pct_derivation_not_operator_verified,Eco-Movement ChargePoint PCPR CPO OCPI 2.2.1
GBCPIL6500825,CP QA UK CPE250_EU_QA,Moffat,GBCPIE6500825*1,GBCPIP6500825*1*121,50000,NLCPIT2OT*1*0,verification_requise_ne_pas_promouvoir_comme_payg_valide,ocpi_tariff_type_unspecified_valid_for_all_sessions_not_payg_checkout_proof;ocpi_vat_unspecified_20pct_derivation_not_operator_verified,Eco-Movement ChargePoint PCPR CPO OCPI 2.2.1
GBCPIL6497635,ROYAL LONDON 3 HARDMAN SQ,Manchester,GBCPIE6497635*2,GBCPIP6497635*2*84,22000,NLCPIToFP*6*0,verification_requise_ne_pas_promouvoir_comme_payg_valide,ocpi_tariff_type_unspecified_valid_for_all_sessions_not_payg_checkout_proof;ocpi_vat_unspecified_20pct_derivation_not_operator_verified,Eco-Movement ChargePoint PCPR CPO OCPI 2.2.1
GBCPIL6497635,ROYAL LONDON 3 HARDMAN SQ,Manchester,GBCPIE6497635*1,GBCPIP6497635*1*84,22000,NLCPIToFP*6*0,verification_requise_ne_pas_promouvoir_comme_payg_valide,ocpi_tariff_type_unspecified_valid_for_all_sessions_not_payg_checkout_proof;ocpi_vat_unspecified_20pct_derivation_not_operator_verified,Eco-Movement ChargePoint PCPR CPO OCPI 2.2.1
GBCPIL6734075,REAR CAR PARK BRISTOL 01,Bristol,GBCPIE6734075*1,GBCPIP6734075*1*1259,22080,NLCPIT1XKj*6*0,verification_requise_ne_pas_promouvoir_comme_payg_valide,ocpi_tariff_type_unspecified_valid_for_all_sessions_not_payg_checkout_proof;ocpi_vat_unspecified_20pct_derivation_not_operator_verified,Eco-Movement ChargePoint PCPR CPO OCPI 2.2.1
GBCPIL6734075,REAR CAR PARK BRISTOL 01,Bristol,GBCPIE6734075*2,GBCPIP6734075*2*1259,22080,NLCPIT1XKj*6*0,verification_requise_ne_pas_promouvoir_comme_payg_valide,ocpi_tariff_type_unspecified_valid_for_all_sessions_not_payg_checkout_proof;ocpi_vat_unspecified_20pct_derivation_not_operator_verified,Eco-Movement ChargePoint PCPR CPO OCPI 2.2.1
GBCPIL6995495,ZOLBEV GREEN GOAT 01,London,GBCPIE6995495*1,GBCPIP6995495*1*1259,22080,NLCPIT2gZp*B*0,verification_requise_ne_pas_promouvoir_comme_payg_valide,ocpi_tariff_type_unspecified_valid_for_all_sessions_not_payg_checkout_proof;ocpi_vat_unspecified_20pct_derivation_not_operator_verified,Eco-Movement ChargePoint PCPR CPO OCPI 2.2.1
GBCPIL6995495,ZOLBEV GREEN GOAT 01,London,GBCPIE6995495*2,GBCPIP6995495*2*1259,22080,NLCPIT2gZp*B*0,verification_requise_ne_pas_promouvoir_comme_payg_valide,ocpi_tariff_type_unspecified_valid_for_all_sessions_not_payg_checkout_proof;ocpi_vat_unspecified_20pct_derivation_not_operator_verified,Eco-Movement ChargePoint PCPR CPO OCPI 2.2.1
GBCPIL6501935,ROYAL LONDON PARKING LVL -2,Manchester,GBCPIE6501935*1,GBCPIP6501935*1*84,22000,NLCPIT2QP*1*0,tarif_indisponible,foreign_currency_tariff;ocpi_tariff_type_unspecified_valid_for_all_sessions_not_payg_checkout_proof;ocpi_vat_unspecified_20pct_derivation_not_operator_verified,Eco-Movement ChargePoint PCPR CPO OCPI 2.2.1
GBCPIL6501935,ROYAL LONDON PARKING LVL -2,Manchester,GBCPIE6501935*2,GBCPIP6501935*2*84,22000,NLCPIT2QP*1*0,tarif_indisponible,foreign_currency_tariff;ocpi_tariff_type_unspecified_valid_for_all_sessions_not_payg_checkout_proof;ocpi_vat_unspecified_20pct_derivation_not_operator_verified,Eco-Movement ChargePoint PCPR CPO OCPI 2.2.1
GBCPIL6520385,G BLOCK UPPER GLYNTAFF1,Pontypridd,GBCPIE6520375*1,GBCPIP6520375*1*84,22000,NLCPITMFv*9*0,verification_requise_ne_pas_promouvoir_comme_payg_valide,ocpi_tariff_type_unspecified_valid_for_all_sessions_not_payg_checkout_proof;ocpi_vat_unspecified_20pct_derivation_not_operator_verified,Eco-Movement ChargePoint PCPR CPO OCPI 2.2.1
GBCPIL6520385,G BLOCK UPPER GLYNTAFF1,Pontypridd,GBCPIE6520375*2,GBCPIP6520375*2*84,22000,NLCPITMFv*9*0,verification_requise_ne_pas_promouvoir_comme_payg_valide,ocpi_tariff_type_unspecified_valid_for_all_sessions_not_payg_checkout_proof;ocpi_vat_unspecified_20pct_derivation_not_operator_verified,Eco-Movement ChargePoint PCPR CPO OCPI 2.2.1
GBCPIL6520385,G BLOCK UPPER GLYNTAFF1,Pontypridd,GBCPIE6520385*1,GBCPIP6520385*1*84,22000,NLCPITMFv*9*0,verification_requise_ne_pas_promouvoir_comme_payg_valide,ocpi_tariff_type_unspecified_valid_for_all_sessions_not_payg_checkout_proof;ocpi_vat_unspecified_20pct_derivation_not_operator_verified,Eco-Movement ChargePoint PCPR CPO OCPI 2.2.1
GBCPIL6520385,G BLOCK UPPER GLYNTAFF1,Pontypridd,GBCPIE6520385*2,GBCPIP6520385*2*84,22000,NLCPITMFv*9*0,verification_requise_ne_pas_promouvoir_comme_payg_valide,ocpi_tariff_type_unspecified_valid_for_all_sessions_not_payg_checkout_proof;ocpi_vat_unspecified_20pct_derivation_not_operator_verified,Eco-Movement ChargePoint PCPR CPO OCPI 2.2.1
GBCPIL7267955,M&G DRIPROAD 01,Stirling,GBCPIE7267955*1,GBCPIP7267955*1*100104,50000,NLCPIT1k37*6*0,verification_requise_ne_pas_promouvoir_comme_payg_valide,ocpi_tariff_type_unspecified_valid_for_all_sessions_not_payg_checkout_proof;ocpi_vat_unspecified_20pct_derivation_not_operator_verified,Eco-Movement ChargePoint PCPR CPO OCPI 2.2.1
GBCPIL7267955,M&G DRIPROAD 01,Stirling,GBCPIE7267955*2,GBCPIP7267955*2*100104,50000,NLCPIT1k37*6*0,verification_requise_ne_pas_promouvoir_comme_payg_valide,ocpi_tariff_type_unspecified_valid_for_all_sessions_not_payg_checkout_proof;ocpi_vat_unspecified_20pct_derivation_not_operator_verified,Eco-Movement ChargePoint PCPR CPO OCPI 2.2.1
GBCPIL7140895,GOLDINGS WRENCHARGER3,Maidstone,GBCPIE7140915*1,GBCPIP7140915*1*1258,7680,NLCPIT38mN*5*0,verification_requise_ne_pas_promouvoir_comme_payg_valide,ocpi_tariff_type_unspecified_valid_for_all_sessions_not_payg_checkout_proof;ocpi_vat_unspecified_20pct_derivation_not_operator_verified,Eco-Movement ChargePoint PCPR CPO OCPI 2.2.1
GBCPIL7140895,GOLDINGS WRENCHARGER3,Maidstone,GBCPIE7140915*2,GBCPIP7140915*2*1258,7680,NLCPIT38mN*5*0,verification_requise_ne_pas_promouvoir_comme_payg_valide,ocpi_tariff_type_unspecified_valid_for_all_sessions_not_payg_checkout_proof;ocpi_vat_unspecified_20pct_derivation_not_operator_verified,Eco-Movement ChargePoint PCPR CPO OCPI 2.2.1
GBCPIL7140895,GOLDINGS WRENCHARGER3,Maidstone,GBCPIE7140885*1,GBCPIP7140885*1*1258,7680,NLCPIT38mN*5*0,verification_requise_ne_pas_promouvoir_comme_payg_valide,ocpi_tariff_type_unspecified_valid_for_all_sessions_not_payg_checkout_proof;ocpi_vat_unspecified_20pct_derivation_not_operator_verified,Eco-Movement ChargePoint PCPR CPO OCPI 2.2.1
GBCPIL7140895,GOLDINGS WRENCHARGER3,Maidstone,GBCPIE7140885*2,GBCPIP7140885*2*1258,7680,NLCPIT38mN*5*0,verification_requise_ne_pas_promouvoir_comme_payg_valide,ocpi_tariff_type_unspecified_valid_for_all_sessions_not_payg_checkout_proof;ocpi_vat_unspecified_20pct_derivation_not_operator_verified,Eco-Movement ChargePoint PCPR CPO OCPI 2.2.1
GBCPIL7140895,GOLDINGS WRENCHARGER3,Maidstone,GBCPIE7140895*1,GBCPIP7140895*1*1258,7680,NLCPIT38mN*5*0,verification_requise_ne_pas_promouvoir_comme_payg_valide,ocpi_tariff_type_unspecified_valid_for_all_sessions_not_payg_checkout_proof;ocpi_vat_unspecified_20pct_derivation_not_operator_verified,Eco-Movement ChargePoint PCPR CPO OCPI 2.2.1
GBCPIL7140895,GOLDINGS WRENCHARGER3,Maidstone,GBCPIE7140895*2,GBCPIP7140895*2*1258,7680,NLCPIT38mN*5*0,verification_requise_ne_pas_promouvoir_comme_payg_valide,ocpi_tariff_type_unspecified_valid_for_all_sessions_not_payg_checkout_proof;ocpi_vat_unspecified_20pct_derivation_not_operator_verified,Eco-Movement ChargePoint PCPR CPO OCPI 2.2.1
GBCPIL6678565,BHHHC_CP1 BH HOCKEY CLUB,Berkhamsted,GBCPIE6678565*1,GBCPIP6678565*1*1258,22080,NLCPIT1xWv*E*0,verification_requise_ne_pas_promouvoir_comme_payg_valide,ocpi_tariff_type_unspecified_valid_for_all_sessions_not_payg_checkout_proof;ocpi_vat_unspecified_20pct_derivation_not_operator_verified,Eco-Movement ChargePoint PCPR CPO OCPI 2.2.1
GBCPIL6678565,BHHHC_CP1 BH HOCKEY CLUB,Berkhamsted,GBCPIE6678565*2,GBCPIP6678565*2*1258,22080,NLCPIT1xWv*E*0,verification_requise_ne_pas_promouvoir_comme_payg_valide,ocpi_tariff_type_unspecified_valid_for_all_sessions_not_payg_checkout_proof;ocpi_vat_unspecified_20pct_derivation_not_operator_verified,Eco-Movement ChargePoint PCPR CPO OCPI 2.2.1
GBCPIL6693105,VINES GROUP GUILDFORD AC 2,Guildford,GBCPIE6693105*1,GBCPIP6693105*1*82,22000,NLCPIT1vub*B*0,verification_requise_ne_pas_promouvoir_comme_payg_valide,ocpi_tariff_type_unspecified_valid_for_all_sessions_not_payg_checkout_proof;ocpi_vat_unspecified_20pct_derivation_not_operator_verified,Eco-Movement ChargePoint PCPR CPO OCPI 2.2.1
GBCPIL6693105,VINES GROUP GUILDFORD AC 2,Guildford,GBCPIE6693105*2,GBCPIP6693105*2*82,22000,NLCPIT1vub*B*0,verification_requise_ne_pas_promouvoir_comme_payg_valide,ocpi_tariff_type_unspecified_valid_for_all_sessions_not_payg_checkout_proof;ocpi_vat_unspecified_20pct_derivation_not_operator_verified,Eco-Movement ChargePoint PCPR CPO OCPI 2.2.1
GBCPIL7062135,EVPOINT SBX KETTERING,Kettering,GBCPIE7062135*1,GBCPIP7062135*1*231,22000,NLCPIT35Cv*2*0,verification_requise_ne_pas_promouvoir_comme_payg_valide,ocpi_tariff_type_unspecified_valid_for_all_sessions_not_payg_checkout_proof;ocpi_vat_unspecified_20pct_derivation_not_operator_verified,Eco-Movement ChargePoint PCPR CPO OCPI 2.2.1
GBCPIL7062135,EVPOINT SBX KETTERING,Kettering,GBCPIE7062135*2,GBCPIP7062135*2*181,50000,NLCPIT35Cv*2*0,verification_requise_ne_pas_promouvoir_comme_payg_valide,ocpi_tariff_type_unspecified_valid_for_all_sessions_not_payg_checkout_proof;ocpi_vat_unspecified_20pct_derivation_not_operator_verified,Eco-Movement ChargePoint PCPR CPO OCPI 2.2.1
GBCPIL7062135,EVPOINT SBX KETTERING,Kettering,GBCPIE7062135*2,GBCPIP7062135*2*17,44000,NLCPIT35Cv*2*0,verification_requise_ne_pas_promouvoir_comme_payg_valide,ocpi_tariff_type_unspecified_valid_for_all_sessions_not_payg_checkout_proof;ocpi_vat_unspecified_20pct_derivation_not_operator_verified,Eco-Movement ChargePoint PCPR CPO OCPI 2.2.1
GBCPIL6804345,ETB WINCHESTER,Winchester,GBCPIE6804345*1,GBCPIP6804345*1*1259,22080,NLCPIT24Ur*8*0,verification_requise_ne_pas_promouvoir_comme_payg_valide,ocpi_tariff_type_unspecified_valid_for_all_sessions_not_payg_checkout_proof;ocpi_vat_unspecified_20pct_derivation_not_operator_verified,Eco-Movement ChargePoint PCPR CPO OCPI 2.2.1
GBCPIL6804345,ETB WINCHESTER,Winchester,GBCPIE6804345*2,GBCPIP6804345*2*1259,22080,NLCPIT24Ur*8*0,verification_requise_ne_pas_promouvoir_comme_payg_valide,ocpi_tariff_type_unspecified_valid_for_all_sessions_not_payg_checkout_proof;ocpi_vat_unspecified_20pct_derivation_not_operator_verified,Eco-Movement ChargePoint PCPR CPO OCPI 2.2.1
GBCPIL6781125,NETV NETV-YORK-01,York,GBCPIE6781125*1,GBCPIP6781125*1*84,22000,NLCPIT2ACt*D*0,verification_requise_ne_pas_promouvoir_comme_payg_valide,ocpi_tariff_type_unspecified_valid_for_all_sessions_not_payg_checkout_proof;ocpi_vat_unspecified_20pct_derivation_not_operator_verified,Eco-Movement ChargePoint PCPR CPO OCPI 2.2.1
GBCPIL6781125,NETV NETV-YORK-01,York,GBCPIE6781125*2,GBCPIP6781125*2*84,22000,NLCPIT2ACt*D*0,verification_requise_ne_pas_promouvoir_comme_payg_valide,ocpi_tariff_type_unspecified_valid_for_all_sessions_not_payg_checkout_proof;ocpi_vat_unspecified_20pct_derivation_not_operator_verified,Eco-Movement ChargePoint PCPR CPO OCPI 2.2.1
GBCPIL7387065,EVIELIFE CREWE ARMS DC,Crewe,GBCPIE7387065*1,GBCPIP7387065*1*100104,50000,NLCPIT3D2Z*6*0,verification_requise_ne_pas_promouvoir_comme_payg_valide,ocpi_tariff_type_unspecified_valid_for_all_sessions_not_payg_checkout_proof;ocpi_vat_unspecified_20pct_derivation_not_operator_verified,Eco-Movement ChargePoint PCPR CPO OCPI 2.2.1
GBCPIL7387065,EVIELIFE CREWE ARMS DC,Crewe,GBCPIE7387065*2,GBCPIP7387065*2*100104,50000,NLCPIT3D2Z*6*0,verification_requise_ne_pas_promouvoir_comme_payg_valide,ocpi_tariff_type_unspecified_valid_for_all_sessions_not_payg_checkout_proof;ocpi_vat_unspecified_20pct_derivation_not_operator_verified,Eco-Movement ChargePoint PCPR CPO OCPI 2.2.1
GBCPIL7387065,EVIELIFE CREWE ARMS DC,Crewe,GBCPIE7383555*2,GBCPIP7383555*2*1259,22080,NLCPIT3D2Z*8*0,verification_requise_ne_pas_promouvoir_comme_payg_valide,ocpi_tariff_type_unspecified_valid_for_all_sessions_not_payg_checkout_proof;ocpi_vat_unspecified_20pct_derivation_not_operator_verified,Eco-Movement ChargePoint PCPR CPO OCPI 2.2.1
GBCPIL7387065,EVIELIFE CREWE ARMS DC,Crewe,GBCPIE7383555*1,GBCPIP7383555*1*100270,22080,NLCPIT3D2Z*8*0,verification_requise_ne_pas_promouvoir_comme_payg_valide,ocpi_tariff_type_unspecified_valid_for_all_sessions_not_payg_checkout_proof;ocpi_vat_unspecified_20pct_derivation_not_operator_verified,Eco-Movement ChargePoint PCPR CPO OCPI 2.2.1
GBCPIL7014685,WARE CAMPUS HARRIS LN 3,Ware,GBCPIE7014665*2,GBCPIP7014665*2*1258,22080,NLCPIT2QP*1*0,tarif_indisponible,foreign_currency_tariff;ocpi_tariff_type_unspecified_valid_for_all_sessions_not_payg_checkout_proof;ocpi_vat_unspecified_20pct_derivation_not_operator_verified,Eco-Movement ChargePoint PCPR CPO OCPI 2.2.1
GBCPIL7014685,WARE CAMPUS HARRIS LN 3,Ware,GBCPIE7014685*1,GBCPIP7014685*1*1258,22080,NLCPIT2QP*1*0,tarif_indisponible,foreign_currency_tariff;ocpi_tariff_type_unspecified_valid_for_all_sessions_not_payg_checkout_proof;ocpi_vat_unspecified_20pct_derivation_not_operator_verified,Eco-Movement ChargePoint PCPR CPO OCPI 2.2.1
GBCPIL7014685,WARE CAMPUS HARRIS LN 3,Ware,GBCPIE7014685*2,GBCPIP7014685*2*1258,22080,NLCPIT2QP*1*0,tarif_indisponible,foreign_currency_tariff;ocpi_tariff_type_unspecified_valid_for_all_sessions_not_payg_checkout_proof;ocpi_vat_unspecified_20pct_derivation_not_operator_verified,Eco-Movement ChargePoint PCPR CPO OCPI 2.2.1
GBCPIL7014685,WARE CAMPUS HARRIS LN 3,Ware,GBCPIE7014585*1,GBCPIP7014585*1*1258,22080,NLCPIT2QP*1*0,tarif_indisponible,foreign_currency_tariff;ocpi_tariff_type_unspecified_valid_for_all_sessions_not_payg_checkout_proof;ocpi_vat_unspecified_20pct_derivation_not_operator_verified,Eco-Movement ChargePoint PCPR CPO OCPI 2.2.1
GBCPIL7014685,WARE CAMPUS HARRIS LN 3,Ware,GBCPIE7014585*2,GBCPIP7014585*2*1258,22080,NLCPIT2QP*1*0,tarif_indisponible,foreign_currency_tariff;ocpi_tariff_type_unspecified_valid_for_all_sessions_not_payg_checkout_proof;ocpi_vat_unspecified_20pct_derivation_not_operator_verified,Eco-Movement ChargePoint PCPR CPO OCPI 2.2.1
GBCPIL7014685,WARE CAMPUS HARRIS LN 3,Ware,GBCPIE7014665*1,GBCPIP7014665*1*1258,22080,NLCPIT2QP*1*0,tarif_indisponible,foreign_currency_tariff;ocpi_tariff_type_unspecified_valid_for_all_sessions_not_payg_checkout_proof;ocpi_vat_unspecified_20pct_derivation_not_operator_verified,Eco-Movement ChargePoint PCPR CPO OCPI 2.2.1
GBCPIL7430095,HH-EVC CHICHESTER,Chichester,GBCPIE7430095*1,GBCPIP7430095*1*1258,22080,NLCPIT3DR5*8*0,verification_requise_ne_pas_promouvoir_comme_payg_valide,ocpi_tariff_type_unspecified_valid_for_all_sessions_not_payg_checkout_proof;ocpi_vat_unspecified_20pct_derivation_not_operator_verified,Eco-Movement ChargePoint PCPR CPO OCPI 2.2.1
GBCPIL7430095,HH-EVC CHICHESTER,Chichester,GBCPIE7430095*2,GBCPIP7430095*2*1258,22080,NLCPIT3DR5*8*0,verification_requise_ne_pas_promouvoir_comme_payg_valide,ocpi_tariff_type_unspecified_valid_for_all_sessions_not_payg_checkout_proof;ocpi_vat_unspecified_20pct_derivation_not_operator_verified,Eco-Movement ChargePoint PCPR CPO OCPI 2.2.1
GBCPIL6575855,APCOA SOUTHAMPTON 2,Southampton,GBCPIE6575855*1,GBCPIP6575855*1*19,7360,NLCPIT2QP*1*0,tarif_indisponible,foreign_currency_tariff;ocpi_tariff_type_unspecified_valid_for_all_sessions_not_payg_checkout_proof;ocpi_vat_unspecified_20pct_derivation_not_operator_verified,Eco-Movement ChargePoint PCPR CPO OCPI 2.2.1
GBCPIL6575855,APCOA SOUTHAMPTON 2,Southampton,GBCPIE6575845*1,GBCPIP6575845*1*19,7360,NLCPIT2QP*1*0,tarif_indisponible,foreign_currency_tariff;ocpi_tariff_type_unspecified_valid_for_all_sessions_not_payg_checkout_proof;ocpi_vat_unspecified_20pct_derivation_not_operator_verified,Eco-Movement ChargePoint PCPR CPO OCPI 2.2.1
GBCPIL6713715,WOODCHESTER W7,Stroud,GBCPIE6713715*1,GBCPIP6713715*1*1258,22080,NLCPIT1mER*9*0,verification_requise_ne_pas_promouvoir_comme_payg_valide,ocpi_tariff_type_unspecified_valid_for_all_sessions_not_payg_checkout_proof;ocpi_vat_unspecified_20pct_derivation_not_operator_verified,Eco-Movement ChargePoint PCPR CPO OCPI 2.2.1
GBCPIL6713715,WOODCHESTER W7,Stroud,GBCPIE6713715*2,GBCPIP6713715*2*1258,22080,NLCPIT1mER*9*0,verification_requise_ne_pas_promouvoir_comme_payg_valide,ocpi_tariff_type_unspecified_valid_for_all_sessions_not_payg_checkout_proof;ocpi_vat_unspecified_20pct_derivation_not_operator_verified,Eco-Movement ChargePoint PCPR CPO OCPI 2.2.1
GBCPIL6713715,WOODCHESTER W7,Stroud,GBCPIE6713695*1,GBCPIP6713695*1*1258,22080,NLCPIT1mER*9*0,verification_requise_ne_pas_promouvoir_comme_payg_valide,ocpi_tariff_type_unspecified_valid_for_all_sessions_not_payg_checkout_proof;ocpi_vat_unspecified_20pct_derivation_not_operator_verified,Eco-Movement ChargePoint PCPR CPO OCPI 2.2.1
GBCPIL6713715,WOODCHESTER W7,Stroud,GBCPIE6713695*2,GBCPIP6713695*2*1258,22080,NLCPIT1mER*9*0,verification_requise_ne_pas_promouvoir_comme_payg_valide,ocpi_tariff_type_unspecified_valid_for_all_sessions_not_payg_checkout_proof;ocpi_vat_unspecified_20pct_derivation_not_operator_verified,Eco-Movement ChargePoint PCPR CPO OCPI 2.2.1
GBCPIL6713715,WOODCHESTER W7,Stroud,GBCPIE6713705*1,GBCPIP6713705*1*1258,22080,NLCPIT1mER*9*0,verification_requise_ne_pas_promouvoir_comme_payg_valide,ocpi_tariff_type_unspecified_valid_for_all_sessions_not_payg_checkout_proof;ocpi_vat_unspecified_20pct_derivation_not_operator_verified,Eco-Movement ChargePoint PCPR CPO OCPI 2.2.1
GBCPIL6713715,WOODCHESTER W7,Stroud,GBCPIE6713705*2,GBCPIP6713705*2*1258,22080,NLCPIT1mER*9*0,verification_requise_ne_pas_promouvoir_comme_payg_valide,ocpi_tariff_type_unspecified_valid_for_all_sessions_not_payg_checkout_proof;ocpi_vat_unspecified_20pct_derivation_not_operator_verified,Eco-Movement ChargePoint PCPR CPO OCPI 2.2.1
GBCPIL6479515,OTFORDPC CARPARK 1,Otford,GBCPIE6479515*1,GBCPIP6479515*1*82,22000,NLCPITWm1*3*0,verification_requise_ne_pas_promouvoir_comme_payg_valide,ocpi_tariff_type_unspecified_valid_for_all_sessions_not_payg_checkout_proof;ocpi_vat_unspecified_20pct_derivation_not_operator_verified,Eco-Movement ChargePoint PCPR CPO OCPI 2.2.1
GBCPIL6479515,OTFORDPC CARPARK 1,Otford,GBCPIE6479515*2,GBCPIP6479515*2*82,22000,NLCPITWm1*3*0,verification_requise_ne_pas_promouvoir_comme_payg_valide,ocpi_tariff_type_unspecified_valid_for_all_sessions_not_payg_checkout_proof;ocpi_vat_unspecified_20pct_derivation_not_operator_verified,Eco-Movement ChargePoint PCPR CPO OCPI 2.2.1
GBCPIL7053525,EVIELIFE NATIONALHOTEL01,Dingwall,GBCPIE7053525*1,GBCPIP7053525*1*1259,22080,NLCPIT2tjJ*K*0,verification_requise_ne_pas_promouvoir_comme_payg_valide,ocpi_tariff_type_unspecified_valid_for_all_sessions_not_payg_checkout_proof;ocpi_vat_unspecified_20pct_derivation_not_operator_verified,Eco-Movement ChargePoint PCPR CPO OCPI 2.2.1
GBCPIL7053525,EVIELIFE NATIONALHOTEL01,Dingwall,GBCPIE7053525*2,GBCPIP7053525*2*1259,22080,NLCPIT2tjJ*K*0,verification_requise_ne_pas_promouvoir_comme_payg_valide,ocpi_tariff_type_unspecified_valid_for_all_sessions_not_payg_checkout_proof;ocpi_vat_unspecified_20pct_derivation_not_operator_verified,Eco-Movement ChargePoint PCPR CPO OCPI 2.2.1
GBCPIL7402475,EVIELIFE RAU 1,Cirencester,GBCPIE7402475*1,GBCPIP7402475*1*1259,22080,NLCPIT3Dzl*1*0,verification_requise_ne_pas_promouvoir_comme_payg_valide,ocpi_tariff_type_unspecified_valid_for_all_sessions_not_payg_checkout_proof;ocpi_vat_unspecified_20pct_derivation_not_operator_verified,Eco-Movement ChargePoint PCPR CPO OCPI 2.2.1
GBCPIL7402475,EVIELIFE RAU 1,Cirencester,GBCPIE7402475*2,GBCPIP7402475*2*1259,22080,NLCPIT3Dzl*1*0,verification_requise_ne_pas_promouvoir_comme_payg_valide,ocpi_tariff_type_unspecified_valid_for_all_sessions_not_payg_checkout_proof;ocpi_vat_unspecified_20pct_derivation_not_operator_verified,Eco-Movement ChargePoint PCPR CPO OCPI 2.2.1
GBCPIL7307525,LOCH NESS INN EV 1,Drumnadrochit,GBCPIE7307525*1,GBCPIP7307525*1*1259,22080,NLCPIT3BuF*2*0,verification_requise_ne_pas_promouvoir_comme_payg_valide,ocpi_tariff_type_unspecified_valid_for_all_sessions_not_payg_checkout_proof;ocpi_vat_unspecified_20pct_derivation_not_operator_verified,Eco-Movement ChargePoint PCPR CPO OCPI 2.2.1
GBCPIL7307525,LOCH NESS INN EV 1,Drumnadrochit,GBCPIE7307525*2,GBCPIP7307525*2*1259,22080,NLCPIT3BuF*2*0,verification_requise_ne_pas_promouvoir_comme_payg_valide,ocpi_tariff_type_unspecified_valid_for_all_sessions_not_payg_checkout_proof;ocpi_vat_unspecified_20pct_derivation_not_operator_verified,Eco-Movement ChargePoint PCPR CPO OCPI 2.2.1
GBCPIL6499145,MACROW CRANSLEY AC STATION 1,Broughton,GBCPIE6499145*1,GBCPIP6499145*1*84,22000,NLCPITozD*4*0,verification_requise_ne_pas_promouvoir_comme_payg_valide,ocpi_tariff_type_unspecified_valid_for_all_sessions_not_payg_checkout_proof;ocpi_vat_unspecified_20pct_derivation_not_operator_verified,Eco-Movement ChargePoint PCPR CPO OCPI 2.2.1
GBCPIL6499145,MACROW CRANSLEY AC STATION 1,Broughton,GBCPIE6499145*2,GBCPIP6499145*2*84,22000,NLCPITozD*4*0,verification_requise_ne_pas_promouvoir_comme_payg_valide,ocpi_tariff_type_unspecified_valid_for_all_sessions_not_payg_checkout_proof;ocpi_vat_unspecified_20pct_derivation_not_operator_verified,Eco-Movement ChargePoint PCPR CPO OCPI 2.2.1
GBCPIL6520365,G BLOCK TY CRASHAY 1,Pontypridd,GBCPIE6520365*1,GBCPIP6520365*1*84,22000,NLCPITMFv*9*0,verification_requise_ne_pas_promouvoir_comme_payg_valide,ocpi_tariff_type_unspecified_valid_for_all_sessions_not_payg_checkout_proof;ocpi_vat_unspecified_20pct_derivation_not_operator_verified,Eco-Movement ChargePoint PCPR CPO OCPI 2.2.1
GBCPIL6520365,G BLOCK TY CRASHAY 1,Pontypridd,GBCPIE6520365*2,GBCPIP6520365*2*84,22000,NLCPITMFv*9*0,verification_requise_ne_pas_promouvoir_comme_payg_valide,ocpi_tariff_type_unspecified_valid_for_all_sessions_not_payg_checkout_proof;ocpi_vat_unspecified_20pct_derivation_not_operator_verified,Eco-Movement ChargePoint PCPR CPO OCPI 2.2.1
GBCPIL7190135,LUCENT HALO LTD STATION 03,Corsham,GBCPIE7190135*2,GBCPIP7190135*2*1259,22080,NLCPIT39dR*6*0,verification_requise_ne_pas_promouvoir_comme_payg_valide,ocpi_tariff_type_unspecified_valid_for_all_sessions_not_payg_checkout_proof;ocpi_vat_unspecified_20pct_derivation_not_operator_verified,Eco-Movement ChargePoint PCPR CPO OCPI 2.2.1
GBCPIL7190135,LUCENT HALO LTD STATION 03,Corsham,GBCPIE7190085*1,GBCPIP7190085*1*1259,22080,NLCPIT39dR*6*0,verification_requise_ne_pas_promouvoir_comme_payg_valide,ocpi_tariff_type_unspecified_valid_for_all_sessions_not_payg_checkout_proof;ocpi_vat_unspecified_20pct_derivation_not_operator_verified,Eco-Movement ChargePoint PCPR CPO OCPI 2.2.1
GBCPIL7190135,LUCENT HALO LTD STATION 03,Corsham,GBCPIE7190085*2,GBCPIP7190085*2*1259,22080,NLCPIT39dR*6*0,verification_requise_ne_pas_promouvoir_comme_payg_valide,ocpi_tariff_type_unspecified_valid_for_all_sessions_not_payg_checkout_proof;ocpi_vat_unspecified_20pct_derivation_not_operator_verified,Eco-Movement ChargePoint PCPR CPO OCPI 2.2.1
GBCPIL7190135,LUCENT HALO LTD STATION 03,Corsham,GBCPIE7190115*1,GBCPIP7190115*1*1258,22080,NLCPIT39dR*6*0,verification_requise_ne_pas_promouvoir_comme_payg_valide,ocpi_tariff_type_unspecified_valid_for_all_sessions_not_payg_checkout_proof;ocpi_vat_unspecified_20pct_derivation_not_operator_verified,Eco-Movement ChargePoint PCPR CPO OCPI 2.2.1
GBCPIL7190135,LUCENT HALO LTD STATION 03,Corsham,GBCPIE7190115*2,GBCPIP7190115*2*1258,22080,NLCPIT39dR*6*0,verification_requise_ne_pas_promouvoir_comme_payg_valide,ocpi_tariff_type_unspecified_valid_for_all_sessions_not_payg_checkout_proof;ocpi_vat_unspecified_20pct_derivation_not_operator_verified,Eco-Movement ChargePoint PCPR CPO OCPI 2.2.1
GBCPIL7190135,LUCENT HALO LTD STATION 03,Corsham,GBCPIE7190125*1,GBCPIP7190125*1*1259,22080,NLCPIT39dR*6*0,verification_requise_ne_pas_promouvoir_comme_payg_valide,ocpi_tariff_type_unspecified_valid_for_all_sessions_not_payg_checkout_proof;ocpi_vat_unspecified_20pct_derivation_not_operator_verified,Eco-Movement ChargePoint PCPR CPO OCPI 2.2.1
GBCPIL7190135,LUCENT HALO LTD STATION 03,Corsham,GBCPIE7190125*2,GBCPIP7190125*2*1259,22080,NLCPIT39dR*6*0,verification_requise_ne_pas_promouvoir_comme_payg_valide,ocpi_tariff_type_unspecified_valid_for_all_sessions_not_payg_checkout_proof;ocpi_vat_unspecified_20pct_derivation_not_operator_verified,Eco-Movement ChargePoint PCPR CPO OCPI 2.2.1
GBCPIL7190135,LUCENT HALO LTD STATION 03,Corsham,GBCPIE7190135*1,GBCPIP7190135*1*1259,22080,NLCPIT39dR*6*0,verification_requise_ne_pas_promouvoir_comme_payg_valide,ocpi_tariff_type_unspecified_valid_for_all_sessions_not_payg_checkout_proof;ocpi_vat_unspecified_20pct_derivation_not_operator_verified,Eco-Movement ChargePoint PCPR CPO OCPI 2.2.1
GBCPIL7411055,EVIELIFE VICTORIA SQUARE,Bristol,GBCPIE7411055*1,GBCPIP7411055*1*1259,22080,NLCPIT3ESn*1*0,verification_requise_ne_pas_promouvoir_comme_payg_valide,ocpi_tariff_type_unspecified_valid_for_all_sessions_not_payg_checkout_proof;ocpi_vat_unspecified_20pct_derivation_not_operator_verified,Eco-Movement ChargePoint PCPR CPO OCPI 2.2.1
GBCPIL7411055,EVIELIFE VICTORIA SQUARE,Bristol,GBCPIE7411055*2,GBCPIP7411055*2*1259,22080,NLCPIT3ESn*1*0,verification_requise_ne_pas_promouvoir_comme_payg_valide,ocpi_tariff_type_unspecified_valid_for_all_sessions_not_payg_checkout_proof;ocpi_vat_unspecified_20pct_derivation_not_operator_verified,Eco-Movement ChargePoint PCPR CPO OCPI 2.2.1
GBCPIL6733245,WOODCHESTER W5,Stroud,GBCPIE6713675*2,GBCPIP6713675*2*1258,22080,NLCPIT1mER*9*0,verification_requise_ne_pas_promouvoir_comme_payg_valide,ocpi_tariff_type_unspecified_valid_for_all_sessions_not_payg_checkout_proof;ocpi_vat_unspecified_20pct_derivation_not_operator_verified,Eco-Movement ChargePoint PCPR CPO OCPI 2.2.1
GBCPIL6733245,WOODCHESTER W5,Stroud,GBCPIE6713685*1,GBCPIP6713685*1*1258,22080,NLCPIT1mER*9*0,verification_requise_ne_pas_promouvoir_comme_payg_valide,ocpi_tariff_type_unspecified_valid_for_all_sessions_not_payg_checkout_proof;ocpi_vat_unspecified_20pct_derivation_not_operator_verified,Eco-Movement ChargePoint PCPR CPO OCPI 2.2.1
GBCPIL6733245,WOODCHESTER W5,Stroud,GBCPIE6713685*2,GBCPIP6713685*2*1258,22080,NLCPIT1mER*9*0,verification_requise_ne_pas_promouvoir_comme_payg_valide,ocpi_tariff_type_unspecified_valid_for_all_sessions_not_payg_checkout_proof;ocpi_vat_unspecified_20pct_derivation_not_operator_verified,Eco-Movement ChargePoint PCPR CPO OCPI 2.2.1
GBCPIL6733245,WOODCHESTER W5,Stroud,GBCPIE6713785*1,GBCPIP6713785*1*1258,22080,NLCPIT1mER*9*0,verification_requise_ne_pas_promouvoir_comme_payg_valide,ocpi_tariff_type_unspecified_valid_for_all_sessions_not_payg_checkout_proof;ocpi_vat_unspecified_20pct_derivation_not_operator_verified,Eco-Movement ChargePoint PCPR CPO OCPI 2.2.1
GBCPIL6733245,WOODCHESTER W5,Stroud,GBCPIE6713785*2,GBCPIP6713785*2*1258,22080,NLCPIT1mER*9*0,verification_requise_ne_pas_promouvoir_comme_payg_valide,ocpi_tariff_type_unspecified_valid_for_all_sessions_not_payg_checkout_proof;ocpi_vat_unspecified_20pct_derivation_not_operator_verified,Eco-Movement ChargePoint PCPR CPO OCPI 2.2.1
GBCPIL6733245,WOODCHESTER W5,Stroud,GBCPIE6733245*1,GBCPIP6733245*1*1258,22080,NLCPIT1mER*9*0,verification_requise_ne_pas_promouvoir_comme_payg_valide,ocpi_tariff_type_unspecified_valid_for_all_sessions_not_payg_checkout_proof;ocpi_vat_unspecified_20pct_derivation_not_operator_verified,Eco-Movement ChargePoint PCPR CPO OCPI 2.2.1
GBCPIL6733245,WOODCHESTER W5,Stroud,GBCPIE6733245*2,GBCPIP6733245*2*1258,22080,NLCPIT1mER*9*0,verification_requise_ne_pas_promouvoir_comme_payg_valide,ocpi_tariff_type_unspecified_valid_for_all_sessions_not_payg_checkout_proof;ocpi_vat_unspecified_20pct_derivation_not_operator_verified,Eco-Movement ChargePoint PCPR CPO OCPI 2.2.1
GBCPIL6733245,WOODCHESTER W5,Stroud,GBCPIE6713675*1,GBCPIP6713675*1*1258,22080,NLCPIT1mER*9*0,verification_requise_ne_pas_promouvoir_comme_payg_valide,ocpi_tariff_type_unspecified_valid_for_all_sessions_not_payg_checkout_proof;ocpi_vat_unspecified_20pct_derivation_not_operator_verified,Eco-Movement ChargePoint PCPR CPO OCPI 2.2.1
GBCPIL6852025,BEAVERBROOK MICKLEHAM DWN 2,Leatherhead,GBCPIE6852015*1,GBCPIP6852015*1*1259,22080,NLCPIT1k0r*3*0,verification_requise_ne_pas_promouvoir_comme_payg_valide,ocpi_tariff_type_unspecified_valid_for_all_sessions_not_payg_checkout_proof;ocpi_vat_unspecified_20pct_derivation_not_operator_verified,Eco-Movement ChargePoint PCPR CPO OCPI 2.2.1
GBCPIL6852025,BEAVERBROOK MICKLEHAM DWN 2,Leatherhead,GBCPIE6852015*2,GBCPIP6852015*2*1259,22080,NLCPIT1k0r*3*0,verification_requise_ne_pas_promouvoir_comme_payg_valide,ocpi_tariff_type_unspecified_valid_for_all_sessions_not_payg_checkout_proof;ocpi_vat_unspecified_20pct_derivation_not_operator_verified,Eco-Movement ChargePoint PCPR CPO OCPI 2.2.1
GBCPIL6852025,BEAVERBROOK MICKLEHAM DWN 2,Leatherhead,GBCPIE6852025*2,GBCPIP6852025*2*1259,22080,NLCPIT1k0r*3*0,verification_requise_ne_pas_promouvoir_comme_payg_valide,ocpi_tariff_type_unspecified_valid_for_all_sessions_not_payg_checkout_proof;ocpi_vat_unspecified_20pct_derivation_not_operator_verified,Eco-Movement ChargePoint PCPR CPO OCPI 2.2.1
GBCPIL6852025,BEAVERBROOK MICKLEHAM DWN 2,Leatherhead,GBCPIE6852025*1,GBCPIP6852025*1*1259,22080,NLCPIT1k0r*3*0,verification_requise_ne_pas_promouvoir_comme_payg_valide,ocpi_tariff_type_unspecified_valid_for_all_sessions_not_payg_checkout_proof;ocpi_vat_unspecified_20pct_derivation_not_operator_verified,Eco-Movement ChargePoint PCPR CPO OCPI 2.2.1
GBCPIL6822415,BCOT STATION 01,Basingstoke,GBCPIE6822415*1,GBCPIP6822415*1*1259,22080,NLCPIT2YWn*2*0,verification_requise_ne_pas_promouvoir_comme_payg_valide,ocpi_tariff_type_unspecified_valid_for_all_sessions_not_payg_checkout_proof;ocpi_vat_unspecified_20pct_derivation_not_operator_verified,Eco-Movement ChargePoint PCPR CPO OCPI 2.2.1
GBCPIL6822415,BCOT STATION 01,Basingstoke,GBCPIE6822415*2,GBCPIP6822415*2*1259,22080,NLCPIT2YWn*2*0,verification_requise_ne_pas_promouvoir_comme_payg_valide,ocpi_tariff_type_unspecified_valid_for_all_sessions_not_payg_checkout_proof;ocpi_vat_unspecified_20pct_derivation_not_operator_verified,Eco-Movement ChargePoint PCPR CPO OCPI 2.2.1
GBCPIL2866405,CSMLIVE-OAST STATION 1,Orpington,GBCPIE2866405*1,GBCPIP2866405*1*82,22000,NLCPIT2XIV*6*0,verification_requise_ne_pas_promouvoir_comme_payg_valide,ocpi_tariff_type_unspecified_valid_for_all_sessions_not_payg_checkout_proof;ocpi_vat_unspecified_20pct_derivation_not_operator_verified,Eco-Movement ChargePoint PCPR CPO OCPI 2.2.1
GBCPIL2866405,CSMLIVE-OAST STATION 1,Orpington,GBCPIE2866405*2,GBCPIP2866405*2*82,22000,NLCPIT2XIV*6*0,verification_requise_ne_pas_promouvoir_comme_payg_valide,ocpi_tariff_type_unspecified_valid_for_all_sessions_not_payg_checkout_proof;ocpi_vat_unspecified_20pct_derivation_not_operator_verified,Eco-Movement ChargePoint PCPR CPO OCPI 2.2.1
GBCPIL7125495,INTERESTING H. RIVERSIDE 2,Kendal,GBCPIE7125205*1,GBCPIP7125205*1*1258,22080,NLCPIT24Yt*7*0,verification_requise_ne_pas_promouvoir_comme_payg_valide,ocpi_tariff_type_unspecified_valid_for_all_sessions_not_payg_checkout_proof;ocpi_vat_unspecified_20pct_derivation_not_operator_verified,Eco-Movement ChargePoint PCPR CPO OCPI 2.2.1
GBCPIL7125495,INTERESTING H. RIVERSIDE 2,Kendal,GBCPIE7125495*1,GBCPIP7125495*1*1258,22080,NLCPIT24Yt*7*0,verification_requise_ne_pas_promouvoir_comme_payg_valide,ocpi_tariff_type_unspecified_valid_for_all_sessions_not_payg_checkout_proof;ocpi_vat_unspecified_20pct_derivation_not_operator_verified,Eco-Movement ChargePoint PCPR CPO OCPI 2.2.1
GBCPIL6816435,BABCOCK STATION 18,Plymouth,GBCPIE6816435*1,GBCPIP6816435*1*1258,7680,NLCPIT2XHh*G*0,verification_requise_ne_pas_promouvoir_comme_payg_valide,ocpi_tariff_type_unspecified_valid_for_all_sessions_not_payg_checkout_proof;ocpi_vat_unspecified_20pct_derivation_not_operator_verified,Eco-Movement ChargePoint PCPR CPO OCPI 2.2.1
GBCPIL6779755,AMRGP STATION 7,Silverstone,GBCPIE6779755*1,GBCPIP6779755*1*1259,22080,NLCPIT2TM9*B*0,verification_requise_ne_pas_promouvoir_comme_payg_valide,ocpi_tariff_type_unspecified_valid_for_all_sessions_not_payg_checkout_proof;ocpi_vat_unspecified_20pct_derivation_not_operator_verified,Eco-Movement ChargePoint PCPR CPO OCPI 2.2.1
GBCPIL6779755,AMRGP STATION 7,Silverstone,GBCPIE6779755*2,GBCPIP6779755*2*1259,22080,NLCPIT2TM9*B*0,verification_requise_ne_pas_promouvoir_comme_payg_valide,ocpi_tariff_type_unspecified_valid_for_all_sessions_not_payg_checkout_proof;ocpi_vat_unspecified_20pct_derivation_not_operator_verified,Eco-Movement ChargePoint PCPR CPO OCPI 2.2.1
GBCPIL7270265,ROSSLYN EVEREST SPICE,Feltham,GBCPIE7270265*1,GBCPIP7270265*1*373,150000,NLCPIT3AsN*m*0,verification_requise_ne_pas_promouvoir_comme_payg_valide,ocpi_tariff_type_unspecified_valid_for_all_sessions_not_payg_checkout_proof;ocpi_vat_unspecified_20pct_derivation_not_operator_verified,Eco-Movement ChargePoint PCPR CPO OCPI 2.2.1
GBCPIL7270265,ROSSLYN EVEREST SPICE,Feltham,GBCPIE7270265*2,GBCPIP7270265*2*373,150000,NLCPIT3AsN*m*0,verification_requise_ne_pas_promouvoir_comme_payg_valide,ocpi_tariff_type_unspecified_valid_for_all_sessions_not_payg_checkout_proof;ocpi_vat_unspecified_20pct_derivation_not_operator_verified,Eco-Movement ChargePoint PCPR CPO OCPI 2.2.1
GBCPIL6910485,INTERESTING H. THE SWAN @ HAY,Hay-on-Wye,GBCPIE6910485*1,GBCPIP6910485*1*1258,22080,NLCPIT24Yt*7*0,verification_requise_ne_pas_promouvoir_comme_payg_valide,ocpi_tariff_type_unspecified_valid_for_all_sessions_not_payg_checkout_proof;ocpi_vat_unspecified_20pct_derivation_not_operator_verified,Eco-Movement ChargePoint PCPR CPO OCPI 2.2.1
GBCPIL6910485,INTERESTING H. THE SWAN @ HAY,Hay-on-Wye,GBCPIE6910485*2,GBCPIP6910485*2*1258,22080,NLCPIT24Yt*7*0,verification_requise_ne_pas_promouvoir_comme_payg_valide,ocpi_tariff_type_unspecified_valid_for_all_sessions_not_payg_checkout_proof;ocpi_vat_unspecified_20pct_derivation_not_operator_verified,Eco-Movement ChargePoint PCPR CPO OCPI 2.2.1
GBCPIL6779745,AMRGP STATION 6,Silverstone,GBCPIE6779745*1,GBCPIP6779745*1*57,22080,NLCPIT2TM9*B*0,verification_requise_ne_pas_promouvoir_comme_payg_valide,ocpi_tariff_type_unspecified_valid_for_all_sessions_not_payg_checkout_proof;ocpi_vat_unspecified_20pct_derivation_not_operator_verified,Eco-Movement ChargePoint PCPR CPO OCPI 2.2.1
GBCPIL6779745,AMRGP STATION 6,Silverstone,GBCPIE6779745*2,GBCPIP6779745*2*57,22080,NLCPIT2TM9*B*0,verification_requise_ne_pas_promouvoir_comme_payg_valide,ocpi_tariff_type_unspecified_valid_for_all_sessions_not_payg_checkout_proof;ocpi_vat_unspecified_20pct_derivation_not_operator_verified,Eco-Movement ChargePoint PCPR CPO OCPI 2.2.1
GBCPIL6475675,ROYSTON GATE 10 E250-1,Royston,GBCPIE6474185*1,GBCPIP6474185*1*209,62500,NLCPITUiR*W*0,verification_requise_ne_pas_promouvoir_comme_payg_valide,ocpi_tariff_type_unspecified_valid_for_all_sessions_not_payg_checkout_proof;ocpi_vat_unspecified_20pct_derivation_not_operator_verified,Eco-Movement ChargePoint PCPR CPO OCPI 2.2.1
GBCPIL6475675,ROYSTON GATE 10 E250-1,Royston,GBCPIE6474185*1,GBCPIP6474185*1*100005,62500,NLCPITUiR*W*0,verification_requise_ne_pas_promouvoir_comme_payg_valide,ocpi_tariff_type_unspecified_valid_for_all_sessions_not_payg_checkout_proof;ocpi_vat_unspecified_20pct_derivation_not_operator_verified,Eco-Movement ChargePoint PCPR CPO OCPI 2.2.1
GBCPIL6475675,ROYSTON GATE 10 E250-1,Royston,GBCPIE6475675*1,GBCPIP6475675*1*209,62500,NLCPITUiR*W*0,verification_requise_ne_pas_promouvoir_comme_payg_valide,ocpi_tariff_type_unspecified_valid_for_all_sessions_not_payg_checkout_proof;ocpi_vat_unspecified_20pct_derivation_not_operator_verified,Eco-Movement ChargePoint PCPR CPO OCPI 2.2.1
GBCPIL6475675,ROYSTON GATE 10 E250-1,Royston,GBCPIE6475675*1,GBCPIP6475675*1*100005,62500,NLCPITUiR*W*0,verification_requise_ne_pas_promouvoir_comme_payg_valide,ocpi_tariff_type_unspecified_valid_for_all_sessions_not_payg_checkout_proof;ocpi_vat_unspecified_20pct_derivation_not_operator_verified,Eco-Movement ChargePoint PCPR CPO OCPI 2.2.1
GBCPIL7416555,EVIELIFE SPA HOTEL,Saltburn,GBCPIE7416555*1,GBCPIP7416555*1*1259,22080,NLCPIT2tjJ*K*0,verification_requise_ne_pas_promouvoir_comme_payg_valide,ocpi_tariff_type_unspecified_valid_for_all_sessions_not_payg_checkout_proof;ocpi_vat_unspecified_20pct_derivation_not_operator_verified,Eco-Movement ChargePoint PCPR CPO OCPI 2.2.1
GBCPIL7416555,EVIELIFE SPA HOTEL,Saltburn,GBCPIE7416555*2,GBCPIP7416555*2*1259,22080,NLCPIT2tjJ*K*0,verification_requise_ne_pas_promouvoir_comme_payg_valide,ocpi_tariff_type_unspecified_valid_for_all_sessions_not_payg_checkout_proof;ocpi_vat_unspecified_20pct_derivation_not_operator_verified,Eco-Movement ChargePoint PCPR CPO OCPI 2.2.1
GBCPIL6589365,HINNEX STALBANS HI EXPRESS 1,London Colney,GBCPIE6589365*1,GBCPIP6589365*1*84,22000,NLCPIT1fC9*4*0,verification_requise_ne_pas_promouvoir_comme_payg_valide,ocpi_tariff_type_unspecified_valid_for_all_sessions_not_payg_checkout_proof;ocpi_vat_unspecified_20pct_derivation_not_operator_verified,Eco-Movement ChargePoint PCPR CPO OCPI 2.2.1
GBCPIL6589365,HINNEX STALBANS HI EXPRESS 1,London Colney,GBCPIE6589365*2,GBCPIP6589365*2*84,22000,NLCPIT1fC9*4*0,verification_requise_ne_pas_promouvoir_comme_payg_valide,ocpi_tariff_type_unspecified_valid_for_all_sessions_not_payg_checkout_proof;ocpi_vat_unspecified_20pct_derivation_not_operator_verified,Eco-Movement ChargePoint PCPR CPO OCPI 2.2.1
GBCPIL6516505,TIL TRAMWAY TILSTONE-1,Banbury,GBCPIE6516505*1,GBCPIP6516505*1*84,22000,NLCPIT15yv*2*0,verification_requise_ne_pas_promouvoir_comme_payg_valide,ocpi_tariff_type_unspecified_valid_for_all_sessions_not_payg_checkout_proof;ocpi_vat_unspecified_20pct_derivation_not_operator_verified,Eco-Movement ChargePoint PCPR CPO OCPI 2.2.1
GBCPIL6516505,TIL TRAMWAY TILSTONE-1,Banbury,GBCPIE6516505*2,GBCPIP6516505*2*84,22000,NLCPIT15yv*2*0,verification_requise_ne_pas_promouvoir_comme_payg_valide,ocpi_tariff_type_unspecified_valid_for_all_sessions_not_payg_checkout_proof;ocpi_vat_unspecified_20pct_derivation_not_operator_verified,Eco-Movement ChargePoint PCPR CPO OCPI 2.2.1
GBCPIL7424685,EVIELIFE NEW FOREST 01,Landford,GBCPIE7424685*1,GBCPIP7424685*1*100270,7680,NLCPIT2tjJ*K*0,verification_requise_ne_pas_promouvoir_comme_payg_valide,ocpi_tariff_type_unspecified_valid_for_all_sessions_not_payg_checkout_proof;ocpi_vat_unspecified_20pct_derivation_not_operator_verified,Eco-Movement ChargePoint PCPR CPO OCPI 2.2.1
GBCPIL7424685,EVIELIFE NEW FOREST 01,Landford,GBCPIE7424685*2,GBCPIP7424685*2*100270,7680,NLCPIT2tjJ*K*0,verification_requise_ne_pas_promouvoir_comme_payg_valide,ocpi_tariff_type_unspecified_valid_for_all_sessions_not_payg_checkout_proof;ocpi_vat_unspecified_20pct_derivation_not_operator_verified,Eco-Movement ChargePoint PCPR CPO OCPI 2.2.1
GBCPIL6996415,EV OTM WATERSIDE 4,Blackburn,GBCPIE6996425*1,GBCPIP6996425*1*84,22000,NLCPIT2uLN*3*0,verification_requise_ne_pas_promouvoir_comme_payg_valide,ocpi_tariff_type_unspecified_valid_for_all_sessions_not_payg_checkout_proof;ocpi_vat_unspecified_20pct_derivation_not_operator_verified,Eco-Movement ChargePoint PCPR CPO OCPI 2.2.1
GBCPIL6996415,EV OTM WATERSIDE 4,Blackburn,GBCPIE6996425*2,GBCPIP6996425*2*84,22000,NLCPIT2uLN*3*0,verification_requise_ne_pas_promouvoir_comme_payg_valide,ocpi_tariff_type_unspecified_valid_for_all_sessions_not_payg_checkout_proof;ocpi_vat_unspecified_20pct_derivation_not_operator_verified,Eco-Movement ChargePoint PCPR CPO OCPI 2.2.1
GBCPIL6996415,EV OTM WATERSIDE 4,Blackburn,GBCPIE6996415*1,GBCPIP6996415*1*84,22000,NLCPIT2uLN*3*0,verification_requise_ne_pas_promouvoir_comme_payg_valide,ocpi_tariff_type_unspecified_valid_for_all_sessions_not_payg_checkout_proof;ocpi_vat_unspecified_20pct_derivation_not_operator_verified,Eco-Movement ChargePoint PCPR CPO OCPI 2.2.1
GBCPIL6996415,EV OTM WATERSIDE 4,Blackburn,GBCPIE6996415*2,GBCPIP6996415*2*84,22000,NLCPIT2uLN*3*0,verification_requise_ne_pas_promouvoir_comme_payg_valide,ocpi_tariff_type_unspecified_valid_for_all_sessions_not_payg_checkout_proof;ocpi_vat_unspecified_20pct_derivation_not_operator_verified,Eco-Movement ChargePoint PCPR CPO OCPI 2.2.1
GBCPIL6996415,EV OTM WATERSIDE 4,Blackburn,GBCPIE6996405*1,GBCPIP6996405*1*84,22000,NLCPIT2uLN*3*0,verification_requise_ne_pas_promouvoir_comme_payg_valide,ocpi_tariff_type_unspecified_valid_for_all_sessions_not_payg_checkout_proof;ocpi_vat_unspecified_20pct_derivation_not_operator_verified,Eco-Movement ChargePoint PCPR CPO OCPI 2.2.1
GBCPIL6996415,EV OTM WATERSIDE 4,Blackburn,GBCPIE6996405*2,GBCPIP6996405*2*84,22000,NLCPIT2uLN*3*0,verification_requise_ne_pas_promouvoir_comme_payg_valide,ocpi_tariff_type_unspecified_valid_for_all_sessions_not_payg_checkout_proof;ocpi_vat_unspecified_20pct_derivation_not_operator_verified,Eco-Movement ChargePoint PCPR CPO OCPI 2.2.1
GBCPIL6790325,BABCOCK STATION 19,Plymouth,GBCPIE6788145*1,GBCPIP6788145*1*1258,7680,NLCPIT2XHh*G*0,verification_requise_ne_pas_promouvoir_comme_payg_valide,ocpi_tariff_type_unspecified_valid_for_all_sessions_not_payg_checkout_proof;ocpi_vat_unspecified_20pct_derivation_not_operator_verified,Eco-Movement ChargePoint PCPR CPO OCPI 2.2.1
GBCPIL6790325,BABCOCK STATION 19,Plymouth,GBCPIE6788145*2,GBCPIP6788145*2*1258,7680,NLCPIT2XHh*G*0,verification_requise_ne_pas_promouvoir_comme_payg_valide,ocpi_tariff_type_unspecified_valid_for_all_sessions_not_payg_checkout_proof;ocpi_vat_unspecified_20pct_derivation_not_operator_verified,Eco-Movement ChargePoint PCPR CPO OCPI 2.2.1
GBCPIL6790325,BABCOCK STATION 19,Plymouth,GBCPIE6788185*1,GBCPIP6788185*1*1258,7680,NLCPIT2XHh*G*0,verification_requise_ne_pas_promouvoir_comme_payg_valide,ocpi_tariff_type_unspecified_valid_for_all_sessions_not_payg_checkout_proof;ocpi_vat_unspecified_20pct_derivation_not_operator_verified,Eco-Movement ChargePoint PCPR CPO OCPI 2.2.1
GBCPIL6790325,BABCOCK STATION 19,Plymouth,GBCPIE6788185*2,GBCPIP6788185*2*1258,7680,NLCPIT2XHh*G*0,verification_requise_ne_pas_promouvoir_comme_payg_valide,ocpi_tariff_type_unspecified_valid_for_all_sessions_not_payg_checkout_proof;ocpi_vat_unspecified_20pct_derivation_not_operator_verified,Eco-Movement ChargePoint PCPR CPO OCPI 2.2.1
GBCPIL6790325,BABCOCK STATION 19,Plymouth,GBCPIE6790325*1,GBCPIP6790325*1*1258,22080,NLCPIT2XHh*G*0,verification_requise_ne_pas_promouvoir_comme_payg_valide,ocpi_tariff_type_unspecified_valid_for_all_sessions_not_payg_checkout_proof;ocpi_vat_unspecified_20pct_derivation_not_operator_verified,Eco-Movement ChargePoint PCPR CPO OCPI 2.2.1
GBCPIL6790325,BABCOCK STATION 19,Plymouth,GBCPIE6790325*2,GBCPIP6790325*2*1258,22080,NLCPIT2XHh*G*0,verification_requise_ne_pas_promouvoir_comme_payg_valide,ocpi_tariff_type_unspecified_valid_for_all_sessions_not_payg_checkout_proof;ocpi_vat_unspecified_20pct_derivation_not_operator_verified,Eco-Movement ChargePoint PCPR CPO OCPI 2.2.1
GBCPIL6719085,ETB TAMWORTH,Tamworth,GBCPIE6719085*1,GBCPIP6719085*1*1258,22080,NLCPIT2QP*1*0,tarif_indisponible,foreign_currency_tariff;ocpi_tariff_type_unspecified_valid_for_all_sessions_not_payg_checkout_proof;ocpi_vat_unspecified_20pct_derivation_not_operator_verified,Eco-Movement ChargePoint PCPR CPO OCPI 2.2.1
GBCPIL6719085,ETB TAMWORTH,Tamworth,GBCPIE6719085*2,GBCPIP6719085*2*1258,22080,NLCPIT2QP*1*0,tarif_indisponible,foreign_currency_tariff;ocpi_tariff_type_unspecified_valid_for_all_sessions_not_payg_checkout_proof;ocpi_vat_unspecified_20pct_derivation_not_operator_verified,Eco-Movement ChargePoint PCPR CPO OCPI 2.2.1
GBCPIL6774565,BV STATION 05,Bicester,GBCPIE6774575*1,GBCPIP6774575*1*1259,22080,NLCPIT2AJz*2*0,verification_requise_ne_pas_promouvoir_comme_payg_valide,ocpi_tariff_type_unspecified_valid_for_all_sessions_not_payg_checkout_proof;ocpi_vat_unspecified_20pct_derivation_not_operator_verified,Eco-Movement ChargePoint PCPR CPO OCPI 2.2.1
GBCPIL6774565,BV STATION 05,Bicester,GBCPIE6774575*2,GBCPIP6774575*2*1259,22080,NLCPIT2AJz*2*0,verification_requise_ne_pas_promouvoir_comme_payg_valide,ocpi_tariff_type_unspecified_valid_for_all_sessions_not_payg_checkout_proof;ocpi_vat_unspecified_20pct_derivation_not_operator_verified,Eco-Movement ChargePoint PCPR CPO OCPI 2.2.1
GBCPIL6774565,BV STATION 05,Bicester,GBCPIE6774535*1,GBCPIP6774535*1*1259,22080,NLCPIT2AJz*2*0,verification_requise_ne_pas_promouvoir_comme_payg_valide,ocpi_tariff_type_unspecified_valid_for_all_sessions_not_payg_checkout_proof;ocpi_vat_unspecified_20pct_derivation_not_operator_verified,Eco-Movement ChargePoint PCPR CPO OCPI 2.2.1
GBCPIL6774565,BV STATION 05,Bicester,GBCPIE6774535*2,GBCPIP6774535*2*1259,22080,NLCPIT2AJz*2*0,verification_requise_ne_pas_promouvoir_comme_payg_valide,ocpi_tariff_type_unspecified_valid_for_all_sessions_not_payg_checkout_proof;ocpi_vat_unspecified_20pct_derivation_not_operator_verified,Eco-Movement ChargePoint PCPR CPO OCPI 2.2.1
GBCPIL6774565,BV STATION 05,Bicester,GBCPIE6774585*1,GBCPIP6774585*1*1259,22080,NLCPIT2AJz*2*0,verification_requise_ne_pas_promouvoir_comme_payg_valide,ocpi_tariff_type_unspecified_valid_for_all_sessions_not_payg_checkout_proof;ocpi_vat_unspecified_20pct_derivation_not_operator_verified,Eco-Movement ChargePoint PCPR CPO OCPI 2.2.1
GBCPIL6774565,BV STATION 05,Bicester,GBCPIE6774585*2,GBCPIP6774585*2*1259,22080,NLCPIT2AJz*2*0,verification_requise_ne_pas_promouvoir_comme_payg_valide,ocpi_tariff_type_unspecified_valid_for_all_sessions_not_payg_checkout_proof;ocpi_vat_unspecified_20pct_derivation_not_operator_verified,Eco-Movement ChargePoint PCPR CPO OCPI 2.2.1
GBCPIL6774565,BV STATION 05,Bicester,GBCPIE6774565*1,GBCPIP6774565*1*1259,22080,NLCPIT2AJz*2*0,verification_requise_ne_pas_promouvoir_comme_payg_valide,ocpi_tariff_type_unspecified_valid_for_all_sessions_not_payg_checkout_proof;ocpi_vat_unspecified_20pct_derivation_not_operator_verified,Eco-Movement ChargePoint PCPR CPO OCPI 2.2.1
GBCPIL6774565,BV STATION 05,Bicester,GBCPIE6774565*2,GBCPIP6774565*2*1259,22080,NLCPIT2AJz*2*0,verification_requise_ne_pas_promouvoir_comme_payg_valide,ocpi_tariff_type_unspecified_valid_for_all_sessions_not_payg_checkout_proof;ocpi_vat_unspecified_20pct_derivation_not_operator_verified,Eco-Movement ChargePoint PCPR CPO OCPI 2.2.1
GBCPIL7382335,APEX HOTELS PINE TREES 2,Pitlochry,GBCPIE7382315*1,GBCPIP7382315*1*1259,22080,NLCPIT39g1*1*0,verification_requise_ne_pas_promouvoir_comme_payg_valide,ocpi_tariff_type_unspecified_valid_for_all_sessions_not_payg_checkout_proof;ocpi_vat_unspecified_20pct_derivation_not_operator_verified,Eco-Movement ChargePoint PCPR CPO OCPI 2.2.1
GBCPIL7382335,APEX HOTELS PINE TREES 2,Pitlochry,GBCPIE7382315*2,GBCPIP7382315*2*1259,22080,NLCPIT39g1*1*0,verification_requise_ne_pas_promouvoir_comme_payg_valide,ocpi_tariff_type_unspecified_valid_for_all_sessions_not_payg_checkout_proof;ocpi_vat_unspecified_20pct_derivation_not_operator_verified,Eco-Movement ChargePoint PCPR CPO OCPI 2.2.1
GBCPIL7382335,APEX HOTELS PINE TREES 2,Pitlochry,GBCPIE7382335*1,GBCPIP7382335*1*1259,22080,NLCPIT39g1*1*0,verification_requise_ne_pas_promouvoir_comme_payg_valide,ocpi_tariff_type_unspecified_valid_for_all_sessions_not_payg_checkout_proof;ocpi_vat_unspecified_20pct_derivation_not_operator_verified,Eco-Movement ChargePoint PCPR CPO OCPI 2.2.1
GBCPIL7382335,APEX HOTELS PINE TREES 2,Pitlochry,GBCPIE7382335*2,GBCPIP7382335*2*1259,22080,NLCPIT39g1*1*0,verification_requise_ne_pas_promouvoir_comme_payg_valide,ocpi_tariff_type_unspecified_valid_for_all_sessions_not_payg_checkout_proof;ocpi_vat_unspecified_20pct_derivation_not_operator_verified,Eco-Movement ChargePoint PCPR CPO OCPI 2.2.1
GBCPIL7232465,BBF HULL CHARGER 3,Kingston upon Hull,GBCPIE7232425*1,GBCPIP7232425*1*1259,22080,NLCPIT3Bel*5*0,verification_requise_ne_pas_promouvoir_comme_payg_valide,ocpi_tariff_type_unspecified_valid_for_all_sessions_not_payg_checkout_proof;ocpi_vat_unspecified_20pct_derivation_not_operator_verified,Eco-Movement ChargePoint PCPR CPO OCPI 2.2.1
GBCPIL7232465,BBF HULL CHARGER 3,Kingston upon Hull,GBCPIE7232425*2,GBCPIP7232425*2*1259,22080,NLCPIT3Bel*5*0,verification_requise_ne_pas_promouvoir_comme_payg_valide,ocpi_tariff_type_unspecified_valid_for_all_sessions_not_payg_checkout_proof;ocpi_vat_unspecified_20pct_derivation_not_operator_verified,Eco-Movement ChargePoint PCPR CPO OCPI 2.2.1
GBCPIL7232465,BBF HULL CHARGER 3,Kingston upon Hull,GBCPIE7232435*1,GBCPIP7232435*1*1259,22080,NLCPIT3Bel*5*0,verification_requise_ne_pas_promouvoir_comme_payg_valide,ocpi_tariff_type_unspecified_valid_for_all_sessions_not_payg_checkout_proof;ocpi_vat_unspecified_20pct_derivation_not_operator_verified,Eco-Movement ChargePoint PCPR CPO OCPI 2.2.1
GBCPIL7232465,BBF HULL CHARGER 3,Kingston upon Hull,GBCPIE7232435*2,GBCPIP7232435*2*1259,22080,NLCPIT3Bel*5*0,verification_requise_ne_pas_promouvoir_comme_payg_valide,ocpi_tariff_type_unspecified_valid_for_all_sessions_not_payg_checkout_proof;ocpi_vat_unspecified_20pct_derivation_not_operator_verified,Eco-Movement ChargePoint PCPR CPO OCPI 2.2.1
GBCPIL7232465,BBF HULL CHARGER 3,Kingston upon Hull,GBCPIE7232465*1,GBCPIP7232465*1*1259,22080,NLCPIT3Bel*5*0,verification_requise_ne_pas_promouvoir_comme_payg_valide,ocpi_tariff_type_unspecified_valid_for_all_sessions_not_payg_checkout_proof;ocpi_vat_unspecified_20pct_derivation_not_operator_verified,Eco-Movement ChargePoint PCPR CPO OCPI 2.2.1
GBCPIL7232465,BBF HULL CHARGER 3,Kingston upon Hull,GBCPIE7232465*2,GBCPIP7232465*2*1259,22080,NLCPIT3Bel*5*0,verification_requise_ne_pas_promouvoir_comme_payg_valide,ocpi_tariff_type_unspecified_valid_for_all_sessions_not_payg_checkout_proof;ocpi_vat_unspecified_20pct_derivation_not_operator_verified,Eco-Movement ChargePoint PCPR CPO OCPI 2.2.1
GBCPIL7036575,EVIELIFE BLUEBELLHOTEL 1,Belford,GBCPIE7036575*1,GBCPIP7036575*1*1259,7680,NLCPIT3ESn*1*0,verification_requise_ne_pas_promouvoir_comme_payg_valide,ocpi_tariff_type_unspecified_valid_for_all_sessions_not_payg_checkout_proof;ocpi_vat_unspecified_20pct_derivation_not_operator_verified,Eco-Movement ChargePoint PCPR CPO OCPI 2.2.1
GBCPIL7036575,EVIELIFE BLUEBELLHOTEL 1,Belford,GBCPIE7036575*2,GBCPIP7036575*2*1259,7680,NLCPIT3ESn*1*0,verification_requise_ne_pas_promouvoir_comme_payg_valide,ocpi_tariff_type_unspecified_valid_for_all_sessions_not_payg_checkout_proof;ocpi_vat_unspecified_20pct_derivation_not_operator_verified,Eco-Movement ChargePoint PCPR CPO OCPI 2.2.1
GBCPIL7427765,ROSSLYN BHAGEECHA,Elstree,GBCPIE7427765*1,GBCPIP7427765*1*100149,300000,NLCPIT3AsN*r*0,verification_requise_ne_pas_promouvoir_comme_payg_valide,ocpi_tariff_type_unspecified_valid_for_all_sessions_not_payg_checkout_proof;ocpi_vat_unspecified_20pct_derivation_not_operator_verified,Eco-Movement ChargePoint PCPR CPO OCPI 2.2.1
GBCPIL7427765,ROSSLYN BHAGEECHA,Elstree,GBCPIE7427765*2,GBCPIP7427765*2*100149,300000,NLCPIT3AsN*r*0,verification_requise_ne_pas_promouvoir_comme_payg_valide,ocpi_tariff_type_unspecified_valid_for_all_sessions_not_payg_checkout_proof;ocpi_vat_unspecified_20pct_derivation_not_operator_verified,Eco-Movement ChargePoint PCPR CPO OCPI 2.2.1
GBCPIL6480925,G BLOCK ATRIUM3,Cardiff,GBCPIE6480925*1,GBCPIP6480925*1*84,22000,NLCPITMFv*9*0,verification_requise_ne_pas_promouvoir_comme_payg_valide,ocpi_tariff_type_unspecified_valid_for_all_sessions_not_payg_checkout_proof;ocpi_vat_unspecified_20pct_derivation_not_operator_verified,Eco-Movement ChargePoint PCPR CPO OCPI 2.2.1
GBCPIL6480925,G BLOCK ATRIUM3,Cardiff,GBCPIE6480925*2,GBCPIP6480925*2*84,22000,NLCPITMFv*9*0,verification_requise_ne_pas_promouvoir_comme_payg_valide,ocpi_tariff_type_unspecified_valid_for_all_sessions_not_payg_checkout_proof;ocpi_vat_unspecified_20pct_derivation_not_operator_verified,Eco-Movement ChargePoint PCPR CPO OCPI 2.2.1
GBCPIL6884155,THE WAVE STATION 02,Easter Compton,GBCPIE6855085*1,GBCPIP6855085*1*1259,22080,NLCPIT2lrt*3*0,verification_requise_ne_pas_promouvoir_comme_payg_valide,ocpi_tariff_type_unspecified_valid_for_all_sessions_not_payg_checkout_proof;ocpi_vat_unspecified_20pct_derivation_not_operator_verified,Eco-Movement ChargePoint PCPR CPO OCPI 2.2.1
GBCPIL6884155,THE WAVE STATION 02,Easter Compton,GBCPIE6855085*2,GBCPIP6855085*2*1259,22080,NLCPIT2lrt*3*0,verification_requise_ne_pas_promouvoir_comme_payg_valide,ocpi_tariff_type_unspecified_valid_for_all_sessions_not_payg_checkout_proof;ocpi_vat_unspecified_20pct_derivation_not_operator_verified,Eco-Movement ChargePoint PCPR CPO OCPI 2.2.1
GBCPIL6884155,THE WAVE STATION 02,Easter Compton,GBCPIE6884155*1,GBCPIP6884155*1*1259,22080,NLCPIT2lrt*3*0,verification_requise_ne_pas_promouvoir_comme_payg_valide,ocpi_tariff_type_unspecified_valid_for_all_sessions_not_payg_checkout_proof;ocpi_vat_unspecified_20pct_derivation_not_operator_verified,Eco-Movement ChargePoint PCPR CPO OCPI 2.2.1
GBCPIL6884155,THE WAVE STATION 02,Easter Compton,GBCPIE6884155*2,GBCPIP6884155*2*1259,22080,NLCPIT2lrt*3*0,verification_requise_ne_pas_promouvoir_comme_payg_valide,ocpi_tariff_type_unspecified_valid_for_all_sessions_not_payg_checkout_proof;ocpi_vat_unspecified_20pct_derivation_not_operator_verified,Eco-Movement ChargePoint PCPR CPO OCPI 2.2.1
GBCPIL6996465,EV OTM WATERSIDE 5,Blackburn,GBCPIE6996455*1,GBCPIP6996455*1*84,22000,NLCPIT2uLN*3*0,verification_requise_ne_pas_promouvoir_comme_payg_valide,ocpi_tariff_type_unspecified_valid_for_all_sessions_not_payg_checkout_proof;ocpi_vat_unspecified_20pct_derivation_not_operator_verified,Eco-Movement ChargePoint PCPR CPO OCPI 2.2.1
GBCPIL6996465,EV OTM WATERSIDE 5,Blackburn,GBCPIE6996455*2,GBCPIP6996455*2*84,22000,NLCPIT2uLN*3*0,verification_requise_ne_pas_promouvoir_comme_payg_valide,ocpi_tariff_type_unspecified_valid_for_all_sessions_not_payg_checkout_proof;ocpi_vat_unspecified_20pct_derivation_not_operator_verified,Eco-Movement ChargePoint PCPR CPO OCPI 2.2.1
GBCPIL6996465,EV OTM WATERSIDE 5,Blackburn,GBCPIE6996435*1,GBCPIP6996435*1*47,50000,NLCPIT2tA9*4*0,verification_requise_ne_pas_promouvoir_comme_payg_valide,ocpi_tariff_type_unspecified_valid_for_all_sessions_not_payg_checkout_proof;ocpi_vat_unspecified_20pct_derivation_not_operator_verified,Eco-Movement ChargePoint PCPR CPO OCPI 2.2.1
GBCPIL6996465,EV OTM WATERSIDE 5,Blackburn,GBCPIE6996435*1,GBCPIP6996435*1*217,50000,NLCPIT2tA9*4*0,verification_requise_ne_pas_promouvoir_comme_payg_valide,ocpi_tariff_type_unspecified_valid_for_all_sessions_not_payg_checkout_proof;ocpi_vat_unspecified_20pct_derivation_not_operator_verified,Eco-Movement ChargePoint PCPR CPO OCPI 2.2.1
GBCPIL6996465,EV OTM WATERSIDE 5,Blackburn,GBCPIE6996465*1,GBCPIP6996465*1*84,22000,NLCPIT2uLN*3*0,verification_requise_ne_pas_promouvoir_comme_payg_valide,ocpi_tariff_type_unspecified_valid_for_all_sessions_not_payg_checkout_proof;ocpi_vat_unspecified_20pct_derivation_not_operator_verified,Eco-Movement ChargePoint PCPR CPO OCPI 2.2.1
GBCPIL6996465,EV OTM WATERSIDE 5,Blackburn,GBCPIE6996465*2,GBCPIP6996465*2*84,22000,NLCPIT2uLN*3*0,verification_requise_ne_pas_promouvoir_comme_payg_valide,ocpi_tariff_type_unspecified_valid_for_all_sessions_not_payg_checkout_proof;ocpi_vat_unspecified_20pct_derivation_not_operator_verified,Eco-Movement ChargePoint PCPR CPO OCPI 2.2.1
GBCPIL7406975,EVIELIFE FARRINGTON INN,Farrington Gurney,GBCPIE7406975*1,GBCPIP7406975*1*1259,22080,NLCPIT2tjJ*K*0,verification_requise_ne_pas_promouvoir_comme_payg_valide,ocpi_tariff_type_unspecified_valid_for_all_sessions_not_payg_checkout_proof;ocpi_vat_unspecified_20pct_derivation_not_operator_verified,Eco-Movement ChargePoint PCPR CPO OCPI 2.2.1
GBCPIL7406975,EVIELIFE FARRINGTON INN,Farrington Gurney,GBCPIE7406975*2,GBCPIP7406975*2*1259,22080,NLCPIT2tjJ*K*0,verification_requise_ne_pas_promouvoir_comme_payg_valide,ocpi_tariff_type_unspecified_valid_for_all_sessions_not_payg_checkout_proof;ocpi_vat_unspecified_20pct_derivation_not_operator_verified,Eco-Movement ChargePoint PCPR CPO OCPI 2.2.1
GBCPIL6496345,VALUE CAR PARKS 627 628,Belfast,GBCPIE6496325*1,GBCPIP6496325*1*82,22000,NLCPITzjz*8*0,verification_requise_ne_pas_promouvoir_comme_payg_valide,ocpi_tariff_type_unspecified_valid_for_all_sessions_not_payg_checkout_proof;ocpi_vat_unspecified_20pct_derivation_not_operator_verified,Eco-Movement ChargePoint PCPR CPO OCPI 2.2.1
GBCPIL6496345,VALUE CAR PARKS 627 628,Belfast,GBCPIE6496325*2,GBCPIP6496325*2*82,22000,NLCPITzjz*8*0,verification_requise_ne_pas_promouvoir_comme_payg_valide,ocpi_tariff_type_unspecified_valid_for_all_sessions_not_payg_checkout_proof;ocpi_vat_unspecified_20pct_derivation_not_operator_verified,Eco-Movement ChargePoint PCPR CPO OCPI 2.2.1
GBCPIL6496345,VALUE CAR PARKS 627 628,Belfast,GBCPIE6496335*1,GBCPIP6496335*1*82,22000,NLCPITzjz*8*0,verification_requise_ne_pas_promouvoir_comme_payg_valide,ocpi_tariff_type_unspecified_valid_for_all_sessions_not_payg_checkout_proof;ocpi_vat_unspecified_20pct_derivation_not_operator_verified,Eco-Movement ChargePoint PCPR CPO OCPI 2.2.1
GBCPIL6496345,VALUE CAR PARKS 627 628,Belfast,GBCPIE6496335*2,GBCPIP6496335*2*82,22000,NLCPITzjz*8*0,verification_requise_ne_pas_promouvoir_comme_payg_valide,ocpi_tariff_type_unspecified_valid_for_all_sessions_not_payg_checkout_proof;ocpi_vat_unspecified_20pct_derivation_not_operator_verified,Eco-Movement ChargePoint PCPR CPO OCPI 2.2.1
GBCPIL6496345,VALUE CAR PARKS 627 628,Belfast,GBCPIE6496345*1,GBCPIP6496345*1*82,22000,NLCPITzjz*8*0,verification_requise_ne_pas_promouvoir_comme_payg_valide,ocpi_tariff_type_unspecified_valid_for_all_sessions_not_payg_checkout_proof;ocpi_vat_unspecified_20pct_derivation_not_operator_verified,Eco-Movement ChargePoint PCPR CPO OCPI 2.2.1
GBCPIL6496345,VALUE CAR PARKS 627 628,Belfast,GBCPIE6496345*2,GBCPIP6496345*2*82,22000,NLCPITzjz*8*0,verification_requise_ne_pas_promouvoir_comme_payg_valide,ocpi_tariff_type_unspecified_valid_for_all_sessions_not_payg_checkout_proof;ocpi_vat_unspecified_20pct_derivation_not_operator_verified,Eco-Movement ChargePoint PCPR CPO OCPI 2.2.1
GBCPIL6496345,VALUE CAR PARKS 627 628,Belfast,GBCPIE6496315*1,GBCPIP6496315*1*82,22000,NLCPITzjz*8*0,verification_requise_ne_pas_promouvoir_comme_payg_valide,ocpi_tariff_type_unspecified_valid_for_all_sessions_not_payg_checkout_proof;ocpi_vat_unspecified_20pct_derivation_not_operator_verified,Eco-Movement ChargePoint PCPR CPO OCPI 2.2.1
GBCPIL6496345,VALUE CAR PARKS 627 628,Belfast,GBCPIE6496315*2,GBCPIP6496315*2*82,22000,NLCPITzjz*8*0,verification_requise_ne_pas_promouvoir_comme_payg_valide,ocpi_tariff_type_unspecified_valid_for_all_sessions_not_payg_checkout_proof;ocpi_vat_unspecified_20pct_derivation_not_operator_verified,Eco-Movement ChargePoint PCPR CPO OCPI 2.2.1
GBCPIL6732575,CAMBRIDGE SQ CAMBRIDGE SQ 2,Cambridge,GBCPIE6732415*1,GBCPIP6732415*1*1258,7680,NLCPIT2mhL*1*0,verification_requise_ne_pas_promouvoir_comme_payg_valide,ocpi_tariff_type_unspecified_valid_for_all_sessions_not_payg_checkout_proof;ocpi_vat_unspecified_20pct_derivation_not_operator_verified,Eco-Movement ChargePoint PCPR CPO OCPI 2.2.1
GBCPIL6732575,CAMBRIDGE SQ CAMBRIDGE SQ 2,Cambridge,GBCPIE6732415*2,GBCPIP6732415*2*1258,7680,NLCPIT2mhL*1*0,verification_requise_ne_pas_promouvoir_comme_payg_valide,ocpi_tariff_type_unspecified_valid_for_all_sessions_not_payg_checkout_proof;ocpi_vat_unspecified_20pct_derivation_not_operator_verified,Eco-Movement ChargePoint PCPR CPO OCPI 2.2.1
GBCPIL6732575,CAMBRIDGE SQ CAMBRIDGE SQ 2,Cambridge,GBCPIE6732575*1,GBCPIP6732575*1*1258,7680,NLCPIT2mhL*1*0,verification_requise_ne_pas_promouvoir_comme_payg_valide,ocpi_tariff_type_unspecified_valid_for_all_sessions_not_payg_checkout_proof;ocpi_vat_unspecified_20pct_derivation_not_operator_verified,Eco-Movement ChargePoint PCPR CPO OCPI 2.2.1
GBCPIL6732575,CAMBRIDGE SQ CAMBRIDGE SQ 2,Cambridge,GBCPIE6732575*2,GBCPIP6732575*2*1258,7680,NLCPIT2mhL*1*0,verification_requise_ne_pas_promouvoir_comme_payg_valide,ocpi_tariff_type_unspecified_valid_for_all_sessions_not_payg_checkout_proof;ocpi_vat_unspecified_20pct_derivation_not_operator_verified,Eco-Movement ChargePoint PCPR CPO OCPI 2.2.1
GBCPIL7389895,PHQ CAR PARK CHARGER 2,Portsmouth,GBCPIE7389895*1,GBCPIP7389895*1*1259,22080,NLCPIT3Dh3*4*0,verification_requise_ne_pas_promouvoir_comme_payg_valide,ocpi_tariff_type_unspecified_valid_for_all_sessions_not_payg_checkout_proof;ocpi_vat_unspecified_20pct_derivation_not_operator_verified,Eco-Movement ChargePoint PCPR CPO OCPI 2.2.1
GBCPIL7389895,PHQ CAR PARK CHARGER 2,Portsmouth,GBCPIE7389895*2,GBCPIP7389895*2*1259,22080,NLCPIT3Dh3*4*0,verification_requise_ne_pas_promouvoir_comme_payg_valide,ocpi_tariff_type_unspecified_valid_for_all_sessions_not_payg_checkout_proof;ocpi_vat_unspecified_20pct_derivation_not_operator_verified,Eco-Movement ChargePoint PCPR CPO OCPI 2.2.1
GBCPIL7337735,DMR HOTEL DRAYTON HOTEL 2,Fazeley,GBCPIE7337725*1,GBCPIP7337725*1*1259,22080,NLCPIT3CZD*1*0,verification_requise_ne_pas_promouvoir_comme_payg_valide,ocpi_tariff_type_unspecified_valid_for_all_sessions_not_payg_checkout_proof;ocpi_vat_unspecified_20pct_derivation_not_operator_verified,Eco-Movement ChargePoint PCPR CPO OCPI 2.2.1
GBCPIL7337735,DMR HOTEL DRAYTON HOTEL 2,Fazeley,GBCPIE7337725*2,GBCPIP7337725*2*1259,22080,NLCPIT3CZD*1*0,verification_requise_ne_pas_promouvoir_comme_payg_valide,ocpi_tariff_type_unspecified_valid_for_all_sessions_not_payg_checkout_proof;ocpi_vat_unspecified_20pct_derivation_not_operator_verified,Eco-Movement ChargePoint PCPR CPO OCPI 2.2.1
GBCPIL7337735,DMR HOTEL DRAYTON HOTEL 2,Fazeley,GBCPIE7337735*1,GBCPIP7337735*1*1259,22080,NLCPIT3CZD*1*0,verification_requise_ne_pas_promouvoir_comme_payg_valide,ocpi_tariff_type_unspecified_valid_for_all_sessions_not_payg_checkout_proof;ocpi_vat_unspecified_20pct_derivation_not_operator_verified,Eco-Movement ChargePoint PCPR CPO OCPI 2.2.1
GBCPIL7337735,DMR HOTEL DRAYTON HOTEL 2,Fazeley,GBCPIE7337735*2,GBCPIP7337735*2*1259,22080,NLCPIT3CZD*1*0,verification_requise_ne_pas_promouvoir_comme_payg_valide,ocpi_tariff_type_unspecified_valid_for_all_sessions_not_payg_checkout_proof;ocpi_vat_unspecified_20pct_derivation_not_operator_verified,Eco-Movement ChargePoint PCPR CPO OCPI 2.2.1
GBCPIL7351735,EVIELIFE GARNER HOTEL,Birmingham,GBCPIE7351735*1,GBCPIP7351735*1*1259,22080,NLCPIT3ESx*2*0,verification_requise_ne_pas_promouvoir_comme_payg_valide,ocpi_tariff_type_unspecified_valid_for_all_sessions_not_payg_checkout_proof;ocpi_vat_unspecified_20pct_derivation_not_operator_verified,Eco-Movement ChargePoint PCPR CPO OCPI 2.2.1
GBCPIL7351735,EVIELIFE GARNER HOTEL,Birmingham,GBCPIE7351735*2,GBCPIP7351735*2*1259,22080,NLCPIT3ESx*2*0,verification_requise_ne_pas_promouvoir_comme_payg_valide,ocpi_tariff_type_unspecified_valid_for_all_sessions_not_payg_checkout_proof;ocpi_vat_unspecified_20pct_derivation_not_operator_verified,Eco-Movement ChargePoint PCPR CPO OCPI 2.2.1
GBCPIL7389075,WATERSIDE OSMINGTON CPK1,Osmington,GBCPIE7389075*1,GBCPIP7389075*1*231,22000,NLCPIT3CaL*6*0,verification_requise_ne_pas_promouvoir_comme_payg_valide,ocpi_tariff_type_unspecified_valid_for_all_sessions_not_payg_checkout_proof;ocpi_vat_unspecified_20pct_derivation_not_operator_verified,Eco-Movement ChargePoint PCPR CPO OCPI 2.2.1
GBCPIL7389075,WATERSIDE OSMINGTON CPK1,Osmington,GBCPIE7389075*2,GBCPIP7389075*2*231,22000,NLCPIT3CaL*6*0,verification_requise_ne_pas_promouvoir_comme_payg_valide,ocpi_tariff_type_unspecified_valid_for_all_sessions_not_payg_checkout_proof;ocpi_vat_unspecified_20pct_derivation_not_operator_verified,Eco-Movement ChargePoint PCPR CPO OCPI 2.2.1
GBCPIL6779315,NETV NETV-HULL-01,Hull,GBCPIE6779315*1,GBCPIP6779315*1*84,22000,NLCPIT2ACt*D*0,verification_requise_ne_pas_promouvoir_comme_payg_valide,ocpi_tariff_type_unspecified_valid_for_all_sessions_not_payg_checkout_proof;ocpi_vat_unspecified_20pct_derivation_not_operator_verified,Eco-Movement ChargePoint PCPR CPO OCPI 2.2.1
GBCPIL6779315,NETV NETV-HULL-01,Hull,GBCPIE6779315*2,GBCPIP6779315*2*84,22000,NLCPIT2ACt*D*0,verification_requise_ne_pas_promouvoir_comme_payg_valide,ocpi_tariff_type_unspecified_valid_for_all_sessions_not_payg_checkout_proof;ocpi_vat_unspecified_20pct_derivation_not_operator_verified,Eco-Movement ChargePoint PCPR CPO OCPI 2.2.1
GBCPIL7269625,BRISTOL AIRPORT FIRESTATION 1,Bristol,GBCPIE7269625*1,GBCPIP7269625*1*1258,22000,NLCPIT3Atf*8*0,verification_requise_ne_pas_promouvoir_comme_payg_valide,ocpi_tariff_type_unspecified_valid_for_all_sessions_not_payg_checkout_proof;ocpi_vat_unspecified_20pct_derivation_not_operator_verified,Eco-Movement ChargePoint PCPR CPO OCPI 2.2.1
GBCPIL7269625,BRISTOL AIRPORT FIRESTATION 1,Bristol,GBCPIE7269625*2,GBCPIP7269625*2*1258,22000,NLCPIT3Atf*8*0,verification_requise_ne_pas_promouvoir_comme_payg_valide,ocpi_tariff_type_unspecified_valid_for_all_sessions_not_payg_checkout_proof;ocpi_vat_unspecified_20pct_derivation_not_operator_verified,Eco-Movement ChargePoint PCPR CPO OCPI 2.2.1
GBCPIL7391735,ROSSLYN 31 ROSSLYN 50KW,Harrow,GBCPIE7391735*1,GBCPIP7391735*1*100104,50000,NLCPIT36jH*e*0,verification_requise_ne_pas_promouvoir_comme_payg_valide,ocpi_tariff_type_unspecified_valid_for_all_sessions_not_payg_checkout_proof;ocpi_vat_unspecified_20pct_derivation_not_operator_verified,Eco-Movement ChargePoint PCPR CPO OCPI 2.2.1
GBCPIL7391735,ROSSLYN 31 ROSSLYN 50KW,Harrow,GBCPIE7391735*2,GBCPIP7391735*2*100104,50000,NLCPIT36jH*e*0,verification_requise_ne_pas_promouvoir_comme_payg_valide,ocpi_tariff_type_unspecified_valid_for_all_sessions_not_payg_checkout_proof;ocpi_vat_unspecified_20pct_derivation_not_operator_verified,Eco-Movement ChargePoint PCPR CPO OCPI 2.2.1
GBCPIL6932505,HBH OXFORD GUEST EVC2,Oxford,GBCPIE6932515*1,GBCPIP6932515*1*1258,7680,NLCPIT2mMD*6*0,verification_requise_ne_pas_promouvoir_comme_payg_valide,ocpi_tariff_type_unspecified_valid_for_all_sessions_not_payg_checkout_proof;ocpi_vat_unspecified_20pct_derivation_not_operator_verified,Eco-Movement ChargePoint PCPR CPO OCPI 2.2.1
GBCPIL6932505,HBH OXFORD GUEST EVC2,Oxford,GBCPIE6932515*2,GBCPIP6932515*2*1258,7680,NLCPIT2mMD*6*0,verification_requise_ne_pas_promouvoir_comme_payg_valide,ocpi_tariff_type_unspecified_valid_for_all_sessions_not_payg_checkout_proof;ocpi_vat_unspecified_20pct_derivation_not_operator_verified,Eco-Movement ChargePoint PCPR CPO OCPI 2.2.1
GBCPIL6932505,HBH OXFORD GUEST EVC2,Oxford,GBCPIE6932505*1,GBCPIP6932505*1*1258,22080,NLCPIT2mMD*6*0,verification_requise_ne_pas_promouvoir_comme_payg_valide,ocpi_tariff_type_unspecified_valid_for_all_sessions_not_payg_checkout_proof;ocpi_vat_unspecified_20pct_derivation_not_operator_verified,Eco-Movement ChargePoint PCPR CPO OCPI 2.2.1
GBCPIL6932505,HBH OXFORD GUEST EVC2,Oxford,GBCPIE6932505*2,GBCPIP6932505*2*1258,22080,NLCPIT2mMD*6*0,verification_requise_ne_pas_promouvoir_comme_payg_valide,ocpi_tariff_type_unspecified_valid_for_all_sessions_not_payg_checkout_proof;ocpi_vat_unspecified_20pct_derivation_not_operator_verified,Eco-Movement ChargePoint PCPR CPO OCPI 2.2.1
GBCPIL6609975,LCFA SEFTON LCFA STATION 2,Liverpool,GBCPIE6609975*1,GBCPIP6609975*1*82,22000,NLCPIT1gHj*6*0,verification_requise_ne_pas_promouvoir_comme_payg_valide,ocpi_tariff_type_unspecified_valid_for_all_sessions_not_payg_checkout_proof;ocpi_vat_unspecified_20pct_derivation_not_operator_verified,Eco-Movement ChargePoint PCPR CPO OCPI 2.2.1
GBCPIL6609975,LCFA SEFTON LCFA STATION 2,Liverpool,GBCPIE6609975*2,GBCPIP6609975*2*82,22000,NLCPIT1gHj*6*0,verification_requise_ne_pas_promouvoir_comme_payg_valide,ocpi_tariff_type_unspecified_valid_for_all_sessions_not_payg_checkout_proof;ocpi_vat_unspecified_20pct_derivation_not_operator_verified,Eco-Movement ChargePoint PCPR CPO OCPI 2.2.1
GBCPIL6609975,LCFA SEFTON LCFA STATION 2,Liverpool,GBCPIE6609985*1,GBCPIP6609985*1*84,22000,NLCPIT1gHj*6*0,verification_requise_ne_pas_promouvoir_comme_payg_valide,ocpi_tariff_type_unspecified_valid_for_all_sessions_not_payg_checkout_proof;ocpi_vat_unspecified_20pct_derivation_not_operator_verified,Eco-Movement ChargePoint PCPR CPO OCPI 2.2.1
GBCPIL6609975,LCFA SEFTON LCFA STATION 2,Liverpool,GBCPIE6609985*2,GBCPIP6609985*2*84,22000,NLCPIT1gHj*6*0,verification_requise_ne_pas_promouvoir_comme_payg_valide,ocpi_tariff_type_unspecified_valid_for_all_sessions_not_payg_checkout_proof;ocpi_vat_unspecified_20pct_derivation_not_operator_verified,Eco-Movement ChargePoint PCPR CPO OCPI 2.2.1
GBCPIL7369775,WATERSIDE BOWLEAZE - CPK2,Weymouth,GBCPIE7369695*1,GBCPIP7369695*1*1259,22080,NLCPIT3CaL*6*0,verification_requise_ne_pas_promouvoir_comme_payg_valide,ocpi_tariff_type_unspecified_valid_for_all_sessions_not_payg_checkout_proof;ocpi_vat_unspecified_20pct_derivation_not_operator_verified,Eco-Movement ChargePoint PCPR CPO OCPI 2.2.1
GBCPIL7369775,WATERSIDE BOWLEAZE - CPK2,Weymouth,GBCPIE7369695*2,GBCPIP7369695*2*1259,22080,NLCPIT3CaL*6*0,verification_requise_ne_pas_promouvoir_comme_payg_valide,ocpi_tariff_type_unspecified_valid_for_all_sessions_not_payg_checkout_proof;ocpi_vat_unspecified_20pct_derivation_not_operator_verified,Eco-Movement ChargePoint PCPR CPO OCPI 2.2.1
GBCPIL7369775,WATERSIDE BOWLEAZE - CPK2,Weymouth,GBCPIE7369775*1,GBCPIP7369775*1*1259,22080,NLCPIT3CaL*6*0,verification_requise_ne_pas_promouvoir_comme_payg_valide,ocpi_tariff_type_unspecified_valid_for_all_sessions_not_payg_checkout_proof;ocpi_vat_unspecified_20pct_derivation_not_operator_verified,Eco-Movement ChargePoint PCPR CPO OCPI 2.2.1
GBCPIL7369775,WATERSIDE BOWLEAZE - CPK2,Weymouth,GBCPIE7369775*2,GBCPIP7369775*2*1259,22080,NLCPIT3CaL*6*0,verification_requise_ne_pas_promouvoir_comme_payg_valide,ocpi_tariff_type_unspecified_valid_for_all_sessions_not_payg_checkout_proof;ocpi_vat_unspecified_20pct_derivation_not_operator_verified,Eco-Movement ChargePoint PCPR CPO OCPI 2.2.1
GBCPIL7387175,EVIELIFE TOR PARK HOTEL,Torquay,GBCPIE7387175*1,GBCPIP7387175*1*1259,22080,NLCPIT2tjJ*K*0,verification_requise_ne_pas_promouvoir_comme_payg_valide,ocpi_tariff_type_unspecified_valid_for_all_sessions_not_payg_checkout_proof;ocpi_vat_unspecified_20pct_derivation_not_operator_verified,Eco-Movement ChargePoint PCPR CPO OCPI 2.2.1
GBCPIL7387175,EVIELIFE TOR PARK HOTEL,Torquay,GBCPIE7387175*2,GBCPIP7387175*2*1259,22080,NLCPIT2tjJ*K*0,verification_requise_ne_pas_promouvoir_comme_payg_valide,ocpi_tariff_type_unspecified_valid_for_all_sessions_not_payg_checkout_proof;ocpi_vat_unspecified_20pct_derivation_not_operator_verified,Eco-Movement ChargePoint PCPR CPO OCPI 2.2.1
GBCPIL7016545,MAN SWINDON DC CHARGER 1,Swindon,GBCPIE7015795*1,GBCPIP7015795*1*1259,22080,NLCPIT2ugz*G*0,verification_requise_ne_pas_promouvoir_comme_payg_valide,ocpi_tariff_type_unspecified_valid_for_all_sessions_not_payg_checkout_proof;ocpi_vat_unspecified_20pct_derivation_not_operator_verified,Eco-Movement ChargePoint PCPR CPO OCPI 2.2.1
GBCPIL7016545,MAN SWINDON DC CHARGER 1,Swindon,GBCPIE7015805*1,GBCPIP7015805*1*1259,22080,NLCPIT2ugz*G*0,verification_requise_ne_pas_promouvoir_comme_payg_valide,ocpi_tariff_type_unspecified_valid_for_all_sessions_not_payg_checkout_proof;ocpi_vat_unspecified_20pct_derivation_not_operator_verified,Eco-Movement ChargePoint PCPR CPO OCPI 2.2.1
GBCPIL7016545,MAN SWINDON DC CHARGER 1,Swindon,GBCPIE7015815*1,GBCPIP7015815*1*1259,22080,NLCPIT2ugz*G*0,verification_requise_ne_pas_promouvoir_comme_payg_valide,ocpi_tariff_type_unspecified_valid_for_all_sessions_not_payg_checkout_proof;ocpi_vat_unspecified_20pct_derivation_not_operator_verified,Eco-Movement ChargePoint PCPR CPO OCPI 2.2.1
GBCPIL7016545,MAN SWINDON DC CHARGER 1,Swindon,GBCPIE7015815*2,GBCPIP7015815*2*1259,22080,NLCPIT2ugz*G*0,verification_requise_ne_pas_promouvoir_comme_payg_valide,ocpi_tariff_type_unspecified_valid_for_all_sessions_not_payg_checkout_proof;ocpi_vat_unspecified_20pct_derivation_not_operator_verified,Eco-Movement ChargePoint PCPR CPO OCPI 2.2.1
GBCPIL7016545,MAN SWINDON DC CHARGER 1,Swindon,GBCPIE7015825*1,GBCPIP7015825*1*1259,22080,NLCPIT2ugz*G*0,verification_requise_ne_pas_promouvoir_comme_payg_valide,ocpi_tariff_type_unspecified_valid_for_all_sessions_not_payg_checkout_proof;ocpi_vat_unspecified_20pct_derivation_not_operator_verified,Eco-Movement ChargePoint PCPR CPO OCPI 2.2.1
GBCPIL7016545,MAN SWINDON DC CHARGER 1,Swindon,GBCPIE7015825*2,GBCPIP7015825*2*1259,22080,NLCPIT2ugz*G*0,verification_requise_ne_pas_promouvoir_comme_payg_valide,ocpi_tariff_type_unspecified_valid_for_all_sessions_not_payg_checkout_proof;ocpi_vat_unspecified_20pct_derivation_not_operator_verified,Eco-Movement ChargePoint PCPR CPO OCPI 2.2.1
GBCPIL7016545,MAN SWINDON DC CHARGER 1,Swindon,GBCPIE7016545*2,GBCPIP7016545*2*100104,50000,NLCPIT2ugz*G*0,verification_requise_ne_pas_promouvoir_comme_payg_valide,ocpi_tariff_type_unspecified_valid_for_all_sessions_not_payg_checkout_proof;ocpi_vat_unspecified_20pct_derivation_not_operator_verified,Eco-Movement ChargePoint PCPR CPO OCPI 2.2.1
GBCPIL7016545,MAN SWINDON DC CHARGER 1,Swindon,GBCPIE7015795*2,GBCPIP7015795*2*1259,22080,NLCPIT2ugz*G*0,verification_requise_ne_pas_promouvoir_comme_payg_valide,ocpi_tariff_type_unspecified_valid_for_all_sessions_not_payg_checkout_proof;ocpi_vat_unspecified_20pct_derivation_not_operator_verified,Eco-Movement ChargePoint PCPR CPO OCPI 2.2.1
GBCPIL7016545,MAN SWINDON DC CHARGER 1,Swindon,GBCPIE7015805*2,GBCPIP7015805*2*1259,22080,NLCPIT2ugz*G*0,verification_requise_ne_pas_promouvoir_comme_payg_valide,ocpi_tariff_type_unspecified_valid_for_all_sessions_not_payg_checkout_proof;ocpi_vat_unspecified_20pct_derivation_not_operator_verified,Eco-Movement ChargePoint PCPR CPO OCPI 2.2.1
GBCPIL7016545,MAN SWINDON DC CHARGER 1,Swindon,GBCPIE7016545*1,GBCPIP7016545*1*100104,50000,NLCPIT2ugz*G*0,verification_requise_ne_pas_promouvoir_comme_payg_valide,ocpi_tariff_type_unspecified_valid_for_all_sessions_not_payg_checkout_proof;ocpi_vat_unspecified_20pct_derivation_not_operator_verified,Eco-Movement ChargePoint PCPR CPO OCPI 2.2.1
GBCPIL7082735,EVIELIFE STRATTON HOUSE,Stratton,GBCPIE7082735*1,GBCPIP7082735*1*1259,22080,NLCPIT3ESn*1*0,verification_requise_ne_pas_promouvoir_comme_payg_valide,ocpi_tariff_type_unspecified_valid_for_all_sessions_not_payg_checkout_proof;ocpi_vat_unspecified_20pct_derivation_not_operator_verified,Eco-Movement ChargePoint PCPR CPO OCPI 2.2.1
GBCPIL7082735,EVIELIFE STRATTON HOUSE,Stratton,GBCPIE7082735*2,GBCPIP7082735*2*1259,22080,NLCPIT3ESn*1*0,verification_requise_ne_pas_promouvoir_comme_payg_valide,ocpi_tariff_type_unspecified_valid_for_all_sessions_not_payg_checkout_proof;ocpi_vat_unspecified_20pct_derivation_not_operator_verified,Eco-Movement ChargePoint PCPR CPO OCPI 2.2.1
GBCPIL7425075,CHASE NEW HOMES STATION 04,Hertford,GBCPIE7425015*1,GBCPIP7425015*1*1258,22080,NLCPIT3ETb*2*0,verification_requise_ne_pas_promouvoir_comme_payg_valide,ocpi_tariff_type_unspecified_valid_for_all_sessions_not_payg_checkout_proof;ocpi_vat_unspecified_20pct_derivation_not_operator_verified,Eco-Movement ChargePoint PCPR CPO OCPI 2.2.1
GBCPIL7425075,CHASE NEW HOMES STATION 04,Hertford,GBCPIE7425015*2,GBCPIP7425015*2*1258,22080,NLCPIT3ETb*2*0,verification_requise_ne_pas_promouvoir_comme_payg_valide,ocpi_tariff_type_unspecified_valid_for_all_sessions_not_payg_checkout_proof;ocpi_vat_unspecified_20pct_derivation_not_operator_verified,Eco-Movement ChargePoint PCPR CPO OCPI 2.2.1
GBCPIL7425075,CHASE NEW HOMES STATION 04,Hertford,GBCPIE7425045*1,GBCPIP7425045*1*1258,22080,NLCPIT3ETb*2*0,verification_requise_ne_pas_promouvoir_comme_payg_valide,ocpi_tariff_type_unspecified_valid_for_all_sessions_not_payg_checkout_proof;ocpi_vat_unspecified_20pct_derivation_not_operator_verified,Eco-Movement ChargePoint PCPR CPO OCPI 2.2.1
GBCPIL7425075,CHASE NEW HOMES STATION 04,Hertford,GBCPIE7425045*2,GBCPIP7425045*2*1258,22080,NLCPIT3ETb*2*0,verification_requise_ne_pas_promouvoir_comme_payg_valide,ocpi_tariff_type_unspecified_valid_for_all_sessions_not_payg_checkout_proof;ocpi_vat_unspecified_20pct_derivation_not_operator_verified,Eco-Movement ChargePoint PCPR CPO OCPI 2.2.1
GBCPIL7425075,CHASE NEW HOMES STATION 04,Hertford,GBCPIE7425055*1,GBCPIP7425055*1*1258,22080,NLCPIT3ETb*2*0,verification_requise_ne_pas_promouvoir_comme_payg_valide,ocpi_tariff_type_unspecified_valid_for_all_sessions_not_payg_checkout_proof;ocpi_vat_unspecified_20pct_derivation_not_operator_verified,Eco-Movement ChargePoint PCPR CPO OCPI 2.2.1
GBCPIL7425075,CHASE NEW HOMES STATION 04,Hertford,GBCPIE7425055*2,GBCPIP7425055*2*1258,22080,NLCPIT3ETb*2*0,verification_requise_ne_pas_promouvoir_comme_payg_valide,ocpi_tariff_type_unspecified_valid_for_all_sessions_not_payg_checkout_proof;ocpi_vat_unspecified_20pct_derivation_not_operator_verified,Eco-Movement ChargePoint PCPR CPO OCPI 2.2.1
GBCPIL7425075,CHASE NEW HOMES STATION 04,Hertford,GBCPIE7425065*1,GBCPIP7425065*1*1258,22080,NLCPIT3ETb*2*0,verification_requise_ne_pas_promouvoir_comme_payg_valide,ocpi_tariff_type_unspecified_valid_for_all_sessions_not_payg_checkout_proof;ocpi_vat_unspecified_20pct_derivation_not_operator_verified,Eco-Movement ChargePoint PCPR CPO OCPI 2.2.1
GBCPIL7425075,CHASE NEW HOMES STATION 04,Hertford,GBCPIE7425065*2,GBCPIP7425065*2*1258,22080,NLCPIT3ETb*2*0,verification_requise_ne_pas_promouvoir_comme_payg_valide,ocpi_tariff_type_unspecified_valid_for_all_sessions_not_payg_checkout_proof;ocpi_vat_unspecified_20pct_derivation_not_operator_verified,Eco-Movement ChargePoint PCPR CPO OCPI 2.2.1
GBCPIL7425075,CHASE NEW HOMES STATION 04,Hertford,GBCPIE7425075*1,GBCPIP7425075*1*1258,22080,NLCPIT3ETb*2*0,verification_requise_ne_pas_promouvoir_comme_payg_valide,ocpi_tariff_type_unspecified_valid_for_all_sessions_not_payg_checkout_proof;ocpi_vat_unspecified_20pct_derivation_not_operator_verified,Eco-Movement ChargePoint PCPR CPO OCPI 2.2.1
GBCPIL7425075,CHASE NEW HOMES STATION 04,Hertford,GBCPIE7425075*2,GBCPIP7425075*2*1258,22080,NLCPIT3ETb*2*0,verification_requise_ne_pas_promouvoir_comme_payg_valide,ocpi_tariff_type_unspecified_valid_for_all_sessions_not_payg_checkout_proof;ocpi_vat_unspecified_20pct_derivation_not_operator_verified,Eco-Movement ChargePoint PCPR CPO OCPI 2.2.1
GBCPIL6810805,NETV NETV-LINC-01,Lincoln,GBCPIE6810805*1,GBCPIP6810805*1*84,22000,NLCPIT2ACt*D*0,verification_requise_ne_pas_promouvoir_comme_payg_valide,ocpi_tariff_type_unspecified_valid_for_all_sessions_not_payg_checkout_proof;ocpi_vat_unspecified_20pct_derivation_not_operator_verified,Eco-Movement ChargePoint PCPR CPO OCPI 2.2.1
GBCPIL6810805,NETV NETV-LINC-01,Lincoln,GBCPIE6810805*2,GBCPIP6810805*2*84,22000,NLCPIT2ACt*D*0,verification_requise_ne_pas_promouvoir_comme_payg_valide,ocpi_tariff_type_unspecified_valid_for_all_sessions_not_payg_checkout_proof;ocpi_vat_unspecified_20pct_derivation_not_operator_verified,Eco-Movement ChargePoint PCPR CPO OCPI 2.2.1
GBCPIL6583645,COUNTY MALL COUNTY MALL 4,Crawley,GBCPIE6583645*1,GBCPIP6583645*1*82,22000,NLCPIT1eBt*3*0,verification_requise_ne_pas_promouvoir_comme_payg_valide,ocpi_tariff_type_unspecified_valid_for_all_sessions_not_payg_checkout_proof;ocpi_vat_unspecified_20pct_derivation_not_operator_verified,Eco-Movement ChargePoint PCPR CPO OCPI 2.2.1
GBCPIL6583645,COUNTY MALL COUNTY MALL 4,Crawley,GBCPIE6583645*2,GBCPIP6583645*2*82,22000,NLCPIT1eBt*3*0,verification_requise_ne_pas_promouvoir_comme_payg_valide,ocpi_tariff_type_unspecified_valid_for_all_sessions_not_payg_checkout_proof;ocpi_vat_unspecified_20pct_derivation_not_operator_verified,Eco-Movement ChargePoint PCPR CPO OCPI 2.2.1
GBCPIL6712115,COLTON RP STATION 2,Leeds,GBCPIE6712085*1,GBCPIP6712085*1*1258,22080,NLCPIT3CSH*1*0,verification_requise_ne_pas_promouvoir_comme_payg_valide,ocpi_tariff_type_unspecified_valid_for_all_sessions_not_payg_checkout_proof;ocpi_vat_unspecified_20pct_derivation_not_operator_verified,Eco-Movement ChargePoint PCPR CPO OCPI 2.2.1
GBCPIL6712115,COLTON RP STATION 2,Leeds,GBCPIE6712085*2,GBCPIP6712085*2*1258,22080,NLCPIT3CSH*1*0,verification_requise_ne_pas_promouvoir_comme_payg_valide,ocpi_tariff_type_unspecified_valid_for_all_sessions_not_payg_checkout_proof;ocpi_vat_unspecified_20pct_derivation_not_operator_verified,Eco-Movement ChargePoint PCPR CPO OCPI 2.2.1
GBCPIL6712115,COLTON RP STATION 2,Leeds,GBCPIE6712115*1,GBCPIP6712115*1*1258,22080,NLCPIT3CSH*1*0,verification_requise_ne_pas_promouvoir_comme_payg_valide,ocpi_tariff_type_unspecified_valid_for_all_sessions_not_payg_checkout_proof;ocpi_vat_unspecified_20pct_derivation_not_operator_verified,Eco-Movement ChargePoint PCPR CPO OCPI 2.2.1
GBCPIL6712115,COLTON RP STATION 2,Leeds,GBCPIE6712115*2,GBCPIP6712115*2*1258,22080,NLCPIT3CSH*1*0,verification_requise_ne_pas_promouvoir_comme_payg_valide,ocpi_tariff_type_unspecified_valid_for_all_sessions_not_payg_checkout_proof;ocpi_vat_unspecified_20pct_derivation_not_operator_verified,Eco-Movement ChargePoint PCPR CPO OCPI 2.2.1
GBCPIL6822655,HULL UNIVERSITY STATION 5,Kingston upon Hull,GBCPIE6822655*1,GBCPIP6822655*1*1258,22080,NLCPIT2BXn*8*0,verification_requise_ne_pas_promouvoir_comme_payg_valide,ocpi_tariff_type_unspecified_valid_for_all_sessions_not_payg_checkout_proof;ocpi_vat_unspecified_20pct_derivation_not_operator_verified,Eco-Movement ChargePoint PCPR CPO OCPI 2.2.1
GBCPIL6822655,HULL UNIVERSITY STATION 5,Kingston upon Hull,GBCPIE6822655*2,GBCPIP6822655*2*1258,22080,NLCPIT2BXn*8*0,verification_requise_ne_pas_promouvoir_comme_payg_valide,ocpi_tariff_type_unspecified_valid_for_all_sessions_not_payg_checkout_proof;ocpi_vat_unspecified_20pct_derivation_not_operator_verified,Eco-Movement ChargePoint PCPR CPO OCPI 2.2.1
GBCPIL7346515,CP QA UK KOALA ASWATHY,Coventry,GBCPIE7346515*1,GBCPIP7346515*1*100070,7680,NLCPIT2QP*1*0,tarif_indisponible,foreign_currency_tariff;ocpi_tariff_type_unspecified_valid_for_all_sessions_not_payg_checkout_proof;ocpi_vat_unspecified_20pct_derivation_not_operator_verified,Eco-Movement ChargePoint PCPR CPO OCPI 2.2.1
GBCPIL6983985,CP NETWORK UK CP6K HQ 01,Theale,GBCPIE6983985*1,GBCPIP6983985*1*1259,7680,NLCPITbHN*b*0,verification_requise_ne_pas_promouvoir_comme_payg_valide,ocpi_tariff_type_unspecified_valid_for_all_sessions_not_payg_checkout_proof;ocpi_vat_unspecified_20pct_derivation_not_operator_verified,Eco-Movement ChargePoint PCPR CPO OCPI 2.2.1
GBCPIL6983985,CP NETWORK UK CP6K HQ 01,Theale,GBCPIE6983985*2,GBCPIP6983985*2*1259,7680,NLCPITbHN*b*0,verification_requise_ne_pas_promouvoir_comme_payg_valide,ocpi_tariff_type_unspecified_valid_for_all_sessions_not_payg_checkout_proof;ocpi_vat_unspecified_20pct_derivation_not_operator_verified,Eco-Movement ChargePoint PCPR CPO OCPI 2.2.1
GBCPIL6714025,WOODCHESTER W17,Stroud,GBCPIE6713925*1,GBCPIP6713925*1*1258,22080,NLCPIT1mER*9*0,verification_requise_ne_pas_promouvoir_comme_payg_valide,ocpi_tariff_type_unspecified_valid_for_all_sessions_not_payg_checkout_proof;ocpi_vat_unspecified_20pct_derivation_not_operator_verified,Eco-Movement ChargePoint PCPR CPO OCPI 2.2.1
GBCPIL6714025,WOODCHESTER W17,Stroud,GBCPIE6713925*2,GBCPIP6713925*2*1258,22080,NLCPIT1mER*9*0,verification_requise_ne_pas_promouvoir_comme_payg_valide,ocpi_tariff_type_unspecified_valid_for_all_sessions_not_payg_checkout_proof;ocpi_vat_unspecified_20pct_derivation_not_operator_verified,Eco-Movement ChargePoint PCPR CPO OCPI 2.2.1
GBCPIL6714025,WOODCHESTER W17,Stroud,GBCPIE6714025*1,GBCPIP6714025*1*1258,22080,NLCPIT1mER*9*0,verification_requise_ne_pas_promouvoir_comme_payg_valide,ocpi_tariff_type_unspecified_valid_for_all_sessions_not_payg_checkout_proof;ocpi_vat_unspecified_20pct_derivation_not_operator_verified,Eco-Movement ChargePoint PCPR CPO OCPI 2.2.1
GBCPIL6714025,WOODCHESTER W17,Stroud,GBCPIE6714025*2,GBCPIP6714025*2*1258,22080,NLCPIT1mER*9*0,verification_requise_ne_pas_promouvoir_comme_payg_valide,ocpi_tariff_type_unspecified_valid_for_all_sessions_not_payg_checkout_proof;ocpi_vat_unspecified_20pct_derivation_not_operator_verified,Eco-Movement ChargePoint PCPR CPO OCPI 2.2.1
GBCPIL6714025,WOODCHESTER W17,Stroud,GBCPIE6713915*1,GBCPIP6713915*1*1258,22080,NLCPIT1mER*9*0,verification_requise_ne_pas_promouvoir_comme_payg_valide,ocpi_tariff_type_unspecified_valid_for_all_sessions_not_payg_checkout_proof;ocpi_vat_unspecified_20pct_derivation_not_operator_verified,Eco-Movement ChargePoint PCPR CPO OCPI 2.2.1
GBCPIL6714025,WOODCHESTER W17,Stroud,GBCPIE6713915*2,GBCPIP6713915*2*1258,22080,NLCPIT1mER*9*0,verification_requise_ne_pas_promouvoir_comme_payg_valide,ocpi_tariff_type_unspecified_valid_for_all_sessions_not_payg_checkout_proof;ocpi_vat_unspecified_20pct_derivation_not_operator_verified,Eco-Movement ChargePoint PCPR CPO OCPI 2.2.1
GBCPIL7397495,EVIELIFE RUSSEL COURT,bournemouth,GBCPIE7397495*2,GBCPIP7397495*2*1259,22080,NLCPIT2tjJ*K*0,verification_requise_ne_pas_promouvoir_comme_payg_valide,ocpi_tariff_type_unspecified_valid_for_all_sessions_not_payg_checkout_proof;ocpi_vat_unspecified_20pct_derivation_not_operator_verified,Eco-Movement ChargePoint PCPR CPO OCPI 2.2.1
GBCPIL7397495,EVIELIFE RUSSEL COURT,bournemouth,GBCPIE7397495*1,GBCPIP7397495*1*1259,22080,NLCPIT2tjJ*K*0,verification_requise_ne_pas_promouvoir_comme_payg_valide,ocpi_tariff_type_unspecified_valid_for_all_sessions_not_payg_checkout_proof;ocpi_vat_unspecified_20pct_derivation_not_operator_verified,Eco-Movement ChargePoint PCPR CPO OCPI 2.2.1
GBCPIL6732515,CAMBRIDGE SQ CAMBRIDGE SQ 14,Cambridge,GBCPIE6732435*2,GBCPIP6732435*2*1258,7680,NLCPIT2mhL*1*0,verification_requise_ne_pas_promouvoir_comme_payg_valide,ocpi_tariff_type_unspecified_valid_for_all_sessions_not_payg_checkout_proof;ocpi_vat_unspecified_20pct_derivation_not_operator_verified,Eco-Movement ChargePoint PCPR CPO OCPI 2.2.1
GBCPIL6732515,CAMBRIDGE SQ CAMBRIDGE SQ 14,Cambridge,GBCPIE6732445*1,GBCPIP6732445*1*1258,7680,NLCPIT2mhL*1*0,verification_requise_ne_pas_promouvoir_comme_payg_valide,ocpi_tariff_type_unspecified_valid_for_all_sessions_not_payg_checkout_proof;ocpi_vat_unspecified_20pct_derivation_not_operator_verified,Eco-Movement ChargePoint PCPR CPO OCPI 2.2.1
GBCPIL6732515,CAMBRIDGE SQ CAMBRIDGE SQ 14,Cambridge,GBCPIE6732515*2,GBCPIP6732515*2*1258,7680,NLCPIT2mhL*1*0,verification_requise_ne_pas_promouvoir_comme_payg_valide,ocpi_tariff_type_unspecified_valid_for_all_sessions_not_payg_checkout_proof;ocpi_vat_unspecified_20pct_derivation_not_operator_verified,Eco-Movement ChargePoint PCPR CPO OCPI 2.2.1
GBCPIL6732515,CAMBRIDGE SQ CAMBRIDGE SQ 14,Cambridge,GBCPIE6732435*1,GBCPIP6732435*1*1258,7680,NLCPIT2mhL*1*0,verification_requise_ne_pas_promouvoir_comme_payg_valide,ocpi_tariff_type_unspecified_valid_for_all_sessions_not_payg_checkout_proof;ocpi_vat_unspecified_20pct_derivation_not_operator_verified,Eco-Movement ChargePoint PCPR CPO OCPI 2.2.1
GBCPIL6732515,CAMBRIDGE SQ CAMBRIDGE SQ 14,Cambridge,GBCPIE6732445*2,GBCPIP6732445*2*1258,7680,NLCPIT2mhL*1*0,verification_requise_ne_pas_promouvoir_comme_payg_valide,ocpi_tariff_type_unspecified_valid_for_all_sessions_not_payg_checkout_proof;ocpi_vat_unspecified_20pct_derivation_not_operator_verified,Eco-Movement ChargePoint PCPR CPO OCPI 2.2.1
GBCPIL6732515,CAMBRIDGE SQ CAMBRIDGE SQ 14,Cambridge,GBCPIE6732465*1,GBCPIP6732465*1*1258,7680,NLCPIT2mhL*1*0,verification_requise_ne_pas_promouvoir_comme_payg_valide,ocpi_tariff_type_unspecified_valid_for_all_sessions_not_payg_checkout_proof;ocpi_vat_unspecified_20pct_derivation_not_operator_verified,Eco-Movement ChargePoint PCPR CPO OCPI 2.2.1
GBCPIL6732515,CAMBRIDGE SQ CAMBRIDGE SQ 14,Cambridge,GBCPIE6732465*2,GBCPIP6732465*2*1258,7680,NLCPIT2mhL*1*0,verification_requise_ne_pas_promouvoir_comme_payg_valide,ocpi_tariff_type_unspecified_valid_for_all_sessions_not_payg_checkout_proof;ocpi_vat_unspecified_20pct_derivation_not_operator_verified,Eco-Movement ChargePoint PCPR CPO OCPI 2.2.1
GBCPIL6732515,CAMBRIDGE SQ CAMBRIDGE SQ 14,Cambridge,GBCPIE6732515*1,GBCPIP6732515*1*1258,7680,NLCPIT2mhL*1*0,verification_requise_ne_pas_promouvoir_comme_payg_valide,ocpi_tariff_type_unspecified_valid_for_all_sessions_not_payg_checkout_proof;ocpi_vat_unspecified_20pct_derivation_not_operator_verified,Eco-Movement ChargePoint PCPR CPO OCPI 2.2.1
GBCPIL6732515,CAMBRIDGE SQ CAMBRIDGE SQ 14,Cambridge,GBCPIE6732525*1,GBCPIP6732525*1*1259,7680,NLCPIT2mhL*1*0,verification_requise_ne_pas_promouvoir_comme_payg_valide,ocpi_tariff_type_unspecified_valid_for_all_sessions_not_payg_checkout_proof;ocpi_vat_unspecified_20pct_derivation_not_operator_verified,Eco-Movement ChargePoint PCPR CPO OCPI 2.2.1
GBCPIL6732515,CAMBRIDGE SQ CAMBRIDGE SQ 14,Cambridge,GBCPIE6732525*2,GBCPIP6732525*2*1259,7680,NLCPIT2mhL*1*0,verification_requise_ne_pas_promouvoir_comme_payg_valide,ocpi_tariff_type_unspecified_valid_for_all_sessions_not_payg_checkout_proof;ocpi_vat_unspecified_20pct_derivation_not_operator_verified,Eco-Movement ChargePoint PCPR CPO OCPI 2.2.1
GBCPIL6924425,INTERESTING H. HAWKSTONE PARK3,Weston,GBCPIE6924425*1,GBCPIP6924425*1*1258,22080,NLCPIT24Yt*7*0,verification_requise_ne_pas_promouvoir_comme_payg_valide,ocpi_tariff_type_unspecified_valid_for_all_sessions_not_payg_checkout_proof;ocpi_vat_unspecified_20pct_derivation_not_operator_verified,Eco-Movement ChargePoint PCPR CPO OCPI 2.2.1
GBCPIL6924425,INTERESTING H. HAWKSTONE PARK3,Weston,GBCPIE6924425*2,GBCPIP6924425*2*1258,22080,NLCPIT24Yt*7*0,verification_requise_ne_pas_promouvoir_comme_payg_valide,ocpi_tariff_type_unspecified_valid_for_all_sessions_not_payg_checkout_proof;ocpi_vat_unspecified_20pct_derivation_not_operator_verified,Eco-Movement ChargePoint PCPR CPO OCPI 2.2.1
GBCPIL7287685,ACE OF HEARTS GARAGE EV1,Bold Heath,GBCPIE7287685*1,GBCPIP7287685*1*373,150000,NLCPIT3BhB*6*0,verification_requise_ne_pas_promouvoir_comme_payg_valide,ocpi_tariff_type_unspecified_valid_for_all_sessions_not_payg_checkout_proof;ocpi_vat_unspecified_20pct_derivation_not_operator_verified,Eco-Movement ChargePoint PCPR CPO OCPI 2.2.1
GBCPIL7287685,ACE OF HEARTS GARAGE EV1,Bold Heath,GBCPIE7287685*2,GBCPIP7287685*2*373,150000,NLCPIT3BhB*6*0,verification_requise_ne_pas_promouvoir_comme_payg_valide,ocpi_tariff_type_unspecified_valid_for_all_sessions_not_payg_checkout_proof;ocpi_vat_unspecified_20pct_derivation_not_operator_verified,Eco-Movement ChargePoint PCPR CPO OCPI 2.2.1
GBCPIL6897785,ROYSTON EMPLOYEE PHEV,Royston,GBCPIE6897785*2,GBCPIP6897785*2*1258,7680,NLCPITUiR*W*0,verification_requise_ne_pas_promouvoir_comme_payg_valide,ocpi_tariff_type_unspecified_valid_for_all_sessions_not_payg_checkout_proof;ocpi_vat_unspecified_20pct_derivation_not_operator_verified,Eco-Movement ChargePoint PCPR CPO OCPI 2.2.1
GBCPIL6897785,ROYSTON EMPLOYEE PHEV,Royston,GBCPIE6897785*1,GBCPIP6897785*1*1258,7680,NLCPITUiR*W*0,verification_requise_ne_pas_promouvoir_comme_payg_valide,ocpi_tariff_type_unspecified_valid_for_all_sessions_not_payg_checkout_proof;ocpi_vat_unspecified_20pct_derivation_not_operator_verified,Eco-Movement ChargePoint PCPR CPO OCPI 2.2.1
GBCPIL6676235,PARTRIDGEBMW WORKSHOP 2,Chandler's Ford,GBCPIE6676235*1,GBCPIP6676235*1*82,22000,NLCPIT2QP*1*0,tarif_indisponible,foreign_currency_tariff;ocpi_tariff_type_unspecified_valid_for_all_sessions_not_payg_checkout_proof;ocpi_vat_unspecified_20pct_derivation_not_operator_verified,Eco-Movement ChargePoint PCPR CPO OCPI 2.2.1
GBCPIL6808225,BABCOCK STATION 04,Plymouth,GBCPIE6808225*2,GBCPIP6808225*2*1258,7680,NLCPIT2XHh*G*0,verification_requise_ne_pas_promouvoir_comme_payg_valide,ocpi_tariff_type_unspecified_valid_for_all_sessions_not_payg_checkout_proof;ocpi_vat_unspecified_20pct_derivation_not_operator_verified,Eco-Movement ChargePoint PCPR CPO OCPI 2.2.1
GBCPIL6808225,BABCOCK STATION 04,Plymouth,GBCPIE6788215*1,GBCPIP6788215*1*1258,7680,NLCPIT2XHh*G*0,verification_requise_ne_pas_promouvoir_comme_payg_valide,ocpi_tariff_type_unspecified_valid_for_all_sessions_not_payg_checkout_proof;ocpi_vat_unspecified_20pct_derivation_not_operator_verified,Eco-Movement ChargePoint PCPR CPO OCPI 2.2.1
GBCPIL6808225,BABCOCK STATION 04,Plymouth,GBCPIE6788215*2,GBCPIP6788215*2*1258,7680,NLCPIT2XHh*G*0,verification_requise_ne_pas_promouvoir_comme_payg_valide,ocpi_tariff_type_unspecified_valid_for_all_sessions_not_payg_checkout_proof;ocpi_vat_unspecified_20pct_derivation_not_operator_verified,Eco-Movement ChargePoint PCPR CPO OCPI 2.2.1
GBCPIL6808225,BABCOCK STATION 04,Plymouth,GBCPIE6788575*1,GBCPIP6788575*1*1258,7680,NLCPIT2XHh*G*0,verification_requise_ne_pas_promouvoir_comme_payg_valide,ocpi_tariff_type_unspecified_valid_for_all_sessions_not_payg_checkout_proof;ocpi_vat_unspecified_20pct_derivation_not_operator_verified,Eco-Movement ChargePoint PCPR CPO OCPI 2.2.1
GBCPIL6808225,BABCOCK STATION 04,Plymouth,GBCPIE6788575*2,GBCPIP6788575*2*1258,7680,NLCPIT2XHh*G*0,verification_requise_ne_pas_promouvoir_comme_payg_valide,ocpi_tariff_type_unspecified_valid_for_all_sessions_not_payg_checkout_proof;ocpi_vat_unspecified_20pct_derivation_not_operator_verified,Eco-Movement ChargePoint PCPR CPO OCPI 2.2.1
GBCPIL6808225,BABCOCK STATION 04,Plymouth,GBCPIE6808225*1,GBCPIP6808225*1*1258,7680,NLCPIT2XHh*G*0,verification_requise_ne_pas_promouvoir_comme_payg_valide,ocpi_tariff_type_unspecified_valid_for_all_sessions_not_payg_checkout_proof;ocpi_vat_unspecified_20pct_derivation_not_operator_verified,Eco-Movement ChargePoint PCPR CPO OCPI 2.2.1
GBCPIL7244275,BRIDGEND UK EV CHARGER 5,Llangynwyd,GBCPIE7244275*1,GBCPIP7244275*1*1259,22080,NLCPIT2iSb*M*0,verification_requise_ne_pas_promouvoir_comme_payg_valide,ocpi_tariff_type_unspecified_valid_for_all_sessions_not_payg_checkout_proof;ocpi_vat_unspecified_20pct_derivation_not_operator_verified,Eco-Movement ChargePoint PCPR CPO OCPI 2.2.1
GBCPIL7244275,BRIDGEND UK EV CHARGER 5,Llangynwyd,GBCPIE7244275*2,GBCPIP7244275*2*1259,22080,NLCPIT2iSb*M*0,verification_requise_ne_pas_promouvoir_comme_payg_valide,ocpi_tariff_type_unspecified_valid_for_all_sessions_not_payg_checkout_proof;ocpi_vat_unspecified_20pct_derivation_not_operator_verified,Eco-Movement ChargePoint PCPR CPO OCPI 2.2.1
GBCPIL7244275,BRIDGEND UK EV CHARGER 5,Llangynwyd,GBCPIE7244185*1,GBCPIP7244185*1*1259,22080,NLCPIT2iSb*M*0,verification_requise_ne_pas_promouvoir_comme_payg_valide,ocpi_tariff_type_unspecified_valid_for_all_sessions_not_payg_checkout_proof;ocpi_vat_unspecified_20pct_derivation_not_operator_verified,Eco-Movement ChargePoint PCPR CPO OCPI 2.2.1
GBCPIL7244275,BRIDGEND UK EV CHARGER 5,Llangynwyd,GBCPIE7244185*2,GBCPIP7244185*2*1259,22080,NLCPIT2iSb*M*0,verification_requise_ne_pas_promouvoir_comme_payg_valide,ocpi_tariff_type_unspecified_valid_for_all_sessions_not_payg_checkout_proof;ocpi_vat_unspecified_20pct_derivation_not_operator_verified,Eco-Movement ChargePoint PCPR CPO OCPI 2.2.1
GBCPIL6520395,G BLOCK UPPER GLYNTAFF3,Pontypridd,GBCPIE6520395*1,GBCPIP6520395*1*82,22000,NLCPITMFv*9*0,verification_requise_ne_pas_promouvoir_comme_payg_valide,ocpi_tariff_type_unspecified_valid_for_all_sessions_not_payg_checkout_proof;ocpi_vat_unspecified_20pct_derivation_not_operator_verified,Eco-Movement ChargePoint PCPR CPO OCPI 2.2.1
GBCPIL6653565,SEGRO AREAS CAN TOWN 2,London,GBCPIE6653535*1,GBCPIP6653535*1*82,22000,NLCPIT1yyl*2*0,verification_requise_ne_pas_promouvoir_comme_payg_valide,ocpi_tariff_type_unspecified_valid_for_all_sessions_not_payg_checkout_proof;ocpi_vat_unspecified_20pct_derivation_not_operator_verified,Eco-Movement ChargePoint PCPR CPO OCPI 2.2.1
GBCPIL6653565,SEGRO AREAS CAN TOWN 2,London,GBCPIE6653535*2,GBCPIP6653535*2*82,22000,NLCPIT1yyl*2*0,verification_requise_ne_pas_promouvoir_comme_payg_valide,ocpi_tariff_type_unspecified_valid_for_all_sessions_not_payg_checkout_proof;ocpi_vat_unspecified_20pct_derivation_not_operator_verified,Eco-Movement ChargePoint PCPR CPO OCPI 2.2.1
GBCPIL6653565,SEGRO AREAS CAN TOWN 2,London,GBCPIE6653565*1,GBCPIP6653565*1*82,22000,NLCPIT1yyl*2*0,verification_requise_ne_pas_promouvoir_comme_payg_valide,ocpi_tariff_type_unspecified_valid_for_all_sessions_not_payg_checkout_proof;ocpi_vat_unspecified_20pct_derivation_not_operator_verified,Eco-Movement ChargePoint PCPR CPO OCPI 2.2.1
GBCPIL6653565,SEGRO AREAS CAN TOWN 2,London,GBCPIE6653565*2,GBCPIP6653565*2*82,22000,NLCPIT1yyl*2*0,verification_requise_ne_pas_promouvoir_comme_payg_valide,ocpi_tariff_type_unspecified_valid_for_all_sessions_not_payg_checkout_proof;ocpi_vat_unspecified_20pct_derivation_not_operator_verified,Eco-Movement ChargePoint PCPR CPO OCPI 2.2.1
GBCPIL7379175,BRISTOL AIRPORT MSCP 2 5,Bristol,GBCPIE7379155*1,GBCPIP7379155*1*1258,22080,NLCPIT3DP9*4*0,verification_requise_ne_pas_promouvoir_comme_payg_valide,ocpi_tariff_type_unspecified_valid_for_all_sessions_not_payg_checkout_proof;ocpi_vat_unspecified_20pct_derivation_not_operator_verified,Eco-Movement ChargePoint PCPR CPO OCPI 2.2.1
GBCPIL7379175,BRISTOL AIRPORT MSCP 2 5,Bristol,GBCPIE7379155*2,GBCPIP7379155*2*1258,22080,NLCPIT3DP9*4*0,verification_requise_ne_pas_promouvoir_comme_payg_valide,ocpi_tariff_type_unspecified_valid_for_all_sessions_not_payg_checkout_proof;ocpi_vat_unspecified_20pct_derivation_not_operator_verified,Eco-Movement ChargePoint PCPR CPO OCPI 2.2.1
GBCPIL7379175,BRISTOL AIRPORT MSCP 2 5,Bristol,GBCPIE7379165*1,GBCPIP7379165*1*1258,22080,NLCPIT3DP9*4*0,verification_requise_ne_pas_promouvoir_comme_payg_valide,ocpi_tariff_type_unspecified_valid_for_all_sessions_not_payg_checkout_proof;ocpi_vat_unspecified_20pct_derivation_not_operator_verified,Eco-Movement ChargePoint PCPR CPO OCPI 2.2.1
GBCPIL7379175,BRISTOL AIRPORT MSCP 2 5,Bristol,GBCPIE7379165*2,GBCPIP7379165*2*1258,22080,NLCPIT3DP9*4*0,verification_requise_ne_pas_promouvoir_comme_payg_valide,ocpi_tariff_type_unspecified_valid_for_all_sessions_not_payg_checkout_proof;ocpi_vat_unspecified_20pct_derivation_not_operator_verified,Eco-Movement ChargePoint PCPR CPO OCPI 2.2.1
GBCPIL7379175,BRISTOL AIRPORT MSCP 2 5,Bristol,GBCPIE7379175*1,GBCPIP7379175*1*1258,22080,NLCPIT3DP9*4*0,verification_requise_ne_pas_promouvoir_comme_payg_valide,ocpi_tariff_type_unspecified_valid_for_all_sessions_not_payg_checkout_proof;ocpi_vat_unspecified_20pct_derivation_not_operator_verified,Eco-Movement ChargePoint PCPR CPO OCPI 2.2.1
GBCPIL7379175,BRISTOL AIRPORT MSCP 2 5,Bristol,GBCPIE7379175*2,GBCPIP7379175*2*1258,22080,NLCPIT3DP9*4*0,verification_requise_ne_pas_promouvoir_comme_payg_valide,ocpi_tariff_type_unspecified_valid_for_all_sessions_not_payg_checkout_proof;ocpi_vat_unspecified_20pct_derivation_not_operator_verified,Eco-Movement ChargePoint PCPR CPO OCPI 2.2.1
GBCPIL6812945,NETV NETV-IMMI-02,Immingham,GBCPIE6810145*1,GBCPIP6810145*1*84,22000,NLCPIT2ACt*D*0,verification_requise_ne_pas_promouvoir_comme_payg_valide,ocpi_tariff_type_unspecified_valid_for_all_sessions_not_payg_checkout_proof;ocpi_vat_unspecified_20pct_derivation_not_operator_verified,Eco-Movement ChargePoint PCPR CPO OCPI 2.2.1
GBCPIL6812945,NETV NETV-IMMI-02,Immingham,GBCPIE6810145*2,GBCPIP6810145*2*84,22000,NLCPIT2ACt*D*0,verification_requise_ne_pas_promouvoir_comme_payg_valide,ocpi_tariff_type_unspecified_valid_for_all_sessions_not_payg_checkout_proof;ocpi_vat_unspecified_20pct_derivation_not_operator_verified,Eco-Movement ChargePoint PCPR CPO OCPI 2.2.1
GBCPIL6812945,NETV NETV-IMMI-02,Immingham,GBCPIE6812945*1,GBCPIP6812945*1*84,22000,NLCPIT2ACt*D*0,verification_requise_ne_pas_promouvoir_comme_payg_valide,ocpi_tariff_type_unspecified_valid_for_all_sessions_not_payg_checkout_proof;ocpi_vat_unspecified_20pct_derivation_not_operator_verified,Eco-Movement ChargePoint PCPR CPO OCPI 2.2.1
GBCPIL6812945,NETV NETV-IMMI-02,Immingham,GBCPIE6812945*2,GBCPIP6812945*2*84,22000,NLCPIT2ACt*D*0,verification_requise_ne_pas_promouvoir_comme_payg_valide,ocpi_tariff_type_unspecified_valid_for_all_sessions_not_payg_checkout_proof;ocpi_vat_unspecified_20pct_derivation_not_operator_verified,Eco-Movement ChargePoint PCPR CPO OCPI 2.2.1
GBCPIL6780615,STAGS RETAIL STAGS 1,Bolton,GBCPIE6780615*1,GBCPIP6780615*1*82,22000,NLCPIT2BCV*3*0,verification_requise_ne_pas_promouvoir_comme_payg_valide,ocpi_tariff_type_unspecified_valid_for_all_sessions_not_payg_checkout_proof;ocpi_vat_unspecified_20pct_derivation_not_operator_verified,Eco-Movement ChargePoint PCPR CPO OCPI 2.2.1
GBCPIL6780615,STAGS RETAIL STAGS 1,Bolton,GBCPIE6780615*2,GBCPIP6780615*2*82,22000,NLCPIT2BCV*3*0,verification_requise_ne_pas_promouvoir_comme_payg_valide,ocpi_tariff_type_unspecified_valid_for_all_sessions_not_payg_checkout_proof;ocpi_vat_unspecified_20pct_derivation_not_operator_verified,Eco-Movement ChargePoint PCPR CPO OCPI 2.2.1
GBCPIL6780615,STAGS RETAIL STAGS 1,Bolton,GBCPIE6778085*1,GBCPIP6778085*1*82,22000,NLCPIT2BCV*3*0,verification_requise_ne_pas_promouvoir_comme_payg_valide,ocpi_tariff_type_unspecified_valid_for_all_sessions_not_payg_checkout_proof;ocpi_vat_unspecified_20pct_derivation_not_operator_verified,Eco-Movement ChargePoint PCPR CPO OCPI 2.2.1
GBCPIL6780615,STAGS RETAIL STAGS 1,Bolton,GBCPIE6778085*2,GBCPIP6778085*2*82,22000,NLCPIT2BCV*3*0,verification_requise_ne_pas_promouvoir_comme_payg_valide,ocpi_tariff_type_unspecified_valid_for_all_sessions_not_payg_checkout_proof;ocpi_vat_unspecified_20pct_derivation_not_operator_verified,Eco-Movement ChargePoint PCPR CPO OCPI 2.2.1
GBCPIL7237505,EVIELIFE THE NATTERJACK,Southwood,GBCPIE7237505*1,GBCPIP7237505*1*1259,22080,NLCPIT2tjJ*K*0,verification_requise_ne_pas_promouvoir_comme_payg_valide,ocpi_tariff_type_unspecified_valid_for_all_sessions_not_payg_checkout_proof;ocpi_vat_unspecified_20pct_derivation_not_operator_verified,Eco-Movement ChargePoint PCPR CPO OCPI 2.2.1
GBCPIL7237505,EVIELIFE THE NATTERJACK,Southwood,GBCPIE7237505*2,GBCPIP7237505*2*1259,22080,NLCPIT2tjJ*K*0,verification_requise_ne_pas_promouvoir_comme_payg_valide,ocpi_tariff_type_unspecified_valid_for_all_sessions_not_payg_checkout_proof;ocpi_vat_unspecified_20pct_derivation_not_operator_verified,Eco-Movement ChargePoint PCPR CPO OCPI 2.2.1
GBCPIL6850975,BABCOCK STATION 07,Plymouth,GBCPIE6850975*2,GBCPIP6850975*2*1258,7680,NLCPIT2XHh*G*0,verification_requise_ne_pas_promouvoir_comme_payg_valide,ocpi_tariff_type_unspecified_valid_for_all_sessions_not_payg_checkout_proof;ocpi_vat_unspecified_20pct_derivation_not_operator_verified,Eco-Movement ChargePoint PCPR CPO OCPI 2.2.1
GBCPIL6850975,BABCOCK STATION 07,Plymouth,GBCPIE6850975*1,GBCPIP6850975*1*1258,7680,NLCPIT2XHh*G*0,verification_requise_ne_pas_promouvoir_comme_payg_valide,ocpi_tariff_type_unspecified_valid_for_all_sessions_not_payg_checkout_proof;ocpi_vat_unspecified_20pct_derivation_not_operator_verified,Eco-Movement ChargePoint PCPR CPO OCPI 2.2.1
GBCPIL7408555,PARKWAY SC EVC 4,Newbury,GBCPIE7408555*1,GBCPIP7408555*1*1258,22080,NLCPIT1asZ*4*0,verification_requise_ne_pas_promouvoir_comme_payg_valide,ocpi_tariff_type_unspecified_valid_for_all_sessions_not_payg_checkout_proof;ocpi_vat_unspecified_20pct_derivation_not_operator_verified,Eco-Movement ChargePoint PCPR CPO OCPI 2.2.1
GBCPIL7408555,PARKWAY SC EVC 4,Newbury,GBCPIE7408555*2,GBCPIP7408555*2*1258,22080,NLCPIT1asZ*4*0,verification_requise_ne_pas_promouvoir_comme_payg_valide,ocpi_tariff_type_unspecified_valid_for_all_sessions_not_payg_checkout_proof;ocpi_vat_unspecified_20pct_derivation_not_operator_verified,Eco-Movement ChargePoint PCPR CPO OCPI 2.2.1
GBCPIL6713835,WOODCHESTER W11,Stroud,GBCPIE6713825*1,GBCPIP6713825*1*1258,22080,NLCPIT1mER*9*0,verification_requise_ne_pas_promouvoir_comme_payg_valide,ocpi_tariff_type_unspecified_valid_for_all_sessions_not_payg_checkout_proof;ocpi_vat_unspecified_20pct_derivation_not_operator_verified,Eco-Movement ChargePoint PCPR CPO OCPI 2.2.1
GBCPIL6713835,WOODCHESTER W11,Stroud,GBCPIE6713825*2,GBCPIP6713825*2*1258,22080,NLCPIT1mER*9*0,verification_requise_ne_pas_promouvoir_comme_payg_valide,ocpi_tariff_type_unspecified_valid_for_all_sessions_not_payg_checkout_proof;ocpi_vat_unspecified_20pct_derivation_not_operator_verified,Eco-Movement ChargePoint PCPR CPO OCPI 2.2.1
GBCPIL6713835,WOODCHESTER W11,Stroud,GBCPIE6713835*1,GBCPIP6713835*1*1258,22080,NLCPIT1mER*9*0,verification_requise_ne_pas_promouvoir_comme_payg_valide,ocpi_tariff_type_unspecified_valid_for_all_sessions_not_payg_checkout_proof;ocpi_vat_unspecified_20pct_derivation_not_operator_verified,Eco-Movement ChargePoint PCPR CPO OCPI 2.2.1
GBCPIL6713835,WOODCHESTER W11,Stroud,GBCPIE6713835*2,GBCPIP6713835*2*1258,22080,NLCPIT1mER*9*0,verification_requise_ne_pas_promouvoir_comme_payg_valide,ocpi_tariff_type_unspecified_valid_for_all_sessions_not_payg_checkout_proof;ocpi_vat_unspecified_20pct_derivation_not_operator_verified,Eco-Movement ChargePoint PCPR CPO OCPI 2.2.1
GBCPIL7397885,SGN GLASGOW 03,Glasgow,GBCPIE7397885*1,GBCPIP7397885*1*1258,22000,NLCPIT2QP*1*0,tarif_indisponible,foreign_currency_tariff;ocpi_tariff_type_unspecified_valid_for_all_sessions_not_payg_checkout_proof;ocpi_vat_unspecified_20pct_derivation_not_operator_verified,Eco-Movement ChargePoint PCPR CPO OCPI 2.2.1
GBCPIL7397885,SGN GLASGOW 03,Glasgow,GBCPIE7397885*2,GBCPIP7397885*2*1258,22000,NLCPIT2QP*1*0,tarif_indisponible,foreign_currency_tariff;ocpi_tariff_type_unspecified_valid_for_all_sessions_not_payg_checkout_proof;ocpi_vat_unspecified_20pct_derivation_not_operator_verified,Eco-Movement ChargePoint PCPR CPO OCPI 2.2.1
GBCPIL7174205,ZOLBEV HOAR CROSS S03,Hoar Cross,GBCPIE6982945*1,GBCPIP6982945*1*1259,22080,NLCPIT2rfj*6*0,verification_requise_ne_pas_promouvoir_comme_payg_valide,ocpi_tariff_type_unspecified_valid_for_all_sessions_not_payg_checkout_proof;ocpi_vat_unspecified_20pct_derivation_not_operator_verified,Eco-Movement ChargePoint PCPR CPO OCPI 2.2.1
GBCPIL7174205,ZOLBEV HOAR CROSS S03,Hoar Cross,GBCPIE6982945*2,GBCPIP6982945*2*1259,22080,NLCPIT2rfj*6*0,verification_requise_ne_pas_promouvoir_comme_payg_valide,ocpi_tariff_type_unspecified_valid_for_all_sessions_not_payg_checkout_proof;ocpi_vat_unspecified_20pct_derivation_not_operator_verified,Eco-Movement ChargePoint PCPR CPO OCPI 2.2.1
GBCPIL7174205,ZOLBEV HOAR CROSS S03,Hoar Cross,GBCPIE6986575*1,GBCPIP6986575*1*1259,22080,NLCPIT2rfj*6*0,verification_requise_ne_pas_promouvoir_comme_payg_valide,ocpi_tariff_type_unspecified_valid_for_all_sessions_not_payg_checkout_proof;ocpi_vat_unspecified_20pct_derivation_not_operator_verified,Eco-Movement ChargePoint PCPR CPO OCPI 2.2.1
GBCPIL7174205,ZOLBEV HOAR CROSS S03,Hoar Cross,GBCPIE6986575*2,GBCPIP6986575*2*1259,22080,NLCPIT2rfj*6*0,verification_requise_ne_pas_promouvoir_comme_payg_valide,ocpi_tariff_type_unspecified_valid_for_all_sessions_not_payg_checkout_proof;ocpi_vat_unspecified_20pct_derivation_not_operator_verified,Eco-Movement ChargePoint PCPR CPO OCPI 2.2.1
GBCPIL7174205,ZOLBEV HOAR CROSS S03,Hoar Cross,GBCPIE7174205*1,GBCPIP7174205*1*1259,22080,NLCPIT2rfj*6*0,verification_requise_ne_pas_promouvoir_comme_payg_valide,ocpi_tariff_type_unspecified_valid_for_all_sessions_not_payg_checkout_proof;ocpi_vat_unspecified_20pct_derivation_not_operator_verified,Eco-Movement ChargePoint PCPR CPO OCPI 2.2.1
GBCPIL7174205,ZOLBEV HOAR CROSS S03,Hoar Cross,GBCPIE7174205*2,GBCPIP7174205*2*1259,22080,NLCPIT2rfj*6*0,verification_requise_ne_pas_promouvoir_comme_payg_valide,ocpi_tariff_type_unspecified_valid_for_all_sessions_not_payg_checkout_proof;ocpi_vat_unspecified_20pct_derivation_not_operator_verified,Eco-Movement ChargePoint PCPR CPO OCPI 2.2.1
GBCPIL6620335,MCMULLEN KINGS REACH 1,Biggleswade,GBCPIE6620325*1,GBCPIP6620325*1*82,22000,NLCPIT1lFJ*1*0,verification_requise_ne_pas_promouvoir_comme_payg_valide,ocpi_tariff_type_unspecified_valid_for_all_sessions_not_payg_checkout_proof;ocpi_vat_unspecified_20pct_derivation_not_operator_verified,Eco-Movement ChargePoint PCPR CPO OCPI 2.2.1
GBCPIL6620335,MCMULLEN KINGS REACH 1,Biggleswade,GBCPIE6620325*2,GBCPIP6620325*2*82,22000,NLCPIT1lFJ*1*0,verification_requise_ne_pas_promouvoir_comme_payg_valide,ocpi_tariff_type_unspecified_valid_for_all_sessions_not_payg_checkout_proof;ocpi_vat_unspecified_20pct_derivation_not_operator_verified,Eco-Movement ChargePoint PCPR CPO OCPI 2.2.1
GBCPIL6620335,MCMULLEN KINGS REACH 1,Biggleswade,GBCPIE6620335*1,GBCPIP6620335*1*82,22000,NLCPIT1lFJ*1*0,verification_requise_ne_pas_promouvoir_comme_payg_valide,ocpi_tariff_type_unspecified_valid_for_all_sessions_not_payg_checkout_proof;ocpi_vat_unspecified_20pct_derivation_not_operator_verified,Eco-Movement ChargePoint PCPR CPO OCPI 2.2.1
GBCPIL6620335,MCMULLEN KINGS REACH 1,Biggleswade,GBCPIE6620335*2,GBCPIP6620335*2*82,22000,NLCPIT1lFJ*1*0,verification_requise_ne_pas_promouvoir_comme_payg_valide,ocpi_tariff_type_unspecified_valid_for_all_sessions_not_payg_checkout_proof;ocpi_vat_unspecified_20pct_derivation_not_operator_verified,Eco-Movement ChargePoint PCPR CPO OCPI 2.2.1
GBCPIL6501525,MACROW CRANSLEY DC STATION 1,Broughton,GBCPIE6501525*1,GBCPIP6501525*1*209,62500,NLCPITzfd*B*0,verification_requise_ne_pas_promouvoir_comme_payg_valide,ocpi_tariff_type_unspecified_valid_for_all_sessions_not_payg_checkout_proof;ocpi_vat_unspecified_20pct_derivation_not_operator_verified,Eco-Movement ChargePoint PCPR CPO OCPI 2.2.1
GBCPIL6501525,MACROW CRANSLEY DC STATION 1,Broughton,GBCPIE6501525*1,GBCPIP6501525*1*100005,62500,NLCPITzfd*B*0,verification_requise_ne_pas_promouvoir_comme_payg_valide,ocpi_tariff_type_unspecified_valid_for_all_sessions_not_payg_checkout_proof;ocpi_vat_unspecified_20pct_derivation_not_operator_verified,Eco-Movement ChargePoint PCPR CPO OCPI 2.2.1
GBCPIL7270045,BRISTOL AIRPORT DELIVERY YARD 1,Bristol,GBCPIE7270045*1,GBCPIP7270045*1*1258,22000,NLCPIT3Atf*8*0,verification_requise_ne_pas_promouvoir_comme_payg_valide,ocpi_tariff_type_unspecified_valid_for_all_sessions_not_payg_checkout_proof;ocpi_vat_unspecified_20pct_derivation_not_operator_verified,Eco-Movement ChargePoint PCPR CPO OCPI 2.2.1
GBCPIL7270045,BRISTOL AIRPORT DELIVERY YARD 1,Bristol,GBCPIE7270045*2,GBCPIP7270045*2*1258,22000,NLCPIT3Atf*8*0,verification_requise_ne_pas_promouvoir_comme_payg_valide,ocpi_tariff_type_unspecified_valid_for_all_sessions_not_payg_checkout_proof;ocpi_vat_unspecified_20pct_derivation_not_operator_verified,Eco-Movement ChargePoint PCPR CPO OCPI 2.2.1
GBCPIL7106215,ZOLBEV THE NEST 01,Horsford,GBCPIE7106205*1,GBCPIP7106205*1*1259,22080,NLCPIT38CF*8*0,verification_requise_ne_pas_promouvoir_comme_payg_valide,ocpi_tariff_type_unspecified_valid_for_all_sessions_not_payg_checkout_proof;ocpi_vat_unspecified_20pct_derivation_not_operator_verified,Eco-Movement ChargePoint PCPR CPO OCPI 2.2.1
GBCPIL7106215,ZOLBEV THE NEST 01,Horsford,GBCPIE7106205*2,GBCPIP7106205*2*1259,22080,NLCPIT38CF*8*0,verification_requise_ne_pas_promouvoir_comme_payg_valide,ocpi_tariff_type_unspecified_valid_for_all_sessions_not_payg_checkout_proof;ocpi_vat_unspecified_20pct_derivation_not_operator_verified,Eco-Movement ChargePoint PCPR CPO OCPI 2.2.1
GBCPIL7106215,ZOLBEV THE NEST 01,Horsford,GBCPIE7106215*1,GBCPIP7106215*1*1259,22080,NLCPIT38CF*8*0,verification_requise_ne_pas_promouvoir_comme_payg_valide,ocpi_tariff_type_unspecified_valid_for_all_sessions_not_payg_checkout_proof;ocpi_vat_unspecified_20pct_derivation_not_operator_verified,Eco-Movement ChargePoint PCPR CPO OCPI 2.2.1
GBCPIL7106215,ZOLBEV THE NEST 01,Horsford,GBCPIE7106215*2,GBCPIP7106215*2*1259,22080,NLCPIT38CF*8*0,verification_requise_ne_pas_promouvoir_comme_payg_valide,ocpi_tariff_type_unspecified_valid_for_all_sessions_not_payg_checkout_proof;ocpi_vat_unspecified_20pct_derivation_not_operator_verified,Eco-Movement ChargePoint PCPR CPO OCPI 2.2.1
GBCPIL6664245,CUMNOCK KERR_SMITH 2,Cumnock,GBCPIE6664245*1,GBCPIP6664245*1*82,22000,NLCPIT1usZ*2*0,verification_requise_ne_pas_promouvoir_comme_payg_valide,ocpi_tariff_type_unspecified_valid_for_all_sessions_not_payg_checkout_proof;ocpi_vat_unspecified_20pct_derivation_not_operator_verified,Eco-Movement ChargePoint PCPR CPO OCPI 2.2.1
GBCPIL6664245,CUMNOCK KERR_SMITH 2,Cumnock,GBCPIE6664245*2,GBCPIP6664245*2*82,22000,NLCPIT1usZ*2*0,verification_requise_ne_pas_promouvoir_comme_payg_valide,ocpi_tariff_type_unspecified_valid_for_all_sessions_not_payg_checkout_proof;ocpi_vat_unspecified_20pct_derivation_not_operator_verified,Eco-Movement ChargePoint PCPR CPO OCPI 2.2.1
GBCPIL6742355,CP NETWORK UK CP6K HQ 05,Theale,GBCPIE6742355*1,GBCPIP6742355*1*1259,23040,NLCPITbHN*b*0,verification_requise_ne_pas_promouvoir_comme_payg_valide,ocpi_tariff_type_unspecified_valid_for_all_sessions_not_payg_checkout_proof;ocpi_vat_unspecified_20pct_derivation_not_operator_verified,Eco-Movement ChargePoint PCPR CPO OCPI 2.2.1
GBCPIL6742355,CP NETWORK UK CP6K HQ 05,Theale,GBCPIE6742355*2,GBCPIP6742355*2*1259,23040,NLCPITbHN*b*0,verification_requise_ne_pas_promouvoir_comme_payg_valide,ocpi_tariff_type_unspecified_valid_for_all_sessions_not_payg_checkout_proof;ocpi_vat_unspecified_20pct_derivation_not_operator_verified,Eco-Movement ChargePoint PCPR CPO OCPI 2.2.1
GBCPIL6945825,REAR CAR PARK STATION 12,Marlow,GBCPIE6945735*2,GBCPIP6945735*2*1259,22080,NLCPIT1XKj*6*0,verification_requise_ne_pas_promouvoir_comme_payg_valide,ocpi_tariff_type_unspecified_valid_for_all_sessions_not_payg_checkout_proof;ocpi_vat_unspecified_20pct_derivation_not_operator_verified,Eco-Movement ChargePoint PCPR CPO OCPI 2.2.1
GBCPIL6945825,REAR CAR PARK STATION 12,Marlow,GBCPIE6945785*1,GBCPIP6945785*1*1259,22080,NLCPIT1XKj*6*0,verification_requise_ne_pas_promouvoir_comme_payg_valide,ocpi_tariff_type_unspecified_valid_for_all_sessions_not_payg_checkout_proof;ocpi_vat_unspecified_20pct_derivation_not_operator_verified,Eco-Movement ChargePoint PCPR CPO OCPI 2.2.1
GBCPIL6945825,REAR CAR PARK STATION 12,Marlow,GBCPIE6945785*2,GBCPIP6945785*2*1259,22080,NLCPIT1XKj*6*0,verification_requise_ne_pas_promouvoir_comme_payg_valide,ocpi_tariff_type_unspecified_valid_for_all_sessions_not_payg_checkout_proof;ocpi_vat_unspecified_20pct_derivation_not_operator_verified,Eco-Movement ChargePoint PCPR CPO OCPI 2.2.1
GBCPIL6945825,REAR CAR PARK STATION 12,Marlow,GBCPIE6945675*2,GBCPIP6945675*2*1259,22080,NLCPIT1XKj*6*0,verification_requise_ne_pas_promouvoir_comme_payg_valide,ocpi_tariff_type_unspecified_valid_for_all_sessions_not_payg_checkout_proof;ocpi_vat_unspecified_20pct_derivation_not_operator_verified,Eco-Movement ChargePoint PCPR CPO OCPI 2.2.1
GBCPIL6945825,REAR CAR PARK STATION 12,Marlow,GBCPIE6945685*1,GBCPIP6945685*1*1259,22080,NLCPIT1XKj*6*0,verification_requise_ne_pas_promouvoir_comme_payg_valide,ocpi_tariff_type_unspecified_valid_for_all_sessions_not_payg_checkout_proof;ocpi_vat_unspecified_20pct_derivation_not_operator_verified,Eco-Movement ChargePoint PCPR CPO OCPI 2.2.1
GBCPIL6945825,REAR CAR PARK STATION 12,Marlow,GBCPIE6945825*1,GBCPIP6945825*1*1259,22080,NLCPIT1XKj*6*0,verification_requise_ne_pas_promouvoir_comme_payg_valide,ocpi_tariff_type_unspecified_valid_for_all_sessions_not_payg_checkout_proof;ocpi_vat_unspecified_20pct_derivation_not_operator_verified,Eco-Movement ChargePoint PCPR CPO OCPI 2.2.1
GBCPIL6945825,REAR CAR PARK STATION 12,Marlow,GBCPIE6945825*2,GBCPIP6945825*2*1259,22080,NLCPIT1XKj*6*0,verification_requise_ne_pas_promouvoir_comme_payg_valide,ocpi_tariff_type_unspecified_valid_for_all_sessions_not_payg_checkout_proof;ocpi_vat_unspecified_20pct_derivation_not_operator_verified,Eco-Movement ChargePoint PCPR CPO OCPI 2.2.1
GBCPIL6945825,REAR CAR PARK STATION 12,Marlow,GBCPIE6945675*1,GBCPIP6945675*1*57,22080,NLCPIT1XKj*6*0,verification_requise_ne_pas_promouvoir_comme_payg_valide,ocpi_tariff_type_unspecified_valid_for_all_sessions_not_payg_checkout_proof;ocpi_vat_unspecified_20pct_derivation_not_operator_verified,Eco-Movement ChargePoint PCPR CPO OCPI 2.2.1
GBCPIL6945825,REAR CAR PARK STATION 12,Marlow,GBCPIE6945685*2,GBCPIP6945685*2*1259,22080,NLCPIT1XKj*6*0,verification_requise_ne_pas_promouvoir_comme_payg_valide,ocpi_tariff_type_unspecified_valid_for_all_sessions_not_payg_checkout_proof;ocpi_vat_unspecified_20pct_derivation_not_operator_verified,Eco-Movement ChargePoint PCPR CPO OCPI 2.2.1
GBCPIL6945825,REAR CAR PARK STATION 12,Marlow,GBCPIE6945695*1,GBCPIP6945695*1*1259,22080,NLCPIT1XKj*6*0,verification_requise_ne_pas_promouvoir_comme_payg_valide,ocpi_tariff_type_unspecified_valid_for_all_sessions_not_payg_checkout_proof;ocpi_vat_unspecified_20pct_derivation_not_operator_verified,Eco-Movement ChargePoint PCPR CPO OCPI 2.2.1
GBCPIL6945825,REAR CAR PARK STATION 12,Marlow,GBCPIE6945695*2,GBCPIP6945695*2*1259,22080,NLCPIT1XKj*6*0,verification_requise_ne_pas_promouvoir_comme_payg_valide,ocpi_tariff_type_unspecified_valid_for_all_sessions_not_payg_checkout_proof;ocpi_vat_unspecified_20pct_derivation_not_operator_verified,Eco-Movement ChargePoint PCPR CPO OCPI 2.2.1
GBCPIL6945825,REAR CAR PARK STATION 12,Marlow,GBCPIE6945735*1,GBCPIP6945735*1*1259,22080,NLCPIT1XKj*6*0,verification_requise_ne_pas_promouvoir_comme_payg_valide,ocpi_tariff_type_unspecified_valid_for_all_sessions_not_payg_checkout_proof;ocpi_vat_unspecified_20pct_derivation_not_operator_verified,Eco-Movement ChargePoint PCPR CPO OCPI 2.2.1
GBCPIL6905595,ACMPARKING STATION 02,Maidenhead,GBCPIE6905605*1,GBCPIP6905605*1*82,22000,NLCPIT2mf5*5*0,verification_requise_ne_pas_promouvoir_comme_payg_valide,ocpi_tariff_type_unspecified_valid_for_all_sessions_not_payg_checkout_proof;ocpi_vat_unspecified_20pct_derivation_not_operator_verified,Eco-Movement ChargePoint PCPR CPO OCPI 2.2.1
GBCPIL6905595,ACMPARKING STATION 02,Maidenhead,GBCPIE6905605*2,GBCPIP6905605*2*82,22000,NLCPIT2mf5*5*0,verification_requise_ne_pas_promouvoir_comme_payg_valide,ocpi_tariff_type_unspecified_valid_for_all_sessions_not_payg_checkout_proof;ocpi_vat_unspecified_20pct_derivation_not_operator_verified,Eco-Movement ChargePoint PCPR CPO OCPI 2.2.1
GBCPIL6905595,ACMPARKING STATION 02,Maidenhead,GBCPIE6905595*1,GBCPIP6905595*1*84,22000,NLCPIT2mf5*5*0,verification_requise_ne_pas_promouvoir_comme_payg_valide,ocpi_tariff_type_unspecified_valid_for_all_sessions_not_payg_checkout_proof;ocpi_vat_unspecified_20pct_derivation_not_operator_verified,Eco-Movement ChargePoint PCPR CPO OCPI 2.2.1
GBCPIL6905595,ACMPARKING STATION 02,Maidenhead,GBCPIE6905595*2,GBCPIP6905595*2*84,22000,NLCPIT2mf5*5*0,verification_requise_ne_pas_promouvoir_comme_payg_valide,ocpi_tariff_type_unspecified_valid_for_all_sessions_not_payg_checkout_proof;ocpi_vat_unspecified_20pct_derivation_not_operator_verified,Eco-Movement ChargePoint PCPR CPO OCPI 2.2.1
GBCPIL6475485,DRAKE HOUSE ONE,Dursley,GBCPIE6475465*1,GBCPIP6475465*1*100270,22080,NLCPITUjj*O*0,verification_requise_ne_pas_promouvoir_comme_payg_valide,ocpi_tariff_type_unspecified_valid_for_all_sessions_not_payg_checkout_proof;ocpi_vat_unspecified_20pct_derivation_not_operator_verified,Eco-Movement ChargePoint PCPR CPO OCPI 2.2.1
GBCPIL6475485,DRAKE HOUSE ONE,Dursley,GBCPIE6475465*2,GBCPIP6475465*2*100270,22080,NLCPITUjj*O*0,verification_requise_ne_pas_promouvoir_comme_payg_valide,ocpi_tariff_type_unspecified_valid_for_all_sessions_not_payg_checkout_proof;ocpi_vat_unspecified_20pct_derivation_not_operator_verified,Eco-Movement ChargePoint PCPR CPO OCPI 2.2.1
GBCPIL6475485,DRAKE HOUSE ONE,Dursley,GBCPIE6475475*1,GBCPIP6475475*1*100270,22080,NLCPITUjj*O*0,verification_requise_ne_pas_promouvoir_comme_payg_valide,ocpi_tariff_type_unspecified_valid_for_all_sessions_not_payg_checkout_proof;ocpi_vat_unspecified_20pct_derivation_not_operator_verified,Eco-Movement ChargePoint PCPR CPO OCPI 2.2.1
GBCPIL6475485,DRAKE HOUSE ONE,Dursley,GBCPIE6475475*2,GBCPIP6475475*2*100270,22080,NLCPITUjj*O*0,verification_requise_ne_pas_promouvoir_comme_payg_valide,ocpi_tariff_type_unspecified_valid_for_all_sessions_not_payg_checkout_proof;ocpi_vat_unspecified_20pct_derivation_not_operator_verified,Eco-Movement ChargePoint PCPR CPO OCPI 2.2.1
GBCPIL6475485,DRAKE HOUSE ONE,Dursley,GBCPIE6475485*1,GBCPIP6475485*1*100270,22080,NLCPITUjj*O*0,verification_requise_ne_pas_promouvoir_comme_payg_valide,ocpi_tariff_type_unspecified_valid_for_all_sessions_not_payg_checkout_proof;ocpi_vat_unspecified_20pct_derivation_not_operator_verified,Eco-Movement ChargePoint PCPR CPO OCPI 2.2.1
GBCPIL6475485,DRAKE HOUSE ONE,Dursley,GBCPIE6475485*2,GBCPIP6475485*2*100270,22080,NLCPITUjj*O*0,verification_requise_ne_pas_promouvoir_comme_payg_valide,ocpi_tariff_type_unspecified_valid_for_all_sessions_not_payg_checkout_proof;ocpi_vat_unspecified_20pct_derivation_not_operator_verified,Eco-Movement ChargePoint PCPR CPO OCPI 2.2.1
GBCPIL6809385,NETV NETV-BLAY-01,Blaydon,GBCPIE6809385*1,GBCPIP6809385*1*84,22000,NLCPIT2ACt*D*0,verification_requise_ne_pas_promouvoir_comme_payg_valide,ocpi_tariff_type_unspecified_valid_for_all_sessions_not_payg_checkout_proof;ocpi_vat_unspecified_20pct_derivation_not_operator_verified,Eco-Movement ChargePoint PCPR CPO OCPI 2.2.1
GBCPIL6809385,NETV NETV-BLAY-01,Blaydon,GBCPIE6809385*2,GBCPIP6809385*2*84,22000,NLCPIT2ACt*D*0,verification_requise_ne_pas_promouvoir_comme_payg_valide,ocpi_tariff_type_unspecified_valid_for_all_sessions_not_payg_checkout_proof;ocpi_vat_unspecified_20pct_derivation_not_operator_verified,Eco-Movement ChargePoint PCPR CPO OCPI 2.2.1
GBCPIL6942845,ZOLBEV POSH FC,Peterborough PE2 8AL,GBCPIE6942845*1,GBCPIP6942845*1*373,150000,NLCPIT2iVB*4*0,verification_requise_ne_pas_promouvoir_comme_payg_valide,ocpi_tariff_type_unspecified_valid_for_all_sessions_not_payg_checkout_proof;ocpi_vat_unspecified_20pct_derivation_not_operator_verified,Eco-Movement ChargePoint PCPR CPO OCPI 2.2.1
GBCPIL6942845,ZOLBEV POSH FC,Peterborough PE2 8AL,GBCPIE6942845*2,GBCPIP6942845*2*373,150000,NLCPIT2iVB*4*0,verification_requise_ne_pas_promouvoir_comme_payg_valide,ocpi_tariff_type_unspecified_valid_for_all_sessions_not_payg_checkout_proof;ocpi_vat_unspecified_20pct_derivation_not_operator_verified,Eco-Movement ChargePoint PCPR CPO OCPI 2.2.1
GBCPIL7369515,NIRVANA SPA WCR SPA RECEPTION,Sindlesham,GBCPIE7369515*1,GBCPIP7369515*1*1259,22080,NLCPIT3D7t*2*0,verification_requise_ne_pas_promouvoir_comme_payg_valide,ocpi_tariff_type_unspecified_valid_for_all_sessions_not_payg_checkout_proof;ocpi_vat_unspecified_20pct_derivation_not_operator_verified,Eco-Movement ChargePoint PCPR CPO OCPI 2.2.1
GBCPIL7369515,NIRVANA SPA WCR SPA RECEPTION,Sindlesham,GBCPIE7369515*2,GBCPIP7369515*2*1259,22080,NLCPIT3D7t*2*0,verification_requise_ne_pas_promouvoir_comme_payg_valide,ocpi_tariff_type_unspecified_valid_for_all_sessions_not_payg_checkout_proof;ocpi_vat_unspecified_20pct_derivation_not_operator_verified,Eco-Movement ChargePoint PCPR CPO OCPI 2.2.1
GBCPIL7087755,GOLDINGS CG1 01,Maidstone,GBCPIE7081225*1,GBCPIP7081225*1*1258,22080,NLCPIT365R*2*0,verification_requise_ne_pas_promouvoir_comme_payg_valide,ocpi_tariff_type_unspecified_valid_for_all_sessions_not_payg_checkout_proof;ocpi_vat_unspecified_20pct_derivation_not_operator_verified,Eco-Movement ChargePoint PCPR CPO OCPI 2.2.1
GBCPIL7087755,GOLDINGS CG1 01,Maidstone,GBCPIE7081225*2,GBCPIP7081225*2*1258,22080,NLCPIT365R*2*0,verification_requise_ne_pas_promouvoir_comme_payg_valide,ocpi_tariff_type_unspecified_valid_for_all_sessions_not_payg_checkout_proof;ocpi_vat_unspecified_20pct_derivation_not_operator_verified,Eco-Movement ChargePoint PCPR CPO OCPI 2.2.1
GBCPIL7087755,GOLDINGS CG1 01,Maidstone,GBCPIE7087755*1,GBCPIP7087755*1*1258,22080,NLCPIT365R*2*0,verification_requise_ne_pas_promouvoir_comme_payg_valide,ocpi_tariff_type_unspecified_valid_for_all_sessions_not_payg_checkout_proof;ocpi_vat_unspecified_20pct_derivation_not_operator_verified,Eco-Movement ChargePoint PCPR CPO OCPI 2.2.1
GBCPIL7087755,GOLDINGS CG1 01,Maidstone,GBCPIE7087755*2,GBCPIP7087755*2*1258,22080,NLCPIT365R*2*0,verification_requise_ne_pas_promouvoir_comme_payg_valide,ocpi_tariff_type_unspecified_valid_for_all_sessions_not_payg_checkout_proof;ocpi_vat_unspecified_20pct_derivation_not_operator_verified,Eco-Movement ChargePoint PCPR CPO OCPI 2.2.1
GBCPIL6512865,LISBURN BOWL ONE,Lisburn,GBCPIE6488205*1,GBCPIP6488205*1*82,22000,NLCPIT14of*1*0,verification_requise_ne_pas_promouvoir_comme_payg_valide,ocpi_tariff_type_unspecified_valid_for_all_sessions_not_payg_checkout_proof;ocpi_vat_unspecified_20pct_derivation_not_operator_verified,Eco-Movement ChargePoint PCPR CPO OCPI 2.2.1
GBCPIL6512865,LISBURN BOWL ONE,Lisburn,GBCPIE6488205*2,GBCPIP6488205*2*82,22000,NLCPIT14of*1*0,verification_requise_ne_pas_promouvoir_comme_payg_valide,ocpi_tariff_type_unspecified_valid_for_all_sessions_not_payg_checkout_proof;ocpi_vat_unspecified_20pct_derivation_not_operator_verified,Eco-Movement ChargePoint PCPR CPO OCPI 2.2.1
GBCPIL6512865,LISBURN BOWL ONE,Lisburn,GBCPIE6512865*1,GBCPIP6512865*1*82,22000,NLCPIT14of*1*0,verification_requise_ne_pas_promouvoir_comme_payg_valide,ocpi_tariff_type_unspecified_valid_for_all_sessions_not_payg_checkout_proof;ocpi_vat_unspecified_20pct_derivation_not_operator_verified,Eco-Movement ChargePoint PCPR CPO OCPI 2.2.1
GBCPIL6512865,LISBURN BOWL ONE,Lisburn,GBCPIE6512865*2,GBCPIP6512865*2*82,22000,NLCPIT14of*1*0,verification_requise_ne_pas_promouvoir_comme_payg_valide,ocpi_tariff_type_unspecified_valid_for_all_sessions_not_payg_checkout_proof;ocpi_vat_unspecified_20pct_derivation_not_operator_verified,Eco-Movement ChargePoint PCPR CPO OCPI 2.2.1
GBCPIL6512865,LISBURN BOWL ONE,Lisburn,GBCPIE6488145*1,GBCPIP6488145*1*82,22000,NLCPIT14of*1*0,verification_requise_ne_pas_promouvoir_comme_payg_valide,ocpi_tariff_type_unspecified_valid_for_all_sessions_not_payg_checkout_proof;ocpi_vat_unspecified_20pct_derivation_not_operator_verified,Eco-Movement ChargePoint PCPR CPO OCPI 2.2.1
GBCPIL6512865,LISBURN BOWL ONE,Lisburn,GBCPIE6488145*2,GBCPIP6488145*2*82,22000,NLCPIT14of*1*0,verification_requise_ne_pas_promouvoir_comme_payg_valide,ocpi_tariff_type_unspecified_valid_for_all_sessions_not_payg_checkout_proof;ocpi_vat_unspecified_20pct_derivation_not_operator_verified,Eco-Movement ChargePoint PCPR CPO OCPI 2.2.1
GBCPIL6512865,LISBURN BOWL ONE,Lisburn,GBCPIE6488175*1,GBCPIP6488175*1*82,22000,NLCPIT14of*1*0,verification_requise_ne_pas_promouvoir_comme_payg_valide,ocpi_tariff_type_unspecified_valid_for_all_sessions_not_payg_checkout_proof;ocpi_vat_unspecified_20pct_derivation_not_operator_verified,Eco-Movement ChargePoint PCPR CPO OCPI 2.2.1
GBCPIL6512865,LISBURN BOWL ONE,Lisburn,GBCPIE6488175*2,GBCPIP6488175*2*82,22000,NLCPIT14of*1*0,verification_requise_ne_pas_promouvoir_comme_payg_valide,ocpi_tariff_type_unspecified_valid_for_all_sessions_not_payg_checkout_proof;ocpi_vat_unspecified_20pct_derivation_not_operator_verified,Eco-Movement ChargePoint PCPR CPO OCPI 2.2.1
GBCPIL6787635,SEGRO AREAS SUPERHIRE PROPS,London,GBCPIE6787635*1,GBCPIP6787635*1*1258,22080,NLCPIT2WAV*1*0,verification_requise_ne_pas_promouvoir_comme_payg_valide,ocpi_tariff_type_unspecified_valid_for_all_sessions_not_payg_checkout_proof;ocpi_vat_unspecified_20pct_derivation_not_operator_verified,Eco-Movement ChargePoint PCPR CPO OCPI 2.2.1
GBCPIL6787635,SEGRO AREAS SUPERHIRE PROPS,London,GBCPIE6787635*2,GBCPIP6787635*2*1258,22080,NLCPIT2WAV*1*0,verification_requise_ne_pas_promouvoir_comme_payg_valide,ocpi_tariff_type_unspecified_valid_for_all_sessions_not_payg_checkout_proof;ocpi_vat_unspecified_20pct_derivation_not_operator_verified,Eco-Movement ChargePoint PCPR CPO OCPI 2.2.1
GBCPIL6998415,EVIELIFE PORTH BEACH,Newquay,GBCPIE6998415*1,GBCPIP6998415*1*1259,22080,NLCPIT38rD*J*0,verification_requise_ne_pas_promouvoir_comme_payg_valide,ocpi_tariff_type_unspecified_valid_for_all_sessions_not_payg_checkout_proof;ocpi_vat_unspecified_20pct_derivation_not_operator_verified,Eco-Movement ChargePoint PCPR CPO OCPI 2.2.1
GBCPIL6998415,EVIELIFE PORTH BEACH,Newquay,GBCPIE6998415*2,GBCPIP6998415*2*1259,22080,NLCPIT38rD*J*0,verification_requise_ne_pas_promouvoir_comme_payg_valide,ocpi_tariff_type_unspecified_valid_for_all_sessions_not_payg_checkout_proof;ocpi_vat_unspecified_20pct_derivation_not_operator_verified,Eco-Movement ChargePoint PCPR CPO OCPI 2.2.1
GBCPIL6788015,BABCOCK STATION 24,Plymouth,GBCPIE6788015*1,GBCPIP6788015*1*1258,7680,NLCPIT2XHh*G*0,verification_requise_ne_pas_promouvoir_comme_payg_valide,ocpi_tariff_type_unspecified_valid_for_all_sessions_not_payg_checkout_proof;ocpi_vat_unspecified_20pct_derivation_not_operator_verified,Eco-Movement ChargePoint PCPR CPO OCPI 2.2.1
GBCPIL6788015,BABCOCK STATION 24,Plymouth,GBCPIE6788015*2,GBCPIP6788015*2*1258,7680,NLCPIT2XHh*G*0,verification_requise_ne_pas_promouvoir_comme_payg_valide,ocpi_tariff_type_unspecified_valid_for_all_sessions_not_payg_checkout_proof;ocpi_vat_unspecified_20pct_derivation_not_operator_verified,Eco-Movement ChargePoint PCPR CPO OCPI 2.2.1
GBCPIL6788015,BABCOCK STATION 24,Plymouth,GBCPIE6787975*1,GBCPIP6787975*1*1258,7680,NLCPIT2XHh*G*0,verification_requise_ne_pas_promouvoir_comme_payg_valide,ocpi_tariff_type_unspecified_valid_for_all_sessions_not_payg_checkout_proof;ocpi_vat_unspecified_20pct_derivation_not_operator_verified,Eco-Movement ChargePoint PCPR CPO OCPI 2.2.1
GBCPIL6788015,BABCOCK STATION 24,Plymouth,GBCPIE6787975*2,GBCPIP6787975*2*1258,7680,NLCPIT2XHh*G*0,verification_requise_ne_pas_promouvoir_comme_payg_valide,ocpi_tariff_type_unspecified_valid_for_all_sessions_not_payg_checkout_proof;ocpi_vat_unspecified_20pct_derivation_not_operator_verified,Eco-Movement ChargePoint PCPR CPO OCPI 2.2.1
GBCPIL6788015,BABCOCK STATION 24,Plymouth,GBCPIE6788765*1,GBCPIP6788765*1*1258,7680,NLCPIT2XHh*G*0,verification_requise_ne_pas_promouvoir_comme_payg_valide,ocpi_tariff_type_unspecified_valid_for_all_sessions_not_payg_checkout_proof;ocpi_vat_unspecified_20pct_derivation_not_operator_verified,Eco-Movement ChargePoint PCPR CPO OCPI 2.2.1
GBCPIL6788015,BABCOCK STATION 24,Plymouth,GBCPIE6788765*2,GBCPIP6788765*2*1258,7680,NLCPIT2XHh*G*0,verification_requise_ne_pas_promouvoir_comme_payg_valide,ocpi_tariff_type_unspecified_valid_for_all_sessions_not_payg_checkout_proof;ocpi_vat_unspecified_20pct_derivation_not_operator_verified,Eco-Movement ChargePoint PCPR CPO OCPI 2.2.1
GBCPIL6788015,BABCOCK STATION 24,Plymouth,GBCPIE6816465*1,GBCPIP6816465*1*1258,7680,NLCPIT2XHh*G*0,verification_requise_ne_pas_promouvoir_comme_payg_valide,ocpi_tariff_type_unspecified_valid_for_all_sessions_not_payg_checkout_proof;ocpi_vat_unspecified_20pct_derivation_not_operator_verified,Eco-Movement ChargePoint PCPR CPO OCPI 2.2.1
GBCPIL6510845,M&G KILDEAN 1,Stirling,GBCPIE6510845*1,GBCPIP6510845*1*82,22000,NLCPIT1k37*7*0,verification_requise_ne_pas_promouvoir_comme_payg_valide,ocpi_tariff_type_unspecified_valid_for_all_sessions_not_payg_checkout_proof;ocpi_vat_unspecified_20pct_derivation_not_operator_verified,Eco-Movement ChargePoint PCPR CPO OCPI 2.2.1
GBCPIL6510845,M&G KILDEAN 1,Stirling,GBCPIE6509645*1,GBCPIP6509645*1*82,22000,NLCPIT1k37*7*0,verification_requise_ne_pas_promouvoir_comme_payg_valide,ocpi_tariff_type_unspecified_valid_for_all_sessions_not_payg_checkout_proof;ocpi_vat_unspecified_20pct_derivation_not_operator_verified,Eco-Movement ChargePoint PCPR CPO OCPI 2.2.1
GBCPIL6675035,PARTRIDGEBMW STATION 2,Chandler's Ford,GBCPIE6675035*1,GBCPIP6675035*1*373,150000,NLCPIT2QP*1*0,tarif_indisponible,foreign_currency_tariff;ocpi_tariff_type_unspecified_valid_for_all_sessions_not_payg_checkout_proof;ocpi_vat_unspecified_20pct_derivation_not_operator_verified,Eco-Movement ChargePoint PCPR CPO OCPI 2.2.1
GBCPIL6675035,PARTRIDGEBMW STATION 2,Chandler's Ford,GBCPIE6675035*2,GBCPIP6675035*2*373,150000,NLCPIT2QP*1*0,tarif_indisponible,foreign_currency_tariff;ocpi_tariff_type_unspecified_valid_for_all_sessions_not_payg_checkout_proof;ocpi_vat_unspecified_20pct_derivation_not_operator_verified,Eco-Movement ChargePoint PCPR CPO OCPI 2.2.1
GBCPIL7315505,WATERSIDE TREGOAD - STARG,Looe,GBCPIE7315505*1,GBCPIP7315505*1*231,22000,NLCPIT3CaL*6*0,verification_requise_ne_pas_promouvoir_comme_payg_valide,ocpi_tariff_type_unspecified_valid_for_all_sessions_not_payg_checkout_proof;ocpi_vat_unspecified_20pct_derivation_not_operator_verified,Eco-Movement ChargePoint PCPR CPO OCPI 2.2.1
GBCPIL7253405,BABCOCK STATION - 01,Risley,GBCPIE7253405*2,GBCPIP7253405*2*1259,22080,NLCPITMHh*I*0,verification_requise_ne_pas_promouvoir_comme_payg_valide,ocpi_tariff_type_unspecified_valid_for_all_sessions_not_payg_checkout_proof;ocpi_vat_unspecified_20pct_derivation_not_operator_verified,Eco-Movement ChargePoint PCPR CPO OCPI 2.2.1
GBCPIL7253405,BABCOCK STATION - 01,Risley,GBCPIE7244355*1,GBCPIP7244355*1*1259,22080,NLCPITMHh*I*0,verification_requise_ne_pas_promouvoir_comme_payg_valide,ocpi_tariff_type_unspecified_valid_for_all_sessions_not_payg_checkout_proof;ocpi_vat_unspecified_20pct_derivation_not_operator_verified,Eco-Movement ChargePoint PCPR CPO OCPI 2.2.1
GBCPIL7253405,BABCOCK STATION - 01,Risley,GBCPIE7244355*2,GBCPIP7244355*2*1259,22080,NLCPITMHh*I*0,verification_requise_ne_pas_promouvoir_comme_payg_valide,ocpi_tariff_type_unspecified_valid_for_all_sessions_not_payg_checkout_proof;ocpi_vat_unspecified_20pct_derivation_not_operator_verified,Eco-Movement ChargePoint PCPR CPO OCPI 2.2.1
GBCPIL7253405,BABCOCK STATION - 01,Risley,GBCPIE7253405*1,GBCPIP7253405*1*1259,22080,NLCPITMHh*I*0,verification_requise_ne_pas_promouvoir_comme_payg_valide,ocpi_tariff_type_unspecified_valid_for_all_sessions_not_payg_checkout_proof;ocpi_vat_unspecified_20pct_derivation_not_operator_verified,Eco-Movement ChargePoint PCPR CPO OCPI 2.2.1
GBCPIL7118895,HENLEY VILLAGE NEWTOWN HOUSE,Henley-on-Thames,GBCPIE7118895*1,GBCPIP7118895*1*1259,22080,NLCPIT37nP*G*0,verification_requise_ne_pas_promouvoir_comme_payg_valide,ocpi_tariff_type_unspecified_valid_for_all_sessions_not_payg_checkout_proof;ocpi_vat_unspecified_20pct_derivation_not_operator_verified,Eco-Movement ChargePoint PCPR CPO OCPI 2.2.1
GBCPIL7118895,HENLEY VILLAGE NEWTOWN HOUSE,Henley-on-Thames,GBCPIE7118895*2,GBCPIP7118895*2*1259,22080,NLCPIT37nP*G*0,verification_requise_ne_pas_promouvoir_comme_payg_valide,ocpi_tariff_type_unspecified_valid_for_all_sessions_not_payg_checkout_proof;ocpi_vat_unspecified_20pct_derivation_not_operator_verified,Eco-Movement ChargePoint PCPR CPO OCPI 2.2.1
GBCPIL6763145,NETV NETV-CARL-01,Carlisle,GBCPIE6763145*1,GBCPIP6763145*1*84,22000,NLCPIT2ACt*D*0,verification_requise_ne_pas_promouvoir_comme_payg_valide,ocpi_tariff_type_unspecified_valid_for_all_sessions_not_payg_checkout_proof;ocpi_vat_unspecified_20pct_derivation_not_operator_verified,Eco-Movement ChargePoint PCPR CPO OCPI 2.2.1
GBCPIL6763145,NETV NETV-CARL-01,Carlisle,GBCPIE6763145*2,GBCPIP6763145*2*84,22000,NLCPIT2ACt*D*0,verification_requise_ne_pas_promouvoir_comme_payg_valide,ocpi_tariff_type_unspecified_valid_for_all_sessions_not_payg_checkout_proof;ocpi_vat_unspecified_20pct_derivation_not_operator_verified,Eco-Movement ChargePoint PCPR CPO OCPI 2.2.1
GBCPIL7381995,APEX HOTELS CHARGER 04,Dunblane,GBCPIE7381945*1,GBCPIP7381945*1*1259,22080,NLCPIT39g1*1*0,verification_requise_ne_pas_promouvoir_comme_payg_valide,ocpi_tariff_type_unspecified_valid_for_all_sessions_not_payg_checkout_proof;ocpi_vat_unspecified_20pct_derivation_not_operator_verified,Eco-Movement ChargePoint PCPR CPO OCPI 2.2.1
GBCPIL7381995,APEX HOTELS CHARGER 04,Dunblane,GBCPIE7381945*2,GBCPIP7381945*2*1259,22080,NLCPIT39g1*1*0,verification_requise_ne_pas_promouvoir_comme_payg_valide,ocpi_tariff_type_unspecified_valid_for_all_sessions_not_payg_checkout_proof;ocpi_vat_unspecified_20pct_derivation_not_operator_verified,Eco-Movement ChargePoint PCPR CPO OCPI 2.2.1
GBCPIL7381995,APEX HOTELS CHARGER 04,Dunblane,GBCPIE7381965*1,GBCPIP7381965*1*1259,22080,NLCPIT39g1*1*0,verification_requise_ne_pas_promouvoir_comme_payg_valide,ocpi_tariff_type_unspecified_valid_for_all_sessions_not_payg_checkout_proof;ocpi_vat_unspecified_20pct_derivation_not_operator_verified,Eco-Movement ChargePoint PCPR CPO OCPI 2.2.1
GBCPIL7381995,APEX HOTELS CHARGER 04,Dunblane,GBCPIE7381965*2,GBCPIP7381965*2*1259,22080,NLCPIT39g1*1*0,verification_requise_ne_pas_promouvoir_comme_payg_valide,ocpi_tariff_type_unspecified_valid_for_all_sessions_not_payg_checkout_proof;ocpi_vat_unspecified_20pct_derivation_not_operator_verified,Eco-Movement ChargePoint PCPR CPO OCPI 2.2.1
GBCPIL7381995,APEX HOTELS CHARGER 04,Dunblane,GBCPIE7381985*1,GBCPIP7381985*1*1259,22080,NLCPIT39g1*1*0,verification_requise_ne_pas_promouvoir_comme_payg_valide,ocpi_tariff_type_unspecified_valid_for_all_sessions_not_payg_checkout_proof;ocpi_vat_unspecified_20pct_derivation_not_operator_verified,Eco-Movement ChargePoint PCPR CPO OCPI 2.2.1
GBCPIL7381995,APEX HOTELS CHARGER 04,Dunblane,GBCPIE7381985*2,GBCPIP7381985*2*1259,22080,NLCPIT39g1*1*0,verification_requise_ne_pas_promouvoir_comme_payg_valide,ocpi_tariff_type_unspecified_valid_for_all_sessions_not_payg_checkout_proof;ocpi_vat_unspecified_20pct_derivation_not_operator_verified,Eco-Movement ChargePoint PCPR CPO OCPI 2.2.1
GBCPIL7381995,APEX HOTELS CHARGER 04,Dunblane,GBCPIE7381995*1,GBCPIP7381995*1*1259,22080,NLCPIT39g1*1*0,verification_requise_ne_pas_promouvoir_comme_payg_valide,ocpi_tariff_type_unspecified_valid_for_all_sessions_not_payg_checkout_proof;ocpi_vat_unspecified_20pct_derivation_not_operator_verified,Eco-Movement ChargePoint PCPR CPO OCPI 2.2.1
GBCPIL7381995,APEX HOTELS CHARGER 04,Dunblane,GBCPIE7381995*2,GBCPIP7381995*2*1259,22080,NLCPIT39g1*1*0,verification_requise_ne_pas_promouvoir_comme_payg_valide,ocpi_tariff_type_unspecified_valid_for_all_sessions_not_payg_checkout_proof;ocpi_vat_unspecified_20pct_derivation_not_operator_verified,Eco-Movement ChargePoint PCPR CPO OCPI 2.2.1
GBCPIL7273275,EVIELIFE LOFTSOME BRIDGE,Selby,GBCPIE7273275*1,GBCPIP7273275*1*1259,22080,NLCPIT2tjJ*K*0,verification_requise_ne_pas_promouvoir_comme_payg_valide,ocpi_tariff_type_unspecified_valid_for_all_sessions_not_payg_checkout_proof;ocpi_vat_unspecified_20pct_derivation_not_operator_verified,Eco-Movement ChargePoint PCPR CPO OCPI 2.2.1
GBCPIL7273275,EVIELIFE LOFTSOME BRIDGE,Selby,GBCPIE7273275*2,GBCPIP7273275*2*1259,22080,NLCPIT2tjJ*K*0,verification_requise_ne_pas_promouvoir_comme_payg_valide,ocpi_tariff_type_unspecified_valid_for_all_sessions_not_payg_checkout_proof;ocpi_vat_unspecified_20pct_derivation_not_operator_verified,Eco-Movement ChargePoint PCPR CPO OCPI 2.2.1
GBCPIL7394035,EVIELIFE BARN HOTEL 2,Marston,GBCPIE7394035*1,GBCPIP7394035*1*1259,22080,NLCPIT3ESn*1*0,verification_requise_ne_pas_promouvoir_comme_payg_valide,ocpi_tariff_type_unspecified_valid_for_all_sessions_not_payg_checkout_proof;ocpi_vat_unspecified_20pct_derivation_not_operator_verified,Eco-Movement ChargePoint PCPR CPO OCPI 2.2.1
GBCPIL7394035,EVIELIFE BARN HOTEL 2,Marston,GBCPIE7394035*2,GBCPIP7394035*2*1259,22080,NLCPIT3ESn*1*0,verification_requise_ne_pas_promouvoir_comme_payg_valide,ocpi_tariff_type_unspecified_valid_for_all_sessions_not_payg_checkout_proof;ocpi_vat_unspecified_20pct_derivation_not_operator_verified,Eco-Movement ChargePoint PCPR CPO OCPI 2.2.1
GBCPIL7394035,EVIELIFE BARN HOTEL 2,Marston,GBCPIE7394025*1,GBCPIP7394025*1*1259,22080,NLCPIT3ESn*1*0,verification_requise_ne_pas_promouvoir_comme_payg_valide,ocpi_tariff_type_unspecified_valid_for_all_sessions_not_payg_checkout_proof;ocpi_vat_unspecified_20pct_derivation_not_operator_verified,Eco-Movement ChargePoint PCPR CPO OCPI 2.2.1
GBCPIL7394035,EVIELIFE BARN HOTEL 2,Marston,GBCPIE7394025*2,GBCPIP7394025*2*1259,22080,NLCPIT3ESn*1*0,verification_requise_ne_pas_promouvoir_comme_payg_valide,ocpi_tariff_type_unspecified_valid_for_all_sessions_not_payg_checkout_proof;ocpi_vat_unspecified_20pct_derivation_not_operator_verified,Eco-Movement ChargePoint PCPR CPO OCPI 2.2.1
GBCPIL7268305,BRISTOL AIRPORT LULSGATE HSE 01,Bristol,GBCPIE7268285*1,GBCPIP7268285*1*1258,22080,NLCPIT3Atf*8*0,verification_requise_ne_pas_promouvoir_comme_payg_valide,ocpi_tariff_type_unspecified_valid_for_all_sessions_not_payg_checkout_proof;ocpi_vat_unspecified_20pct_derivation_not_operator_verified,Eco-Movement ChargePoint PCPR CPO OCPI 2.2.1
GBCPIL7268305,BRISTOL AIRPORT LULSGATE HSE 01,Bristol,GBCPIE7268285*2,GBCPIP7268285*2*1258,22080,NLCPIT3Atf*8*0,verification_requise_ne_pas_promouvoir_comme_payg_valide,ocpi_tariff_type_unspecified_valid_for_all_sessions_not_payg_checkout_proof;ocpi_vat_unspecified_20pct_derivation_not_operator_verified,Eco-Movement ChargePoint PCPR CPO OCPI 2.2.1
GBCPIL7268305,BRISTOL AIRPORT LULSGATE HSE 01,Bristol,GBCPIE7268305*1,GBCPIP7268305*1*1258,22080,NLCPIT3Atf*8*0,verification_requise_ne_pas_promouvoir_comme_payg_valide,ocpi_tariff_type_unspecified_valid_for_all_sessions_not_payg_checkout_proof;ocpi_vat_unspecified_20pct_derivation_not_operator_verified,Eco-Movement ChargePoint PCPR CPO OCPI 2.2.1
GBCPIL7268305,BRISTOL AIRPORT LULSGATE HSE 01,Bristol,GBCPIE7268305*2,GBCPIP7268305*2*1258,22080,NLCPIT3Atf*8*0,verification_requise_ne_pas_promouvoir_comme_payg_valide,ocpi_tariff_type_unspecified_valid_for_all_sessions_not_payg_checkout_proof;ocpi_vat_unspecified_20pct_derivation_not_operator_verified,Eco-Movement ChargePoint PCPR CPO OCPI 2.2.1
GBCPIL6528185,THE AA DARTFORD 1,Dartford,GBCPIE6528185*1,GBCPIP6528185*1*82,22000,NLCPIT2QP*1*0,tarif_indisponible,foreign_currency_tariff;ocpi_tariff_type_unspecified_valid_for_all_sessions_not_payg_checkout_proof;ocpi_vat_unspecified_20pct_derivation_not_operator_verified,Eco-Movement ChargePoint PCPR CPO OCPI 2.2.1
GBCPIL6528185,THE AA DARTFORD 1,Dartford,GBCPIE6528185*2,GBCPIP6528185*2*82,22000,NLCPIT2QP*1*0,tarif_indisponible,foreign_currency_tariff;ocpi_tariff_type_unspecified_valid_for_all_sessions_not_payg_checkout_proof;ocpi_vat_unspecified_20pct_derivation_not_operator_verified,Eco-Movement ChargePoint PCPR CPO OCPI 2.2.1
GBCPIL6528035,PEAK ACTIVITY 1,Audley,GBCPIE6528035*1,GBCPIP6528035*1*82,22000,NLCPIT1ADV*K*0,verification_requise_ne_pas_promouvoir_comme_payg_valide,ocpi_tariff_type_unspecified_valid_for_all_sessions_not_payg_checkout_proof;ocpi_vat_unspecified_20pct_derivation_not_operator_verified,Eco-Movement ChargePoint PCPR CPO OCPI 2.2.1
GBCPIL6528035,PEAK ACTIVITY 1,Audley,GBCPIE6528035*2,GBCPIP6528035*2*82,22000,NLCPIT1ADV*K*0,verification_requise_ne_pas_promouvoir_comme_payg_valide,ocpi_tariff_type_unspecified_valid_for_all_sessions_not_payg_checkout_proof;ocpi_vat_unspecified_20pct_derivation_not_operator_verified,Eco-Movement ChargePoint PCPR CPO OCPI 2.2.1
GBCPIL6928905,ETB DEPOT 54 - 01,Westbury,GBCPIE6928905*1,GBCPIP6928905*1*1258,22080,NLCPIT24Ur*8*0,verification_requise_ne_pas_promouvoir_comme_payg_valide,ocpi_tariff_type_unspecified_valid_for_all_sessions_not_payg_checkout_proof;ocpi_vat_unspecified_20pct_derivation_not_operator_verified,Eco-Movement ChargePoint PCPR CPO OCPI 2.2.1
GBCPIL6928905,ETB DEPOT 54 - 01,Westbury,GBCPIE6928905*2,GBCPIP6928905*2*1258,22080,NLCPIT24Ur*8*0,verification_requise_ne_pas_promouvoir_comme_payg_valide,ocpi_tariff_type_unspecified_valid_for_all_sessions_not_payg_checkout_proof;ocpi_vat_unspecified_20pct_derivation_not_operator_verified,Eco-Movement ChargePoint PCPR CPO OCPI 2.2.1
GBCPIL7134455,INTERESTING H. IXORA 04,Dolgarrog,GBCPIE7134365*1,GBCPIP7134365*1*1258,22080,NLCPIT24Yt*7*0,verification_requise_ne_pas_promouvoir_comme_payg_valide,ocpi_tariff_type_unspecified_valid_for_all_sessions_not_payg_checkout_proof;ocpi_vat_unspecified_20pct_derivation_not_operator_verified,Eco-Movement ChargePoint PCPR CPO OCPI 2.2.1
GBCPIL7134455,INTERESTING H. IXORA 04,Dolgarrog,GBCPIE7134365*2,GBCPIP7134365*2*1258,22080,NLCPIT24Yt*7*0,verification_requise_ne_pas_promouvoir_comme_payg_valide,ocpi_tariff_type_unspecified_valid_for_all_sessions_not_payg_checkout_proof;ocpi_vat_unspecified_20pct_derivation_not_operator_verified,Eco-Movement ChargePoint PCPR CPO OCPI 2.2.1
GBCPIL7134455,INTERESTING H. IXORA 04,Dolgarrog,GBCPIE7134375*1,GBCPIP7134375*1*1258,22080,NLCPIT24Yt*7*0,verification_requise_ne_pas_promouvoir_comme_payg_valide,ocpi_tariff_type_unspecified_valid_for_all_sessions_not_payg_checkout_proof;ocpi_vat_unspecified_20pct_derivation_not_operator_verified,Eco-Movement ChargePoint PCPR CPO OCPI 2.2.1
GBCPIL7134455,INTERESTING H. IXORA 04,Dolgarrog,GBCPIE7134375*2,GBCPIP7134375*2*1258,22080,NLCPIT24Yt*7*0,verification_requise_ne_pas_promouvoir_comme_payg_valide,ocpi_tariff_type_unspecified_valid_for_all_sessions_not_payg_checkout_proof;ocpi_vat_unspecified_20pct_derivation_not_operator_verified,Eco-Movement ChargePoint PCPR CPO OCPI 2.2.1
GBCPIL7134455,INTERESTING H. IXORA 04,Dolgarrog,GBCPIE7134455*1,GBCPIP7134455*1*1258,22080,NLCPIT24Yt*7*0,verification_requise_ne_pas_promouvoir_comme_payg_valide,ocpi_tariff_type_unspecified_valid_for_all_sessions_not_payg_checkout_proof;ocpi_vat_unspecified_20pct_derivation_not_operator_verified,Eco-Movement ChargePoint PCPR CPO OCPI 2.2.1
GBCPIL7134455,INTERESTING H. IXORA 04,Dolgarrog,GBCPIE7134455*2,GBCPIP7134455*2*1258,22080,NLCPIT24Yt*7*0,verification_requise_ne_pas_promouvoir_comme_payg_valide,ocpi_tariff_type_unspecified_valid_for_all_sessions_not_payg_checkout_proof;ocpi_vat_unspecified_20pct_derivation_not_operator_verified,Eco-Movement ChargePoint PCPR CPO OCPI 2.2.1
GBCPIL7379125,BRISTOL AIRPORT MSCP 2 1,Bristol,GBCPIE7379125*1,GBCPIP7379125*1*1258,22080,NLCPIT3DP9*4*0,verification_requise_ne_pas_promouvoir_comme_payg_valide,ocpi_tariff_type_unspecified_valid_for_all_sessions_not_payg_checkout_proof;ocpi_vat_unspecified_20pct_derivation_not_operator_verified,Eco-Movement ChargePoint PCPR CPO OCPI 2.2.1
GBCPIL7379125,BRISTOL AIRPORT MSCP 2 1,Bristol,GBCPIE7379125*2,GBCPIP7379125*2*1258,22080,NLCPIT3DP9*4*0,verification_requise_ne_pas_promouvoir_comme_payg_valide,ocpi_tariff_type_unspecified_valid_for_all_sessions_not_payg_checkout_proof;ocpi_vat_unspecified_20pct_derivation_not_operator_verified,Eco-Movement ChargePoint PCPR CPO OCPI 2.2.1
GBCPIL6726775,OAS STATION 5,Bracknell,GBCPIE6726725*2,GBCPIP6726725*2*1258,22000,NLCPIT25SN*3*0,verification_requise_ne_pas_promouvoir_comme_payg_valide,ocpi_tariff_type_unspecified_valid_for_all_sessions_not_payg_checkout_proof;ocpi_vat_unspecified_20pct_derivation_not_operator_verified,Eco-Movement ChargePoint PCPR CPO OCPI 2.2.1
GBCPIL6726775,OAS STATION 5,Bracknell,GBCPIE6726765*1,GBCPIP6726765*1*1258,22000,NLCPIT25SN*3*0,verification_requise_ne_pas_promouvoir_comme_payg_valide,ocpi_tariff_type_unspecified_valid_for_all_sessions_not_payg_checkout_proof;ocpi_vat_unspecified_20pct_derivation_not_operator_verified,Eco-Movement ChargePoint PCPR CPO OCPI 2.2.1
GBCPIL6726775,OAS STATION 5,Bracknell,GBCPIE6726765*2,GBCPIP6726765*2*1258,22000,NLCPIT25SN*3*0,verification_requise_ne_pas_promouvoir_comme_payg_valide,ocpi_tariff_type_unspecified_valid_for_all_sessions_not_payg_checkout_proof;ocpi_vat_unspecified_20pct_derivation_not_operator_verified,Eco-Movement ChargePoint PCPR CPO OCPI 2.2.1
GBCPIL6726775,OAS STATION 5,Bracknell,GBCPIE6726775*1,GBCPIP6726775*1*1258,22000,NLCPIT25SN*3*0,verification_requise_ne_pas_promouvoir_comme_payg_valide,ocpi_tariff_type_unspecified_valid_for_all_sessions_not_payg_checkout_proof;ocpi_vat_unspecified_20pct_derivation_not_operator_verified,Eco-Movement ChargePoint PCPR CPO OCPI 2.2.1
GBCPIL6726775,OAS STATION 5,Bracknell,GBCPIE6726745*1,GBCPIP6726745*1*1258,22000,NLCPIT25SN*3*0,verification_requise_ne_pas_promouvoir_comme_payg_valide,ocpi_tariff_type_unspecified_valid_for_all_sessions_not_payg_checkout_proof;ocpi_vat_unspecified_20pct_derivation_not_operator_verified,Eco-Movement ChargePoint PCPR CPO OCPI 2.2.1
GBCPIL6726775,OAS STATION 5,Bracknell,GBCPIE6726745*2,GBCPIP6726745*2*1258,22000,NLCPIT25SN*3*0,verification_requise_ne_pas_promouvoir_comme_payg_valide,ocpi_tariff_type_unspecified_valid_for_all_sessions_not_payg_checkout_proof;ocpi_vat_unspecified_20pct_derivation_not_operator_verified,Eco-Movement ChargePoint PCPR CPO OCPI 2.2.1
GBCPIL6726775,OAS STATION 5,Bracknell,GBCPIE6726755*1,GBCPIP6726755*1*1258,22000,NLCPIT25SN*3*0,verification_requise_ne_pas_promouvoir_comme_payg_valide,ocpi_tariff_type_unspecified_valid_for_all_sessions_not_payg_checkout_proof;ocpi_vat_unspecified_20pct_derivation_not_operator_verified,Eco-Movement ChargePoint PCPR CPO OCPI 2.2.1
GBCPIL6726775,OAS STATION 5,Bracknell,GBCPIE6726755*2,GBCPIP6726755*2*1258,22000,NLCPIT25SN*3*0,verification_requise_ne_pas_promouvoir_comme_payg_valide,ocpi_tariff_type_unspecified_valid_for_all_sessions_not_payg_checkout_proof;ocpi_vat_unspecified_20pct_derivation_not_operator_verified,Eco-Movement ChargePoint PCPR CPO OCPI 2.2.1
GBCPIL6726775,OAS STATION 5,Bracknell,GBCPIE6726775*2,GBCPIP6726775*2*1258,22000,NLCPIT25SN*3*0,verification_requise_ne_pas_promouvoir_comme_payg_valide,ocpi_tariff_type_unspecified_valid_for_all_sessions_not_payg_checkout_proof;ocpi_vat_unspecified_20pct_derivation_not_operator_verified,Eco-Movement ChargePoint PCPR CPO OCPI 2.2.1
GBCPIL6726775,OAS STATION 5,Bracknell,GBCPIE6726725*1,GBCPIP6726725*1*1258,22000,NLCPIT25SN*3*0,verification_requise_ne_pas_promouvoir_comme_payg_valide,ocpi_tariff_type_unspecified_valid_for_all_sessions_not_payg_checkout_proof;ocpi_vat_unspecified_20pct_derivation_not_operator_verified,Eco-Movement ChargePoint PCPR CPO OCPI 2.2.1
GBCPIL7324735,EVIELIFE POWDERMILLS 1,Battle,GBCPIE7324735*1,GBCPIP7324735*1*1259,22080,NLCPIT3ESn*1*0,verification_requise_ne_pas_promouvoir_comme_payg_valide,ocpi_tariff_type_unspecified_valid_for_all_sessions_not_payg_checkout_proof;ocpi_vat_unspecified_20pct_derivation_not_operator_verified,Eco-Movement ChargePoint PCPR CPO OCPI 2.2.1
GBCPIL7324735,EVIELIFE POWDERMILLS 1,Battle,GBCPIE7324735*2,GBCPIP7324735*2*1259,22080,NLCPIT3ESn*1*0,verification_requise_ne_pas_promouvoir_comme_payg_valide,ocpi_tariff_type_unspecified_valid_for_all_sessions_not_payg_checkout_proof;ocpi_vat_unspecified_20pct_derivation_not_operator_verified,Eco-Movement ChargePoint PCPR CPO OCPI 2.2.1
GBCPIL7389905,PHQ CAR PARK CHARGER 3,Portsmouth,GBCPIE7389885*1,GBCPIP7389885*1*1259,22080,NLCPIT3Dh3*4*0,verification_requise_ne_pas_promouvoir_comme_payg_valide,ocpi_tariff_type_unspecified_valid_for_all_sessions_not_payg_checkout_proof;ocpi_vat_unspecified_20pct_derivation_not_operator_verified,Eco-Movement ChargePoint PCPR CPO OCPI 2.2.1
GBCPIL7389905,PHQ CAR PARK CHARGER 3,Portsmouth,GBCPIE7389885*2,GBCPIP7389885*2*1259,22080,NLCPIT3Dh3*4*0,verification_requise_ne_pas_promouvoir_comme_payg_valide,ocpi_tariff_type_unspecified_valid_for_all_sessions_not_payg_checkout_proof;ocpi_vat_unspecified_20pct_derivation_not_operator_verified,Eco-Movement ChargePoint PCPR CPO OCPI 2.2.1
GBCPIL7389905,PHQ CAR PARK CHARGER 3,Portsmouth,GBCPIE7389905*1,GBCPIP7389905*1*1258,22080,NLCPIT3Dh3*4*0,verification_requise_ne_pas_promouvoir_comme_payg_valide,ocpi_tariff_type_unspecified_valid_for_all_sessions_not_payg_checkout_proof;ocpi_vat_unspecified_20pct_derivation_not_operator_verified,Eco-Movement ChargePoint PCPR CPO OCPI 2.2.1
GBCPIL7389905,PHQ CAR PARK CHARGER 3,Portsmouth,GBCPIE7389905*2,GBCPIP7389905*2*1258,22080,NLCPIT3Dh3*4*0,verification_requise_ne_pas_promouvoir_comme_payg_valide,ocpi_tariff_type_unspecified_valid_for_all_sessions_not_payg_checkout_proof;ocpi_vat_unspecified_20pct_derivation_not_operator_verified,Eco-Movement ChargePoint PCPR CPO OCPI 2.2.1
GBCPIL6607725,ROMFORD WATERLOO ROAD 2,Romford,GBCPIE6607725*1,GBCPIP6607725*1*231,22000,NLCPIT2QP*1*0,tarif_indisponible,foreign_currency_tariff;ocpi_tariff_type_unspecified_valid_for_all_sessions_not_payg_checkout_proof;ocpi_vat_unspecified_20pct_derivation_not_operator_verified,Eco-Movement ChargePoint PCPR CPO OCPI 2.2.1
GBCPIL6607725,ROMFORD WATERLOO ROAD 2,Romford,GBCPIE6607725*2,GBCPIP6607725*2*231,22000,NLCPIT2QP*1*0,tarif_indisponible,foreign_currency_tariff;ocpi_tariff_type_unspecified_valid_for_all_sessions_not_payg_checkout_proof;ocpi_vat_unspecified_20pct_derivation_not_operator_verified,Eco-Movement ChargePoint PCPR CPO OCPI 2.2.1
GBCPIL7356245,FP MCCANN LTD L BUZZ 02,Leighton Buzzard,GBCPIE7356245*1,GBCPIP7356245*1*84,22000,NLCPIT3Csj*1*0,verification_requise_ne_pas_promouvoir_comme_payg_valide,ocpi_tariff_type_unspecified_valid_for_all_sessions_not_payg_checkout_proof;ocpi_vat_unspecified_20pct_derivation_not_operator_verified,Eco-Movement ChargePoint PCPR CPO OCPI 2.2.1
GBCPIL7356245,FP MCCANN LTD L BUZZ 02,Leighton Buzzard,GBCPIE7356245*2,GBCPIP7356245*2*84,22000,NLCPIT3Csj*1*0,verification_requise_ne_pas_promouvoir_comme_payg_valide,ocpi_tariff_type_unspecified_valid_for_all_sessions_not_payg_checkout_proof;ocpi_vat_unspecified_20pct_derivation_not_operator_verified,Eco-Movement ChargePoint PCPR CPO OCPI 2.2.1
GBCPIL6575695,ATRIUMEV ATRIUM EV 2,Camberley,GBCPIE6575685*2,GBCPIP6575685*2*82,22000,NLCPIT1crd*6*0,verification_requise_ne_pas_promouvoir_comme_payg_valide,ocpi_tariff_type_unspecified_valid_for_all_sessions_not_payg_checkout_proof;ocpi_vat_unspecified_20pct_derivation_not_operator_verified,Eco-Movement ChargePoint PCPR CPO OCPI 2.2.1
GBCPIL6575695,ATRIUMEV ATRIUM EV 2,Camberley,GBCPIE6575695*1,GBCPIP6575695*1*82,22000,NLCPIT1crd*6*0,verification_requise_ne_pas_promouvoir_comme_payg_valide,ocpi_tariff_type_unspecified_valid_for_all_sessions_not_payg_checkout_proof;ocpi_vat_unspecified_20pct_derivation_not_operator_verified,Eco-Movement ChargePoint PCPR CPO OCPI 2.2.1
GBCPIL6575695,ATRIUMEV ATRIUM EV 2,Camberley,GBCPIE6575695*2,GBCPIP6575695*2*82,22000,NLCPIT1crd*6*0,verification_requise_ne_pas_promouvoir_comme_payg_valide,ocpi_tariff_type_unspecified_valid_for_all_sessions_not_payg_checkout_proof;ocpi_vat_unspecified_20pct_derivation_not_operator_verified,Eco-Movement ChargePoint PCPR CPO OCPI 2.2.1
GBCPIL6575695,ATRIUMEV ATRIUM EV 2,Camberley,GBCPIE6575675*1,GBCPIP6575675*1*82,22000,NLCPIT1crd*6*0,verification_requise_ne_pas_promouvoir_comme_payg_valide,ocpi_tariff_type_unspecified_valid_for_all_sessions_not_payg_checkout_proof;ocpi_vat_unspecified_20pct_derivation_not_operator_verified,Eco-Movement ChargePoint PCPR CPO OCPI 2.2.1
GBCPIL6575695,ATRIUMEV ATRIUM EV 2,Camberley,GBCPIE6575675*2,GBCPIP6575675*2*82,22000,NLCPIT1crd*6*0,verification_requise_ne_pas_promouvoir_comme_payg_valide,ocpi_tariff_type_unspecified_valid_for_all_sessions_not_payg_checkout_proof;ocpi_vat_unspecified_20pct_derivation_not_operator_verified,Eco-Movement ChargePoint PCPR CPO OCPI 2.2.1
GBCPIL6575695,ATRIUMEV ATRIUM EV 2,Camberley,GBCPIE6575685*1,GBCPIP6575685*1*82,22000,NLCPIT1crd*6*0,verification_requise_ne_pas_promouvoir_comme_payg_valide,ocpi_tariff_type_unspecified_valid_for_all_sessions_not_payg_checkout_proof;ocpi_vat_unspecified_20pct_derivation_not_operator_verified,Eco-Movement ChargePoint PCPR CPO OCPI 2.2.1
GBCPIL7007945,EVIELIFE HOTEL MIRAMAR,Bournemouth,GBCPIE7007945*1,GBCPIP7007945*1*100270,22080,NLCPIT38wr*4*0,verification_requise_ne_pas_promouvoir_comme_payg_valide,ocpi_tariff_type_unspecified_valid_for_all_sessions_not_payg_checkout_proof;ocpi_vat_unspecified_20pct_derivation_not_operator_verified,Eco-Movement ChargePoint PCPR CPO OCPI 2.2.1
GBCPIL7007945,EVIELIFE HOTEL MIRAMAR,Bournemouth,GBCPIE7007945*2,GBCPIP7007945*2*100270,22080,NLCPIT38wr*4*0,verification_requise_ne_pas_promouvoir_comme_payg_valide,ocpi_tariff_type_unspecified_valid_for_all_sessions_not_payg_checkout_proof;ocpi_vat_unspecified_20pct_derivation_not_operator_verified,Eco-Movement ChargePoint PCPR CPO OCPI 2.2.1
GBCPIL6612885,LSH AUTO WF - ROOF - 2,Bury,GBCPIE6612885*1,GBCPIP6612885*1*82,22000,NLCPIT2A7P*9*0,verification_requise_ne_pas_promouvoir_comme_payg_valide,ocpi_tariff_type_unspecified_valid_for_all_sessions_not_payg_checkout_proof;ocpi_vat_unspecified_20pct_derivation_not_operator_verified,Eco-Movement ChargePoint PCPR CPO OCPI 2.2.1
GBCPIL6612885,LSH AUTO WF - ROOF - 2,Bury,GBCPIE6612885*2,GBCPIP6612885*2*82,22000,NLCPIT2A7P*9*0,verification_requise_ne_pas_promouvoir_comme_payg_valide,ocpi_tariff_type_unspecified_valid_for_all_sessions_not_payg_checkout_proof;ocpi_vat_unspecified_20pct_derivation_not_operator_verified,Eco-Movement ChargePoint PCPR CPO OCPI 2.2.1
GBCPIL6612885,LSH AUTO WF - ROOF - 2,Bury,GBCPIE6612875*1,GBCPIP6612875*1*82,22000,NLCPIT2A7P*9*0,verification_requise_ne_pas_promouvoir_comme_payg_valide,ocpi_tariff_type_unspecified_valid_for_all_sessions_not_payg_checkout_proof;ocpi_vat_unspecified_20pct_derivation_not_operator_verified,Eco-Movement ChargePoint PCPR CPO OCPI 2.2.1
GBCPIL6612885,LSH AUTO WF - ROOF - 2,Bury,GBCPIE6612875*2,GBCPIP6612875*2*82,22000,NLCPIT2A7P*9*0,verification_requise_ne_pas_promouvoir_comme_payg_valide,ocpi_tariff_type_unspecified_valid_for_all_sessions_not_payg_checkout_proof;ocpi_vat_unspecified_20pct_derivation_not_operator_verified,Eco-Movement ChargePoint PCPR CPO OCPI 2.2.1
GBCPIL7324635,EVIELIFE POWDERMILLS 2,Battle,GBCPIE7324635*1,GBCPIP7324635*1*1259,22080,NLCPIT3ESn*1*0,verification_requise_ne_pas_promouvoir_comme_payg_valide,ocpi_tariff_type_unspecified_valid_for_all_sessions_not_payg_checkout_proof;ocpi_vat_unspecified_20pct_derivation_not_operator_verified,Eco-Movement ChargePoint PCPR CPO OCPI 2.2.1
GBCPIL7324635,EVIELIFE POWDERMILLS 2,Battle,GBCPIE7324635*2,GBCPIP7324635*2*1259,22080,NLCPIT3ESn*1*0,verification_requise_ne_pas_promouvoir_comme_payg_valide,ocpi_tariff_type_unspecified_valid_for_all_sessions_not_payg_checkout_proof;ocpi_vat_unspecified_20pct_derivation_not_operator_verified,Eco-Movement ChargePoint PCPR CPO OCPI 2.2.1
GBCPIL7002415,EVIELIFE DEEPINGS PARK 1,Peterborough,GBCPIE7002415*1,GBCPIP7002415*1*1259,22080,NLCPIT2tjJ*K*0,verification_requise_ne_pas_promouvoir_comme_payg_valide,ocpi_tariff_type_unspecified_valid_for_all_sessions_not_payg_checkout_proof;ocpi_vat_unspecified_20pct_derivation_not_operator_verified,Eco-Movement ChargePoint PCPR CPO OCPI 2.2.1
GBCPIL7002415,EVIELIFE DEEPINGS PARK 1,Peterborough,GBCPIE7002415*2,GBCPIP7002415*2*1259,22080,NLCPIT2tjJ*K*0,verification_requise_ne_pas_promouvoir_comme_payg_valide,ocpi_tariff_type_unspecified_valid_for_all_sessions_not_payg_checkout_proof;ocpi_vat_unspecified_20pct_derivation_not_operator_verified,Eco-Movement ChargePoint PCPR CPO OCPI 2.2.1
GBCPIL6908875,RABY CASTLE RABY CASTLE 6,Staindrop,GBCPIE6908865*2,GBCPIP6908865*2*1258,22080,NLCPIT2k1h*2*0,verification_requise_ne_pas_promouvoir_comme_payg_valide,ocpi_tariff_type_unspecified_valid_for_all_sessions_not_payg_checkout_proof;ocpi_vat_unspecified_20pct_derivation_not_operator_verified,Eco-Movement ChargePoint PCPR CPO OCPI 2.2.1
GBCPIL6908875,RABY CASTLE RABY CASTLE 6,Staindrop,GBCPIE6908875*1,GBCPIP6908875*1*1258,22080,NLCPIT2k1h*2*0,verification_requise_ne_pas_promouvoir_comme_payg_valide,ocpi_tariff_type_unspecified_valid_for_all_sessions_not_payg_checkout_proof;ocpi_vat_unspecified_20pct_derivation_not_operator_verified,Eco-Movement ChargePoint PCPR CPO OCPI 2.2.1
GBCPIL6908875,RABY CASTLE RABY CASTLE 6,Staindrop,GBCPIE6908765*1,GBCPIP6908765*1*1258,22080,NLCPIT2k1h*2*0,verification_requise_ne_pas_promouvoir_comme_payg_valide,ocpi_tariff_type_unspecified_valid_for_all_sessions_not_payg_checkout_proof;ocpi_vat_unspecified_20pct_derivation_not_operator_verified,Eco-Movement ChargePoint PCPR CPO OCPI 2.2.1
GBCPIL6908875,RABY CASTLE RABY CASTLE 6,Staindrop,GBCPIE6908805*2,GBCPIP6908805*2*1258,22080,NLCPIT2k1h*2*0,verification_requise_ne_pas_promouvoir_comme_payg_valide,ocpi_tariff_type_unspecified_valid_for_all_sessions_not_payg_checkout_proof;ocpi_vat_unspecified_20pct_derivation_not_operator_verified,Eco-Movement ChargePoint PCPR CPO OCPI 2.2.1
GBCPIL6908875,RABY CASTLE RABY CASTLE 6,Staindrop,GBCPIE6908815*1,GBCPIP6908815*1*1258,22080,NLCPIT2k1h*2*0,verification_requise_ne_pas_promouvoir_comme_payg_valide,ocpi_tariff_type_unspecified_valid_for_all_sessions_not_payg_checkout_proof;ocpi_vat_unspecified_20pct_derivation_not_operator_verified,Eco-Movement ChargePoint PCPR CPO OCPI 2.2.1
GBCPIL6908875,RABY CASTLE RABY CASTLE 6,Staindrop,GBCPIE6908815*2,GBCPIP6908815*2*1258,22080,NLCPIT2k1h*2*0,verification_requise_ne_pas_promouvoir_comme_payg_valide,ocpi_tariff_type_unspecified_valid_for_all_sessions_not_payg_checkout_proof;ocpi_vat_unspecified_20pct_derivation_not_operator_verified,Eco-Movement ChargePoint PCPR CPO OCPI 2.2.1
GBCPIL6908875,RABY CASTLE RABY CASTLE 6,Staindrop,GBCPIE6908825*1,GBCPIP6908825*1*1258,22080,NLCPIT2k1h*2*0,verification_requise_ne_pas_promouvoir_comme_payg_valide,ocpi_tariff_type_unspecified_valid_for_all_sessions_not_payg_checkout_proof;ocpi_vat_unspecified_20pct_derivation_not_operator_verified,Eco-Movement ChargePoint PCPR CPO OCPI 2.2.1
GBCPIL6908875,RABY CASTLE RABY CASTLE 6,Staindrop,GBCPIE6908865*1,GBCPIP6908865*1*1258,22080,NLCPIT2k1h*2*0,verification_requise_ne_pas_promouvoir_comme_payg_valide,ocpi_tariff_type_unspecified_valid_for_all_sessions_not_payg_checkout_proof;ocpi_vat_unspecified_20pct_derivation_not_operator_verified,Eco-Movement ChargePoint PCPR CPO OCPI 2.2.1
GBCPIL6908875,RABY CASTLE RABY CASTLE 6,Staindrop,GBCPIE6908875*2,GBCPIP6908875*2*1258,22080,NLCPIT2k1h*2*0,verification_requise_ne_pas_promouvoir_comme_payg_valide,ocpi_tariff_type_unspecified_valid_for_all_sessions_not_payg_checkout_proof;ocpi_vat_unspecified_20pct_derivation_not_operator_verified,Eco-Movement ChargePoint PCPR CPO OCPI 2.2.1
GBCPIL6908875,RABY CASTLE RABY CASTLE 6,Staindrop,GBCPIE6908765*2,GBCPIP6908765*2*1258,22080,NLCPIT2k1h*2*0,verification_requise_ne_pas_promouvoir_comme_payg_valide,ocpi_tariff_type_unspecified_valid_for_all_sessions_not_payg_checkout_proof;ocpi_vat_unspecified_20pct_derivation_not_operator_verified,Eco-Movement ChargePoint PCPR CPO OCPI 2.2.1
GBCPIL6908875,RABY CASTLE RABY CASTLE 6,Staindrop,GBCPIE6908805*1,GBCPIP6908805*1*1258,22080,NLCPIT2k1h*2*0,verification_requise_ne_pas_promouvoir_comme_payg_valide,ocpi_tariff_type_unspecified_valid_for_all_sessions_not_payg_checkout_proof;ocpi_vat_unspecified_20pct_derivation_not_operator_verified,Eco-Movement ChargePoint PCPR CPO OCPI 2.2.1
GBCPIL6908875,RABY CASTLE RABY CASTLE 6,Staindrop,GBCPIE6908825*2,GBCPIP6908825*2*1258,22080,NLCPIT2k1h*2*0,verification_requise_ne_pas_promouvoir_comme_payg_valide,ocpi_tariff_type_unspecified_valid_for_all_sessions_not_payg_checkout_proof;ocpi_vat_unspecified_20pct_derivation_not_operator_verified,Eco-Movement ChargePoint PCPR CPO OCPI 2.2.1
GBCPIL7410595,EVIELIFE THE LION,Tredington,GBCPIE7410595*1,GBCPIP7410595*1*1259,22080,NLCPIT2tjJ*K*0,verification_requise_ne_pas_promouvoir_comme_payg_valide,ocpi_tariff_type_unspecified_valid_for_all_sessions_not_payg_checkout_proof;ocpi_vat_unspecified_20pct_derivation_not_operator_verified,Eco-Movement ChargePoint PCPR CPO OCPI 2.2.1
GBCPIL7410595,EVIELIFE THE LION,Tredington,GBCPIE7410595*2,GBCPIP7410595*2*1259,22080,NLCPIT2tjJ*K*0,verification_requise_ne_pas_promouvoir_comme_payg_valide,ocpi_tariff_type_unspecified_valid_for_all_sessions_not_payg_checkout_proof;ocpi_vat_unspecified_20pct_derivation_not_operator_verified,Eco-Movement ChargePoint PCPR CPO OCPI 2.2.1
GBCPIL7215305,EVIELIFE HEYWOOD SPA 01,Tenby,GBCPIE7215305*1,GBCPIP7215305*1*1259,11040,NLCPIT2tjJ*K*0,verification_requise_ne_pas_promouvoir_comme_payg_valide,ocpi_tariff_type_unspecified_valid_for_all_sessions_not_payg_checkout_proof;ocpi_vat_unspecified_20pct_derivation_not_operator_verified,Eco-Movement ChargePoint PCPR CPO OCPI 2.2.1
GBCPIL7215305,EVIELIFE HEYWOOD SPA 01,Tenby,GBCPIE7215305*2,GBCPIP7215305*2*1259,11040,NLCPIT2tjJ*K*0,verification_requise_ne_pas_promouvoir_comme_payg_valide,ocpi_tariff_type_unspecified_valid_for_all_sessions_not_payg_checkout_proof;ocpi_vat_unspecified_20pct_derivation_not_operator_verified,Eco-Movement ChargePoint PCPR CPO OCPI 2.2.1
GBCPIL6493055,CARDEN PARK RIGHT SIDE,Chester,GBCPIE6493055*1,GBCPIP6493055*1*1259,22080,NLCPITbIL*4*0,verification_requise_ne_pas_promouvoir_comme_payg_valide,ocpi_tariff_type_unspecified_valid_for_all_sessions_not_payg_checkout_proof;ocpi_vat_unspecified_20pct_derivation_not_operator_verified,Eco-Movement ChargePoint PCPR CPO OCPI 2.2.1
GBCPIL6493055,CARDEN PARK RIGHT SIDE,Chester,GBCPIE6493055*2,GBCPIP6493055*2*1259,22080,NLCPITbIL*4*0,verification_requise_ne_pas_promouvoir_comme_payg_valide,ocpi_tariff_type_unspecified_valid_for_all_sessions_not_payg_checkout_proof;ocpi_vat_unspecified_20pct_derivation_not_operator_verified,Eco-Movement ChargePoint PCPR CPO OCPI 2.2.1
GBCPIL6582285,ATRIUMEV ATRIUM EV 5,Camberley,GBCPIE6575725*1,GBCPIP6575725*1*82,22000,NLCPIT1crd*6*0,verification_requise_ne_pas_promouvoir_comme_payg_valide,ocpi_tariff_type_unspecified_valid_for_all_sessions_not_payg_checkout_proof;ocpi_vat_unspecified_20pct_derivation_not_operator_verified,Eco-Movement ChargePoint PCPR CPO OCPI 2.2.1
GBCPIL6582285,ATRIUMEV ATRIUM EV 5,Camberley,GBCPIE6575725*2,GBCPIP6575725*2*82,22000,NLCPIT1crd*6*0,verification_requise_ne_pas_promouvoir_comme_payg_valide,ocpi_tariff_type_unspecified_valid_for_all_sessions_not_payg_checkout_proof;ocpi_vat_unspecified_20pct_derivation_not_operator_verified,Eco-Movement ChargePoint PCPR CPO OCPI 2.2.1
GBCPIL6582285,ATRIUMEV ATRIUM EV 5,Camberley,GBCPIE6582285*1,GBCPIP6582285*1*82,22000,NLCPIT1crd*6*0,verification_requise_ne_pas_promouvoir_comme_payg_valide,ocpi_tariff_type_unspecified_valid_for_all_sessions_not_payg_checkout_proof;ocpi_vat_unspecified_20pct_derivation_not_operator_verified,Eco-Movement ChargePoint PCPR CPO OCPI 2.2.1
GBCPIL6582285,ATRIUMEV ATRIUM EV 5,Camberley,GBCPIE6582285*2,GBCPIP6582285*2*82,22000,NLCPIT1crd*6*0,verification_requise_ne_pas_promouvoir_comme_payg_valide,ocpi_tariff_type_unspecified_valid_for_all_sessions_not_payg_checkout_proof;ocpi_vat_unspecified_20pct_derivation_not_operator_verified,Eco-Movement ChargePoint PCPR CPO OCPI 2.2.1
GBCPIL6623495,FPE SEALS BARRINGTON 2,Darlington,GBCPIE6623485*1,GBCPIP6623485*1*82,22000,NLCPIT2QP*1*0,tarif_indisponible,foreign_currency_tariff;ocpi_tariff_type_unspecified_valid_for_all_sessions_not_payg_checkout_proof;ocpi_vat_unspecified_20pct_derivation_not_operator_verified,Eco-Movement ChargePoint PCPR CPO OCPI 2.2.1
GBCPIL6623495,FPE SEALS BARRINGTON 2,Darlington,GBCPIE6623485*2,GBCPIP6623485*2*82,22000,NLCPIT2QP*1*0,tarif_indisponible,foreign_currency_tariff;ocpi_tariff_type_unspecified_valid_for_all_sessions_not_payg_checkout_proof;ocpi_vat_unspecified_20pct_derivation_not_operator_verified,Eco-Movement ChargePoint PCPR CPO OCPI 2.2.1
GBCPIL6623495,FPE SEALS BARRINGTON 2,Darlington,GBCPIE6623495*1,GBCPIP6623495*1*82,22000,NLCPIT2QP*1*0,tarif_indisponible,foreign_currency_tariff;ocpi_tariff_type_unspecified_valid_for_all_sessions_not_payg_checkout_proof;ocpi_vat_unspecified_20pct_derivation_not_operator_verified,Eco-Movement ChargePoint PCPR CPO OCPI 2.2.1
GBCPIL6623495,FPE SEALS BARRINGTON 2,Darlington,GBCPIE6623495*2,GBCPIP6623495*2*82,22000,NLCPIT2QP*1*0,tarif_indisponible,foreign_currency_tariff;ocpi_tariff_type_unspecified_valid_for_all_sessions_not_payg_checkout_proof;ocpi_vat_unspecified_20pct_derivation_not_operator_verified,Eco-Movement ChargePoint PCPR CPO OCPI 2.2.1
GBCPIL7352535,REAR CAR PARK SOFTCAT MAN 2,Manchester,GBCPIE7352555*2,GBCPIP7352555*2*1259,22080,NLCPIT1XKj*6*0,verification_requise_ne_pas_promouvoir_comme_payg_valide,ocpi_tariff_type_unspecified_valid_for_all_sessions_not_payg_checkout_proof;ocpi_vat_unspecified_20pct_derivation_not_operator_verified,Eco-Movement ChargePoint PCPR CPO OCPI 2.2.1
GBCPIL7352535,REAR CAR PARK SOFTCAT MAN 2,Manchester,GBCPIE7352535*1,GBCPIP7352535*1*1259,22080,NLCPIT1XKj*6*0,verification_requise_ne_pas_promouvoir_comme_payg_valide,ocpi_tariff_type_unspecified_valid_for_all_sessions_not_payg_checkout_proof;ocpi_vat_unspecified_20pct_derivation_not_operator_verified,Eco-Movement ChargePoint PCPR CPO OCPI 2.2.1
GBCPIL7352535,REAR CAR PARK SOFTCAT MAN 2,Manchester,GBCPIE7352535*2,GBCPIP7352535*2*1259,22080,NLCPIT1XKj*6*0,verification_requise_ne_pas_promouvoir_comme_payg_valide,ocpi_tariff_type_unspecified_valid_for_all_sessions_not_payg_checkout_proof;ocpi_vat_unspecified_20pct_derivation_not_operator_verified,Eco-Movement ChargePoint PCPR CPO OCPI 2.2.1
GBCPIL7352535,REAR CAR PARK SOFTCAT MAN 2,Manchester,GBCPIE7352545*1,GBCPIP7352545*1*1259,22080,NLCPIT1XKj*6*0,verification_requise_ne_pas_promouvoir_comme_payg_valide,ocpi_tariff_type_unspecified_valid_for_all_sessions_not_payg_checkout_proof;ocpi_vat_unspecified_20pct_derivation_not_operator_verified,Eco-Movement ChargePoint PCPR CPO OCPI 2.2.1
GBCPIL7352535,REAR CAR PARK SOFTCAT MAN 2,Manchester,GBCPIE7352545*2,GBCPIP7352545*2*1259,22080,NLCPIT1XKj*6*0,verification_requise_ne_pas_promouvoir_comme_payg_valide,ocpi_tariff_type_unspecified_valid_for_all_sessions_not_payg_checkout_proof;ocpi_vat_unspecified_20pct_derivation_not_operator_verified,Eco-Movement ChargePoint PCPR CPO OCPI 2.2.1
GBCPIL7352535,REAR CAR PARK SOFTCAT MAN 2,Manchester,GBCPIE7352555*1,GBCPIP7352555*1*1259,22080,NLCPIT1XKj*6*0,verification_requise_ne_pas_promouvoir_comme_payg_valide,ocpi_tariff_type_unspecified_valid_for_all_sessions_not_payg_checkout_proof;ocpi_vat_unspecified_20pct_derivation_not_operator_verified,Eco-Movement ChargePoint PCPR CPO OCPI 2.2.1
GBCPIL6822395,WARE CAMPUS STATION 11,Ware,GBCPIE6821595*1,GBCPIP6821595*1*1258,3840,NLCPIT2QP*1*0,tarif_indisponible,foreign_currency_tariff;ocpi_tariff_type_unspecified_valid_for_all_sessions_not_payg_checkout_proof;ocpi_vat_unspecified_20pct_derivation_not_operator_verified,Eco-Movement ChargePoint PCPR CPO OCPI 2.2.1
GBCPIL6822395,WARE CAMPUS STATION 11,Ware,GBCPIE6822235*2,GBCPIP6822235*2*1258,7680,NLCPIT2QP*1*0,tarif_indisponible,foreign_currency_tariff;ocpi_tariff_type_unspecified_valid_for_all_sessions_not_payg_checkout_proof;ocpi_vat_unspecified_20pct_derivation_not_operator_verified,Eco-Movement ChargePoint PCPR CPO OCPI 2.2.1
GBCPIL6822395,WARE CAMPUS STATION 11,Ware,GBCPIE6821605*1,GBCPIP6821605*1*1258,7680,NLCPIT2QP*1*0,tarif_indisponible,foreign_currency_tariff;ocpi_tariff_type_unspecified_valid_for_all_sessions_not_payg_checkout_proof;ocpi_vat_unspecified_20pct_derivation_not_operator_verified,Eco-Movement ChargePoint PCPR CPO OCPI 2.2.1
GBCPIL6822395,WARE CAMPUS STATION 11,Ware,GBCPIE6821605*2,GBCPIP6821605*2*1258,7680,NLCPIT2QP*1*0,tarif_indisponible,foreign_currency_tariff;ocpi_tariff_type_unspecified_valid_for_all_sessions_not_payg_checkout_proof;ocpi_vat_unspecified_20pct_derivation_not_operator_verified,Eco-Movement ChargePoint PCPR CPO OCPI 2.2.1
GBCPIL6822395,WARE CAMPUS STATION 11,Ware,GBCPIE6821665*1,GBCPIP6821665*1*1258,7680,NLCPIT2QP*1*0,tarif_indisponible,foreign_currency_tariff;ocpi_tariff_type_unspecified_valid_for_all_sessions_not_payg_checkout_proof;ocpi_vat_unspecified_20pct_derivation_not_operator_verified,Eco-Movement ChargePoint PCPR CPO OCPI 2.2.1
GBCPIL6822395,WARE CAMPUS STATION 11,Ware,GBCPIE6822195*1,GBCPIP6822195*1*1258,3840,NLCPIT2QP*1*0,tarif_indisponible,foreign_currency_tariff;ocpi_tariff_type_unspecified_valid_for_all_sessions_not_payg_checkout_proof;ocpi_vat_unspecified_20pct_derivation_not_operator_verified,Eco-Movement ChargePoint PCPR CPO OCPI 2.2.1
GBCPIL6822395,WARE CAMPUS STATION 11,Ware,GBCPIE6822205*1,GBCPIP6822205*1*1258,3840,NLCPIT2QP*1*0,tarif_indisponible,foreign_currency_tariff;ocpi_tariff_type_unspecified_valid_for_all_sessions_not_payg_checkout_proof;ocpi_vat_unspecified_20pct_derivation_not_operator_verified,Eco-Movement ChargePoint PCPR CPO OCPI 2.2.1
GBCPIL6822395,WARE CAMPUS STATION 11,Ware,GBCPIE6822395*1,GBCPIP6822395*1*1258,7680,NLCPIT2QP*1*0,tarif_indisponible,foreign_currency_tariff;ocpi_tariff_type_unspecified_valid_for_all_sessions_not_payg_checkout_proof;ocpi_vat_unspecified_20pct_derivation_not_operator_verified,Eco-Movement ChargePoint PCPR CPO OCPI 2.2.1
GBCPIL6822395,WARE CAMPUS STATION 11,Ware,GBCPIE6822235*1,GBCPIP6822235*1*1258,7680,NLCPIT2QP*1*0,tarif_indisponible,foreign_currency_tariff;ocpi_tariff_type_unspecified_valid_for_all_sessions_not_payg_checkout_proof;ocpi_vat_unspecified_20pct_derivation_not_operator_verified,Eco-Movement ChargePoint PCPR CPO OCPI 2.2.1
GBCPIL6822395,WARE CAMPUS STATION 11,Ware,GBCPIE6821665*2,GBCPIP6821665*2*1258,7680,NLCPIT2QP*1*0,tarif_indisponible,foreign_currency_tariff;ocpi_tariff_type_unspecified_valid_for_all_sessions_not_payg_checkout_proof;ocpi_vat_unspecified_20pct_derivation_not_operator_verified,Eco-Movement ChargePoint PCPR CPO OCPI 2.2.1
GBCPIL6822395,WARE CAMPUS STATION 11,Ware,GBCPIE6822395*2,GBCPIP6822395*2*1258,7680,NLCPIT2QP*1*0,tarif_indisponible,foreign_currency_tariff;ocpi_tariff_type_unspecified_valid_for_all_sessions_not_payg_checkout_proof;ocpi_vat_unspecified_20pct_derivation_not_operator_verified,Eco-Movement ChargePoint PCPR CPO OCPI 2.2.1
GBCPIL7022305,STANWICK LAKES AC1,Stanwick,GBCPIE7022305*1,GBCPIP7022305*1*1259,22080,NLCPIT25L7*3*0,verification_requise_ne_pas_promouvoir_comme_payg_valide,ocpi_tariff_type_unspecified_valid_for_all_sessions_not_payg_checkout_proof;ocpi_vat_unspecified_20pct_derivation_not_operator_verified,Eco-Movement ChargePoint PCPR CPO OCPI 2.2.1
GBCPIL7022305,STANWICK LAKES AC1,Stanwick,GBCPIE7022305*2,GBCPIP7022305*2*1259,22080,NLCPIT25L7*3*0,verification_requise_ne_pas_promouvoir_comme_payg_valide,ocpi_tariff_type_unspecified_valid_for_all_sessions_not_payg_checkout_proof;ocpi_vat_unspecified_20pct_derivation_not_operator_verified,Eco-Movement ChargePoint PCPR CPO OCPI 2.2.1
GBCPIL7347355,EVIELIFE CASTLECARY 1,Cumbernauld,GBCPIE7347355*1,GBCPIP7347355*1*1259,22080,NLCPIT2tjJ*K*0,verification_requise_ne_pas_promouvoir_comme_payg_valide,ocpi_tariff_type_unspecified_valid_for_all_sessions_not_payg_checkout_proof;ocpi_vat_unspecified_20pct_derivation_not_operator_verified,Eco-Movement ChargePoint PCPR CPO OCPI 2.2.1
GBCPIL7347355,EVIELIFE CASTLECARY 1,Cumbernauld,GBCPIE7347355*2,GBCPIP7347355*2*1259,22080,NLCPIT2tjJ*K*0,verification_requise_ne_pas_promouvoir_comme_payg_valide,ocpi_tariff_type_unspecified_valid_for_all_sessions_not_payg_checkout_proof;ocpi_vat_unspecified_20pct_derivation_not_operator_verified,Eco-Movement ChargePoint PCPR CPO OCPI 2.2.1
GBCPIL6732505,CAMBRIDGE SQ CAMBRIDGE SQ 12,Cambridge,GBCPIE6732505*1,GBCPIP6732505*1*1258,7680,NLCPIT2mhL*1*0,verification_requise_ne_pas_promouvoir_comme_payg_valide,ocpi_tariff_type_unspecified_valid_for_all_sessions_not_payg_checkout_proof;ocpi_vat_unspecified_20pct_derivation_not_operator_verified,Eco-Movement ChargePoint PCPR CPO OCPI 2.2.1
GBCPIL6732505,CAMBRIDGE SQ CAMBRIDGE SQ 12,Cambridge,GBCPIE6732505*2,GBCPIP6732505*2*1258,7680,NLCPIT2mhL*1*0,verification_requise_ne_pas_promouvoir_comme_payg_valide,ocpi_tariff_type_unspecified_valid_for_all_sessions_not_payg_checkout_proof;ocpi_vat_unspecified_20pct_derivation_not_operator_verified,Eco-Movement ChargePoint PCPR CPO OCPI 2.2.1
GBCPIL6567705,HEMPSTEADVALLEY HEMPSTEAD 5,Hempstead,GBCPIE6567845*2,GBCPIP6567845*2*82,22000,NLCPIT3DQv*1*0,verification_requise_ne_pas_promouvoir_comme_payg_valide,ocpi_tariff_type_unspecified_valid_for_all_sessions_not_payg_checkout_proof;ocpi_vat_unspecified_20pct_derivation_not_operator_verified,Eco-Movement ChargePoint PCPR CPO OCPI 2.2.1
GBCPIL6567705,HEMPSTEADVALLEY HEMPSTEAD 5,Hempstead,GBCPIE6567705*1,GBCPIP6567705*1*82,22000,NLCPIT3DQv*1*0,verification_requise_ne_pas_promouvoir_comme_payg_valide,ocpi_tariff_type_unspecified_valid_for_all_sessions_not_payg_checkout_proof;ocpi_vat_unspecified_20pct_derivation_not_operator_verified,Eco-Movement ChargePoint PCPR CPO OCPI 2.2.1
GBCPIL6567705,HEMPSTEADVALLEY HEMPSTEAD 5,Hempstead,GBCPIE6567705*2,GBCPIP6567705*2*82,22000,NLCPIT3DQv*1*0,verification_requise_ne_pas_promouvoir_comme_payg_valide,ocpi_tariff_type_unspecified_valid_for_all_sessions_not_payg_checkout_proof;ocpi_vat_unspecified_20pct_derivation_not_operator_verified,Eco-Movement ChargePoint PCPR CPO OCPI 2.2.1
GBCPIL6567705,HEMPSTEADVALLEY HEMPSTEAD 5,Hempstead,GBCPIE6567785*1,GBCPIP6567785*1*82,22000,NLCPIT3DQv*1*0,verification_requise_ne_pas_promouvoir_comme_payg_valide,ocpi_tariff_type_unspecified_valid_for_all_sessions_not_payg_checkout_proof;ocpi_vat_unspecified_20pct_derivation_not_operator_verified,Eco-Movement ChargePoint PCPR CPO OCPI 2.2.1
GBCPIL6567705,HEMPSTEADVALLEY HEMPSTEAD 5,Hempstead,GBCPIE6567785*2,GBCPIP6567785*2*82,22000,NLCPIT3DQv*1*0,verification_requise_ne_pas_promouvoir_comme_payg_valide,ocpi_tariff_type_unspecified_valid_for_all_sessions_not_payg_checkout_proof;ocpi_vat_unspecified_20pct_derivation_not_operator_verified,Eco-Movement ChargePoint PCPR CPO OCPI 2.2.1
GBCPIL6567705,HEMPSTEADVALLEY HEMPSTEAD 5,Hempstead,GBCPIE6567905*1,GBCPIP6567905*1*82,22000,NLCPIT3DQv*1*0,verification_requise_ne_pas_promouvoir_comme_payg_valide,ocpi_tariff_type_unspecified_valid_for_all_sessions_not_payg_checkout_proof;ocpi_vat_unspecified_20pct_derivation_not_operator_verified,Eco-Movement ChargePoint PCPR CPO OCPI 2.2.1
GBCPIL6567705,HEMPSTEADVALLEY HEMPSTEAD 5,Hempstead,GBCPIE6567905*2,GBCPIP6567905*2*82,22000,NLCPIT3DQv*1*0,verification_requise_ne_pas_promouvoir_comme_payg_valide,ocpi_tariff_type_unspecified_valid_for_all_sessions_not_payg_checkout_proof;ocpi_vat_unspecified_20pct_derivation_not_operator_verified,Eco-Movement ChargePoint PCPR CPO OCPI 2.2.1
GBCPIL6567705,HEMPSTEADVALLEY HEMPSTEAD 5,Hempstead,GBCPIE6567845*1,GBCPIP6567845*1*82,22000,NLCPIT3DQv*1*0,verification_requise_ne_pas_promouvoir_comme_payg_valide,ocpi_tariff_type_unspecified_valid_for_all_sessions_not_payg_checkout_proof;ocpi_vat_unspecified_20pct_derivation_not_operator_verified,Eco-Movement ChargePoint PCPR CPO OCPI 2.2.1
GBCPIL7014645,WARE CAMPUS HARRIS LN 4,Ware,GBCPIE7014625*2,GBCPIP7014625*2*1258,22080,NLCPIT2QP*1*0,tarif_indisponible,foreign_currency_tariff;ocpi_tariff_type_unspecified_valid_for_all_sessions_not_payg_checkout_proof;ocpi_vat_unspecified_20pct_derivation_not_operator_verified,Eco-Movement ChargePoint PCPR CPO OCPI 2.2.1
GBCPIL7014645,WARE CAMPUS HARRIS LN 4,Ware,GBCPIE7014635*1,GBCPIP7014635*1*1258,22080,NLCPIT2QP*1*0,tarif_indisponible,foreign_currency_tariff;ocpi_tariff_type_unspecified_valid_for_all_sessions_not_payg_checkout_proof;ocpi_vat_unspecified_20pct_derivation_not_operator_verified,Eco-Movement ChargePoint PCPR CPO OCPI 2.2.1
GBCPIL7014645,WARE CAMPUS HARRIS LN 4,Ware,GBCPIE7014655*1,GBCPIP7014655*1*1258,22080,NLCPIT2QP*1*0,tarif_indisponible,foreign_currency_tariff;ocpi_tariff_type_unspecified_valid_for_all_sessions_not_payg_checkout_proof;ocpi_vat_unspecified_20pct_derivation_not_operator_verified,Eco-Movement ChargePoint PCPR CPO OCPI 2.2.1
GBCPIL7014645,WARE CAMPUS HARRIS LN 4,Ware,GBCPIE7014615*1,GBCPIP7014615*1*1258,22080,NLCPIT2QP*1*0,tarif_indisponible,foreign_currency_tariff;ocpi_tariff_type_unspecified_valid_for_all_sessions_not_payg_checkout_proof;ocpi_vat_unspecified_20pct_derivation_not_operator_verified,Eco-Movement ChargePoint PCPR CPO OCPI 2.2.1
GBCPIL7014645,WARE CAMPUS HARRIS LN 4,Ware,GBCPIE7014615*2,GBCPIP7014615*2*1258,22080,NLCPIT2QP*1*0,tarif_indisponible,foreign_currency_tariff;ocpi_tariff_type_unspecified_valid_for_all_sessions_not_payg_checkout_proof;ocpi_vat_unspecified_20pct_derivation_not_operator_verified,Eco-Movement ChargePoint PCPR CPO OCPI 2.2.1
GBCPIL7014645,WARE CAMPUS HARRIS LN 4,Ware,GBCPIE7014625*1,GBCPIP7014625*1*1258,22080,NLCPIT2QP*1*0,tarif_indisponible,foreign_currency_tariff;ocpi_tariff_type_unspecified_valid_for_all_sessions_not_payg_checkout_proof;ocpi_vat_unspecified_20pct_derivation_not_operator_verified,Eco-Movement ChargePoint PCPR CPO OCPI 2.2.1
GBCPIL7014645,WARE CAMPUS HARRIS LN 4,Ware,GBCPIE7014635*2,GBCPIP7014635*2*1258,22080,NLCPIT2QP*1*0,tarif_indisponible,foreign_currency_tariff;ocpi_tariff_type_unspecified_valid_for_all_sessions_not_payg_checkout_proof;ocpi_vat_unspecified_20pct_derivation_not_operator_verified,Eco-Movement ChargePoint PCPR CPO OCPI 2.2.1
GBCPIL7014645,WARE CAMPUS HARRIS LN 4,Ware,GBCPIE7014655*2,GBCPIP7014655*2*1258,22080,NLCPIT2QP*1*0,tarif_indisponible,foreign_currency_tariff;ocpi_tariff_type_unspecified_valid_for_all_sessions_not_payg_checkout_proof;ocpi_vat_unspecified_20pct_derivation_not_operator_verified,Eco-Movement ChargePoint PCPR CPO OCPI 2.2.1
GBCPIL7014645,WARE CAMPUS HARRIS LN 4,Ware,GBCPIE7014645*1,GBCPIP7014645*1*1258,22080,NLCPIT2QP*1*0,tarif_indisponible,foreign_currency_tariff;ocpi_tariff_type_unspecified_valid_for_all_sessions_not_payg_checkout_proof;ocpi_vat_unspecified_20pct_derivation_not_operator_verified,Eco-Movement ChargePoint PCPR CPO OCPI 2.2.1
GBCPIL7014645,WARE CAMPUS HARRIS LN 4,Ware,GBCPIE7014645*2,GBCPIP7014645*2*1258,22080,NLCPIT2QP*1*0,tarif_indisponible,foreign_currency_tariff;ocpi_tariff_type_unspecified_valid_for_all_sessions_not_payg_checkout_proof;ocpi_vat_unspecified_20pct_derivation_not_operator_verified,Eco-Movement ChargePoint PCPR CPO OCPI 2.2.1
GBCPIL6999235,MENARINI STATION 01,Winnersh,GBCPIE6999235*2,GBCPIP6999235*2*1259,22080,NLCPIT2tJp*6*0,verification_requise_ne_pas_promouvoir_comme_payg_valide,ocpi_tariff_type_unspecified_valid_for_all_sessions_not_payg_checkout_proof;ocpi_vat_unspecified_20pct_derivation_not_operator_verified,Eco-Movement ChargePoint PCPR CPO OCPI 2.2.1
GBCPIL6999235,MENARINI STATION 01,Winnersh,GBCPIE6999235*1,GBCPIP6999235*1*1259,22080,NLCPIT2tJp*6*0,verification_requise_ne_pas_promouvoir_comme_payg_valide,ocpi_tariff_type_unspecified_valid_for_all_sessions_not_payg_checkout_proof;ocpi_vat_unspecified_20pct_derivation_not_operator_verified,Eco-Movement ChargePoint PCPR CPO OCPI 2.2.1
GBCPIL7168785,WARE CAMPUS STATION 13,Ware,GBCPIE7168785*2,GBCPIP7168785*2*1259,22080,NLCPIT2QP*1*0,tarif_indisponible,foreign_currency_tariff;ocpi_tariff_type_unspecified_valid_for_all_sessions_not_payg_checkout_proof;ocpi_vat_unspecified_20pct_derivation_not_operator_verified,Eco-Movement ChargePoint PCPR CPO OCPI 2.2.1
GBCPIL7168785,WARE CAMPUS STATION 13,Ware,GBCPIE7168785*1,GBCPIP7168785*1*1259,22080,NLCPIT2QP*1*0,tarif_indisponible,foreign_currency_tariff;ocpi_tariff_type_unspecified_valid_for_all_sessions_not_payg_checkout_proof;ocpi_vat_unspecified_20pct_derivation_not_operator_verified,Eco-Movement ChargePoint PCPR CPO OCPI 2.2.1
GBCPIL6480945,G BLOCK SPORTS PARK1,Pontypridd,GBCPIE6480945*1,GBCPIP6480945*1*84,22000,NLCPITMFv*7*0,verification_requise_ne_pas_promouvoir_comme_payg_valide,ocpi_tariff_type_unspecified_valid_for_all_sessions_not_payg_checkout_proof;ocpi_vat_unspecified_20pct_derivation_not_operator_verified,Eco-Movement ChargePoint PCPR CPO OCPI 2.2.1
GBCPIL6480945,G BLOCK SPORTS PARK1,Pontypridd,GBCPIE6480945*2,GBCPIP6480945*2*84,22000,NLCPITMFv*7*0,verification_requise_ne_pas_promouvoir_comme_payg_valide,ocpi_tariff_type_unspecified_valid_for_all_sessions_not_payg_checkout_proof;ocpi_vat_unspecified_20pct_derivation_not_operator_verified,Eco-Movement ChargePoint PCPR CPO OCPI 2.2.1
GBCPIL7358195,EVIELIFE RUTLAND HOTEL,sheffeild,GBCPIE7358195*1,GBCPIP7358195*1*1259,22080,NLCPIT3D2Z*8*0,verification_requise_ne_pas_promouvoir_comme_payg_valide,ocpi_tariff_type_unspecified_valid_for_all_sessions_not_payg_checkout_proof;ocpi_vat_unspecified_20pct_derivation_not_operator_verified,Eco-Movement ChargePoint PCPR CPO OCPI 2.2.1
GBCPIL7358195,EVIELIFE RUTLAND HOTEL,sheffeild,GBCPIE7358195*2,GBCPIP7358195*2*1259,22080,NLCPIT3D2Z*8*0,verification_requise_ne_pas_promouvoir_comme_payg_valide,ocpi_tariff_type_unspecified_valid_for_all_sessions_not_payg_checkout_proof;ocpi_vat_unspecified_20pct_derivation_not_operator_verified,Eco-Movement ChargePoint PCPR CPO OCPI 2.2.1
GBCPIL6528925,LAPSTONE BARN LAPSTONE BARN 1,Chipping Campden,GBCPIE6528925*2,GBCPIP6528925*2*82,22000,NLCPIT1AXL*6*0,verification_requise_ne_pas_promouvoir_comme_payg_valide,ocpi_tariff_type_unspecified_valid_for_all_sessions_not_payg_checkout_proof;ocpi_vat_unspecified_20pct_derivation_not_operator_verified,Eco-Movement ChargePoint PCPR CPO OCPI 2.2.1
GBCPIL6528925,LAPSTONE BARN LAPSTONE BARN 1,Chipping Campden,GBCPIE6491115*1,GBCPIP6491115*1*82,22000,NLCPIT1AXL*6*0,verification_requise_ne_pas_promouvoir_comme_payg_valide,ocpi_tariff_type_unspecified_valid_for_all_sessions_not_payg_checkout_proof;ocpi_vat_unspecified_20pct_derivation_not_operator_verified,Eco-Movement ChargePoint PCPR CPO OCPI 2.2.1
GBCPIL6528925,LAPSTONE BARN LAPSTONE BARN 1,Chipping Campden,GBCPIE6491115*2,GBCPIP6491115*2*82,22000,NLCPIT1AXL*6*0,verification_requise_ne_pas_promouvoir_comme_payg_valide,ocpi_tariff_type_unspecified_valid_for_all_sessions_not_payg_checkout_proof;ocpi_vat_unspecified_20pct_derivation_not_operator_verified,Eco-Movement ChargePoint PCPR CPO OCPI 2.2.1
GBCPIL6528925,LAPSTONE BARN LAPSTONE BARN 1,Chipping Campden,GBCPIE6528925*1,GBCPIP6528925*1*82,22000,NLCPIT1AXL*6*0,verification_requise_ne_pas_promouvoir_comme_payg_valide,ocpi_tariff_type_unspecified_valid_for_all_sessions_not_payg_checkout_proof;ocpi_vat_unspecified_20pct_derivation_not_operator_verified,Eco-Movement ChargePoint PCPR CPO OCPI 2.2.1
GBCPIL7168905,TYL STATION 01,Redhill,GBCPIE7168905*1,GBCPIP7168905*1*100104,50000,NLCPIT39Xn*6*0,verification_requise_ne_pas_promouvoir_comme_payg_valide,ocpi_tariff_type_unspecified_valid_for_all_sessions_not_payg_checkout_proof;ocpi_vat_unspecified_20pct_derivation_not_operator_verified,Eco-Movement ChargePoint PCPR CPO OCPI 2.2.1
GBCPIL7168905,TYL STATION 01,Redhill,GBCPIE7168905*2,GBCPIP7168905*2*100104,50000,NLCPIT39Xn*6*0,verification_requise_ne_pas_promouvoir_comme_payg_valide,ocpi_tariff_type_unspecified_valid_for_all_sessions_not_payg_checkout_proof;ocpi_vat_unspecified_20pct_derivation_not_operator_verified,Eco-Movement ChargePoint PCPR CPO OCPI 2.2.1
GBCPIL6781135,NETV NETV-YORK-02,York,GBCPIE6781135*1,GBCPIP6781135*1*84,22000,NLCPIT2ACt*D*0,verification_requise_ne_pas_promouvoir_comme_payg_valide,ocpi_tariff_type_unspecified_valid_for_all_sessions_not_payg_checkout_proof;ocpi_vat_unspecified_20pct_derivation_not_operator_verified,Eco-Movement ChargePoint PCPR CPO OCPI 2.2.1
GBCPIL6781135,NETV NETV-YORK-02,York,GBCPIE6781135*2,GBCPIP6781135*2*84,22000,NLCPIT2ACt*D*0,verification_requise_ne_pas_promouvoir_comme_payg_valide,ocpi_tariff_type_unspecified_valid_for_all_sessions_not_payg_checkout_proof;ocpi_vat_unspecified_20pct_derivation_not_operator_verified,Eco-Movement ChargePoint PCPR CPO OCPI 2.2.1
GBCPIL7420785,FRAMEWORK FRAMEWORK,Berkhamsted,GBCPIE7420785*1,GBCPIP7420785*1*1258,22080,NLCPIT3EMp*4*0,verification_requise_ne_pas_promouvoir_comme_payg_valide,ocpi_tariff_type_unspecified_valid_for_all_sessions_not_payg_checkout_proof;ocpi_vat_unspecified_20pct_derivation_not_operator_verified,Eco-Movement ChargePoint PCPR CPO OCPI 2.2.1
GBCPIL7420785,FRAMEWORK FRAMEWORK,Berkhamsted,GBCPIE7420785*2,GBCPIP7420785*2*1258,22080,NLCPIT3EMp*4*0,verification_requise_ne_pas_promouvoir_comme_payg_valide,ocpi_tariff_type_unspecified_valid_for_all_sessions_not_payg_checkout_proof;ocpi_vat_unspecified_20pct_derivation_not_operator_verified,Eco-Movement ChargePoint PCPR CPO OCPI 2.2.1
GBCPIL7408775,PARKWAY SC EVC 5,Newbury,GBCPIE7408725*1,GBCPIP7408725*1*1258,11520,NLCPIT1asZ*4*0,verification_requise_ne_pas_promouvoir_comme_payg_valide,ocpi_tariff_type_unspecified_valid_for_all_sessions_not_payg_checkout_proof;ocpi_vat_unspecified_20pct_derivation_not_operator_verified,Eco-Movement ChargePoint PCPR CPO OCPI 2.2.1
GBCPIL7408775,PARKWAY SC EVC 5,Newbury,GBCPIE7408725*2,GBCPIP7408725*2*1258,11520,NLCPIT1asZ*4*0,verification_requise_ne_pas_promouvoir_comme_payg_valide,ocpi_tariff_type_unspecified_valid_for_all_sessions_not_payg_checkout_proof;ocpi_vat_unspecified_20pct_derivation_not_operator_verified,Eco-Movement ChargePoint PCPR CPO OCPI 2.2.1
GBCPIL7408775,PARKWAY SC EVC 5,Newbury,GBCPIE7408735*1,GBCPIP7408735*1*1258,22080,NLCPIT1asZ*4*0,verification_requise_ne_pas_promouvoir_comme_payg_valide,ocpi_tariff_type_unspecified_valid_for_all_sessions_not_payg_checkout_proof;ocpi_vat_unspecified_20pct_derivation_not_operator_verified,Eco-Movement ChargePoint PCPR CPO OCPI 2.2.1
GBCPIL7408775,PARKWAY SC EVC 5,Newbury,GBCPIE7408735*2,GBCPIP7408735*2*1258,22080,NLCPIT1asZ*4*0,verification_requise_ne_pas_promouvoir_comme_payg_valide,ocpi_tariff_type_unspecified_valid_for_all_sessions_not_payg_checkout_proof;ocpi_vat_unspecified_20pct_derivation_not_operator_verified,Eco-Movement ChargePoint PCPR CPO OCPI 2.2.1
GBCPIL7408775,PARKWAY SC EVC 5,Newbury,GBCPIE7408775*1,GBCPIP7408775*1*1258,22080,NLCPIT1asZ*4*0,verification_requise_ne_pas_promouvoir_comme_payg_valide,ocpi_tariff_type_unspecified_valid_for_all_sessions_not_payg_checkout_proof;ocpi_vat_unspecified_20pct_derivation_not_operator_verified,Eco-Movement ChargePoint PCPR CPO OCPI 2.2.1
GBCPIL7408775,PARKWAY SC EVC 5,Newbury,GBCPIE7408775*2,GBCPIP7408775*2*1258,22080,NLCPIT1asZ*4*0,verification_requise_ne_pas_promouvoir_comme_payg_valide,ocpi_tariff_type_unspecified_valid_for_all_sessions_not_payg_checkout_proof;ocpi_vat_unspecified_20pct_derivation_not_operator_verified,Eco-Movement ChargePoint PCPR CPO OCPI 2.2.1
GBCPIL6776845,NETV NETV-BILL-01,Billingham,GBCPIE6776845*1,GBCPIP6776845*1*84,22000,NLCPIT2ACt*D*0,verification_requise_ne_pas_promouvoir_comme_payg_valide,ocpi_tariff_type_unspecified_valid_for_all_sessions_not_payg_checkout_proof;ocpi_vat_unspecified_20pct_derivation_not_operator_verified,Eco-Movement ChargePoint PCPR CPO OCPI 2.2.1
GBCPIL6776845,NETV NETV-BILL-01,Billingham,GBCPIE6776845*2,GBCPIP6776845*2*84,22000,NLCPIT2ACt*D*0,verification_requise_ne_pas_promouvoir_comme_payg_valide,ocpi_tariff_type_unspecified_valid_for_all_sessions_not_payg_checkout_proof;ocpi_vat_unspecified_20pct_derivation_not_operator_verified,Eco-Movement ChargePoint PCPR CPO OCPI 2.2.1
GBCPIL6509275,THE AA OLDBURY 2,Oldbury,GBCPIE6452035*1,GBCPIP6452035*1*82,22000,NLCPIT2QP*1*0,tarif_indisponible,foreign_currency_tariff;ocpi_tariff_type_unspecified_valid_for_all_sessions_not_payg_checkout_proof;ocpi_vat_unspecified_20pct_derivation_not_operator_verified,Eco-Movement ChargePoint PCPR CPO OCPI 2.2.1
GBCPIL6509275,THE AA OLDBURY 2,Oldbury,GBCPIE6452035*2,GBCPIP6452035*2*82,22000,NLCPIT2QP*1*0,tarif_indisponible,foreign_currency_tariff;ocpi_tariff_type_unspecified_valid_for_all_sessions_not_payg_checkout_proof;ocpi_vat_unspecified_20pct_derivation_not_operator_verified,Eco-Movement ChargePoint PCPR CPO OCPI 2.2.1
GBCPIL6509275,THE AA OLDBURY 2,Oldbury,GBCPIE6509275*1,GBCPIP6509275*1*82,22000,NLCPIT2QP*1*0,tarif_indisponible,foreign_currency_tariff;ocpi_tariff_type_unspecified_valid_for_all_sessions_not_payg_checkout_proof;ocpi_vat_unspecified_20pct_derivation_not_operator_verified,Eco-Movement ChargePoint PCPR CPO OCPI 2.2.1
GBCPIL6509275,THE AA OLDBURY 2,Oldbury,GBCPIE6509275*2,GBCPIP6509275*2*82,22000,NLCPIT2QP*1*0,tarif_indisponible,foreign_currency_tariff;ocpi_tariff_type_unspecified_valid_for_all_sessions_not_payg_checkout_proof;ocpi_vat_unspecified_20pct_derivation_not_operator_verified,Eco-Movement ChargePoint PCPR CPO OCPI 2.2.1
GBCPIL6509275,THE AA OLDBURY 2,Oldbury,GBCPIE2893145*1,GBCPIP2893145*1*82,22000,NLCPIT2QP*1*0,tarif_indisponible,foreign_currency_tariff;ocpi_tariff_type_unspecified_valid_for_all_sessions_not_payg_checkout_proof;ocpi_vat_unspecified_20pct_derivation_not_operator_verified,Eco-Movement ChargePoint PCPR CPO OCPI 2.2.1
GBCPIL6509275,THE AA OLDBURY 2,Oldbury,GBCPIE2893145*2,GBCPIP2893145*2*82,22000,NLCPIT2QP*1*0,tarif_indisponible,foreign_currency_tariff;ocpi_tariff_type_unspecified_valid_for_all_sessions_not_payg_checkout_proof;ocpi_vat_unspecified_20pct_derivation_not_operator_verified,Eco-Movement ChargePoint PCPR CPO OCPI 2.2.1
GBCPIL6567835,HEMPSTEADVALLEY HEMPSTEAD 2,Hempstead,GBCPIE6567835*1,GBCPIP6567835*1*82,22000,NLCPIT3DQv*1*0,verification_requise_ne_pas_promouvoir_comme_payg_valide,ocpi_tariff_type_unspecified_valid_for_all_sessions_not_payg_checkout_proof;ocpi_vat_unspecified_20pct_derivation_not_operator_verified,Eco-Movement ChargePoint PCPR CPO OCPI 2.2.1
GBCPIL6567835,HEMPSTEADVALLEY HEMPSTEAD 2,Hempstead,GBCPIE6567835*2,GBCPIP6567835*2*82,22000,NLCPIT3DQv*1*0,verification_requise_ne_pas_promouvoir_comme_payg_valide,ocpi_tariff_type_unspecified_valid_for_all_sessions_not_payg_checkout_proof;ocpi_vat_unspecified_20pct_derivation_not_operator_verified,Eco-Movement ChargePoint PCPR CPO OCPI 2.2.1
GBCPIL6982855,EVIELIFE SEEVIC 2,Benfleet,GBCPIE6990125*1,GBCPIP6990125*1*1259,22080,NLCPIT2sm7*J*0,verification_requise_ne_pas_promouvoir_comme_payg_valide,ocpi_tariff_type_unspecified_valid_for_all_sessions_not_payg_checkout_proof;ocpi_vat_unspecified_20pct_derivation_not_operator_verified,Eco-Movement ChargePoint PCPR CPO OCPI 2.2.1
GBCPIL6982855,EVIELIFE SEEVIC 2,Benfleet,GBCPIE6990125*2,GBCPIP6990125*2*1259,22080,NLCPIT2sm7*J*0,verification_requise_ne_pas_promouvoir_comme_payg_valide,ocpi_tariff_type_unspecified_valid_for_all_sessions_not_payg_checkout_proof;ocpi_vat_unspecified_20pct_derivation_not_operator_verified,Eco-Movement ChargePoint PCPR CPO OCPI 2.2.1
GBCPIL6982855,EVIELIFE SEEVIC 2,Benfleet,GBCPIE6982855*1,GBCPIP6982855*1*1259,22080,NLCPIT2sm7*J*0,verification_requise_ne_pas_promouvoir_comme_payg_valide,ocpi_tariff_type_unspecified_valid_for_all_sessions_not_payg_checkout_proof;ocpi_vat_unspecified_20pct_derivation_not_operator_verified,Eco-Movement ChargePoint PCPR CPO OCPI 2.2.1
GBCPIL6982855,EVIELIFE SEEVIC 2,Benfleet,GBCPIE6982855*2,GBCPIP6982855*2*1259,22080,NLCPIT2sm7*J*0,verification_requise_ne_pas_promouvoir_comme_payg_valide,ocpi_tariff_type_unspecified_valid_for_all_sessions_not_payg_checkout_proof;ocpi_vat_unspecified_20pct_derivation_not_operator_verified,Eco-Movement ChargePoint PCPR CPO OCPI 2.2.1
GBCPIL6763175,NETV NETV-CARL-02,Carlisle,GBCPIE6763175*1,GBCPIP6763175*1*84,22000,NLCPIT2ACt*D*0,verification_requise_ne_pas_promouvoir_comme_payg_valide,ocpi_tariff_type_unspecified_valid_for_all_sessions_not_payg_checkout_proof;ocpi_vat_unspecified_20pct_derivation_not_operator_verified,Eco-Movement ChargePoint PCPR CPO OCPI 2.2.1
GBCPIL6763175,NETV NETV-CARL-02,Carlisle,GBCPIE6763175*2,GBCPIP6763175*2*84,22000,NLCPIT2ACt*D*0,verification_requise_ne_pas_promouvoir_comme_payg_valide,ocpi_tariff_type_unspecified_valid_for_all_sessions_not_payg_checkout_proof;ocpi_vat_unspecified_20pct_derivation_not_operator_verified,Eco-Movement ChargePoint PCPR CPO OCPI 2.2.1
GBCPIL7271615,EVIELIFE LITTLE KINGS,Narberth,GBCPIE7271615*2,GBCPIP7271615*2*1259,7680,NLCPIT2tjJ*K*0,verification_requise_ne_pas_promouvoir_comme_payg_valide,ocpi_tariff_type_unspecified_valid_for_all_sessions_not_payg_checkout_proof;ocpi_vat_unspecified_20pct_derivation_not_operator_verified,Eco-Movement ChargePoint PCPR CPO OCPI 2.2.1
GBCPIL7271615,EVIELIFE LITTLE KINGS,Narberth,GBCPIE7271615*1,GBCPIP7271615*1*1259,7680,NLCPIT2tjJ*K*0,verification_requise_ne_pas_promouvoir_comme_payg_valide,ocpi_tariff_type_unspecified_valid_for_all_sessions_not_payg_checkout_proof;ocpi_vat_unspecified_20pct_derivation_not_operator_verified,Eco-Movement ChargePoint PCPR CPO OCPI 2.2.1
GBCPIL6944505,SEGRO AREAS UNIT 3 EV1,Biggleswade,GBCPIE6944505*1,GBCPIP6944505*1*1258,22080,NLCPIT2rnJ*4*0,verification_requise_ne_pas_promouvoir_comme_payg_valide,ocpi_tariff_type_unspecified_valid_for_all_sessions_not_payg_checkout_proof;ocpi_vat_unspecified_20pct_derivation_not_operator_verified,Eco-Movement ChargePoint PCPR CPO OCPI 2.2.1
GBCPIL6944505,SEGRO AREAS UNIT 3 EV1,Biggleswade,GBCPIE6944505*2,GBCPIP6944505*2*1258,22080,NLCPIT2rnJ*4*0,verification_requise_ne_pas_promouvoir_comme_payg_valide,ocpi_tariff_type_unspecified_valid_for_all_sessions_not_payg_checkout_proof;ocpi_vat_unspecified_20pct_derivation_not_operator_verified,Eco-Movement ChargePoint PCPR CPO OCPI 2.2.1
GBCPIL7432385,HH-EVC PADSTOW 1,Padstow,GBCPIE7432385*1,GBCPIP7432385*1*1258,22080,NLCPIT3DR5*8*0,verification_requise_ne_pas_promouvoir_comme_payg_valide,ocpi_tariff_type_unspecified_valid_for_all_sessions_not_payg_checkout_proof;ocpi_vat_unspecified_20pct_derivation_not_operator_verified,Eco-Movement ChargePoint PCPR CPO OCPI 2.2.1
GBCPIL7432385,HH-EVC PADSTOW 1,Padstow,GBCPIE7432385*2,GBCPIP7432385*2*1258,22080,NLCPIT3DR5*8*0,verification_requise_ne_pas_promouvoir_comme_payg_valide,ocpi_tariff_type_unspecified_valid_for_all_sessions_not_payg_checkout_proof;ocpi_vat_unspecified_20pct_derivation_not_operator_verified,Eco-Movement ChargePoint PCPR CPO OCPI 2.2.1
GBCPIL7432385,HH-EVC PADSTOW 1,Padstow,GBCPIE7432355*1,GBCPIP7432355*1*1258,22080,NLCPIT3DR5*8*0,verification_requise_ne_pas_promouvoir_comme_payg_valide,ocpi_tariff_type_unspecified_valid_for_all_sessions_not_payg_checkout_proof;ocpi_vat_unspecified_20pct_derivation_not_operator_verified,Eco-Movement ChargePoint PCPR CPO OCPI 2.2.1
GBCPIL7432385,HH-EVC PADSTOW 1,Padstow,GBCPIE7432355*2,GBCPIP7432355*2*1258,22080,NLCPIT3DR5*8*0,verification_requise_ne_pas_promouvoir_comme_payg_valide,ocpi_tariff_type_unspecified_valid_for_all_sessions_not_payg_checkout_proof;ocpi_vat_unspecified_20pct_derivation_not_operator_verified,Eco-Movement ChargePoint PCPR CPO OCPI 2.2.1
GBCPIL7038225,LRE STATION 02,Honiton,GBCPIE7038215*1,GBCPIP7038215*1*1259,22080,NLCPIT351d*2*0,verification_requise_ne_pas_promouvoir_comme_payg_valide,ocpi_tariff_type_unspecified_valid_for_all_sessions_not_payg_checkout_proof;ocpi_vat_unspecified_20pct_derivation_not_operator_verified,Eco-Movement ChargePoint PCPR CPO OCPI 2.2.1
GBCPIL7038225,LRE STATION 02,Honiton,GBCPIE7038215*2,GBCPIP7038215*2*1259,22080,NLCPIT351d*2*0,verification_requise_ne_pas_promouvoir_comme_payg_valide,ocpi_tariff_type_unspecified_valid_for_all_sessions_not_payg_checkout_proof;ocpi_vat_unspecified_20pct_derivation_not_operator_verified,Eco-Movement ChargePoint PCPR CPO OCPI 2.2.1
GBCPIL7038225,LRE STATION 02,Honiton,GBCPIE7038225*1,GBCPIP7038225*1*1259,22080,NLCPIT351d*2*0,verification_requise_ne_pas_promouvoir_comme_payg_valide,ocpi_tariff_type_unspecified_valid_for_all_sessions_not_payg_checkout_proof;ocpi_vat_unspecified_20pct_derivation_not_operator_verified,Eco-Movement ChargePoint PCPR CPO OCPI 2.2.1
GBCPIL7038225,LRE STATION 02,Honiton,GBCPIE7038225*2,GBCPIP7038225*2*1259,22080,NLCPIT351d*2*0,verification_requise_ne_pas_promouvoir_comme_payg_valide,ocpi_tariff_type_unspecified_valid_for_all_sessions_not_payg_checkout_proof;ocpi_vat_unspecified_20pct_derivation_not_operator_verified,Eco-Movement ChargePoint PCPR CPO OCPI 2.2.1
GBCPIL7244395,BABCOCK STATION 4,Risley,GBCPIE7244395*1,GBCPIP7244395*1*1259,22080,NLCPITMHh*I*0,verification_requise_ne_pas_promouvoir_comme_payg_valide,ocpi_tariff_type_unspecified_valid_for_all_sessions_not_payg_checkout_proof;ocpi_vat_unspecified_20pct_derivation_not_operator_verified,Eco-Movement ChargePoint PCPR CPO OCPI 2.2.1
GBCPIL7244395,BABCOCK STATION 4,Risley,GBCPIE7244395*2,GBCPIP7244395*2*1259,22080,NLCPITMHh*I*0,verification_requise_ne_pas_promouvoir_comme_payg_valide,ocpi_tariff_type_unspecified_valid_for_all_sessions_not_payg_checkout_proof;ocpi_vat_unspecified_20pct_derivation_not_operator_verified,Eco-Movement ChargePoint PCPR CPO OCPI 2.2.1
GBCPIL7244395,BABCOCK STATION 4,Risley,GBCPIE7244385*1,GBCPIP7244385*1*1259,22080,NLCPITMHh*I*0,verification_requise_ne_pas_promouvoir_comme_payg_valide,ocpi_tariff_type_unspecified_valid_for_all_sessions_not_payg_checkout_proof;ocpi_vat_unspecified_20pct_derivation_not_operator_verified,Eco-Movement ChargePoint PCPR CPO OCPI 2.2.1
GBCPIL7244395,BABCOCK STATION 4,Risley,GBCPIE7244385*2,GBCPIP7244385*2*1259,22080,NLCPITMHh*I*0,verification_requise_ne_pas_promouvoir_comme_payg_valide,ocpi_tariff_type_unspecified_valid_for_all_sessions_not_payg_checkout_proof;ocpi_vat_unspecified_20pct_derivation_not_operator_verified,Eco-Movement ChargePoint PCPR CPO OCPI 2.2.1
GBCPIL2865545,SERVICE STN BASILDON PETROL,Brentwood,GBCPIE2865545*1,GBCPIP2865545*1*82,22000,NLCPIT2Z7*5*0,verification_requise_ne_pas_promouvoir_comme_payg_valide,ocpi_tariff_type_unspecified_valid_for_all_sessions_not_payg_checkout_proof;ocpi_vat_unspecified_20pct_derivation_not_operator_verified,Eco-Movement ChargePoint PCPR CPO OCPI 2.2.1
GBCPIL2865545,SERVICE STN BASILDON PETROL,Brentwood,GBCPIE2865545*2,GBCPIP2865545*2*82,22000,NLCPIT2Z7*5*0,verification_requise_ne_pas_promouvoir_comme_payg_valide,ocpi_tariff_type_unspecified_valid_for_all_sessions_not_payg_checkout_proof;ocpi_vat_unspecified_20pct_derivation_not_operator_verified,Eco-Movement ChargePoint PCPR CPO OCPI 2.2.1
GBCPIL6976905,TORBAY TORBAY STAFF 1,Torquay,GBCPIE6976905*1,GBCPIP6976905*1*1258,22000,NLCPIT2rHN*4*0,verification_requise_ne_pas_promouvoir_comme_payg_valide,ocpi_tariff_type_unspecified_valid_for_all_sessions_not_payg_checkout_proof;ocpi_vat_unspecified_20pct_derivation_not_operator_verified,Eco-Movement ChargePoint PCPR CPO OCPI 2.2.1
GBCPIL6976905,TORBAY TORBAY STAFF 1,Torquay,GBCPIE6976905*2,GBCPIP6976905*2*1258,22000,NLCPIT2rHN*4*0,verification_requise_ne_pas_promouvoir_comme_payg_valide,ocpi_tariff_type_unspecified_valid_for_all_sessions_not_payg_checkout_proof;ocpi_vat_unspecified_20pct_derivation_not_operator_verified,Eco-Movement ChargePoint PCPR CPO OCPI 2.2.1
GBCPIL7411765,IBSTOCK ANSTONE WORKS 1,Kiveton Park,GBCPIE7411765*1,GBCPIP7411765*1*82,22000,NLCPIT2QP*1*0,tarif_indisponible,foreign_currency_tariff;ocpi_tariff_type_unspecified_valid_for_all_sessions_not_payg_checkout_proof;ocpi_vat_unspecified_20pct_derivation_not_operator_verified,Eco-Movement ChargePoint PCPR CPO OCPI 2.2.1
GBCPIL7411765,IBSTOCK ANSTONE WORKS 1,Kiveton Park,GBCPIE7411765*2,GBCPIP7411765*2*82,22000,NLCPIT2QP*1*0,tarif_indisponible,foreign_currency_tariff;ocpi_tariff_type_unspecified_valid_for_all_sessions_not_payg_checkout_proof;ocpi_vat_unspecified_20pct_derivation_not_operator_verified,Eco-Movement ChargePoint PCPR CPO OCPI 2.2.1
GBCPIL6713905,WOODCHESTER W15,Stroud,GBCPIE6713855*2,GBCPIP6713855*2*1258,22080,NLCPIT1mER*9*0,verification_requise_ne_pas_promouvoir_comme_payg_valide,ocpi_tariff_type_unspecified_valid_for_all_sessions_not_payg_checkout_proof;ocpi_vat_unspecified_20pct_derivation_not_operator_verified,Eco-Movement ChargePoint PCPR CPO OCPI 2.2.1
GBCPIL6713905,WOODCHESTER W15,Stroud,GBCPIE6713875*1,GBCPIP6713875*1*1258,22080,NLCPIT1mER*9*0,verification_requise_ne_pas_promouvoir_comme_payg_valide,ocpi_tariff_type_unspecified_valid_for_all_sessions_not_payg_checkout_proof;ocpi_vat_unspecified_20pct_derivation_not_operator_verified,Eco-Movement ChargePoint PCPR CPO OCPI 2.2.1
GBCPIL6713905,WOODCHESTER W15,Stroud,GBCPIE6713875*2,GBCPIP6713875*2*1258,22080,NLCPIT1mER*9*0,verification_requise_ne_pas_promouvoir_comme_payg_valide,ocpi_tariff_type_unspecified_valid_for_all_sessions_not_payg_checkout_proof;ocpi_vat_unspecified_20pct_derivation_not_operator_verified,Eco-Movement ChargePoint PCPR CPO OCPI 2.2.1
GBCPIL6713905,WOODCHESTER W15,Stroud,GBCPIE6713905*1,GBCPIP6713905*1*1258,22080,NLCPIT1mER*9*0,verification_requise_ne_pas_promouvoir_comme_payg_valide,ocpi_tariff_type_unspecified_valid_for_all_sessions_not_payg_checkout_proof;ocpi_vat_unspecified_20pct_derivation_not_operator_verified,Eco-Movement ChargePoint PCPR CPO OCPI 2.2.1
GBCPIL6713905,WOODCHESTER W15,Stroud,GBCPIE6713905*2,GBCPIP6713905*2*1258,22080,NLCPIT1mER*9*0,verification_requise_ne_pas_promouvoir_comme_payg_valide,ocpi_tariff_type_unspecified_valid_for_all_sessions_not_payg_checkout_proof;ocpi_vat_unspecified_20pct_derivation_not_operator_verified,Eco-Movement ChargePoint PCPR CPO OCPI 2.2.1
GBCPIL6713905,WOODCHESTER W15,Stroud,GBCPIE6713845*1,GBCPIP6713845*1*1258,22080,NLCPIT1mER*9*0,verification_requise_ne_pas_promouvoir_comme_payg_valide,ocpi_tariff_type_unspecified_valid_for_all_sessions_not_payg_checkout_proof;ocpi_vat_unspecified_20pct_derivation_not_operator_verified,Eco-Movement ChargePoint PCPR CPO OCPI 2.2.1
GBCPIL6713905,WOODCHESTER W15,Stroud,GBCPIE6713845*2,GBCPIP6713845*2*1258,22080,NLCPIT1mER*9*0,verification_requise_ne_pas_promouvoir_comme_payg_valide,ocpi_tariff_type_unspecified_valid_for_all_sessions_not_payg_checkout_proof;ocpi_vat_unspecified_20pct_derivation_not_operator_verified,Eco-Movement ChargePoint PCPR CPO OCPI 2.2.1
GBCPIL6713905,WOODCHESTER W15,Stroud,GBCPIE6713855*1,GBCPIP6713855*1*1258,22080,NLCPIT1mER*9*0,verification_requise_ne_pas_promouvoir_comme_payg_valide,ocpi_tariff_type_unspecified_valid_for_all_sessions_not_payg_checkout_proof;ocpi_vat_unspecified_20pct_derivation_not_operator_verified,Eco-Movement ChargePoint PCPR CPO OCPI 2.2.1
GBCPIL7046385,ADIENT STATION 02,Liverpool,GBCPIE7046365*1,GBCPIP7046365*1*1259,22080,NLCPIT37ln*5*0,verification_requise_ne_pas_promouvoir_comme_payg_valide,ocpi_tariff_type_unspecified_valid_for_all_sessions_not_payg_checkout_proof;ocpi_vat_unspecified_20pct_derivation_not_operator_verified,Eco-Movement ChargePoint PCPR CPO OCPI 2.2.1
GBCPIL7046385,ADIENT STATION 02,Liverpool,GBCPIE7046365*2,GBCPIP7046365*2*1259,22080,NLCPIT37ln*5*0,verification_requise_ne_pas_promouvoir_comme_payg_valide,ocpi_tariff_type_unspecified_valid_for_all_sessions_not_payg_checkout_proof;ocpi_vat_unspecified_20pct_derivation_not_operator_verified,Eco-Movement ChargePoint PCPR CPO OCPI 2.2.1
GBCPIL7046385,ADIENT STATION 02,Liverpool,GBCPIE7046385*1,GBCPIP7046385*1*1259,22080,NLCPIT37ln*5*0,verification_requise_ne_pas_promouvoir_comme_payg_valide,ocpi_tariff_type_unspecified_valid_for_all_sessions_not_payg_checkout_proof;ocpi_vat_unspecified_20pct_derivation_not_operator_verified,Eco-Movement ChargePoint PCPR CPO OCPI 2.2.1
GBCPIL7046385,ADIENT STATION 02,Liverpool,GBCPIE7046385*2,GBCPIP7046385*2*1259,22080,NLCPIT37ln*5*0,verification_requise_ne_pas_promouvoir_comme_payg_valide,ocpi_tariff_type_unspecified_valid_for_all_sessions_not_payg_checkout_proof;ocpi_vat_unspecified_20pct_derivation_not_operator_verified,Eco-Movement ChargePoint PCPR CPO OCPI 2.2.1
GBCPIL7046385,ADIENT STATION 02,Liverpool,GBCPIE7044225*1,GBCPIP7044225*1*1259,22080,NLCPIT37ln*5*0,verification_requise_ne_pas_promouvoir_comme_payg_valide,ocpi_tariff_type_unspecified_valid_for_all_sessions_not_payg_checkout_proof;ocpi_vat_unspecified_20pct_derivation_not_operator_verified,Eco-Movement ChargePoint PCPR CPO OCPI 2.2.1
GBCPIL7046385,ADIENT STATION 02,Liverpool,GBCPIE7044225*2,GBCPIP7044225*2*1259,22080,NLCPIT37ln*5*0,verification_requise_ne_pas_promouvoir_comme_payg_valide,ocpi_tariff_type_unspecified_valid_for_all_sessions_not_payg_checkout_proof;ocpi_vat_unspecified_20pct_derivation_not_operator_verified,Eco-Movement ChargePoint PCPR CPO OCPI 2.2.1
GBCPIL2890105,G BLOCK G BLOCK,Pontypridd,GBCPIE2890105*1,GBCPIP2890105*1*84,22000,NLCPITMFv*9*0,verification_requise_ne_pas_promouvoir_comme_payg_valide,ocpi_tariff_type_unspecified_valid_for_all_sessions_not_payg_checkout_proof;ocpi_vat_unspecified_20pct_derivation_not_operator_verified,Eco-Movement ChargePoint PCPR CPO OCPI 2.2.1
GBCPIL2890105,G BLOCK G BLOCK,Pontypridd,GBCPIE2890105*2,GBCPIP2890105*2*84,22000,NLCPITMFv*9*0,verification_requise_ne_pas_promouvoir_comme_payg_valide,ocpi_tariff_type_unspecified_valid_for_all_sessions_not_payg_checkout_proof;ocpi_vat_unspecified_20pct_derivation_not_operator_verified,Eco-Movement ChargePoint PCPR CPO OCPI 2.2.1
GBCPIL6732485,CAMBRIDGE SQ CAMBRIDGE SQ 10,Cambridge,GBCPIE6511485*1,GBCPIP6511485*1*82,22000,NLCPIT2mhL*1*0,verification_requise_ne_pas_promouvoir_comme_payg_valide,ocpi_tariff_type_unspecified_valid_for_all_sessions_not_payg_checkout_proof;ocpi_vat_unspecified_20pct_derivation_not_operator_verified,Eco-Movement ChargePoint PCPR CPO OCPI 2.2.1
GBCPIL6732485,CAMBRIDGE SQ CAMBRIDGE SQ 10,Cambridge,GBCPIE6732485*1,GBCPIP6732485*1*1258,7680,NLCPIT2mhL*1*0,verification_requise_ne_pas_promouvoir_comme_payg_valide,ocpi_tariff_type_unspecified_valid_for_all_sessions_not_payg_checkout_proof;ocpi_vat_unspecified_20pct_derivation_not_operator_verified,Eco-Movement ChargePoint PCPR CPO OCPI 2.2.1
GBCPIL6732485,CAMBRIDGE SQ CAMBRIDGE SQ 10,Cambridge,GBCPIE6732485*2,GBCPIP6732485*2*1258,7680,NLCPIT2mhL*1*0,verification_requise_ne_pas_promouvoir_comme_payg_valide,ocpi_tariff_type_unspecified_valid_for_all_sessions_not_payg_checkout_proof;ocpi_vat_unspecified_20pct_derivation_not_operator_verified,Eco-Movement ChargePoint PCPR CPO OCPI 2.2.1
GBCPIL7379275,BRISTOL AIRPORT MSCP 2 4,Bristol,GBCPIE7379065*1,GBCPIP7379065*1*1258,22080,NLCPIT3DP9*4*0,verification_requise_ne_pas_promouvoir_comme_payg_valide,ocpi_tariff_type_unspecified_valid_for_all_sessions_not_payg_checkout_proof;ocpi_vat_unspecified_20pct_derivation_not_operator_verified,Eco-Movement ChargePoint PCPR CPO OCPI 2.2.1
GBCPIL7379275,BRISTOL AIRPORT MSCP 2 4,Bristol,GBCPIE7379065*2,GBCPIP7379065*2*1258,22080,NLCPIT3DP9*4*0,verification_requise_ne_pas_promouvoir_comme_payg_valide,ocpi_tariff_type_unspecified_valid_for_all_sessions_not_payg_checkout_proof;ocpi_vat_unspecified_20pct_derivation_not_operator_verified,Eco-Movement ChargePoint PCPR CPO OCPI 2.2.1
GBCPIL7379275,BRISTOL AIRPORT MSCP 2 4,Bristol,GBCPIE7379075*1,GBCPIP7379075*1*1258,22080,NLCPIT3DP9*4*0,verification_requise_ne_pas_promouvoir_comme_payg_valide,ocpi_tariff_type_unspecified_valid_for_all_sessions_not_payg_checkout_proof;ocpi_vat_unspecified_20pct_derivation_not_operator_verified,Eco-Movement ChargePoint PCPR CPO OCPI 2.2.1
GBCPIL7379275,BRISTOL AIRPORT MSCP 2 4,Bristol,GBCPIE7379075*2,GBCPIP7379075*2*1258,22080,NLCPIT3DP9*4*0,verification_requise_ne_pas_promouvoir_comme_payg_valide,ocpi_tariff_type_unspecified_valid_for_all_sessions_not_payg_checkout_proof;ocpi_vat_unspecified_20pct_derivation_not_operator_verified,Eco-Movement ChargePoint PCPR CPO OCPI 2.2.1
GBCPIL7379275,BRISTOL AIRPORT MSCP 2 4,Bristol,GBCPIE7379135*2,GBCPIP7379135*2*1258,22080,NLCPIT3DP9*4*0,verification_requise_ne_pas_promouvoir_comme_payg_valide,ocpi_tariff_type_unspecified_valid_for_all_sessions_not_payg_checkout_proof;ocpi_vat_unspecified_20pct_derivation_not_operator_verified,Eco-Movement ChargePoint PCPR CPO OCPI 2.2.1
GBCPIL7379275,BRISTOL AIRPORT MSCP 2 4,Bristol,GBCPIE7379145*1,GBCPIP7379145*1*1258,22080,NLCPIT3DP9*4*0,verification_requise_ne_pas_promouvoir_comme_payg_valide,ocpi_tariff_type_unspecified_valid_for_all_sessions_not_payg_checkout_proof;ocpi_vat_unspecified_20pct_derivation_not_operator_verified,Eco-Movement ChargePoint PCPR CPO OCPI 2.2.1
GBCPIL7379275,BRISTOL AIRPORT MSCP 2 4,Bristol,GBCPIE7379275*2,GBCPIP7379275*2*1258,22080,NLCPIT3DP9*4*0,verification_requise_ne_pas_promouvoir_comme_payg_valide,ocpi_tariff_type_unspecified_valid_for_all_sessions_not_payg_checkout_proof;ocpi_vat_unspecified_20pct_derivation_not_operator_verified,Eco-Movement ChargePoint PCPR CPO OCPI 2.2.1
GBCPIL7379275,BRISTOL AIRPORT MSCP 2 4,Bristol,GBCPIE7379135*1,GBCPIP7379135*1*1258,22080,NLCPIT3DP9*4*0,verification_requise_ne_pas_promouvoir_comme_payg_valide,ocpi_tariff_type_unspecified_valid_for_all_sessions_not_payg_checkout_proof;ocpi_vat_unspecified_20pct_derivation_not_operator_verified,Eco-Movement ChargePoint PCPR CPO OCPI 2.2.1
GBCPIL7379275,BRISTOL AIRPORT MSCP 2 4,Bristol,GBCPIE7379145*2,GBCPIP7379145*2*1258,22080,NLCPIT3DP9*4*0,verification_requise_ne_pas_promouvoir_comme_payg_valide,ocpi_tariff_type_unspecified_valid_for_all_sessions_not_payg_checkout_proof;ocpi_vat_unspecified_20pct_derivation_not_operator_verified,Eco-Movement ChargePoint PCPR CPO OCPI 2.2.1
GBCPIL7379275,BRISTOL AIRPORT MSCP 2 4,Bristol,GBCPIE7379265*1,GBCPIP7379265*1*1258,22080,NLCPIT3DP9*4*0,verification_requise_ne_pas_promouvoir_comme_payg_valide,ocpi_tariff_type_unspecified_valid_for_all_sessions_not_payg_checkout_proof;ocpi_vat_unspecified_20pct_derivation_not_operator_verified,Eco-Movement ChargePoint PCPR CPO OCPI 2.2.1
GBCPIL7379275,BRISTOL AIRPORT MSCP 2 4,Bristol,GBCPIE7379265*2,GBCPIP7379265*2*1258,22080,NLCPIT3DP9*4*0,verification_requise_ne_pas_promouvoir_comme_payg_valide,ocpi_tariff_type_unspecified_valid_for_all_sessions_not_payg_checkout_proof;ocpi_vat_unspecified_20pct_derivation_not_operator_verified,Eco-Movement ChargePoint PCPR CPO OCPI 2.2.1
GBCPIL7379275,BRISTOL AIRPORT MSCP 2 4,Bristol,GBCPIE7379275*1,GBCPIP7379275*1*1258,22080,NLCPIT3DP9*4*0,verification_requise_ne_pas_promouvoir_comme_payg_valide,ocpi_tariff_type_unspecified_valid_for_all_sessions_not_payg_checkout_proof;ocpi_vat_unspecified_20pct_derivation_not_operator_verified,Eco-Movement ChargePoint PCPR CPO OCPI 2.2.1
GBCPIL6816385,BABCOCK STATION 13,Plymouth,GBCPIE6788755*1,GBCPIP6788755*1*1258,7680,NLCPIT2XHh*G*0,verification_requise_ne_pas_promouvoir_comme_payg_valide,ocpi_tariff_type_unspecified_valid_for_all_sessions_not_payg_checkout_proof;ocpi_vat_unspecified_20pct_derivation_not_operator_verified,Eco-Movement ChargePoint PCPR CPO OCPI 2.2.1
GBCPIL6816385,BABCOCK STATION 13,Plymouth,GBCPIE6788755*2,GBCPIP6788755*2*1258,7680,NLCPIT2XHh*G*0,verification_requise_ne_pas_promouvoir_comme_payg_valide,ocpi_tariff_type_unspecified_valid_for_all_sessions_not_payg_checkout_proof;ocpi_vat_unspecified_20pct_derivation_not_operator_verified,Eco-Movement ChargePoint PCPR CPO OCPI 2.2.1
GBCPIL6816385,BABCOCK STATION 13,Plymouth,GBCPIE6790365*1,GBCPIP6790365*1*1258,7680,NLCPIT2XHh*G*0,verification_requise_ne_pas_promouvoir_comme_payg_valide,ocpi_tariff_type_unspecified_valid_for_all_sessions_not_payg_checkout_proof;ocpi_vat_unspecified_20pct_derivation_not_operator_verified,Eco-Movement ChargePoint PCPR CPO OCPI 2.2.1
GBCPIL6816385,BABCOCK STATION 13,Plymouth,GBCPIE6790365*2,GBCPIP6790365*2*1258,7680,NLCPIT2XHh*G*0,verification_requise_ne_pas_promouvoir_comme_payg_valide,ocpi_tariff_type_unspecified_valid_for_all_sessions_not_payg_checkout_proof;ocpi_vat_unspecified_20pct_derivation_not_operator_verified,Eco-Movement ChargePoint PCPR CPO OCPI 2.2.1
GBCPIL6816385,BABCOCK STATION 13,Plymouth,GBCPIE6790385*1,GBCPIP6790385*1*1258,22080,NLCPIT2XHh*G*0,verification_requise_ne_pas_promouvoir_comme_payg_valide,ocpi_tariff_type_unspecified_valid_for_all_sessions_not_payg_checkout_proof;ocpi_vat_unspecified_20pct_derivation_not_operator_verified,Eco-Movement ChargePoint PCPR CPO OCPI 2.2.1
GBCPIL6816385,BABCOCK STATION 13,Plymouth,GBCPIE6790385*2,GBCPIP6790385*2*1258,22080,NLCPIT2XHh*G*0,verification_requise_ne_pas_promouvoir_comme_payg_valide,ocpi_tariff_type_unspecified_valid_for_all_sessions_not_payg_checkout_proof;ocpi_vat_unspecified_20pct_derivation_not_operator_verified,Eco-Movement ChargePoint PCPR CPO OCPI 2.2.1
GBCPIL6816385,BABCOCK STATION 13,Plymouth,GBCPIE6816385*1,GBCPIP6816385*1*1258,7680,NLCPIT2XHh*G*0,verification_requise_ne_pas_promouvoir_comme_payg_valide,ocpi_tariff_type_unspecified_valid_for_all_sessions_not_payg_checkout_proof;ocpi_vat_unspecified_20pct_derivation_not_operator_verified,Eco-Movement ChargePoint PCPR CPO OCPI 2.2.1
GBCPIL7207585,APEX HOTELS GRASSMARKET 02,Edinburgh,GBCPIE7207555*1,GBCPIP7207555*1*1259,22080,NLCPIT39g1*1*0,verification_requise_ne_pas_promouvoir_comme_payg_valide,ocpi_tariff_type_unspecified_valid_for_all_sessions_not_payg_checkout_proof;ocpi_vat_unspecified_20pct_derivation_not_operator_verified,Eco-Movement ChargePoint PCPR CPO OCPI 2.2.1
GBCPIL7207585,APEX HOTELS GRASSMARKET 02,Edinburgh,GBCPIE7207555*2,GBCPIP7207555*2*1259,22080,NLCPIT39g1*1*0,verification_requise_ne_pas_promouvoir_comme_payg_valide,ocpi_tariff_type_unspecified_valid_for_all_sessions_not_payg_checkout_proof;ocpi_vat_unspecified_20pct_derivation_not_operator_verified,Eco-Movement ChargePoint PCPR CPO OCPI 2.2.1
GBCPIL7207585,APEX HOTELS GRASSMARKET 02,Edinburgh,GBCPIE7207585*1,GBCPIP7207585*1*1259,22080,NLCPIT39g1*1*0,verification_requise_ne_pas_promouvoir_comme_payg_valide,ocpi_tariff_type_unspecified_valid_for_all_sessions_not_payg_checkout_proof;ocpi_vat_unspecified_20pct_derivation_not_operator_verified,Eco-Movement ChargePoint PCPR CPO OCPI 2.2.1
GBCPIL7207585,APEX HOTELS GRASSMARKET 02,Edinburgh,GBCPIE7207585*2,GBCPIP7207585*2*1259,22080,NLCPIT39g1*1*0,verification_requise_ne_pas_promouvoir_comme_payg_valide,ocpi_tariff_type_unspecified_valid_for_all_sessions_not_payg_checkout_proof;ocpi_vat_unspecified_20pct_derivation_not_operator_verified,Eco-Movement ChargePoint PCPR CPO OCPI 2.2.1
GBCPIL7379785,BRISTOL AIRPORT SILVER ZONE,Bristol,GBCPIE7379785*1,GBCPIP7379785*1*100209,40000,NLCPIT3Atf*8*0,verification_requise_ne_pas_promouvoir_comme_payg_valide,ocpi_tariff_type_unspecified_valid_for_all_sessions_not_payg_checkout_proof;ocpi_vat_unspecified_20pct_derivation_not_operator_verified,Eco-Movement ChargePoint PCPR CPO OCPI 2.2.1
GBCPIL7379785,BRISTOL AIRPORT SILVER ZONE,Bristol,GBCPIE7379785*2,GBCPIP7379785*2*100209,40000,NLCPIT3Atf*8*0,verification_requise_ne_pas_promouvoir_comme_payg_valide,ocpi_tariff_type_unspecified_valid_for_all_sessions_not_payg_checkout_proof;ocpi_vat_unspecified_20pct_derivation_not_operator_verified,Eco-Movement ChargePoint PCPR CPO OCPI 2.2.1
GBCPIL6714045,WOODCHESTER WV20,Stroud,GBCPIE6714045*2,GBCPIP6714045*2*1258,22080,NLCPIT1mER*9*0,verification_requise_ne_pas_promouvoir_comme_payg_valide,ocpi_tariff_type_unspecified_valid_for_all_sessions_not_payg_checkout_proof;ocpi_vat_unspecified_20pct_derivation_not_operator_verified,Eco-Movement ChargePoint PCPR CPO OCPI 2.2.1
GBCPIL6714045,WOODCHESTER WV20,Stroud,GBCPIE6714045*1,GBCPIP6714045*1*1258,22080,NLCPIT1mER*9*0,verification_requise_ne_pas_promouvoir_comme_payg_valide,ocpi_tariff_type_unspecified_valid_for_all_sessions_not_payg_checkout_proof;ocpi_vat_unspecified_20pct_derivation_not_operator_verified,Eco-Movement ChargePoint PCPR CPO OCPI 2.2.1
GBCPIL2910365,USS WITAN GATE2,Milton Keynes,GBCPIE2910365*1,GBCPIP2910365*1*82,22000,NLCPIT19v7*8*0,verification_requise_ne_pas_promouvoir_comme_payg_valide,ocpi_tariff_type_unspecified_valid_for_all_sessions_not_payg_checkout_proof;ocpi_vat_unspecified_20pct_derivation_not_operator_verified,Eco-Movement ChargePoint PCPR CPO OCPI 2.2.1
GBCPIL2910365,USS WITAN GATE2,Milton Keynes,GBCPIE2910365*2,GBCPIP2910365*2*82,22000,NLCPIT19v7*8*0,verification_requise_ne_pas_promouvoir_comme_payg_valide,ocpi_tariff_type_unspecified_valid_for_all_sessions_not_payg_checkout_proof;ocpi_vat_unspecified_20pct_derivation_not_operator_verified,Eco-Movement ChargePoint PCPR CPO OCPI 2.2.1
GBCPIL7400355,CHISWICK PARK CHARGER 06,London,GBCPIE7400355*1,GBCPIP7400355*1*1259,22080,NLCPIT14rZ*5*0,verification_requise_ne_pas_promouvoir_comme_payg_valide,ocpi_tariff_type_unspecified_valid_for_all_sessions_not_payg_checkout_proof;ocpi_vat_unspecified_20pct_derivation_not_operator_verified,Eco-Movement ChargePoint PCPR CPO OCPI 2.2.1
GBCPIL7400355,CHISWICK PARK CHARGER 06,London,GBCPIE7403215*2,GBCPIP7403215*2*1259,22080,NLCPIT14rZ*5*0,verification_requise_ne_pas_promouvoir_comme_payg_valide,ocpi_tariff_type_unspecified_valid_for_all_sessions_not_payg_checkout_proof;ocpi_vat_unspecified_20pct_derivation_not_operator_verified,Eco-Movement ChargePoint PCPR CPO OCPI 2.2.1
GBCPIL7400355,CHISWICK PARK CHARGER 06,London,GBCPIE7403235*2,GBCPIP7403235*2*1259,22080,NLCPIT14rZ*5*0,verification_requise_ne_pas_promouvoir_comme_payg_valide,ocpi_tariff_type_unspecified_valid_for_all_sessions_not_payg_checkout_proof;ocpi_vat_unspecified_20pct_derivation_not_operator_verified,Eco-Movement ChargePoint PCPR CPO OCPI 2.2.1
GBCPIL7400355,CHISWICK PARK CHARGER 06,London,GBCPIE7403275*2,GBCPIP7403275*2*1259,22080,NLCPIT14rZ*5*0,verification_requise_ne_pas_promouvoir_comme_payg_valide,ocpi_tariff_type_unspecified_valid_for_all_sessions_not_payg_checkout_proof;ocpi_vat_unspecified_20pct_derivation_not_operator_verified,Eco-Movement ChargePoint PCPR CPO OCPI 2.2.1
GBCPIL7400355,CHISWICK PARK CHARGER 06,London,GBCPIE7400205*1,GBCPIP7400205*1*1259,22080,NLCPIT14rZ*5*0,verification_requise_ne_pas_promouvoir_comme_payg_valide,ocpi_tariff_type_unspecified_valid_for_all_sessions_not_payg_checkout_proof;ocpi_vat_unspecified_20pct_derivation_not_operator_verified,Eco-Movement ChargePoint PCPR CPO OCPI 2.2.1
GBCPIL7400355,CHISWICK PARK CHARGER 06,London,GBCPIE7400205*2,GBCPIP7400205*2*1259,22080,NLCPIT14rZ*5*0,verification_requise_ne_pas_promouvoir_comme_payg_valide,ocpi_tariff_type_unspecified_valid_for_all_sessions_not_payg_checkout_proof;ocpi_vat_unspecified_20pct_derivation_not_operator_verified,Eco-Movement ChargePoint PCPR CPO OCPI 2.2.1
GBCPIL7400355,CHISWICK PARK CHARGER 06,London,GBCPIE7400355*2,GBCPIP7400355*2*1259,22080,NLCPIT14rZ*5*0,verification_requise_ne_pas_promouvoir_comme_payg_valide,ocpi_tariff_type_unspecified_valid_for_all_sessions_not_payg_checkout_proof;ocpi_vat_unspecified_20pct_derivation_not_operator_verified,Eco-Movement ChargePoint PCPR CPO OCPI 2.2.1
GBCPIL7400355,CHISWICK PARK CHARGER 06,London,GBCPIE7403215*1,GBCPIP7403215*1*1259,22080,NLCPIT14rZ*5*0,verification_requise_ne_pas_promouvoir_comme_payg_valide,ocpi_tariff_type_unspecified_valid_for_all_sessions_not_payg_checkout_proof;ocpi_vat_unspecified_20pct_derivation_not_operator_verified,Eco-Movement ChargePoint PCPR CPO OCPI 2.2.1
GBCPIL7400355,CHISWICK PARK CHARGER 06,London,GBCPIE7403235*1,GBCPIP7403235*1*1259,22080,NLCPIT14rZ*5*0,verification_requise_ne_pas_promouvoir_comme_payg_valide,ocpi_tariff_type_unspecified_valid_for_all_sessions_not_payg_checkout_proof;ocpi_vat_unspecified_20pct_derivation_not_operator_verified,Eco-Movement ChargePoint PCPR CPO OCPI 2.2.1
GBCPIL7400355,CHISWICK PARK CHARGER 06,London,GBCPIE7403275*1,GBCPIP7403275*1*1259,22080,NLCPIT14rZ*5*0,verification_requise_ne_pas_promouvoir_comme_payg_valide,ocpi_tariff_type_unspecified_valid_for_all_sessions_not_payg_checkout_proof;ocpi_vat_unspecified_20pct_derivation_not_operator_verified,Eco-Movement ChargePoint PCPR CPO OCPI 2.2.1
GBCPIL6811955,T2 0500-07,Dordon,GBCPIE6811905*1,GBCPIP6811905*1*1259,22080,NLCPIT2XL5*9*0,verification_requise_ne_pas_promouvoir_comme_payg_valide,ocpi_tariff_type_unspecified_valid_for_all_sessions_not_payg_checkout_proof;ocpi_vat_unspecified_20pct_derivation_not_operator_verified,Eco-Movement ChargePoint PCPR CPO OCPI 2.2.1
GBCPIL6811955,T2 0500-07,Dordon,GBCPIE6811915*2,GBCPIP6811915*2*1259,22080,NLCPIT2XL5*9*0,verification_requise_ne_pas_promouvoir_comme_payg_valide,ocpi_tariff_type_unspecified_valid_for_all_sessions_not_payg_checkout_proof;ocpi_vat_unspecified_20pct_derivation_not_operator_verified,Eco-Movement ChargePoint PCPR CPO OCPI 2.2.1
GBCPIL6811955,T2 0500-07,Dordon,GBCPIE6811945*1,GBCPIP6811945*1*1259,22080,NLCPIT2XL5*9*0,verification_requise_ne_pas_promouvoir_comme_payg_valide,ocpi_tariff_type_unspecified_valid_for_all_sessions_not_payg_checkout_proof;ocpi_vat_unspecified_20pct_derivation_not_operator_verified,Eco-Movement ChargePoint PCPR CPO OCPI 2.2.1
GBCPIL6811955,T2 0500-07,Dordon,GBCPIE6811955*1,GBCPIP6811955*1*1259,22080,NLCPIT2XL5*9*0,verification_requise_ne_pas_promouvoir_comme_payg_valide,ocpi_tariff_type_unspecified_valid_for_all_sessions_not_payg_checkout_proof;ocpi_vat_unspecified_20pct_derivation_not_operator_verified,Eco-Movement ChargePoint PCPR CPO OCPI 2.2.1
GBCPIL6811955,T2 0500-07,Dordon,GBCPIE6811905*2,GBCPIP6811905*2*1259,22080,NLCPIT2XL5*9*0,verification_requise_ne_pas_promouvoir_comme_payg_valide,ocpi_tariff_type_unspecified_valid_for_all_sessions_not_payg_checkout_proof;ocpi_vat_unspecified_20pct_derivation_not_operator_verified,Eco-Movement ChargePoint PCPR CPO OCPI 2.2.1
GBCPIL6811955,T2 0500-07,Dordon,GBCPIE6811915*1,GBCPIP6811915*1*1259,22080,NLCPIT2XL5*9*0,verification_requise_ne_pas_promouvoir_comme_payg_valide,ocpi_tariff_type_unspecified_valid_for_all_sessions_not_payg_checkout_proof;ocpi_vat_unspecified_20pct_derivation_not_operator_verified,Eco-Movement ChargePoint PCPR CPO OCPI 2.2.1
GBCPIL6811955,T2 0500-07,Dordon,GBCPIE6811935*1,GBCPIP6811935*1*1259,22080,NLCPIT2XL5*9*0,verification_requise_ne_pas_promouvoir_comme_payg_valide,ocpi_tariff_type_unspecified_valid_for_all_sessions_not_payg_checkout_proof;ocpi_vat_unspecified_20pct_derivation_not_operator_verified,Eco-Movement ChargePoint PCPR CPO OCPI 2.2.1
GBCPIL6811955,T2 0500-07,Dordon,GBCPIE6811935*2,GBCPIP6811935*2*1259,22080,NLCPIT2XL5*9*0,verification_requise_ne_pas_promouvoir_comme_payg_valide,ocpi_tariff_type_unspecified_valid_for_all_sessions_not_payg_checkout_proof;ocpi_vat_unspecified_20pct_derivation_not_operator_verified,Eco-Movement ChargePoint PCPR CPO OCPI 2.2.1
GBCPIL6811955,T2 0500-07,Dordon,GBCPIE6811945*2,GBCPIP6811945*2*1259,22080,NLCPIT2XL5*9*0,verification_requise_ne_pas_promouvoir_comme_payg_valide,ocpi_tariff_type_unspecified_valid_for_all_sessions_not_payg_checkout_proof;ocpi_vat_unspecified_20pct_derivation_not_operator_verified,Eco-Movement ChargePoint PCPR CPO OCPI 2.2.1
GBCPIL6811955,T2 0500-07,Dordon,GBCPIE6811955*2,GBCPIP6811955*2*1259,22080,NLCPIT2XL5*9*0,verification_requise_ne_pas_promouvoir_comme_payg_valide,ocpi_tariff_type_unspecified_valid_for_all_sessions_not_payg_checkout_proof;ocpi_vat_unspecified_20pct_derivation_not_operator_verified,Eco-Movement ChargePoint PCPR CPO OCPI 2.2.1
GBCPIL7369235,EVIELIFE BATH AND WEST 2,shepton mallet,GBCPIE7369235*1,GBCPIP7369235*1*1259,22080,NLCPIT2tjJ*K*0,verification_requise_ne_pas_promouvoir_comme_payg_valide,ocpi_tariff_type_unspecified_valid_for_all_sessions_not_payg_checkout_proof;ocpi_vat_unspecified_20pct_derivation_not_operator_verified,Eco-Movement ChargePoint PCPR CPO OCPI 2.2.1
GBCPIL7369235,EVIELIFE BATH AND WEST 2,shepton mallet,GBCPIE7369235*2,GBCPIP7369235*2*1259,22080,NLCPIT2tjJ*K*0,verification_requise_ne_pas_promouvoir_comme_payg_valide,ocpi_tariff_type_unspecified_valid_for_all_sessions_not_payg_checkout_proof;ocpi_vat_unspecified_20pct_derivation_not_operator_verified,Eco-Movement ChargePoint PCPR CPO OCPI 2.2.1
GBCPIL7369235,EVIELIFE BATH AND WEST 2,shepton mallet,GBCPIE7369225*1,GBCPIP7369225*1*1259,22080,NLCPIT2tjJ*K*0,verification_requise_ne_pas_promouvoir_comme_payg_valide,ocpi_tariff_type_unspecified_valid_for_all_sessions_not_payg_checkout_proof;ocpi_vat_unspecified_20pct_derivation_not_operator_verified,Eco-Movement ChargePoint PCPR CPO OCPI 2.2.1
GBCPIL7369235,EVIELIFE BATH AND WEST 2,shepton mallet,GBCPIE7369225*2,GBCPIP7369225*2*1259,22080,NLCPIT2tjJ*K*0,verification_requise_ne_pas_promouvoir_comme_payg_valide,ocpi_tariff_type_unspecified_valid_for_all_sessions_not_payg_checkout_proof;ocpi_vat_unspecified_20pct_derivation_not_operator_verified,Eco-Movement ChargePoint PCPR CPO OCPI 2.2.1
GBCPIL6919865,FNC NQH EVC 1,Bristol,GBCPIE6919865*1,GBCPIP6919865*1*1258,22080,NLCPIT2QP*1*0,tarif_indisponible,foreign_currency_tariff;ocpi_tariff_type_unspecified_valid_for_all_sessions_not_payg_checkout_proof;ocpi_vat_unspecified_20pct_derivation_not_operator_verified,Eco-Movement ChargePoint PCPR CPO OCPI 2.2.1
GBCPIL6919865,FNC NQH EVC 1,Bristol,GBCPIE6919865*2,GBCPIP6919865*2*1258,22080,NLCPIT2QP*1*0,tarif_indisponible,foreign_currency_tariff;ocpi_tariff_type_unspecified_valid_for_all_sessions_not_payg_checkout_proof;ocpi_vat_unspecified_20pct_derivation_not_operator_verified,Eco-Movement ChargePoint PCPR CPO OCPI 2.2.1
GBCPIL6927325,SKY UK LIMITED STATION B13,Borehamwood,GBCPIE6927325*2,GBCPIP6927325*2*1258,7680,NLCPIT2gfd*6*0,verification_requise_ne_pas_promouvoir_comme_payg_valide,ocpi_tariff_type_unspecified_valid_for_all_sessions_not_payg_checkout_proof;ocpi_vat_unspecified_20pct_derivation_not_operator_verified,Eco-Movement ChargePoint PCPR CPO OCPI 2.2.1
GBCPIL6927325,SKY UK LIMITED STATION B13,Borehamwood,GBCPIE6927325*1,GBCPIP6927325*1*1258,7680,NLCPIT2gfd*6*0,verification_requise_ne_pas_promouvoir_comme_payg_valide,ocpi_tariff_type_unspecified_valid_for_all_sessions_not_payg_checkout_proof;ocpi_vat_unspecified_20pct_derivation_not_operator_verified,Eco-Movement ChargePoint PCPR CPO OCPI 2.2.1
GBCPIL6719965,WARE CAMPUS STATION 2,Ware,GBCPIE6719945*1,GBCPIP6719945*1*1258,11040,NLCPIT2QP*1*0,tarif_indisponible,foreign_currency_tariff;ocpi_tariff_type_unspecified_valid_for_all_sessions_not_payg_checkout_proof;ocpi_vat_unspecified_20pct_derivation_not_operator_verified,Eco-Movement ChargePoint PCPR CPO OCPI 2.2.1
GBCPIL6719965,WARE CAMPUS STATION 2,Ware,GBCPIE6719945*2,GBCPIP6719945*2*1258,11040,NLCPIT2QP*1*0,tarif_indisponible,foreign_currency_tariff;ocpi_tariff_type_unspecified_valid_for_all_sessions_not_payg_checkout_proof;ocpi_vat_unspecified_20pct_derivation_not_operator_verified,Eco-Movement ChargePoint PCPR CPO OCPI 2.2.1
GBCPIL6719965,WARE CAMPUS STATION 2,Ware,GBCPIE6719965*1,GBCPIP6719965*1*1258,11040,NLCPIT2QP*1*0,tarif_indisponible,foreign_currency_tariff;ocpi_tariff_type_unspecified_valid_for_all_sessions_not_payg_checkout_proof;ocpi_vat_unspecified_20pct_derivation_not_operator_verified,Eco-Movement ChargePoint PCPR CPO OCPI 2.2.1
GBCPIL6719965,WARE CAMPUS STATION 2,Ware,GBCPIE6719965*2,GBCPIP6719965*2*1258,11040,NLCPIT2QP*1*0,tarif_indisponible,foreign_currency_tariff;ocpi_tariff_type_unspecified_valid_for_all_sessions_not_payg_checkout_proof;ocpi_vat_unspecified_20pct_derivation_not_operator_verified,Eco-Movement ChargePoint PCPR CPO OCPI 2.2.1
GBCPIL6719965,WARE CAMPUS STATION 2,Ware,GBCPIE6719895*1,GBCPIP6719895*1*1258,22080,NLCPIT2QP*1*0,tarif_indisponible,foreign_currency_tariff;ocpi_tariff_type_unspecified_valid_for_all_sessions_not_payg_checkout_proof;ocpi_vat_unspecified_20pct_derivation_not_operator_verified,Eco-Movement ChargePoint PCPR CPO OCPI 2.2.1
GBCPIL6719965,WARE CAMPUS STATION 2,Ware,GBCPIE6719895*2,GBCPIP6719895*2*1258,22080,NLCPIT2QP*1*0,tarif_indisponible,foreign_currency_tariff;ocpi_tariff_type_unspecified_valid_for_all_sessions_not_payg_checkout_proof;ocpi_vat_unspecified_20pct_derivation_not_operator_verified,Eco-Movement ChargePoint PCPR CPO OCPI 2.2.1
GBCPIL6719965,WARE CAMPUS STATION 2,Ware,GBCPIE6719935*1,GBCPIP6719935*1*1258,11040,NLCPIT2QP*1*0,tarif_indisponible,foreign_currency_tariff;ocpi_tariff_type_unspecified_valid_for_all_sessions_not_payg_checkout_proof;ocpi_vat_unspecified_20pct_derivation_not_operator_verified,Eco-Movement ChargePoint PCPR CPO OCPI 2.2.1
GBCPIL6719965,WARE CAMPUS STATION 2,Ware,GBCPIE6719935*2,GBCPIP6719935*2*1258,11040,NLCPIT2QP*1*0,tarif_indisponible,foreign_currency_tariff;ocpi_tariff_type_unspecified_valid_for_all_sessions_not_payg_checkout_proof;ocpi_vat_unspecified_20pct_derivation_not_operator_verified,Eco-Movement ChargePoint PCPR CPO OCPI 2.2.1
GBCPIL7244525,EVIELIFE MICHELANGELO 01,Ryton,GBCPIE7244525*1,GBCPIP7244525*1*1259,22080,NLCPIT2tjJ*K*0,verification_requise_ne_pas_promouvoir_comme_payg_valide,ocpi_tariff_type_unspecified_valid_for_all_sessions_not_payg_checkout_proof;ocpi_vat_unspecified_20pct_derivation_not_operator_verified,Eco-Movement ChargePoint PCPR CPO OCPI 2.2.1
GBCPIL7244525,EVIELIFE MICHELANGELO 01,Ryton,GBCPIE7244525*2,GBCPIP7244525*2*1259,22080,NLCPIT2tjJ*K*0,verification_requise_ne_pas_promouvoir_comme_payg_valide,ocpi_tariff_type_unspecified_valid_for_all_sessions_not_payg_checkout_proof;ocpi_vat_unspecified_20pct_derivation_not_operator_verified,Eco-Movement ChargePoint PCPR CPO OCPI 2.2.1
GBCPIL6732405,CAMBRIDGE SQ CAMBRIDGE SQ 3,Cambridge,GBCPIE6732405*1,GBCPIP6732405*1*1258,7680,NLCPIT2mhL*1*0,verification_requise_ne_pas_promouvoir_comme_payg_valide,ocpi_tariff_type_unspecified_valid_for_all_sessions_not_payg_checkout_proof;ocpi_vat_unspecified_20pct_derivation_not_operator_verified,Eco-Movement ChargePoint PCPR CPO OCPI 2.2.1
GBCPIL6732405,CAMBRIDGE SQ CAMBRIDGE SQ 3,Cambridge,GBCPIE6732405*2,GBCPIP6732405*2*1258,7680,NLCPIT2mhL*1*0,verification_requise_ne_pas_promouvoir_comme_payg_valide,ocpi_tariff_type_unspecified_valid_for_all_sessions_not_payg_checkout_proof;ocpi_vat_unspecified_20pct_derivation_not_operator_verified,Eco-Movement ChargePoint PCPR CPO OCPI 2.2.1
GBCPIL7176205,APEX HOTELS APEX CITY QUAY3,Dundee,GBCPIE7176205*1,GBCPIP7176205*1*1259,22080,NLCPIT39g1*1*0,verification_requise_ne_pas_promouvoir_comme_payg_valide,ocpi_tariff_type_unspecified_valid_for_all_sessions_not_payg_checkout_proof;ocpi_vat_unspecified_20pct_derivation_not_operator_verified,Eco-Movement ChargePoint PCPR CPO OCPI 2.2.1
GBCPIL7176205,APEX HOTELS APEX CITY QUAY3,Dundee,GBCPIE7176205*2,GBCPIP7176205*2*1259,22080,NLCPIT39g1*1*0,verification_requise_ne_pas_promouvoir_comme_payg_valide,ocpi_tariff_type_unspecified_valid_for_all_sessions_not_payg_checkout_proof;ocpi_vat_unspecified_20pct_derivation_not_operator_verified,Eco-Movement ChargePoint PCPR CPO OCPI 2.2.1
GBCPIL7176205,APEX HOTELS APEX CITY QUAY3,Dundee,GBCPIE7176175*1,GBCPIP7176175*1*1259,22080,NLCPIT39g1*1*0,verification_requise_ne_pas_promouvoir_comme_payg_valide,ocpi_tariff_type_unspecified_valid_for_all_sessions_not_payg_checkout_proof;ocpi_vat_unspecified_20pct_derivation_not_operator_verified,Eco-Movement ChargePoint PCPR CPO OCPI 2.2.1
GBCPIL7176205,APEX HOTELS APEX CITY QUAY3,Dundee,GBCPIE7176175*2,GBCPIP7176175*2*1259,22080,NLCPIT39g1*1*0,verification_requise_ne_pas_promouvoir_comme_payg_valide,ocpi_tariff_type_unspecified_valid_for_all_sessions_not_payg_checkout_proof;ocpi_vat_unspecified_20pct_derivation_not_operator_verified,Eco-Movement ChargePoint PCPR CPO OCPI 2.2.1
GBCPIL7176205,APEX HOTELS APEX CITY QUAY3,Dundee,GBCPIE7176195*1,GBCPIP7176195*1*1259,22080,NLCPIT39g1*1*0,verification_requise_ne_pas_promouvoir_comme_payg_valide,ocpi_tariff_type_unspecified_valid_for_all_sessions_not_payg_checkout_proof;ocpi_vat_unspecified_20pct_derivation_not_operator_verified,Eco-Movement ChargePoint PCPR CPO OCPI 2.2.1
GBCPIL7176205,APEX HOTELS APEX CITY QUAY3,Dundee,GBCPIE7176195*2,GBCPIP7176195*2*1259,22080,NLCPIT39g1*1*0,verification_requise_ne_pas_promouvoir_comme_payg_valide,ocpi_tariff_type_unspecified_valid_for_all_sessions_not_payg_checkout_proof;ocpi_vat_unspecified_20pct_derivation_not_operator_verified,Eco-Movement ChargePoint PCPR CPO OCPI 2.2.1
GBCPIL7296025,CP QA UK CP800,Theale,GBCPIE7296025*1,GBCPIP7296025*1*100070,7680,NLCPIT2QP*1*0,tarif_indisponible,foreign_currency_tariff;ocpi_tariff_type_unspecified_valid_for_all_sessions_not_payg_checkout_proof;ocpi_vat_unspecified_20pct_derivation_not_operator_verified,Eco-Movement ChargePoint PCPR CPO OCPI 2.2.1
GBCPIL6774525,BV STATION 01,Bicester,GBCPIE6774525*1,GBCPIP6774525*1*100270,22080,NLCPIT2AJz*2*0,verification_requise_ne_pas_promouvoir_comme_payg_valide,ocpi_tariff_type_unspecified_valid_for_all_sessions_not_payg_checkout_proof;ocpi_vat_unspecified_20pct_derivation_not_operator_verified,Eco-Movement ChargePoint PCPR CPO OCPI 2.2.1
GBCPIL6774525,BV STATION 01,Bicester,GBCPIE6774525*2,GBCPIP6774525*2*100270,22080,NLCPIT2AJz*2*0,verification_requise_ne_pas_promouvoir_comme_payg_valide,ocpi_tariff_type_unspecified_valid_for_all_sessions_not_payg_checkout_proof;ocpi_vat_unspecified_20pct_derivation_not_operator_verified,Eco-Movement ChargePoint PCPR CPO OCPI 2.2.1
GBCPIL7264345,EVIELIFE BLACKMORE 01,Cannington,GBCPIE7264345*1,GBCPIP7264345*1*1259,22080,NLCPIT2tjJ*K*0,verification_requise_ne_pas_promouvoir_comme_payg_valide,ocpi_tariff_type_unspecified_valid_for_all_sessions_not_payg_checkout_proof;ocpi_vat_unspecified_20pct_derivation_not_operator_verified,Eco-Movement ChargePoint PCPR CPO OCPI 2.2.1
GBCPIL7264345,EVIELIFE BLACKMORE 01,Cannington,GBCPIE7264345*2,GBCPIP7264345*2*1259,22080,NLCPIT2tjJ*K*0,verification_requise_ne_pas_promouvoir_comme_payg_valide,ocpi_tariff_type_unspecified_valid_for_all_sessions_not_payg_checkout_proof;ocpi_vat_unspecified_20pct_derivation_not_operator_verified,Eco-Movement ChargePoint PCPR CPO OCPI 2.2.1
GBCPIL7301775,EVIELIFE CAPTAINS CLUB 1,Christchurch,GBCPIE7301775*1,GBCPIP7301775*1*1259,22080,NLCPIT3ESn*1*0,verification_requise_ne_pas_promouvoir_comme_payg_valide,ocpi_tariff_type_unspecified_valid_for_all_sessions_not_payg_checkout_proof;ocpi_vat_unspecified_20pct_derivation_not_operator_verified,Eco-Movement ChargePoint PCPR CPO OCPI 2.2.1
GBCPIL7301775,EVIELIFE CAPTAINS CLUB 1,Christchurch,GBCPIE7301775*2,GBCPIP7301775*2*1259,22080,NLCPIT3ESn*1*0,verification_requise_ne_pas_promouvoir_comme_payg_valide,ocpi_tariff_type_unspecified_valid_for_all_sessions_not_payg_checkout_proof;ocpi_vat_unspecified_20pct_derivation_not_operator_verified,Eco-Movement ChargePoint PCPR CPO OCPI 2.2.1
GBCPIL7421505,HH-EVC GUILDFORD 1,Guildford,GBCPIE7421465*1,GBCPIP7421465*1*1258,22080,NLCPIT3DR5*7*0,verification_requise_ne_pas_promouvoir_comme_payg_valide,ocpi_tariff_type_unspecified_valid_for_all_sessions_not_payg_checkout_proof;ocpi_vat_unspecified_20pct_derivation_not_operator_verified,Eco-Movement ChargePoint PCPR CPO OCPI 2.2.1
GBCPIL7421505,HH-EVC GUILDFORD 1,Guildford,GBCPIE7421465*2,GBCPIP7421465*2*1258,22080,NLCPIT3DR5*7*0,verification_requise_ne_pas_promouvoir_comme_payg_valide,ocpi_tariff_type_unspecified_valid_for_all_sessions_not_payg_checkout_proof;ocpi_vat_unspecified_20pct_derivation_not_operator_verified,Eco-Movement ChargePoint PCPR CPO OCPI 2.2.1
GBCPIL7421505,HH-EVC GUILDFORD 1,Guildford,GBCPIE7421505*1,GBCPIP7421505*1*1258,22000,NLCPIT2QP*1*0,tarif_indisponible,foreign_currency_tariff;ocpi_tariff_type_unspecified_valid_for_all_sessions_not_payg_checkout_proof;ocpi_vat_unspecified_20pct_derivation_not_operator_verified,Eco-Movement ChargePoint PCPR CPO OCPI 2.2.1
GBCPIL7421505,HH-EVC GUILDFORD 1,Guildford,GBCPIE7421505*2,GBCPIP7421505*2*1258,22000,NLCPIT2QP*1*0,tarif_indisponible,foreign_currency_tariff;ocpi_tariff_type_unspecified_valid_for_all_sessions_not_payg_checkout_proof;ocpi_vat_unspecified_20pct_derivation_not_operator_verified,Eco-Movement ChargePoint PCPR CPO OCPI 2.2.1
GBCPIL7337465,MEPC MILTON PAR MILTON PARK4,Milton,GBCPIE7337455*1,GBCPIP7337455*1*100104,50000,NLCPIT3DV7*1*0,verification_requise_ne_pas_promouvoir_comme_payg_valide,ocpi_tariff_type_unspecified_valid_for_all_sessions_not_payg_checkout_proof;ocpi_vat_unspecified_20pct_derivation_not_operator_verified,Eco-Movement ChargePoint PCPR CPO OCPI 2.2.1
GBCPIL7337465,MEPC MILTON PAR MILTON PARK4,Milton,GBCPIE7337455*2,GBCPIP7337455*2*100104,50000,NLCPIT3DV7*1*0,verification_requise_ne_pas_promouvoir_comme_payg_valide,ocpi_tariff_type_unspecified_valid_for_all_sessions_not_payg_checkout_proof;ocpi_vat_unspecified_20pct_derivation_not_operator_verified,Eco-Movement ChargePoint PCPR CPO OCPI 2.2.1
GBCPIL7337465,MEPC MILTON PAR MILTON PARK4,Milton,GBCPIE7337465*1,GBCPIP7337465*1*100104,50000,NLCPIT3DV7*1*0,verification_requise_ne_pas_promouvoir_comme_payg_valide,ocpi_tariff_type_unspecified_valid_for_all_sessions_not_payg_checkout_proof;ocpi_vat_unspecified_20pct_derivation_not_operator_verified,Eco-Movement ChargePoint PCPR CPO OCPI 2.2.1
GBCPIL7337465,MEPC MILTON PAR MILTON PARK4,Milton,GBCPIE7337465*2,GBCPIP7337465*2*100104,50000,NLCPIT3DV7*1*0,verification_requise_ne_pas_promouvoir_comme_payg_valide,ocpi_tariff_type_unspecified_valid_for_all_sessions_not_payg_checkout_proof;ocpi_vat_unspecified_20pct_derivation_not_operator_verified,Eco-Movement ChargePoint PCPR CPO OCPI 2.2.1
GBCPIL7337465,MEPC MILTON PAR MILTON PARK4,Milton,GBCPIE7337425*1,GBCPIP7337425*1*100104,50000,NLCPIT3DV7*1*0,verification_requise_ne_pas_promouvoir_comme_payg_valide,ocpi_tariff_type_unspecified_valid_for_all_sessions_not_payg_checkout_proof;ocpi_vat_unspecified_20pct_derivation_not_operator_verified,Eco-Movement ChargePoint PCPR CPO OCPI 2.2.1
GBCPIL7337465,MEPC MILTON PAR MILTON PARK4,Milton,GBCPIE7337425*2,GBCPIP7337425*2*100104,50000,NLCPIT3DV7*1*0,verification_requise_ne_pas_promouvoir_comme_payg_valide,ocpi_tariff_type_unspecified_valid_for_all_sessions_not_payg_checkout_proof;ocpi_vat_unspecified_20pct_derivation_not_operator_verified,Eco-Movement ChargePoint PCPR CPO OCPI 2.2.1
GBCPIL7337465,MEPC MILTON PAR MILTON PARK4,Milton,GBCPIE7337445*1,GBCPIP7337445*1*100104,50000,NLCPIT3DV7*1*0,verification_requise_ne_pas_promouvoir_comme_payg_valide,ocpi_tariff_type_unspecified_valid_for_all_sessions_not_payg_checkout_proof;ocpi_vat_unspecified_20pct_derivation_not_operator_verified,Eco-Movement ChargePoint PCPR CPO OCPI 2.2.1
GBCPIL7337465,MEPC MILTON PAR MILTON PARK4,Milton,GBCPIE7337445*2,GBCPIP7337445*2*100104,50000,NLCPIT3DV7*1*0,verification_requise_ne_pas_promouvoir_comme_payg_valide,ocpi_tariff_type_unspecified_valid_for_all_sessions_not_payg_checkout_proof;ocpi_vat_unspecified_20pct_derivation_not_operator_verified,Eco-Movement ChargePoint PCPR CPO OCPI 2.2.1
GBCPIL7036075,THE CHIMES EVC 6,Uxbridge,GBCPIE7036045*2,GBCPIP7036045*2*1258,22080,NLCPIT2vIF*2*0,verification_requise_ne_pas_promouvoir_comme_payg_valide,ocpi_tariff_type_unspecified_valid_for_all_sessions_not_payg_checkout_proof;ocpi_vat_unspecified_20pct_derivation_not_operator_verified,Eco-Movement ChargePoint PCPR CPO OCPI 2.2.1
GBCPIL7036075,THE CHIMES EVC 6,Uxbridge,GBCPIE7036055*1,GBCPIP7036055*1*1258,22080,NLCPIT2vIF*2*0,verification_requise_ne_pas_promouvoir_comme_payg_valide,ocpi_tariff_type_unspecified_valid_for_all_sessions_not_payg_checkout_proof;ocpi_vat_unspecified_20pct_derivation_not_operator_verified,Eco-Movement ChargePoint PCPR CPO OCPI 2.2.1
GBCPIL7036075,THE CHIMES EVC 6,Uxbridge,GBCPIE7036055*2,GBCPIP7036055*2*1258,22080,NLCPIT2vIF*2*0,verification_requise_ne_pas_promouvoir_comme_payg_valide,ocpi_tariff_type_unspecified_valid_for_all_sessions_not_payg_checkout_proof;ocpi_vat_unspecified_20pct_derivation_not_operator_verified,Eco-Movement ChargePoint PCPR CPO OCPI 2.2.1
GBCPIL7036075,THE CHIMES EVC 6,Uxbridge,GBCPIE7036075*1,GBCPIP7036075*1*1258,22080,NLCPIT2vIF*2*0,verification_requise_ne_pas_promouvoir_comme_payg_valide,ocpi_tariff_type_unspecified_valid_for_all_sessions_not_payg_checkout_proof;ocpi_vat_unspecified_20pct_derivation_not_operator_verified,Eco-Movement ChargePoint PCPR CPO OCPI 2.2.1
GBCPIL7036075,THE CHIMES EVC 6,Uxbridge,GBCPIE7036075*2,GBCPIP7036075*2*1258,22080,NLCPIT2vIF*2*0,verification_requise_ne_pas_promouvoir_comme_payg_valide,ocpi_tariff_type_unspecified_valid_for_all_sessions_not_payg_checkout_proof;ocpi_vat_unspecified_20pct_derivation_not_operator_verified,Eco-Movement ChargePoint PCPR CPO OCPI 2.2.1
GBCPIL7036075,THE CHIMES EVC 6,Uxbridge,GBCPIE7036025*1,GBCPIP7036025*1*1258,22080,NLCPIT2vIF*2*0,verification_requise_ne_pas_promouvoir_comme_payg_valide,ocpi_tariff_type_unspecified_valid_for_all_sessions_not_payg_checkout_proof;ocpi_vat_unspecified_20pct_derivation_not_operator_verified,Eco-Movement ChargePoint PCPR CPO OCPI 2.2.1
GBCPIL7036075,THE CHIMES EVC 6,Uxbridge,GBCPIE7036025*2,GBCPIP7036025*2*1258,22080,NLCPIT2vIF*2*0,verification_requise_ne_pas_promouvoir_comme_payg_valide,ocpi_tariff_type_unspecified_valid_for_all_sessions_not_payg_checkout_proof;ocpi_vat_unspecified_20pct_derivation_not_operator_verified,Eco-Movement ChargePoint PCPR CPO OCPI 2.2.1
GBCPIL7036075,THE CHIMES EVC 6,Uxbridge,GBCPIE7036045*1,GBCPIP7036045*1*1258,22080,NLCPIT2vIF*2*0,verification_requise_ne_pas_promouvoir_comme_payg_valide,ocpi_tariff_type_unspecified_valid_for_all_sessions_not_payg_checkout_proof;ocpi_vat_unspecified_20pct_derivation_not_operator_verified,Eco-Movement ChargePoint PCPR CPO OCPI 2.2.1
GBCPIL6806985,HULL UNIVERSITY STATION 8,Kingston upon Hull,GBCPIE6806945*2,GBCPIP6806945*2*1258,22080,NLCPIT2BXn*8*0,verification_requise_ne_pas_promouvoir_comme_payg_valide,ocpi_tariff_type_unspecified_valid_for_all_sessions_not_payg_checkout_proof;ocpi_vat_unspecified_20pct_derivation_not_operator_verified,Eco-Movement ChargePoint PCPR CPO OCPI 2.2.1
GBCPIL6806985,HULL UNIVERSITY STATION 8,Kingston upon Hull,GBCPIE6806985*1,GBCPIP6806985*1*1258,7680,NLCPIT2BXn*8*0,verification_requise_ne_pas_promouvoir_comme_payg_valide,ocpi_tariff_type_unspecified_valid_for_all_sessions_not_payg_checkout_proof;ocpi_vat_unspecified_20pct_derivation_not_operator_verified,Eco-Movement ChargePoint PCPR CPO OCPI 2.2.1
GBCPIL6806985,HULL UNIVERSITY STATION 8,Kingston upon Hull,GBCPIE6773775*2,GBCPIP6773775*2*1258,22080,NLCPIT2BXn*8*0,verification_requise_ne_pas_promouvoir_comme_payg_valide,ocpi_tariff_type_unspecified_valid_for_all_sessions_not_payg_checkout_proof;ocpi_vat_unspecified_20pct_derivation_not_operator_verified,Eco-Movement ChargePoint PCPR CPO OCPI 2.2.1
GBCPIL6806985,HULL UNIVERSITY STATION 8,Kingston upon Hull,GBCPIE6773795*1,GBCPIP6773795*1*1258,22080,NLCPIT2BXn*8*0,verification_requise_ne_pas_promouvoir_comme_payg_valide,ocpi_tariff_type_unspecified_valid_for_all_sessions_not_payg_checkout_proof;ocpi_vat_unspecified_20pct_derivation_not_operator_verified,Eco-Movement ChargePoint PCPR CPO OCPI 2.2.1
GBCPIL6806985,HULL UNIVERSITY STATION 8,Kingston upon Hull,GBCPIE6806925*2,GBCPIP6806925*2*1258,22080,NLCPIT2BXn*8*0,verification_requise_ne_pas_promouvoir_comme_payg_valide,ocpi_tariff_type_unspecified_valid_for_all_sessions_not_payg_checkout_proof;ocpi_vat_unspecified_20pct_derivation_not_operator_verified,Eco-Movement ChargePoint PCPR CPO OCPI 2.2.1
GBCPIL6806985,HULL UNIVERSITY STATION 8,Kingston upon Hull,GBCPIE6806985*2,GBCPIP6806985*2*1258,7680,NLCPIT2BXn*8*0,verification_requise_ne_pas_promouvoir_comme_payg_valide,ocpi_tariff_type_unspecified_valid_for_all_sessions_not_payg_checkout_proof;ocpi_vat_unspecified_20pct_derivation_not_operator_verified,Eco-Movement ChargePoint PCPR CPO OCPI 2.2.1
GBCPIL6806985,HULL UNIVERSITY STATION 8,Kingston upon Hull,GBCPIE6773775*1,GBCPIP6773775*1*1258,22080,NLCPIT2BXn*8*0,verification_requise_ne_pas_promouvoir_comme_payg_valide,ocpi_tariff_type_unspecified_valid_for_all_sessions_not_payg_checkout_proof;ocpi_vat_unspecified_20pct_derivation_not_operator_verified,Eco-Movement ChargePoint PCPR CPO OCPI 2.2.1
GBCPIL6806985,HULL UNIVERSITY STATION 8,Kingston upon Hull,GBCPIE6773795*2,GBCPIP6773795*2*1258,22080,NLCPIT2BXn*8*0,verification_requise_ne_pas_promouvoir_comme_payg_valide,ocpi_tariff_type_unspecified_valid_for_all_sessions_not_payg_checkout_proof;ocpi_vat_unspecified_20pct_derivation_not_operator_verified,Eco-Movement ChargePoint PCPR CPO OCPI 2.2.1
GBCPIL6806985,HULL UNIVERSITY STATION 8,Kingston upon Hull,GBCPIE6806925*1,GBCPIP6806925*1*1258,22080,NLCPIT2BXn*8*0,verification_requise_ne_pas_promouvoir_comme_payg_valide,ocpi_tariff_type_unspecified_valid_for_all_sessions_not_payg_checkout_proof;ocpi_vat_unspecified_20pct_derivation_not_operator_verified,Eco-Movement ChargePoint PCPR CPO OCPI 2.2.1
GBCPIL6806985,HULL UNIVERSITY STATION 8,Kingston upon Hull,GBCPIE6806945*1,GBCPIP6806945*1*1258,22080,NLCPIT2BXn*8*0,verification_requise_ne_pas_promouvoir_comme_payg_valide,ocpi_tariff_type_unspecified_valid_for_all_sessions_not_payg_checkout_proof;ocpi_vat_unspecified_20pct_derivation_not_operator_verified,Eco-Movement ChargePoint PCPR CPO OCPI 2.2.1
GBCPIL6654605,DCCA STATION 1,Botley,GBCPIE6654605*1,GBCPIP6654605*1*84,22000,NLCPIT1vPn*6*0,verification_requise_ne_pas_promouvoir_comme_payg_valide,ocpi_tariff_type_unspecified_valid_for_all_sessions_not_payg_checkout_proof;ocpi_vat_unspecified_20pct_derivation_not_operator_verified,Eco-Movement ChargePoint PCPR CPO OCPI 2.2.1
GBCPIL6654605,DCCA STATION 1,Botley,GBCPIE6654605*2,GBCPIP6654605*2*84,22000,NLCPIT1vPn*6*0,verification_requise_ne_pas_promouvoir_comme_payg_valide,ocpi_tariff_type_unspecified_valid_for_all_sessions_not_payg_checkout_proof;ocpi_vat_unspecified_20pct_derivation_not_operator_verified,Eco-Movement ChargePoint PCPR CPO OCPI 2.2.1
GBCPIL6782305,SEGRO AREAS CAMBRIDGE EST 3,Enfield,GBCPIE6782265*1,GBCPIP6782265*1*1258,22080,NLCPIT1yyl*2*0,verification_requise_ne_pas_promouvoir_comme_payg_valide,ocpi_tariff_type_unspecified_valid_for_all_sessions_not_payg_checkout_proof;ocpi_vat_unspecified_20pct_derivation_not_operator_verified,Eco-Movement ChargePoint PCPR CPO OCPI 2.2.1
GBCPIL6782305,SEGRO AREAS CAMBRIDGE EST 3,Enfield,GBCPIE6782265*2,GBCPIP6782265*2*1258,22080,NLCPIT1yyl*2*0,verification_requise_ne_pas_promouvoir_comme_payg_valide,ocpi_tariff_type_unspecified_valid_for_all_sessions_not_payg_checkout_proof;ocpi_vat_unspecified_20pct_derivation_not_operator_verified,Eco-Movement ChargePoint PCPR CPO OCPI 2.2.1
GBCPIL6782305,SEGRO AREAS CAMBRIDGE EST 3,Enfield,GBCPIE6782305*1,GBCPIP6782305*1*1258,22080,NLCPIT1yyl*2*0,verification_requise_ne_pas_promouvoir_comme_payg_valide,ocpi_tariff_type_unspecified_valid_for_all_sessions_not_payg_checkout_proof;ocpi_vat_unspecified_20pct_derivation_not_operator_verified,Eco-Movement ChargePoint PCPR CPO OCPI 2.2.1
GBCPIL6782305,SEGRO AREAS CAMBRIDGE EST 3,Enfield,GBCPIE6782305*2,GBCPIP6782305*2*1258,22080,NLCPIT1yyl*2*0,verification_requise_ne_pas_promouvoir_comme_payg_valide,ocpi_tariff_type_unspecified_valid_for_all_sessions_not_payg_checkout_proof;ocpi_vat_unspecified_20pct_derivation_not_operator_verified,Eco-Movement ChargePoint PCPR CPO OCPI 2.2.1
GBCPIL7423045,HH-EVC SIDMOUTH 2,Sidmouth,GBCPIE7423045*1,GBCPIP7423045*1*1258,22080,NLCPIT3DR5*8*0,verification_requise_ne_pas_promouvoir_comme_payg_valide,ocpi_tariff_type_unspecified_valid_for_all_sessions_not_payg_checkout_proof;ocpi_vat_unspecified_20pct_derivation_not_operator_verified,Eco-Movement ChargePoint PCPR CPO OCPI 2.2.1
GBCPIL7423045,HH-EVC SIDMOUTH 2,Sidmouth,GBCPIE7423045*2,GBCPIP7423045*2*1258,22080,NLCPIT3DR5*8*0,verification_requise_ne_pas_promouvoir_comme_payg_valide,ocpi_tariff_type_unspecified_valid_for_all_sessions_not_payg_checkout_proof;ocpi_vat_unspecified_20pct_derivation_not_operator_verified,Eco-Movement ChargePoint PCPR CPO OCPI 2.2.1
GBCPIL7356255,FP MCCANN LTD STRETTON 01,Burton upon Trent,GBCPIE7356255*1,GBCPIP7356255*1*84,22000,NLCPIT3Csj*1*0,verification_requise_ne_pas_promouvoir_comme_payg_valide,ocpi_tariff_type_unspecified_valid_for_all_sessions_not_payg_checkout_proof;ocpi_vat_unspecified_20pct_derivation_not_operator_verified,Eco-Movement ChargePoint PCPR CPO OCPI 2.2.1
GBCPIL7356255,FP MCCANN LTD STRETTON 01,Burton upon Trent,GBCPIE7356255*2,GBCPIP7356255*2*84,22000,NLCPIT3Csj*1*0,verification_requise_ne_pas_promouvoir_comme_payg_valide,ocpi_tariff_type_unspecified_valid_for_all_sessions_not_payg_checkout_proof;ocpi_vat_unspecified_20pct_derivation_not_operator_verified,Eco-Movement ChargePoint PCPR CPO OCPI 2.2.1
GBCPIL6453065,ATE CHARGER-01,Wardley Industrial Estate,GBCPIE6453045*1,GBCPIP6453045*1*19,7360,NLCPIT2QP*1*0,tarif_indisponible,foreign_currency_tariff;ocpi_tariff_type_unspecified_valid_for_all_sessions_not_payg_checkout_proof;ocpi_vat_unspecified_20pct_derivation_not_operator_verified,Eco-Movement ChargePoint PCPR CPO OCPI 2.2.1
GBCPIL6453065,ATE CHARGER-01,Wardley Industrial Estate,GBCPIE6453055*1,GBCPIP6453055*1*19,7360,NLCPIT2QP*1*0,tarif_indisponible,foreign_currency_tariff;ocpi_tariff_type_unspecified_valid_for_all_sessions_not_payg_checkout_proof;ocpi_vat_unspecified_20pct_derivation_not_operator_verified,Eco-Movement ChargePoint PCPR CPO OCPI 2.2.1
GBCPIL6453065,ATE CHARGER-01,Wardley Industrial Estate,GBCPIE6453065*1,GBCPIP6453065*1*19,7360,NLCPIT2QP*1*0,tarif_indisponible,foreign_currency_tariff;ocpi_tariff_type_unspecified_valid_for_all_sessions_not_payg_checkout_proof;ocpi_vat_unspecified_20pct_derivation_not_operator_verified,Eco-Movement ChargePoint PCPR CPO OCPI 2.2.1
GBCPIL6453065,ATE CHARGER-01,Wardley Industrial Estate,GBCPIE6453015*1,GBCPIP6453015*1*19,7360,NLCPIT2QP*1*0,tarif_indisponible,foreign_currency_tariff;ocpi_tariff_type_unspecified_valid_for_all_sessions_not_payg_checkout_proof;ocpi_vat_unspecified_20pct_derivation_not_operator_verified,Eco-Movement ChargePoint PCPR CPO OCPI 2.2.1
GBCPIL6453065,ATE CHARGER-01,Wardley Industrial Estate,GBCPIE6453025*1,GBCPIP6453025*1*19,7360,NLCPIT2QP*1*0,tarif_indisponible,foreign_currency_tariff;ocpi_tariff_type_unspecified_valid_for_all_sessions_not_payg_checkout_proof;ocpi_vat_unspecified_20pct_derivation_not_operator_verified,Eco-Movement ChargePoint PCPR CPO OCPI 2.2.1
GBCPIL6453065,ATE CHARGER-01,Wardley Industrial Estate,GBCPIE6453035*1,GBCPIP6453035*1*19,7360,NLCPIT2QP*1*0,tarif_indisponible,foreign_currency_tariff;ocpi_tariff_type_unspecified_valid_for_all_sessions_not_payg_checkout_proof;ocpi_vat_unspecified_20pct_derivation_not_operator_verified,Eco-Movement ChargePoint PCPR CPO OCPI 2.2.1
GBCPIL7302485,CHAGFORD PARISH EVC 1,Chagford,GBCPIE7302455*1,GBCPIP7302455*1*1258,22080,NLCPIT3Bh1*1*0,verification_requise_ne_pas_promouvoir_comme_payg_valide,ocpi_tariff_type_unspecified_valid_for_all_sessions_not_payg_checkout_proof;ocpi_vat_unspecified_20pct_derivation_not_operator_verified,Eco-Movement ChargePoint PCPR CPO OCPI 2.2.1
GBCPIL7302485,CHAGFORD PARISH EVC 1,Chagford,GBCPIE7302455*2,GBCPIP7302455*2*1258,22080,NLCPIT3Bh1*1*0,verification_requise_ne_pas_promouvoir_comme_payg_valide,ocpi_tariff_type_unspecified_valid_for_all_sessions_not_payg_checkout_proof;ocpi_vat_unspecified_20pct_derivation_not_operator_verified,Eco-Movement ChargePoint PCPR CPO OCPI 2.2.1
GBCPIL7302485,CHAGFORD PARISH EVC 1,Chagford,GBCPIE7302485*1,GBCPIP7302485*1*1258,22080,NLCPIT3Bh1*1*0,verification_requise_ne_pas_promouvoir_comme_payg_valide,ocpi_tariff_type_unspecified_valid_for_all_sessions_not_payg_checkout_proof;ocpi_vat_unspecified_20pct_derivation_not_operator_verified,Eco-Movement ChargePoint PCPR CPO OCPI 2.2.1
GBCPIL7302485,CHAGFORD PARISH EVC 1,Chagford,GBCPIE7302485*2,GBCPIP7302485*2*1258,22080,NLCPIT3Bh1*1*0,verification_requise_ne_pas_promouvoir_comme_payg_valide,ocpi_tariff_type_unspecified_valid_for_all_sessions_not_payg_checkout_proof;ocpi_vat_unspecified_20pct_derivation_not_operator_verified,Eco-Movement ChargePoint PCPR CPO OCPI 2.2.1
GBCPIL7400375,CHISWICK PARK CHARGER 01,London,GBCPIE7400375*1,GBCPIP7400375*1*1259,22080,NLCPIT14rZ*5*0,verification_requise_ne_pas_promouvoir_comme_payg_valide,ocpi_tariff_type_unspecified_valid_for_all_sessions_not_payg_checkout_proof;ocpi_vat_unspecified_20pct_derivation_not_operator_verified,Eco-Movement ChargePoint PCPR CPO OCPI 2.2.1
GBCPIL7400375,CHISWICK PARK CHARGER 01,London,GBCPIE7400375*2,GBCPIP7400375*2*1259,22080,NLCPIT14rZ*5*0,verification_requise_ne_pas_promouvoir_comme_payg_valide,ocpi_tariff_type_unspecified_valid_for_all_sessions_not_payg_checkout_proof;ocpi_vat_unspecified_20pct_derivation_not_operator_verified,Eco-Movement ChargePoint PCPR CPO OCPI 2.2.1
GBCPIL7408345,ENGLISH LAKES LANCASTER 02,Bailrigg,GBCPIE7408345*1,GBCPIP7408345*1*1259,22080,NLCPIT3E4R*9*0,verification_requise_ne_pas_promouvoir_comme_payg_valide,ocpi_tariff_type_unspecified_valid_for_all_sessions_not_payg_checkout_proof;ocpi_vat_unspecified_20pct_derivation_not_operator_verified,Eco-Movement ChargePoint PCPR CPO OCPI 2.2.1
GBCPIL7408345,ENGLISH LAKES LANCASTER 02,Bailrigg,GBCPIE7408345*2,GBCPIP7408345*2*1259,22080,NLCPIT3E4R*9*0,verification_requise_ne_pas_promouvoir_comme_payg_valide,ocpi_tariff_type_unspecified_valid_for_all_sessions_not_payg_checkout_proof;ocpi_vat_unspecified_20pct_derivation_not_operator_verified,Eco-Movement ChargePoint PCPR CPO OCPI 2.2.1
GBCPIL7408345,ENGLISH LAKES LANCASTER 02,Bailrigg,GBCPIE7408335*1,GBCPIP7408335*1*1259,22080,NLCPIT3E4R*9*0,verification_requise_ne_pas_promouvoir_comme_payg_valide,ocpi_tariff_type_unspecified_valid_for_all_sessions_not_payg_checkout_proof;ocpi_vat_unspecified_20pct_derivation_not_operator_verified,Eco-Movement ChargePoint PCPR CPO OCPI 2.2.1
GBCPIL7408345,ENGLISH LAKES LANCASTER 02,Bailrigg,GBCPIE7408335*2,GBCPIP7408335*2*1259,22080,NLCPIT3E4R*9*0,verification_requise_ne_pas_promouvoir_comme_payg_valide,ocpi_tariff_type_unspecified_valid_for_all_sessions_not_payg_checkout_proof;ocpi_vat_unspecified_20pct_derivation_not_operator_verified,Eco-Movement ChargePoint PCPR CPO OCPI 2.2.1
GBCPIL7253455,EVIELIFE YORK HOUSE,High Hawsker,GBCPIE7253455*1,GBCPIP7253455*1*1259,22080,NLCPIT2tjJ*K*0,verification_requise_ne_pas_promouvoir_comme_payg_valide,ocpi_tariff_type_unspecified_valid_for_all_sessions_not_payg_checkout_proof;ocpi_vat_unspecified_20pct_derivation_not_operator_verified,Eco-Movement ChargePoint PCPR CPO OCPI 2.2.1
GBCPIL7253455,EVIELIFE YORK HOUSE,High Hawsker,GBCPIE7253455*2,GBCPIP7253455*2*1259,22080,NLCPIT2tjJ*K*0,verification_requise_ne_pas_promouvoir_comme_payg_valide,ocpi_tariff_type_unspecified_valid_for_all_sessions_not_payg_checkout_proof;ocpi_vat_unspecified_20pct_derivation_not_operator_verified,Eco-Movement ChargePoint PCPR CPO OCPI 2.2.1
GBCPIL7062195,EVIELIFE KENEGIE MANOR 1,Gulval,GBCPIE7062195*1,GBCPIP7062195*1*1259,22080,NLCPIT3ESn*1*0,verification_requise_ne_pas_promouvoir_comme_payg_valide,ocpi_tariff_type_unspecified_valid_for_all_sessions_not_payg_checkout_proof;ocpi_vat_unspecified_20pct_derivation_not_operator_verified,Eco-Movement ChargePoint PCPR CPO OCPI 2.2.1
GBCPIL7062195,EVIELIFE KENEGIE MANOR 1,Gulval,GBCPIE7062195*2,GBCPIP7062195*2*1259,22080,NLCPIT3ESn*1*0,verification_requise_ne_pas_promouvoir_comme_payg_valide,ocpi_tariff_type_unspecified_valid_for_all_sessions_not_payg_checkout_proof;ocpi_vat_unspecified_20pct_derivation_not_operator_verified,Eco-Movement ChargePoint PCPR CPO OCPI 2.2.1
GBCPIL7010235,CHARGIE CHARGIE STATION 01,Harehills,GBCPIE7010175*1,GBCPIP7010175*1*1259,22080,NLCPIT37xj*4*0,verification_requise_ne_pas_promouvoir_comme_payg_valide,ocpi_tariff_type_unspecified_valid_for_all_sessions_not_payg_checkout_proof;ocpi_vat_unspecified_20pct_derivation_not_operator_verified,Eco-Movement ChargePoint PCPR CPO OCPI 2.2.1
GBCPIL7010235,CHARGIE CHARGIE STATION 01,Harehills,GBCPIE7010175*2,GBCPIP7010175*2*1259,22080,NLCPIT37xj*4*0,verification_requise_ne_pas_promouvoir_comme_payg_valide,ocpi_tariff_type_unspecified_valid_for_all_sessions_not_payg_checkout_proof;ocpi_vat_unspecified_20pct_derivation_not_operator_verified,Eco-Movement ChargePoint PCPR CPO OCPI 2.2.1
GBCPIL7010235,CHARGIE CHARGIE STATION 01,Harehills,GBCPIE7010235*1,GBCPIP7010235*1*1259,22080,NLCPIT37xj*4*0,verification_requise_ne_pas_promouvoir_comme_payg_valide,ocpi_tariff_type_unspecified_valid_for_all_sessions_not_payg_checkout_proof;ocpi_vat_unspecified_20pct_derivation_not_operator_verified,Eco-Movement ChargePoint PCPR CPO OCPI 2.2.1
GBCPIL7010235,CHARGIE CHARGIE STATION 01,Harehills,GBCPIE7010235*2,GBCPIP7010235*2*1259,22080,NLCPIT37xj*4*0,verification_requise_ne_pas_promouvoir_comme_payg_valide,ocpi_tariff_type_unspecified_valid_for_all_sessions_not_payg_checkout_proof;ocpi_vat_unspecified_20pct_derivation_not_operator_verified,Eco-Movement ChargePoint PCPR CPO OCPI 2.2.1
GBCPIL6753535,PRAXIS ASSETS ROLAND 1,"Theale, Reading",GBCPIE6749365*2,GBCPIP6749365*2*1258,22080,NLCPIT39c9*2*0,verification_requise_ne_pas_promouvoir_comme_payg_valide,ocpi_tariff_type_unspecified_valid_for_all_sessions_not_payg_checkout_proof;ocpi_vat_unspecified_20pct_derivation_not_operator_verified,Eco-Movement ChargePoint PCPR CPO OCPI 2.2.1
GBCPIL6753535,PRAXIS ASSETS ROLAND 1,"Theale, Reading",GBCPIE6749375*1,GBCPIP6749375*1*1258,22080,NLCPIT39c9*2*0,verification_requise_ne_pas_promouvoir_comme_payg_valide,ocpi_tariff_type_unspecified_valid_for_all_sessions_not_payg_checkout_proof;ocpi_vat_unspecified_20pct_derivation_not_operator_verified,Eco-Movement ChargePoint PCPR CPO OCPI 2.2.1
GBCPIL6753535,PRAXIS ASSETS ROLAND 1,"Theale, Reading",GBCPIE6749375*2,GBCPIP6749375*2*1258,22080,NLCPIT39c9*2*0,verification_requise_ne_pas_promouvoir_comme_payg_valide,ocpi_tariff_type_unspecified_valid_for_all_sessions_not_payg_checkout_proof;ocpi_vat_unspecified_20pct_derivation_not_operator_verified,Eco-Movement ChargePoint PCPR CPO OCPI 2.2.1
GBCPIL6753535,PRAXIS ASSETS ROLAND 1,"Theale, Reading",GBCPIE6753535*1,GBCPIP6753535*1*1258,22080,NLCPIT39c9*2*0,verification_requise_ne_pas_promouvoir_comme_payg_valide,ocpi_tariff_type_unspecified_valid_for_all_sessions_not_payg_checkout_proof;ocpi_vat_unspecified_20pct_derivation_not_operator_verified,Eco-Movement ChargePoint PCPR CPO OCPI 2.2.1
GBCPIL6753535,PRAXIS ASSETS ROLAND 1,"Theale, Reading",GBCPIE6753535*2,GBCPIP6753535*2*1258,22080,NLCPIT39c9*2*0,verification_requise_ne_pas_promouvoir_comme_payg_valide,ocpi_tariff_type_unspecified_valid_for_all_sessions_not_payg_checkout_proof;ocpi_vat_unspecified_20pct_derivation_not_operator_verified,Eco-Movement ChargePoint PCPR CPO OCPI 2.2.1
GBCPIL6753535,PRAXIS ASSETS ROLAND 1,"Theale, Reading",GBCPIE6749365*1,GBCPIP6749365*1*1258,22080,NLCPIT39c9*2*0,verification_requise_ne_pas_promouvoir_comme_payg_valide,ocpi_tariff_type_unspecified_valid_for_all_sessions_not_payg_checkout_proof;ocpi_vat_unspecified_20pct_derivation_not_operator_verified,Eco-Movement ChargePoint PCPR CPO OCPI 2.2.1
GBCPIL7087555,ROSSLYN ROSSLYN 25KW,Harrow,GBCPIE7087555*1,GBCPIP7087555*1*100270,22080,NLCPIT3Djd*5*0,verification_requise_ne_pas_promouvoir_comme_payg_valide,ocpi_tariff_type_unspecified_valid_for_all_sessions_not_payg_checkout_proof;ocpi_vat_unspecified_20pct_derivation_not_operator_verified,Eco-Movement ChargePoint PCPR CPO OCPI 2.2.1
GBCPIL7087555,ROSSLYN ROSSLYN 25KW,Harrow,GBCPIE7087555*2,GBCPIP7087555*2*100270,22080,NLCPIT3Djd*5*0,verification_requise_ne_pas_promouvoir_comme_payg_valide,ocpi_tariff_type_unspecified_valid_for_all_sessions_not_payg_checkout_proof;ocpi_vat_unspecified_20pct_derivation_not_operator_verified,Eco-Movement ChargePoint PCPR CPO OCPI 2.2.1
GBCPIL6924415,INTERESTING H. HAWKSTONE PARK2,Weston,GBCPIE6924415*2,GBCPIP6924415*2*1258,22080,NLCPIT24Yt*7*0,verification_requise_ne_pas_promouvoir_comme_payg_valide,ocpi_tariff_type_unspecified_valid_for_all_sessions_not_payg_checkout_proof;ocpi_vat_unspecified_20pct_derivation_not_operator_verified,Eco-Movement ChargePoint PCPR CPO OCPI 2.2.1
GBCPIL6924415,INTERESTING H. HAWKSTONE PARK2,Weston,GBCPIE6924405*1,GBCPIP6924405*1*1258,22080,NLCPIT24Yt*7*0,verification_requise_ne_pas_promouvoir_comme_payg_valide,ocpi_tariff_type_unspecified_valid_for_all_sessions_not_payg_checkout_proof;ocpi_vat_unspecified_20pct_derivation_not_operator_verified,Eco-Movement ChargePoint PCPR CPO OCPI 2.2.1
GBCPIL6924415,INTERESTING H. HAWKSTONE PARK2,Weston,GBCPIE6924405*2,GBCPIP6924405*2*1258,22080,NLCPIT24Yt*7*0,verification_requise_ne_pas_promouvoir_comme_payg_valide,ocpi_tariff_type_unspecified_valid_for_all_sessions_not_payg_checkout_proof;ocpi_vat_unspecified_20pct_derivation_not_operator_verified,Eco-Movement ChargePoint PCPR CPO OCPI 2.2.1
GBCPIL6924415,INTERESTING H. HAWKSTONE PARK2,Weston,GBCPIE6924415*1,GBCPIP6924415*1*1258,22080,NLCPIT24Yt*7*0,verification_requise_ne_pas_promouvoir_comme_payg_valide,ocpi_tariff_type_unspecified_valid_for_all_sessions_not_payg_checkout_proof;ocpi_vat_unspecified_20pct_derivation_not_operator_verified,Eco-Movement ChargePoint PCPR CPO OCPI 2.2.1
GBCPIL6773135,ETB EXETER 1,Exeter,GBCPIE6773135*1,GBCPIP6773135*1*1258,22080,NLCPIT2QP*1*0,tarif_indisponible,foreign_currency_tariff;ocpi_tariff_type_unspecified_valid_for_all_sessions_not_payg_checkout_proof;ocpi_vat_unspecified_20pct_derivation_not_operator_verified,Eco-Movement ChargePoint PCPR CPO OCPI 2.2.1
GBCPIL6773135,ETB EXETER 1,Exeter,GBCPIE6773135*2,GBCPIP6773135*2*1258,22080,NLCPIT2QP*1*0,tarif_indisponible,foreign_currency_tariff;ocpi_tariff_type_unspecified_valid_for_all_sessions_not_payg_checkout_proof;ocpi_vat_unspecified_20pct_derivation_not_operator_verified,Eco-Movement ChargePoint PCPR CPO OCPI 2.2.1
GBCPIL7426275,EVIELIFE GROSVENOR HOTEL,Stratford-upon-Avon,GBCPIE7426275*2,GBCPIP7426275*2*100270,22080,NLCPIT2QP*1*0,tarif_indisponible,foreign_currency_tariff;ocpi_tariff_type_unspecified_valid_for_all_sessions_not_payg_checkout_proof;ocpi_vat_unspecified_20pct_derivation_not_operator_verified,Eco-Movement ChargePoint PCPR CPO OCPI 2.2.1
GBCPIL7426275,EVIELIFE GROSVENOR HOTEL,Stratford-upon-Avon,GBCPIE7426275*1,GBCPIP7426275*1*100270,22080,NLCPIT2QP*1*0,tarif_indisponible,foreign_currency_tariff;ocpi_tariff_type_unspecified_valid_for_all_sessions_not_payg_checkout_proof;ocpi_vat_unspecified_20pct_derivation_not_operator_verified,Eco-Movement ChargePoint PCPR CPO OCPI 2.2.1
GBCPIL7416435,EVIELIFE CALIFORNIA INN,Modbury,GBCPIE7416435*1,GBCPIP7416435*1*1259,22080,NLCPIT2tjJ*K*0,verification_requise_ne_pas_promouvoir_comme_payg_valide,ocpi_tariff_type_unspecified_valid_for_all_sessions_not_payg_checkout_proof;ocpi_vat_unspecified_20pct_derivation_not_operator_verified,Eco-Movement ChargePoint PCPR CPO OCPI 2.2.1
GBCPIL7416435,EVIELIFE CALIFORNIA INN,Modbury,GBCPIE7416435*2,GBCPIP7416435*2*1259,22080,NLCPIT2tjJ*K*0,verification_requise_ne_pas_promouvoir_comme_payg_valide,ocpi_tariff_type_unspecified_valid_for_all_sessions_not_payg_checkout_proof;ocpi_vat_unspecified_20pct_derivation_not_operator_verified,Eco-Movement ChargePoint PCPR CPO OCPI 2.2.1
GBCPIL7216385,MARYPORT MARINA STATION 01,Maryport,GBCPIE7216375*1,GBCPIP7216375*1*1258,22080,NLCPIT39zh*6*0,verification_requise_ne_pas_promouvoir_comme_payg_valide,ocpi_tariff_type_unspecified_valid_for_all_sessions_not_payg_checkout_proof;ocpi_vat_unspecified_20pct_derivation_not_operator_verified,Eco-Movement ChargePoint PCPR CPO OCPI 2.2.1
GBCPIL7216385,MARYPORT MARINA STATION 01,Maryport,GBCPIE7216375*2,GBCPIP7216375*2*1258,22080,NLCPIT39zh*6*0,verification_requise_ne_pas_promouvoir_comme_payg_valide,ocpi_tariff_type_unspecified_valid_for_all_sessions_not_payg_checkout_proof;ocpi_vat_unspecified_20pct_derivation_not_operator_verified,Eco-Movement ChargePoint PCPR CPO OCPI 2.2.1
GBCPIL7216385,MARYPORT MARINA STATION 01,Maryport,GBCPIE7216385*1,GBCPIP7216385*1*1258,22080,NLCPIT39zh*6*0,verification_requise_ne_pas_promouvoir_comme_payg_valide,ocpi_tariff_type_unspecified_valid_for_all_sessions_not_payg_checkout_proof;ocpi_vat_unspecified_20pct_derivation_not_operator_verified,Eco-Movement ChargePoint PCPR CPO OCPI 2.2.1
GBCPIL7216385,MARYPORT MARINA STATION 01,Maryport,GBCPIE7216385*2,GBCPIP7216385*2*1258,22080,NLCPIT39zh*6*0,verification_requise_ne_pas_promouvoir_comme_payg_valide,ocpi_tariff_type_unspecified_valid_for_all_sessions_not_payg_checkout_proof;ocpi_vat_unspecified_20pct_derivation_not_operator_verified,Eco-Movement ChargePoint PCPR CPO OCPI 2.2.1
GBCPIL6784365,AMRGP EXECUTIVE 8,Silverstone,GBCPIE6784365*1,GBCPIP6784365*1*1259,22080,NLCPIT2TM9*B*0,verification_requise_ne_pas_promouvoir_comme_payg_valide,ocpi_tariff_type_unspecified_valid_for_all_sessions_not_payg_checkout_proof;ocpi_vat_unspecified_20pct_derivation_not_operator_verified,Eco-Movement ChargePoint PCPR CPO OCPI 2.2.1
GBCPIL6784365,AMRGP EXECUTIVE 8,Silverstone,GBCPIE6784365*2,GBCPIP6784365*2*1259,22080,NLCPIT2TM9*B*0,verification_requise_ne_pas_promouvoir_comme_payg_valide,ocpi_tariff_type_unspecified_valid_for_all_sessions_not_payg_checkout_proof;ocpi_vat_unspecified_20pct_derivation_not_operator_verified,Eco-Movement ChargePoint PCPR CPO OCPI 2.2.1
GBCPIL7380135,BRISTOL AIRPORT COBUS K2,Bristol,GBCPIE7380135*1,GBCPIP7380135*1*100209,40000,NLCPIT3Atf*8*0,verification_requise_ne_pas_promouvoir_comme_payg_valide,ocpi_tariff_type_unspecified_valid_for_all_sessions_not_payg_checkout_proof;ocpi_vat_unspecified_20pct_derivation_not_operator_verified,Eco-Movement ChargePoint PCPR CPO OCPI 2.2.1
GBCPIL7380135,BRISTOL AIRPORT COBUS K2,Bristol,GBCPIE7380135*2,GBCPIP7380135*2*100209,40000,NLCPIT3Atf*8*0,verification_requise_ne_pas_promouvoir_comme_payg_valide,ocpi_tariff_type_unspecified_valid_for_all_sessions_not_payg_checkout_proof;ocpi_vat_unspecified_20pct_derivation_not_operator_verified,Eco-Movement ChargePoint PCPR CPO OCPI 2.2.1
GBCPIL6618085,RHPA RABBIT HILL EV1,Knaresborough,GBCPIE6618085*1,GBCPIP6618085*1*84,22000,NLCPIT1jEn*1*0,verification_requise_ne_pas_promouvoir_comme_payg_valide,ocpi_tariff_type_unspecified_valid_for_all_sessions_not_payg_checkout_proof;ocpi_vat_unspecified_20pct_derivation_not_operator_verified,Eco-Movement ChargePoint PCPR CPO OCPI 2.2.1
GBCPIL6618085,RHPA RABBIT HILL EV1,Knaresborough,GBCPIE6618085*2,GBCPIP6618085*2*84,22000,NLCPIT1jEn*1*0,verification_requise_ne_pas_promouvoir_comme_payg_valide,ocpi_tariff_type_unspecified_valid_for_all_sessions_not_payg_checkout_proof;ocpi_vat_unspecified_20pct_derivation_not_operator_verified,Eco-Movement ChargePoint PCPR CPO OCPI 2.2.1
GBCPIL7132625,EVOLVE HQ STATION 1,Lytham,GBCPIE7132625*1,GBCPIP7132625*1*1259,27600,NLCPIT38mD*6*0,verification_requise_ne_pas_promouvoir_comme_payg_valide,ocpi_tariff_type_unspecified_valid_for_all_sessions_not_payg_checkout_proof;ocpi_vat_unspecified_20pct_derivation_not_operator_verified,Eco-Movement ChargePoint PCPR CPO OCPI 2.2.1
GBCPIL7132625,EVOLVE HQ STATION 1,Lytham,GBCPIE7132625*2,GBCPIP7132625*2*1259,27600,NLCPIT38mD*6*0,verification_requise_ne_pas_promouvoir_comme_payg_valide,ocpi_tariff_type_unspecified_valid_for_all_sessions_not_payg_checkout_proof;ocpi_vat_unspecified_20pct_derivation_not_operator_verified,Eco-Movement ChargePoint PCPR CPO OCPI 2.2.1
GBCPIL6669105,M&DS CHARGERS LOCHVIEW 5,Bellshill,GBCPIE6669105*2,GBCPIP6669105*2*1258,22080,NLCPIT3Baj*2*0,verification_requise_ne_pas_promouvoir_comme_payg_valide,ocpi_tariff_type_unspecified_valid_for_all_sessions_not_payg_checkout_proof;ocpi_vat_unspecified_20pct_derivation_not_operator_verified,Eco-Movement ChargePoint PCPR CPO OCPI 2.2.1
GBCPIL6669105,M&DS CHARGERS LOCHVIEW 5,Bellshill,GBCPIE6668035*1,GBCPIP6668035*1*1258,22080,NLCPIT3Baj*2*0,verification_requise_ne_pas_promouvoir_comme_payg_valide,ocpi_tariff_type_unspecified_valid_for_all_sessions_not_payg_checkout_proof;ocpi_vat_unspecified_20pct_derivation_not_operator_verified,Eco-Movement ChargePoint PCPR CPO OCPI 2.2.1
GBCPIL6669105,M&DS CHARGERS LOCHVIEW 5,Bellshill,GBCPIE6668035*2,GBCPIP6668035*2*1258,22080,NLCPIT3Baj*2*0,verification_requise_ne_pas_promouvoir_comme_payg_valide,ocpi_tariff_type_unspecified_valid_for_all_sessions_not_payg_checkout_proof;ocpi_vat_unspecified_20pct_derivation_not_operator_verified,Eco-Movement ChargePoint PCPR CPO OCPI 2.2.1
GBCPIL6669105,M&DS CHARGERS LOCHVIEW 5,Bellshill,GBCPIE6668675*1,GBCPIP6668675*1*1258,22080,NLCPIT3Baj*2*0,verification_requise_ne_pas_promouvoir_comme_payg_valide,ocpi_tariff_type_unspecified_valid_for_all_sessions_not_payg_checkout_proof;ocpi_vat_unspecified_20pct_derivation_not_operator_verified,Eco-Movement ChargePoint PCPR CPO OCPI 2.2.1
GBCPIL6669105,M&DS CHARGERS LOCHVIEW 5,Bellshill,GBCPIE6668675*2,GBCPIP6668675*2*1258,22080,NLCPIT3Baj*2*0,verification_requise_ne_pas_promouvoir_comme_payg_valide,ocpi_tariff_type_unspecified_valid_for_all_sessions_not_payg_checkout_proof;ocpi_vat_unspecified_20pct_derivation_not_operator_verified,Eco-Movement ChargePoint PCPR CPO OCPI 2.2.1
GBCPIL6669105,M&DS CHARGERS LOCHVIEW 5,Bellshill,GBCPIE6669095*1,GBCPIP6669095*1*1258,22080,NLCPIT3Baj*2*0,verification_requise_ne_pas_promouvoir_comme_payg_valide,ocpi_tariff_type_unspecified_valid_for_all_sessions_not_payg_checkout_proof;ocpi_vat_unspecified_20pct_derivation_not_operator_verified,Eco-Movement ChargePoint PCPR CPO OCPI 2.2.1
GBCPIL6669105,M&DS CHARGERS LOCHVIEW 5,Bellshill,GBCPIE6669095*2,GBCPIP6669095*2*1258,22080,NLCPIT3Baj*2*0,verification_requise_ne_pas_promouvoir_comme_payg_valide,ocpi_tariff_type_unspecified_valid_for_all_sessions_not_payg_checkout_proof;ocpi_vat_unspecified_20pct_derivation_not_operator_verified,Eco-Movement ChargePoint PCPR CPO OCPI 2.2.1
GBCPIL6669105,M&DS CHARGERS LOCHVIEW 5,Bellshill,GBCPIE6669105*1,GBCPIP6669105*1*1258,22080,NLCPIT3Baj*2*0,verification_requise_ne_pas_promouvoir_comme_payg_valide,ocpi_tariff_type_unspecified_valid_for_all_sessions_not_payg_checkout_proof;ocpi_vat_unspecified_20pct_derivation_not_operator_verified,Eco-Movement ChargePoint PCPR CPO OCPI 2.2.1
GBCPIL7158805,OCA OCC STATION #2,Over,GBCPIE7158795*1,GBCPIP7158795*1*1259,22080,NLCPIT393x*8*0,verification_requise_ne_pas_promouvoir_comme_payg_valide,ocpi_tariff_type_unspecified_valid_for_all_sessions_not_payg_checkout_proof;ocpi_vat_unspecified_20pct_derivation_not_operator_verified,Eco-Movement ChargePoint PCPR CPO OCPI 2.2.1
GBCPIL7158805,OCA OCC STATION #2,Over,GBCPIE7158795*2,GBCPIP7158795*2*1259,22080,NLCPIT393x*8*0,verification_requise_ne_pas_promouvoir_comme_payg_valide,ocpi_tariff_type_unspecified_valid_for_all_sessions_not_payg_checkout_proof;ocpi_vat_unspecified_20pct_derivation_not_operator_verified,Eco-Movement ChargePoint PCPR CPO OCPI 2.2.1
GBCPIL7158805,OCA OCC STATION #2,Over,GBCPIE7158805*1,GBCPIP7158805*1*1259,22080,NLCPIT393x*8*0,verification_requise_ne_pas_promouvoir_comme_payg_valide,ocpi_tariff_type_unspecified_valid_for_all_sessions_not_payg_checkout_proof;ocpi_vat_unspecified_20pct_derivation_not_operator_verified,Eco-Movement ChargePoint PCPR CPO OCPI 2.2.1
GBCPIL7158805,OCA OCC STATION #2,Over,GBCPIE7158805*2,GBCPIP7158805*2*1259,22080,NLCPIT393x*8*0,verification_requise_ne_pas_promouvoir_comme_payg_valide,ocpi_tariff_type_unspecified_valid_for_all_sessions_not_payg_checkout_proof;ocpi_vat_unspecified_20pct_derivation_not_operator_verified,Eco-Movement ChargePoint PCPR CPO OCPI 2.2.1
GBCPIL7290725,EVIELIFE GRASSINGTON,Grassington,GBCPIE7290725*2,GBCPIP7290725*2*1259,22080,NLCPIT3BSV*C*0,verification_requise_ne_pas_promouvoir_comme_payg_valide,ocpi_tariff_type_unspecified_valid_for_all_sessions_not_payg_checkout_proof;ocpi_vat_unspecified_20pct_derivation_not_operator_verified,Eco-Movement ChargePoint PCPR CPO OCPI 2.2.1
GBCPIL7290725,EVIELIFE GRASSINGTON,Grassington,GBCPIE7290725*1,GBCPIP7290725*1*1259,22080,NLCPIT3BSV*C*0,verification_requise_ne_pas_promouvoir_comme_payg_valide,ocpi_tariff_type_unspecified_valid_for_all_sessions_not_payg_checkout_proof;ocpi_vat_unspecified_20pct_derivation_not_operator_verified,Eco-Movement ChargePoint PCPR CPO OCPI 2.2.1
GBCPIL7134445,INTERESTING H. IXORA 03,Dolgarrog,GBCPIE7134445*1,GBCPIP7134445*1*1258,22080,NLCPIT24Yt*7*0,verification_requise_ne_pas_promouvoir_comme_payg_valide,ocpi_tariff_type_unspecified_valid_for_all_sessions_not_payg_checkout_proof;ocpi_vat_unspecified_20pct_derivation_not_operator_verified,Eco-Movement ChargePoint PCPR CPO OCPI 2.2.1
GBCPIL7134445,INTERESTING H. IXORA 03,Dolgarrog,GBCPIE7134445*2,GBCPIP7134445*2*1258,22080,NLCPIT24Yt*7*0,verification_requise_ne_pas_promouvoir_comme_payg_valide,ocpi_tariff_type_unspecified_valid_for_all_sessions_not_payg_checkout_proof;ocpi_vat_unspecified_20pct_derivation_not_operator_verified,Eco-Movement ChargePoint PCPR CPO OCPI 2.2.1
GBCPIL7265085,BILLINGSS DC 01,Northampton,GBCPIE7265085*2,GBCPIP7265085*2*373,150000,NLCPIT3Bzj*1*0,verification_requise_ne_pas_promouvoir_comme_payg_valide,ocpi_tariff_type_unspecified_valid_for_all_sessions_not_payg_checkout_proof;ocpi_vat_unspecified_20pct_derivation_not_operator_verified,Eco-Movement ChargePoint PCPR CPO OCPI 2.2.1
GBCPIL7265085,BILLINGSS DC 01,Northampton,GBCPIE7265085*1,GBCPIP7265085*1*373,150000,NLCPIT3Bzj*1*0,verification_requise_ne_pas_promouvoir_comme_payg_valide,ocpi_tariff_type_unspecified_valid_for_all_sessions_not_payg_checkout_proof;ocpi_vat_unspecified_20pct_derivation_not_operator_verified,Eco-Movement ChargePoint PCPR CPO OCPI 2.2.1
GBCPIL6632975,M&G KILDEAN 15,Stirling,GBCPIE6630455*1,GBCPIP6630455*1*82,22000,NLCPIT1k37*7*0,verification_requise_ne_pas_promouvoir_comme_payg_valide,ocpi_tariff_type_unspecified_valid_for_all_sessions_not_payg_checkout_proof;ocpi_vat_unspecified_20pct_derivation_not_operator_verified,Eco-Movement ChargePoint PCPR CPO OCPI 2.2.1
GBCPIL6632975,M&G KILDEAN 15,Stirling,GBCPIE6556675*1,GBCPIP6556675*1*82,22000,NLCPIT1k37*7*0,verification_requise_ne_pas_promouvoir_comme_payg_valide,ocpi_tariff_type_unspecified_valid_for_all_sessions_not_payg_checkout_proof;ocpi_vat_unspecified_20pct_derivation_not_operator_verified,Eco-Movement ChargePoint PCPR CPO OCPI 2.2.1
GBCPIL6632975,M&G KILDEAN 15,Stirling,GBCPIE6623955*1,GBCPIP6623955*1*82,22000,NLCPIT1k37*7*0,verification_requise_ne_pas_promouvoir_comme_payg_valide,ocpi_tariff_type_unspecified_valid_for_all_sessions_not_payg_checkout_proof;ocpi_vat_unspecified_20pct_derivation_not_operator_verified,Eco-Movement ChargePoint PCPR CPO OCPI 2.2.1
GBCPIL6632975,M&G KILDEAN 15,Stirling,GBCPIE6623985*1,GBCPIP6623985*1*82,22000,NLCPIT1k37*7*0,verification_requise_ne_pas_promouvoir_comme_payg_valide,ocpi_tariff_type_unspecified_valid_for_all_sessions_not_payg_checkout_proof;ocpi_vat_unspecified_20pct_derivation_not_operator_verified,Eco-Movement ChargePoint PCPR CPO OCPI 2.2.1
GBCPIL6632975,M&G KILDEAN 15,Stirling,GBCPIE6629575*1,GBCPIP6629575*1*82,22000,NLCPIT1k37*7*0,verification_requise_ne_pas_promouvoir_comme_payg_valide,ocpi_tariff_type_unspecified_valid_for_all_sessions_not_payg_checkout_proof;ocpi_vat_unspecified_20pct_derivation_not_operator_verified,Eco-Movement ChargePoint PCPR CPO OCPI 2.2.1
GBCPIL6632975,M&G KILDEAN 15,Stirling,GBCPIE6629575*2,GBCPIP6629575*2*82,22000,NLCPIT1k37*7*0,verification_requise_ne_pas_promouvoir_comme_payg_valide,ocpi_tariff_type_unspecified_valid_for_all_sessions_not_payg_checkout_proof;ocpi_vat_unspecified_20pct_derivation_not_operator_verified,Eco-Movement ChargePoint PCPR CPO OCPI 2.2.1
GBCPIL6632975,M&G KILDEAN 15,Stirling,GBCPIE6632975*2,GBCPIP6632975*2*82,22000,NLCPIT1k37*7*0,verification_requise_ne_pas_promouvoir_comme_payg_valide,ocpi_tariff_type_unspecified_valid_for_all_sessions_not_payg_checkout_proof;ocpi_vat_unspecified_20pct_derivation_not_operator_verified,Eco-Movement ChargePoint PCPR CPO OCPI 2.2.1
GBCPIL6632975,M&G KILDEAN 15,Stirling,GBCPIE6556545*1,GBCPIP6556545*1*82,22000,NLCPIT1k37*7*0,verification_requise_ne_pas_promouvoir_comme_payg_valide,ocpi_tariff_type_unspecified_valid_for_all_sessions_not_payg_checkout_proof;ocpi_vat_unspecified_20pct_derivation_not_operator_verified,Eco-Movement ChargePoint PCPR CPO OCPI 2.2.1
GBCPIL6632975,M&G KILDEAN 15,Stirling,GBCPIE6557475*1,GBCPIP6557475*1*82,22000,NLCPIT1k37*7*0,verification_requise_ne_pas_promouvoir_comme_payg_valide,ocpi_tariff_type_unspecified_valid_for_all_sessions_not_payg_checkout_proof;ocpi_vat_unspecified_20pct_derivation_not_operator_verified,Eco-Movement ChargePoint PCPR CPO OCPI 2.2.1
GBCPIL6632975,M&G KILDEAN 15,Stirling,GBCPIE6623735*1,GBCPIP6623735*1*82,22000,NLCPIT1k37*7*0,verification_requise_ne_pas_promouvoir_comme_payg_valide,ocpi_tariff_type_unspecified_valid_for_all_sessions_not_payg_checkout_proof;ocpi_vat_unspecified_20pct_derivation_not_operator_verified,Eco-Movement ChargePoint PCPR CPO OCPI 2.2.1
GBCPIL6632975,M&G KILDEAN 15,Stirling,GBCPIE6632975*1,GBCPIP6632975*1*82,22000,NLCPIT1k37*7*0,verification_requise_ne_pas_promouvoir_comme_payg_valide,ocpi_tariff_type_unspecified_valid_for_all_sessions_not_payg_checkout_proof;ocpi_vat_unspecified_20pct_derivation_not_operator_verified,Eco-Movement ChargePoint PCPR CPO OCPI 2.2.1
GBCPIL6632975,M&G KILDEAN 15,Stirling,GBCPIE6556725*2,GBCPIP6556725*2*82,22000,NLCPIT1k37*7*0,verification_requise_ne_pas_promouvoir_comme_payg_valide,ocpi_tariff_type_unspecified_valid_for_all_sessions_not_payg_checkout_proof;ocpi_vat_unspecified_20pct_derivation_not_operator_verified,Eco-Movement ChargePoint PCPR CPO OCPI 2.2.1
GBCPIL6632975,M&G KILDEAN 15,Stirling,GBCPIE6557475*2,GBCPIP6557475*2*82,22000,NLCPIT1k37*7*0,verification_requise_ne_pas_promouvoir_comme_payg_valide,ocpi_tariff_type_unspecified_valid_for_all_sessions_not_payg_checkout_proof;ocpi_vat_unspecified_20pct_derivation_not_operator_verified,Eco-Movement ChargePoint PCPR CPO OCPI 2.2.1
GBCPIL6632975,M&G KILDEAN 15,Stirling,GBCPIE6623735*2,GBCPIP6623735*2*82,22000,NLCPIT1k37*7*0,verification_requise_ne_pas_promouvoir_comme_payg_valide,ocpi_tariff_type_unspecified_valid_for_all_sessions_not_payg_checkout_proof;ocpi_vat_unspecified_20pct_derivation_not_operator_verified,Eco-Movement ChargePoint PCPR CPO OCPI 2.2.1
GBCPIL6632975,M&G KILDEAN 15,Stirling,GBCPIE6623975*1,GBCPIP6623975*1*82,22000,NLCPIT1k37*7*0,verification_requise_ne_pas_promouvoir_comme_payg_valide,ocpi_tariff_type_unspecified_valid_for_all_sessions_not_payg_checkout_proof;ocpi_vat_unspecified_20pct_derivation_not_operator_verified,Eco-Movement ChargePoint PCPR CPO OCPI 2.2.1
GBCPIL6632975,M&G KILDEAN 15,Stirling,GBCPIE6623975*2,GBCPIP6623975*2*82,22000,NLCPIT1k37*7*0,verification_requise_ne_pas_promouvoir_comme_payg_valide,ocpi_tariff_type_unspecified_valid_for_all_sessions_not_payg_checkout_proof;ocpi_vat_unspecified_20pct_derivation_not_operator_verified,Eco-Movement ChargePoint PCPR CPO OCPI 2.2.1
GBCPIL6632975,M&G KILDEAN 15,Stirling,GBCPIE6623985*2,GBCPIP6623985*2*82,22000,NLCPIT1k37*7*0,verification_requise_ne_pas_promouvoir_comme_payg_valide,ocpi_tariff_type_unspecified_valid_for_all_sessions_not_payg_checkout_proof;ocpi_vat_unspecified_20pct_derivation_not_operator_verified,Eco-Movement ChargePoint PCPR CPO OCPI 2.2.1
GBCPIL6632975,M&G KILDEAN 15,Stirling,GBCPIE6630345*2,GBCPIP6630345*2*82,22000,NLCPIT1k37*7*0,verification_requise_ne_pas_promouvoir_comme_payg_valide,ocpi_tariff_type_unspecified_valid_for_all_sessions_not_payg_checkout_proof;ocpi_vat_unspecified_20pct_derivation_not_operator_verified,Eco-Movement ChargePoint PCPR CPO OCPI 2.2.1
GBCPIL6632975,M&G KILDEAN 15,Stirling,GBCPIE6630455*2,GBCPIP6630455*2*82,22000,NLCPIT1k37*7*0,verification_requise_ne_pas_promouvoir_comme_payg_valide,ocpi_tariff_type_unspecified_valid_for_all_sessions_not_payg_checkout_proof;ocpi_vat_unspecified_20pct_derivation_not_operator_verified,Eco-Movement ChargePoint PCPR CPO OCPI 2.2.1
GBCPIL6632975,M&G KILDEAN 15,Stirling,GBCPIE6556545*2,GBCPIP6556545*2*82,22000,NLCPIT1k37*7*0,verification_requise_ne_pas_promouvoir_comme_payg_valide,ocpi_tariff_type_unspecified_valid_for_all_sessions_not_payg_checkout_proof;ocpi_vat_unspecified_20pct_derivation_not_operator_verified,Eco-Movement ChargePoint PCPR CPO OCPI 2.2.1
GBCPIL6632975,M&G KILDEAN 15,Stirling,GBCPIE6556675*2,GBCPIP6556675*2*82,22000,NLCPIT1k37*7*0,verification_requise_ne_pas_promouvoir_comme_payg_valide,ocpi_tariff_type_unspecified_valid_for_all_sessions_not_payg_checkout_proof;ocpi_vat_unspecified_20pct_derivation_not_operator_verified,Eco-Movement ChargePoint PCPR CPO OCPI 2.2.1
GBCPIL6632975,M&G KILDEAN 15,Stirling,GBCPIE6556725*1,GBCPIP6556725*1*82,22000,NLCPIT1k37*7*0,verification_requise_ne_pas_promouvoir_comme_payg_valide,ocpi_tariff_type_unspecified_valid_for_all_sessions_not_payg_checkout_proof;ocpi_vat_unspecified_20pct_derivation_not_operator_verified,Eco-Movement ChargePoint PCPR CPO OCPI 2.2.1
GBCPIL6632975,M&G KILDEAN 15,Stirling,GBCPIE6623955*2,GBCPIP6623955*2*82,22000,NLCPIT1k37*7*0,verification_requise_ne_pas_promouvoir_comme_payg_valide,ocpi_tariff_type_unspecified_valid_for_all_sessions_not_payg_checkout_proof;ocpi_vat_unspecified_20pct_derivation_not_operator_verified,Eco-Movement ChargePoint PCPR CPO OCPI 2.2.1
GBCPIL6632975,M&G KILDEAN 15,Stirling,GBCPIE6630345*1,GBCPIP6630345*1*82,22000,NLCPIT1k37*7*0,verification_requise_ne_pas_promouvoir_comme_payg_valide,ocpi_tariff_type_unspecified_valid_for_all_sessions_not_payg_checkout_proof;ocpi_vat_unspecified_20pct_derivation_not_operator_verified,Eco-Movement ChargePoint PCPR CPO OCPI 2.2.1
GBCPIL6808525,NETV NETV-BLAY-02,Blaydon,GBCPIE6808525*1,GBCPIP6808525*1*84,22000,NLCPIT2ACt*D*0,verification_requise_ne_pas_promouvoir_comme_payg_valide,ocpi_tariff_type_unspecified_valid_for_all_sessions_not_payg_checkout_proof;ocpi_vat_unspecified_20pct_derivation_not_operator_verified,Eco-Movement ChargePoint PCPR CPO OCPI 2.2.1
GBCPIL6808525,NETV NETV-BLAY-02,Blaydon,GBCPIE6808525*2,GBCPIP6808525*2*84,22000,NLCPIT2ACt*D*0,verification_requise_ne_pas_promouvoir_comme_payg_valide,ocpi_tariff_type_unspecified_valid_for_all_sessions_not_payg_checkout_proof;ocpi_vat_unspecified_20pct_derivation_not_operator_verified,Eco-Movement ChargePoint PCPR CPO OCPI 2.2.1
GBCPIL6713745,WOODCHESTER W9,Stroud,GBCPIE6713745*2,GBCPIP6713745*2*1258,22080,NLCPIT1mER*9*0,verification_requise_ne_pas_promouvoir_comme_payg_valide,ocpi_tariff_type_unspecified_valid_for_all_sessions_not_payg_checkout_proof;ocpi_vat_unspecified_20pct_derivation_not_operator_verified,Eco-Movement ChargePoint PCPR CPO OCPI 2.2.1
GBCPIL6713745,WOODCHESTER W9,Stroud,GBCPIE6713735*1,GBCPIP6713735*1*1258,22080,NLCPIT1mER*9*0,verification_requise_ne_pas_promouvoir_comme_payg_valide,ocpi_tariff_type_unspecified_valid_for_all_sessions_not_payg_checkout_proof;ocpi_vat_unspecified_20pct_derivation_not_operator_verified,Eco-Movement ChargePoint PCPR CPO OCPI 2.2.1
GBCPIL6713745,WOODCHESTER W9,Stroud,GBCPIE6713735*2,GBCPIP6713735*2*1258,22080,NLCPIT1mER*9*0,verification_requise_ne_pas_promouvoir_comme_payg_valide,ocpi_tariff_type_unspecified_valid_for_all_sessions_not_payg_checkout_proof;ocpi_vat_unspecified_20pct_derivation_not_operator_verified,Eco-Movement ChargePoint PCPR CPO OCPI 2.2.1
GBCPIL6713745,WOODCHESTER W9,Stroud,GBCPIE6713745*1,GBCPIP6713745*1*1258,22080,NLCPIT1mER*9*0,verification_requise_ne_pas_promouvoir_comme_payg_valide,ocpi_tariff_type_unspecified_valid_for_all_sessions_not_payg_checkout_proof;ocpi_vat_unspecified_20pct_derivation_not_operator_verified,Eco-Movement ChargePoint PCPR CPO OCPI 2.2.1
GBCPIL6494145,RD STUDIOS STATION 1,London,GBCPIE2899305*1,GBCPIP2899305*1*82,22000,NLCPIT1d27*3*0,verification_requise_ne_pas_promouvoir_comme_payg_valide,ocpi_tariff_type_unspecified_valid_for_all_sessions_not_payg_checkout_proof;ocpi_vat_unspecified_20pct_derivation_not_operator_verified,Eco-Movement ChargePoint PCPR CPO OCPI 2.2.1
GBCPIL6494145,RD STUDIOS STATION 1,London,GBCPIE2899305*2,GBCPIP2899305*2*82,22000,NLCPIT1d27*3*0,verification_requise_ne_pas_promouvoir_comme_payg_valide,ocpi_tariff_type_unspecified_valid_for_all_sessions_not_payg_checkout_proof;ocpi_vat_unspecified_20pct_derivation_not_operator_verified,Eco-Movement ChargePoint PCPR CPO OCPI 2.2.1
GBCPIL6494145,RD STUDIOS STATION 1,London,GBCPIE6494145*1,GBCPIP6494145*1*82,22000,NLCPIT1d27*3*0,verification_requise_ne_pas_promouvoir_comme_payg_valide,ocpi_tariff_type_unspecified_valid_for_all_sessions_not_payg_checkout_proof;ocpi_vat_unspecified_20pct_derivation_not_operator_verified,Eco-Movement ChargePoint PCPR CPO OCPI 2.2.1
GBCPIL6494145,RD STUDIOS STATION 1,London,GBCPIE6494145*2,GBCPIP6494145*2*82,22000,NLCPIT1d27*3*0,verification_requise_ne_pas_promouvoir_comme_payg_valide,ocpi_tariff_type_unspecified_valid_for_all_sessions_not_payg_checkout_proof;ocpi_vat_unspecified_20pct_derivation_not_operator_verified,Eco-Movement ChargePoint PCPR CPO OCPI 2.2.1
GBCPIL6494145,RD STUDIOS STATION 1,London,GBCPIE6496805*1,GBCPIP6496805*1*82,22000,NLCPIT1d27*3*0,verification_requise_ne_pas_promouvoir_comme_payg_valide,ocpi_tariff_type_unspecified_valid_for_all_sessions_not_payg_checkout_proof;ocpi_vat_unspecified_20pct_derivation_not_operator_verified,Eco-Movement ChargePoint PCPR CPO OCPI 2.2.1
GBCPIL6494145,RD STUDIOS STATION 1,London,GBCPIE6496805*2,GBCPIP6496805*2*82,22000,NLCPIT1d27*3*0,verification_requise_ne_pas_promouvoir_comme_payg_valide,ocpi_tariff_type_unspecified_valid_for_all_sessions_not_payg_checkout_proof;ocpi_vat_unspecified_20pct_derivation_not_operator_verified,Eco-Movement ChargePoint PCPR CPO OCPI 2.2.1
GBCPIL7315475,EVIELIFE MILL END 1,Newton Abbot,GBCPIE7315475*2,GBCPIP7315475*2*1259,22080,NLCPIT2tjJ*K*0,verification_requise_ne_pas_promouvoir_comme_payg_valide,ocpi_tariff_type_unspecified_valid_for_all_sessions_not_payg_checkout_proof;ocpi_vat_unspecified_20pct_derivation_not_operator_verified,Eco-Movement ChargePoint PCPR CPO OCPI 2.2.1
GBCPIL7315475,EVIELIFE MILL END 1,Newton Abbot,GBCPIE7315475*1,GBCPIP7315475*1*1259,22080,NLCPIT2tjJ*K*0,verification_requise_ne_pas_promouvoir_comme_payg_valide,ocpi_tariff_type_unspecified_valid_for_all_sessions_not_payg_checkout_proof;ocpi_vat_unspecified_20pct_derivation_not_operator_verified,Eco-Movement ChargePoint PCPR CPO OCPI 2.2.1
GBCPIL7272035,EVIELIFE STAR INN,Stroud,GBCPIE7272035*2,GBCPIP7272035*2*1259,22080,NLCPIT2tjJ*K*0,verification_requise_ne_pas_promouvoir_comme_payg_valide,ocpi_tariff_type_unspecified_valid_for_all_sessions_not_payg_checkout_proof;ocpi_vat_unspecified_20pct_derivation_not_operator_verified,Eco-Movement ChargePoint PCPR CPO OCPI 2.2.1
GBCPIL7272035,EVIELIFE STAR INN,Stroud,GBCPIE7272035*1,GBCPIP7272035*1*1259,22080,NLCPIT2tjJ*K*0,verification_requise_ne_pas_promouvoir_comme_payg_valide,ocpi_tariff_type_unspecified_valid_for_all_sessions_not_payg_checkout_proof;ocpi_vat_unspecified_20pct_derivation_not_operator_verified,Eco-Movement ChargePoint PCPR CPO OCPI 2.2.1
GBCPIL6732425,CAMBRIDGE SQ CAMBRIDGE SQ 8,Cambridge,GBCPIE6732425*1,GBCPIP6732425*1*1258,7680,NLCPIT2mhL*1*0,verification_requise_ne_pas_promouvoir_comme_payg_valide,ocpi_tariff_type_unspecified_valid_for_all_sessions_not_payg_checkout_proof;ocpi_vat_unspecified_20pct_derivation_not_operator_verified,Eco-Movement ChargePoint PCPR CPO OCPI 2.2.1
GBCPIL6732425,CAMBRIDGE SQ CAMBRIDGE SQ 8,Cambridge,GBCPIE6732425*2,GBCPIP6732425*2*1258,7680,NLCPIT2mhL*1*0,verification_requise_ne_pas_promouvoir_comme_payg_valide,ocpi_tariff_type_unspecified_valid_for_all_sessions_not_payg_checkout_proof;ocpi_vat_unspecified_20pct_derivation_not_operator_verified,Eco-Movement ChargePoint PCPR CPO OCPI 2.2.1
GBCPIL6732425,CAMBRIDGE SQ CAMBRIDGE SQ 8,Cambridge,GBCPIE6732545*1,GBCPIP6732545*1*1258,7680,NLCPIT2mhL*1*0,verification_requise_ne_pas_promouvoir_comme_payg_valide,ocpi_tariff_type_unspecified_valid_for_all_sessions_not_payg_checkout_proof;ocpi_vat_unspecified_20pct_derivation_not_operator_verified,Eco-Movement ChargePoint PCPR CPO OCPI 2.2.1
GBCPIL6732425,CAMBRIDGE SQ CAMBRIDGE SQ 8,Cambridge,GBCPIE6732545*2,GBCPIP6732545*2*1258,7680,NLCPIT2mhL*1*0,verification_requise_ne_pas_promouvoir_comme_payg_valide,ocpi_tariff_type_unspecified_valid_for_all_sessions_not_payg_checkout_proof;ocpi_vat_unspecified_20pct_derivation_not_operator_verified,Eco-Movement ChargePoint PCPR CPO OCPI 2.2.1
GBCPIL6778635,HAWKLEY BROOK HAWKLEY DC150,Wigan,GBCPIE6778635*1,GBCPIP6778635*1*373,150000,NLCPIT2TO5*4*0,verification_requise_ne_pas_promouvoir_comme_payg_valide,ocpi_tariff_type_unspecified_valid_for_all_sessions_not_payg_checkout_proof;ocpi_vat_unspecified_20pct_derivation_not_operator_verified,Eco-Movement ChargePoint PCPR CPO OCPI 2.2.1
GBCPIL6778635,HAWKLEY BROOK HAWKLEY DC150,Wigan,GBCPIE6778635*2,GBCPIP6778635*2*373,150000,NLCPIT2TO5*4*0,verification_requise_ne_pas_promouvoir_comme_payg_valide,ocpi_tariff_type_unspecified_valid_for_all_sessions_not_payg_checkout_proof;ocpi_vat_unspecified_20pct_derivation_not_operator_verified,Eco-Movement ChargePoint PCPR CPO OCPI 2.2.1
GBCPIL7083575,EVIELIFE THE CLUB HOUSE,Nairn,GBCPIE7083575*2,GBCPIP7083575*2*1259,22080,NLCPIT2tjJ*K*0,verification_requise_ne_pas_promouvoir_comme_payg_valide,ocpi_tariff_type_unspecified_valid_for_all_sessions_not_payg_checkout_proof;ocpi_vat_unspecified_20pct_derivation_not_operator_verified,Eco-Movement ChargePoint PCPR CPO OCPI 2.2.1
GBCPIL7083575,EVIELIFE THE CLUB HOUSE,Nairn,GBCPIE7083575*1,GBCPIP7083575*1*1259,22080,NLCPIT2tjJ*K*0,verification_requise_ne_pas_promouvoir_comme_payg_valide,ocpi_tariff_type_unspecified_valid_for_all_sessions_not_payg_checkout_proof;ocpi_vat_unspecified_20pct_derivation_not_operator_verified,Eco-Movement ChargePoint PCPR CPO OCPI 2.2.1
GBCPIL6669125,M&DS CHARGERS LOCHVIEW 1,Bellshill,GBCPIE6669115*1,GBCPIP6669115*1*1258,22080,NLCPIT3Baj*1*0,verification_requise_ne_pas_promouvoir_comme_payg_valide,ocpi_tariff_type_unspecified_valid_for_all_sessions_not_payg_checkout_proof;ocpi_vat_unspecified_20pct_derivation_not_operator_verified,Eco-Movement ChargePoint PCPR CPO OCPI 2.2.1
GBCPIL6669125,M&DS CHARGERS LOCHVIEW 1,Bellshill,GBCPIE6669115*2,GBCPIP6669115*2*1258,22080,NLCPIT3Baj*1*0,verification_requise_ne_pas_promouvoir_comme_payg_valide,ocpi_tariff_type_unspecified_valid_for_all_sessions_not_payg_checkout_proof;ocpi_vat_unspecified_20pct_derivation_not_operator_verified,Eco-Movement ChargePoint PCPR CPO OCPI 2.2.1
GBCPIL6669125,M&DS CHARGERS LOCHVIEW 1,Bellshill,GBCPIE6668685*1,GBCPIP6668685*1*1258,22080,NLCPIT3Baj*2*0,verification_requise_ne_pas_promouvoir_comme_payg_valide,ocpi_tariff_type_unspecified_valid_for_all_sessions_not_payg_checkout_proof;ocpi_vat_unspecified_20pct_derivation_not_operator_verified,Eco-Movement ChargePoint PCPR CPO OCPI 2.2.1
GBCPIL6669125,M&DS CHARGERS LOCHVIEW 1,Bellshill,GBCPIE6668685*2,GBCPIP6668685*2*1258,22080,NLCPIT3Baj*2*0,verification_requise_ne_pas_promouvoir_comme_payg_valide,ocpi_tariff_type_unspecified_valid_for_all_sessions_not_payg_checkout_proof;ocpi_vat_unspecified_20pct_derivation_not_operator_verified,Eco-Movement ChargePoint PCPR CPO OCPI 2.2.1
GBCPIL6669125,M&DS CHARGERS LOCHVIEW 1,Bellshill,GBCPIE6669125*1,GBCPIP6669125*1*1258,22080,NLCPIT3Baj*2*0,verification_requise_ne_pas_promouvoir_comme_payg_valide,ocpi_tariff_type_unspecified_valid_for_all_sessions_not_payg_checkout_proof;ocpi_vat_unspecified_20pct_derivation_not_operator_verified,Eco-Movement ChargePoint PCPR CPO OCPI 2.2.1
GBCPIL6669125,M&DS CHARGERS LOCHVIEW 1,Bellshill,GBCPIE6669125*2,GBCPIP6669125*2*1258,22080,NLCPIT3Baj*2*0,verification_requise_ne_pas_promouvoir_comme_payg_valide,ocpi_tariff_type_unspecified_valid_for_all_sessions_not_payg_checkout_proof;ocpi_vat_unspecified_20pct_derivation_not_operator_verified,Eco-Movement ChargePoint PCPR CPO OCPI 2.2.1
GBCPIL6669125,M&DS CHARGERS LOCHVIEW 1,Bellshill,GBCPIE6669085*1,GBCPIP6669085*1*1258,22080,NLCPIT3Baj*2*0,verification_requise_ne_pas_promouvoir_comme_payg_valide,ocpi_tariff_type_unspecified_valid_for_all_sessions_not_payg_checkout_proof;ocpi_vat_unspecified_20pct_derivation_not_operator_verified,Eco-Movement ChargePoint PCPR CPO OCPI 2.2.1
GBCPIL6669125,M&DS CHARGERS LOCHVIEW 1,Bellshill,GBCPIE6669085*2,GBCPIP6669085*2*1258,22080,NLCPIT3Baj*2*0,verification_requise_ne_pas_promouvoir_comme_payg_valide,ocpi_tariff_type_unspecified_valid_for_all_sessions_not_payg_checkout_proof;ocpi_vat_unspecified_20pct_derivation_not_operator_verified,Eco-Movement ChargePoint PCPR CPO OCPI 2.2.1
GBCPIL2111895,EV1 & EV2 ST VINCENT,Glasgow,GBCPIE2111895*1,GBCPIP2111895*1*84,22000,NLCPIT1ZhL*1*0,verification_requise_ne_pas_promouvoir_comme_payg_valide,ocpi_tariff_type_unspecified_valid_for_all_sessions_not_payg_checkout_proof;ocpi_vat_unspecified_20pct_derivation_not_operator_verified,Eco-Movement ChargePoint PCPR CPO OCPI 2.2.1
GBCPIL2111895,EV1 & EV2 ST VINCENT,Glasgow,GBCPIE2111895*2,GBCPIP2111895*2*84,22000,NLCPIT1ZhL*1*0,verification_requise_ne_pas_promouvoir_comme_payg_valide,ocpi_tariff_type_unspecified_valid_for_all_sessions_not_payg_checkout_proof;ocpi_vat_unspecified_20pct_derivation_not_operator_verified,Eco-Movement ChargePoint PCPR CPO OCPI 2.2.1
GBCPIL7427355,PADEL SLAM ZEST CHARGER 2,london,GBCPIE7427335*1,GBCPIP7427335*1*1259,16560,NLCPIT3EVD*3*0,verification_requise_ne_pas_promouvoir_comme_payg_valide,ocpi_tariff_type_unspecified_valid_for_all_sessions_not_payg_checkout_proof;ocpi_vat_unspecified_20pct_derivation_not_operator_verified,Eco-Movement ChargePoint PCPR CPO OCPI 2.2.1
GBCPIL7427355,PADEL SLAM ZEST CHARGER 2,london,GBCPIE7427335*2,GBCPIP7427335*2*1259,16560,NLCPIT3EVD*3*0,verification_requise_ne_pas_promouvoir_comme_payg_valide,ocpi_tariff_type_unspecified_valid_for_all_sessions_not_payg_checkout_proof;ocpi_vat_unspecified_20pct_derivation_not_operator_verified,Eco-Movement ChargePoint PCPR CPO OCPI 2.2.1
GBCPIL7427355,PADEL SLAM ZEST CHARGER 2,london,GBCPIE7427355*1,GBCPIP7427355*1*1259,16560,NLCPIT3EVD*3*0,verification_requise_ne_pas_promouvoir_comme_payg_valide,ocpi_tariff_type_unspecified_valid_for_all_sessions_not_payg_checkout_proof;ocpi_vat_unspecified_20pct_derivation_not_operator_verified,Eco-Movement ChargePoint PCPR CPO OCPI 2.2.1
GBCPIL7427355,PADEL SLAM ZEST CHARGER 2,london,GBCPIE7427355*2,GBCPIP7427355*2*1259,16560,NLCPIT3EVD*3*0,verification_requise_ne_pas_promouvoir_comme_payg_valide,ocpi_tariff_type_unspecified_valid_for_all_sessions_not_payg_checkout_proof;ocpi_vat_unspecified_20pct_derivation_not_operator_verified,Eco-Movement ChargePoint PCPR CPO OCPI 2.2.1
GBCPIL7175505,ZOLBEV PARKVILLE HOTEL,Blantyre,GBCPIE7175505*1,GBCPIP7175505*1*1258,22080,NLCPIT39K5*5*0,verification_requise_ne_pas_promouvoir_comme_payg_valide,ocpi_tariff_type_unspecified_valid_for_all_sessions_not_payg_checkout_proof;ocpi_vat_unspecified_20pct_derivation_not_operator_verified,Eco-Movement ChargePoint PCPR CPO OCPI 2.2.1
GBCPIL7175505,ZOLBEV PARKVILLE HOTEL,Blantyre,GBCPIE7175505*2,GBCPIP7175505*2*1258,22080,NLCPIT39K5*5*0,verification_requise_ne_pas_promouvoir_comme_payg_valide,ocpi_tariff_type_unspecified_valid_for_all_sessions_not_payg_checkout_proof;ocpi_vat_unspecified_20pct_derivation_not_operator_verified,Eco-Movement ChargePoint PCPR CPO OCPI 2.2.1
GBCPIL7409685,ENGLISH LAKES LOW WOOD MARINA,Windemere,GBCPIE7409685*1,GBCPIP7409685*1*1259,22080,NLCPIT3E4R*9*0,verification_requise_ne_pas_promouvoir_comme_payg_valide,ocpi_tariff_type_unspecified_valid_for_all_sessions_not_payg_checkout_proof;ocpi_vat_unspecified_20pct_derivation_not_operator_verified,Eco-Movement ChargePoint PCPR CPO OCPI 2.2.1
GBCPIL7409685,ENGLISH LAKES LOW WOOD MARINA,Windemere,GBCPIE7409685*2,GBCPIP7409685*2*1259,22080,NLCPIT3E4R*9*0,verification_requise_ne_pas_promouvoir_comme_payg_valide,ocpi_tariff_type_unspecified_valid_for_all_sessions_not_payg_checkout_proof;ocpi_vat_unspecified_20pct_derivation_not_operator_verified,Eco-Movement ChargePoint PCPR CPO OCPI 2.2.1
GBCPIL7409255,ENGLISH LAKES LOW WOOD BAY 2,Windemere,GBCPIE7409245*1,GBCPIP7409245*1*1259,22080,NLCPIT3E4R*9*0,verification_requise_ne_pas_promouvoir_comme_payg_valide,ocpi_tariff_type_unspecified_valid_for_all_sessions_not_payg_checkout_proof;ocpi_vat_unspecified_20pct_derivation_not_operator_verified,Eco-Movement ChargePoint PCPR CPO OCPI 2.2.1
GBCPIL7409255,ENGLISH LAKES LOW WOOD BAY 2,Windemere,GBCPIE7409245*2,GBCPIP7409245*2*1259,22080,NLCPIT3E4R*9*0,verification_requise_ne_pas_promouvoir_comme_payg_valide,ocpi_tariff_type_unspecified_valid_for_all_sessions_not_payg_checkout_proof;ocpi_vat_unspecified_20pct_derivation_not_operator_verified,Eco-Movement ChargePoint PCPR CPO OCPI 2.2.1
GBCPIL7409255,ENGLISH LAKES LOW WOOD BAY 2,Windemere,GBCPIE7409255*1,GBCPIP7409255*1*1259,22080,NLCPIT3E4R*9*0,verification_requise_ne_pas_promouvoir_comme_payg_valide,ocpi_tariff_type_unspecified_valid_for_all_sessions_not_payg_checkout_proof;ocpi_vat_unspecified_20pct_derivation_not_operator_verified,Eco-Movement ChargePoint PCPR CPO OCPI 2.2.1
GBCPIL7409255,ENGLISH LAKES LOW WOOD BAY 2,Windemere,GBCPIE7409255*2,GBCPIP7409255*2*1259,22080,NLCPIT3E4R*9*0,verification_requise_ne_pas_promouvoir_comme_payg_valide,ocpi_tariff_type_unspecified_valid_for_all_sessions_not_payg_checkout_proof;ocpi_vat_unspecified_20pct_derivation_not_operator_verified,Eco-Movement ChargePoint PCPR CPO OCPI 2.2.1
GBCPIL7433515,EVIELIFE LIVERMEAD HOUSE,Torquay,GBCPIE7433515*1,GBCPIP7433515*1*100270,22080,NLCPIT2tjJ*K*0,verification_requise_ne_pas_promouvoir_comme_payg_valide,ocpi_tariff_type_unspecified_valid_for_all_sessions_not_payg_checkout_proof;ocpi_vat_unspecified_20pct_derivation_not_operator_verified,Eco-Movement ChargePoint PCPR CPO OCPI 2.2.1
GBCPIL7433515,EVIELIFE LIVERMEAD HOUSE,Torquay,GBCPIE7433515*2,GBCPIP7433515*2*100270,22080,NLCPIT2tjJ*K*0,verification_requise_ne_pas_promouvoir_comme_payg_valide,ocpi_tariff_type_unspecified_valid_for_all_sessions_not_payg_checkout_proof;ocpi_vat_unspecified_20pct_derivation_not_operator_verified,Eco-Movement ChargePoint PCPR CPO OCPI 2.2.1
GBCPIL7232475,BBF HULL CHARGER 4,Kingston upon Hull,GBCPIE7232475*1,GBCPIP7232475*1*1259,22080,NLCPIT3Bel*5*0,verification_requise_ne_pas_promouvoir_comme_payg_valide,ocpi_tariff_type_unspecified_valid_for_all_sessions_not_payg_checkout_proof;ocpi_vat_unspecified_20pct_derivation_not_operator_verified,Eco-Movement ChargePoint PCPR CPO OCPI 2.2.1
GBCPIL7232475,BBF HULL CHARGER 4,Kingston upon Hull,GBCPIE7232475*2,GBCPIP7232475*2*1259,22080,NLCPIT3Bel*5*0,verification_requise_ne_pas_promouvoir_comme_payg_valide,ocpi_tariff_type_unspecified_valid_for_all_sessions_not_payg_checkout_proof;ocpi_vat_unspecified_20pct_derivation_not_operator_verified,Eco-Movement ChargePoint PCPR CPO OCPI 2.2.1
GBCPIL6664225,CUMNOCK KERR_SMITH 1,Cumnock,GBCPIE6664225*1,GBCPIP6664225*1*82,22000,NLCPIT1usZ*2*0,verification_requise_ne_pas_promouvoir_comme_payg_valide,ocpi_tariff_type_unspecified_valid_for_all_sessions_not_payg_checkout_proof;ocpi_vat_unspecified_20pct_derivation_not_operator_verified,Eco-Movement ChargePoint PCPR CPO OCPI 2.2.1
GBCPIL6664225,CUMNOCK KERR_SMITH 1,Cumnock,GBCPIE6664225*2,GBCPIP6664225*2*82,22000,NLCPIT1usZ*2*0,verification_requise_ne_pas_promouvoir_comme_payg_valide,ocpi_tariff_type_unspecified_valid_for_all_sessions_not_payg_checkout_proof;ocpi_vat_unspecified_20pct_derivation_not_operator_verified,Eco-Movement ChargePoint PCPR CPO OCPI 2.2.1
GBCPIL7414925,REAR CAR PARK CHARGER 1,Whiteley,GBCPIE7414925*1,GBCPIP7414925*1*1259,22080,NLCPIT1XKj*6*0,verification_requise_ne_pas_promouvoir_comme_payg_valide,ocpi_tariff_type_unspecified_valid_for_all_sessions_not_payg_checkout_proof;ocpi_vat_unspecified_20pct_derivation_not_operator_verified,Eco-Movement ChargePoint PCPR CPO OCPI 2.2.1
GBCPIL7414925,REAR CAR PARK CHARGER 1,Whiteley,GBCPIE7414925*2,GBCPIP7414925*2*1259,22080,NLCPIT1XKj*6*0,verification_requise_ne_pas_promouvoir_comme_payg_valide,ocpi_tariff_type_unspecified_valid_for_all_sessions_not_payg_checkout_proof;ocpi_vat_unspecified_20pct_derivation_not_operator_verified,Eco-Movement ChargePoint PCPR CPO OCPI 2.2.1
GBCPIL6782115,BV STATION 11,Bicester,GBCPIE6777295*2,GBCPIP6777295*2*1259,22080,NLCPIT2AJz*2*0,verification_requise_ne_pas_promouvoir_comme_payg_valide,ocpi_tariff_type_unspecified_valid_for_all_sessions_not_payg_checkout_proof;ocpi_vat_unspecified_20pct_derivation_not_operator_verified,Eco-Movement ChargePoint PCPR CPO OCPI 2.2.1
GBCPIL6782115,BV STATION 11,Bicester,GBCPIE6782115*1,GBCPIP6782115*1*1259,22080,NLCPIT2AJz*2*0,verification_requise_ne_pas_promouvoir_comme_payg_valide,ocpi_tariff_type_unspecified_valid_for_all_sessions_not_payg_checkout_proof;ocpi_vat_unspecified_20pct_derivation_not_operator_verified,Eco-Movement ChargePoint PCPR CPO OCPI 2.2.1
GBCPIL6782115,BV STATION 11,Bicester,GBCPIE6782115*2,GBCPIP6782115*2*1259,22080,NLCPIT2AJz*2*0,verification_requise_ne_pas_promouvoir_comme_payg_valide,ocpi_tariff_type_unspecified_valid_for_all_sessions_not_payg_checkout_proof;ocpi_vat_unspecified_20pct_derivation_not_operator_verified,Eco-Movement ChargePoint PCPR CPO OCPI 2.2.1
GBCPIL6782115,BV STATION 11,Bicester,GBCPIE6777295*1,GBCPIP6777295*1*1259,22080,NLCPIT2AJz*2*0,verification_requise_ne_pas_promouvoir_comme_payg_valide,ocpi_tariff_type_unspecified_valid_for_all_sessions_not_payg_checkout_proof;ocpi_vat_unspecified_20pct_derivation_not_operator_verified,Eco-Movement ChargePoint PCPR CPO OCPI 2.2.1
GBCPIL6987065,MEPC MILTON PAR 25 PARK DRIVE,Milton,GBCPIE6987055*1,GBCPIP6987055*1*1258,22080,NLCPIT2seh*1*0,verification_requise_ne_pas_promouvoir_comme_payg_valide,ocpi_tariff_type_unspecified_valid_for_all_sessions_not_payg_checkout_proof;ocpi_vat_unspecified_20pct_derivation_not_operator_verified,Eco-Movement ChargePoint PCPR CPO OCPI 2.2.1
GBCPIL6987065,MEPC MILTON PAR 25 PARK DRIVE,Milton,GBCPIE6987055*2,GBCPIP6987055*2*1258,22080,NLCPIT2seh*1*0,verification_requise_ne_pas_promouvoir_comme_payg_valide,ocpi_tariff_type_unspecified_valid_for_all_sessions_not_payg_checkout_proof;ocpi_vat_unspecified_20pct_derivation_not_operator_verified,Eco-Movement ChargePoint PCPR CPO OCPI 2.2.1
GBCPIL6987065,MEPC MILTON PAR 25 PARK DRIVE,Milton,GBCPIE6987065*1,GBCPIP6987065*1*1258,7680,NLCPIT2seh*1*0,verification_requise_ne_pas_promouvoir_comme_payg_valide,ocpi_tariff_type_unspecified_valid_for_all_sessions_not_payg_checkout_proof;ocpi_vat_unspecified_20pct_derivation_not_operator_verified,Eco-Movement ChargePoint PCPR CPO OCPI 2.2.1
GBCPIL6987065,MEPC MILTON PAR 25 PARK DRIVE,Milton,GBCPIE6987065*2,GBCPIP6987065*2*1258,7680,NLCPIT2seh*1*0,verification_requise_ne_pas_promouvoir_comme_payg_valide,ocpi_tariff_type_unspecified_valid_for_all_sessions_not_payg_checkout_proof;ocpi_vat_unspecified_20pct_derivation_not_operator_verified,Eco-Movement ChargePoint PCPR CPO OCPI 2.2.1
GBCPIL6528175,THE AA CHEADLE 2,Cheadle,GBCPIE6528165*1,GBCPIP6528165*1*82,22000,NLCPIT2QP*1*0,tarif_indisponible,foreign_currency_tariff;ocpi_tariff_type_unspecified_valid_for_all_sessions_not_payg_checkout_proof;ocpi_vat_unspecified_20pct_derivation_not_operator_verified,Eco-Movement ChargePoint PCPR CPO OCPI 2.2.1
GBCPIL6528175,THE AA CHEADLE 2,Cheadle,GBCPIE6528165*2,GBCPIP6528165*2*82,22000,NLCPIT2QP*1*0,tarif_indisponible,foreign_currency_tariff;ocpi_tariff_type_unspecified_valid_for_all_sessions_not_payg_checkout_proof;ocpi_vat_unspecified_20pct_derivation_not_operator_verified,Eco-Movement ChargePoint PCPR CPO OCPI 2.2.1
GBCPIL6528175,THE AA CHEADLE 2,Cheadle,GBCPIE6528175*1,GBCPIP6528175*1*82,22000,NLCPIT2QP*1*0,tarif_indisponible,foreign_currency_tariff;ocpi_tariff_type_unspecified_valid_for_all_sessions_not_payg_checkout_proof;ocpi_vat_unspecified_20pct_derivation_not_operator_verified,Eco-Movement ChargePoint PCPR CPO OCPI 2.2.1
GBCPIL6528175,THE AA CHEADLE 2,Cheadle,GBCPIE6528175*2,GBCPIP6528175*2*82,22000,NLCPIT2QP*1*0,tarif_indisponible,foreign_currency_tariff;ocpi_tariff_type_unspecified_valid_for_all_sessions_not_payg_checkout_proof;ocpi_vat_unspecified_20pct_derivation_not_operator_verified,Eco-Movement ChargePoint PCPR CPO OCPI 2.2.1
GBCPIL7362325,EVIELIFE WOLFCASTLE 1,pembroke,GBCPIE7362325*1,GBCPIP7362325*1*1259,22080,NLCPIT2tjJ*K*0,verification_requise_ne_pas_promouvoir_comme_payg_valide,ocpi_tariff_type_unspecified_valid_for_all_sessions_not_payg_checkout_proof;ocpi_vat_unspecified_20pct_derivation_not_operator_verified,Eco-Movement ChargePoint PCPR CPO OCPI 2.2.1
GBCPIL7362325,EVIELIFE WOLFCASTLE 1,pembroke,GBCPIE7362325*2,GBCPIP7362325*2*1259,22080,NLCPIT2tjJ*K*0,verification_requise_ne_pas_promouvoir_comme_payg_valide,ocpi_tariff_type_unspecified_valid_for_all_sessions_not_payg_checkout_proof;ocpi_vat_unspecified_20pct_derivation_not_operator_verified,Eco-Movement ChargePoint PCPR CPO OCPI 2.2.1
GBCPIL6790455,BABCOCK STATION 28,Plymouth,GBCPIE6788095*1,GBCPIP6788095*1*1258,7680,NLCPIT2XHh*G*0,verification_requise_ne_pas_promouvoir_comme_payg_valide,ocpi_tariff_type_unspecified_valid_for_all_sessions_not_payg_checkout_proof;ocpi_vat_unspecified_20pct_derivation_not_operator_verified,Eco-Movement ChargePoint PCPR CPO OCPI 2.2.1
GBCPIL6790455,BABCOCK STATION 28,Plymouth,GBCPIE6790455*2,GBCPIP6790455*2*1258,7680,NLCPIT2XHh*G*0,verification_requise_ne_pas_promouvoir_comme_payg_valide,ocpi_tariff_type_unspecified_valid_for_all_sessions_not_payg_checkout_proof;ocpi_vat_unspecified_20pct_derivation_not_operator_verified,Eco-Movement ChargePoint PCPR CPO OCPI 2.2.1
GBCPIL6790455,BABCOCK STATION 28,Plymouth,GBCPIE6789675*1,GBCPIP6789675*1*1258,7680,NLCPIT2XHh*G*0,verification_requise_ne_pas_promouvoir_comme_payg_valide,ocpi_tariff_type_unspecified_valid_for_all_sessions_not_payg_checkout_proof;ocpi_vat_unspecified_20pct_derivation_not_operator_verified,Eco-Movement ChargePoint PCPR CPO OCPI 2.2.1
GBCPIL6790455,BABCOCK STATION 28,Plymouth,GBCPIE6790445*1,GBCPIP6790445*1*1258,22080,NLCPIT2XHh*G*0,verification_requise_ne_pas_promouvoir_comme_payg_valide,ocpi_tariff_type_unspecified_valid_for_all_sessions_not_payg_checkout_proof;ocpi_vat_unspecified_20pct_derivation_not_operator_verified,Eco-Movement ChargePoint PCPR CPO OCPI 2.2.1
GBCPIL6790455,BABCOCK STATION 28,Plymouth,GBCPIE6790445*2,GBCPIP6790445*2*1258,22080,NLCPIT2XHh*G*0,verification_requise_ne_pas_promouvoir_comme_payg_valide,ocpi_tariff_type_unspecified_valid_for_all_sessions_not_payg_checkout_proof;ocpi_vat_unspecified_20pct_derivation_not_operator_verified,Eco-Movement ChargePoint PCPR CPO OCPI 2.2.1
GBCPIL6790455,BABCOCK STATION 28,Plymouth,GBCPIE6788095*2,GBCPIP6788095*2*1258,7680,NLCPIT2XHh*G*0,verification_requise_ne_pas_promouvoir_comme_payg_valide,ocpi_tariff_type_unspecified_valid_for_all_sessions_not_payg_checkout_proof;ocpi_vat_unspecified_20pct_derivation_not_operator_verified,Eco-Movement ChargePoint PCPR CPO OCPI 2.2.1
GBCPIL6790455,BABCOCK STATION 28,Plymouth,GBCPIE6790455*1,GBCPIP6790455*1*1258,7680,NLCPIT2XHh*G*0,verification_requise_ne_pas_promouvoir_comme_payg_valide,ocpi_tariff_type_unspecified_valid_for_all_sessions_not_payg_checkout_proof;ocpi_vat_unspecified_20pct_derivation_not_operator_verified,Eco-Movement ChargePoint PCPR CPO OCPI 2.2.1
GBCPIL6790455,BABCOCK STATION 28,Plymouth,GBCPIE6816485*1,GBCPIP6816485*1*1258,7680,NLCPIT2XHh*G*0,verification_requise_ne_pas_promouvoir_comme_payg_valide,ocpi_tariff_type_unspecified_valid_for_all_sessions_not_payg_checkout_proof;ocpi_vat_unspecified_20pct_derivation_not_operator_verified,Eco-Movement ChargePoint PCPR CPO OCPI 2.2.1
GBCPIL6790455,BABCOCK STATION 28,Plymouth,GBCPIE6789675*2,GBCPIP6789675*2*1258,7680,NLCPIT2XHh*G*0,verification_requise_ne_pas_promouvoir_comme_payg_valide,ocpi_tariff_type_unspecified_valid_for_all_sessions_not_payg_checkout_proof;ocpi_vat_unspecified_20pct_derivation_not_operator_verified,Eco-Movement ChargePoint PCPR CPO OCPI 2.2.1
GBCPIL6773485,DLEV STATION 2,Derby,GBCPIE6773465*1,GBCPIP6773465*1*1259,22080,NLCPIT2AVR*3*0,verification_requise_ne_pas_promouvoir_comme_payg_valide,ocpi_tariff_type_unspecified_valid_for_all_sessions_not_payg_checkout_proof;ocpi_vat_unspecified_20pct_derivation_not_operator_verified,Eco-Movement ChargePoint PCPR CPO OCPI 2.2.1
GBCPIL6773485,DLEV STATION 2,Derby,GBCPIE6773465*2,GBCPIP6773465*2*1259,22080,NLCPIT2AVR*3*0,verification_requise_ne_pas_promouvoir_comme_payg_valide,ocpi_tariff_type_unspecified_valid_for_all_sessions_not_payg_checkout_proof;ocpi_vat_unspecified_20pct_derivation_not_operator_verified,Eco-Movement ChargePoint PCPR CPO OCPI 2.2.1
GBCPIL6773485,DLEV STATION 2,Derby,GBCPIE6773485*1,GBCPIP6773485*1*1259,22080,NLCPIT2AVR*3*0,verification_requise_ne_pas_promouvoir_comme_payg_valide,ocpi_tariff_type_unspecified_valid_for_all_sessions_not_payg_checkout_proof;ocpi_vat_unspecified_20pct_derivation_not_operator_verified,Eco-Movement ChargePoint PCPR CPO OCPI 2.2.1
GBCPIL6773485,DLEV STATION 2,Derby,GBCPIE6773485*2,GBCPIP6773485*2*1259,22080,NLCPIT2AVR*3*0,verification_requise_ne_pas_promouvoir_comme_payg_valide,ocpi_tariff_type_unspecified_valid_for_all_sessions_not_payg_checkout_proof;ocpi_vat_unspecified_20pct_derivation_not_operator_verified,Eco-Movement ChargePoint PCPR CPO OCPI 2.2.1
GBCPIL7378265,EVIELIFE CROFTON HOUSE,Torquay,GBCPIE7238205*1,GBCPIP7238205*1*1259,22080,NLCPIT2tjJ*K*0,verification_requise_ne_pas_promouvoir_comme_payg_valide,ocpi_tariff_type_unspecified_valid_for_all_sessions_not_payg_checkout_proof;ocpi_vat_unspecified_20pct_derivation_not_operator_verified,Eco-Movement ChargePoint PCPR CPO OCPI 2.2.1
GBCPIL7378265,EVIELIFE CROFTON HOUSE,Torquay,GBCPIE7238205*2,GBCPIP7238205*2*1259,22080,NLCPIT2tjJ*K*0,verification_requise_ne_pas_promouvoir_comme_payg_valide,ocpi_tariff_type_unspecified_valid_for_all_sessions_not_payg_checkout_proof;ocpi_vat_unspecified_20pct_derivation_not_operator_verified,Eco-Movement ChargePoint PCPR CPO OCPI 2.2.1
GBCPIL7378265,EVIELIFE CROFTON HOUSE,Torquay,GBCPIE7378265*1,GBCPIP7378265*1*1259,22080,NLCPIT2tjJ*K*0,verification_requise_ne_pas_promouvoir_comme_payg_valide,ocpi_tariff_type_unspecified_valid_for_all_sessions_not_payg_checkout_proof;ocpi_vat_unspecified_20pct_derivation_not_operator_verified,Eco-Movement ChargePoint PCPR CPO OCPI 2.2.1
GBCPIL7378265,EVIELIFE CROFTON HOUSE,Torquay,GBCPIE7378265*2,GBCPIP7378265*2*1259,22080,NLCPIT2tjJ*K*0,verification_requise_ne_pas_promouvoir_comme_payg_valide,ocpi_tariff_type_unspecified_valid_for_all_sessions_not_payg_checkout_proof;ocpi_vat_unspecified_20pct_derivation_not_operator_verified,Eco-Movement ChargePoint PCPR CPO OCPI 2.2.1
GBCPIL6716225,INTERESTING H. HELLIDON LAKES3,Hellidon,GBCPIE6716215*1,GBCPIP6716215*1*1258,22080,NLCPIT24Yt*7*0,verification_requise_ne_pas_promouvoir_comme_payg_valide,ocpi_tariff_type_unspecified_valid_for_all_sessions_not_payg_checkout_proof;ocpi_vat_unspecified_20pct_derivation_not_operator_verified,Eco-Movement ChargePoint PCPR CPO OCPI 2.2.1
GBCPIL6716225,INTERESTING H. HELLIDON LAKES3,Hellidon,GBCPIE6716215*2,GBCPIP6716215*2*1258,22080,NLCPIT24Yt*7*0,verification_requise_ne_pas_promouvoir_comme_payg_valide,ocpi_tariff_type_unspecified_valid_for_all_sessions_not_payg_checkout_proof;ocpi_vat_unspecified_20pct_derivation_not_operator_verified,Eco-Movement ChargePoint PCPR CPO OCPI 2.2.1
GBCPIL6716225,INTERESTING H. HELLIDON LAKES3,Hellidon,GBCPIE6716225*1,GBCPIP6716225*1*1258,22080,NLCPIT24Yt*7*0,verification_requise_ne_pas_promouvoir_comme_payg_valide,ocpi_tariff_type_unspecified_valid_for_all_sessions_not_payg_checkout_proof;ocpi_vat_unspecified_20pct_derivation_not_operator_verified,Eco-Movement ChargePoint PCPR CPO OCPI 2.2.1
GBCPIL6716225,INTERESTING H. HELLIDON LAKES3,Hellidon,GBCPIE6716225*2,GBCPIP6716225*2*1258,22080,NLCPIT24Yt*7*0,verification_requise_ne_pas_promouvoir_comme_payg_valide,ocpi_tariff_type_unspecified_valid_for_all_sessions_not_payg_checkout_proof;ocpi_vat_unspecified_20pct_derivation_not_operator_verified,Eco-Movement ChargePoint PCPR CPO OCPI 2.2.1
GBCPIL6716225,INTERESTING H. HELLIDON LAKES3,Hellidon,GBCPIE6716205*1,GBCPIP6716205*1*1258,22080,NLCPIT24Yt*7*0,verification_requise_ne_pas_promouvoir_comme_payg_valide,ocpi_tariff_type_unspecified_valid_for_all_sessions_not_payg_checkout_proof;ocpi_vat_unspecified_20pct_derivation_not_operator_verified,Eco-Movement ChargePoint PCPR CPO OCPI 2.2.1
GBCPIL6716225,INTERESTING H. HELLIDON LAKES3,Hellidon,GBCPIE6716205*2,GBCPIP6716205*2*1258,22080,NLCPIT24Yt*7*0,verification_requise_ne_pas_promouvoir_comme_payg_valide,ocpi_tariff_type_unspecified_valid_for_all_sessions_not_payg_checkout_proof;ocpi_vat_unspecified_20pct_derivation_not_operator_verified,Eco-Movement ChargePoint PCPR CPO OCPI 2.2.1
GBCPIL6712325,COLTON RP STATION 3,Leeds,GBCPIE6712315*1,GBCPIP6712315*1*1258,22080,NLCPIT3CSH*1*0,verification_requise_ne_pas_promouvoir_comme_payg_valide,ocpi_tariff_type_unspecified_valid_for_all_sessions_not_payg_checkout_proof;ocpi_vat_unspecified_20pct_derivation_not_operator_verified,Eco-Movement ChargePoint PCPR CPO OCPI 2.2.1
GBCPIL6712325,COLTON RP STATION 3,Leeds,GBCPIE6712315*2,GBCPIP6712315*2*1258,22080,NLCPIT3CSH*1*0,verification_requise_ne_pas_promouvoir_comme_payg_valide,ocpi_tariff_type_unspecified_valid_for_all_sessions_not_payg_checkout_proof;ocpi_vat_unspecified_20pct_derivation_not_operator_verified,Eco-Movement ChargePoint PCPR CPO OCPI 2.2.1
GBCPIL6712325,COLTON RP STATION 3,Leeds,GBCPIE6712325*1,GBCPIP6712325*1*1258,22080,NLCPIT3CSH*1*0,verification_requise_ne_pas_promouvoir_comme_payg_valide,ocpi_tariff_type_unspecified_valid_for_all_sessions_not_payg_checkout_proof;ocpi_vat_unspecified_20pct_derivation_not_operator_verified,Eco-Movement ChargePoint PCPR CPO OCPI 2.2.1
GBCPIL6712325,COLTON RP STATION 3,Leeds,GBCPIE6712325*2,GBCPIP6712325*2*1258,22080,NLCPIT3CSH*1*0,verification_requise_ne_pas_promouvoir_comme_payg_valide,ocpi_tariff_type_unspecified_valid_for_all_sessions_not_payg_checkout_proof;ocpi_vat_unspecified_20pct_derivation_not_operator_verified,Eco-Movement ChargePoint PCPR CPO OCPI 2.2.1
GBCPIL6774035,HULL UNIVERSITY STATION 3,Kingston upon Hull,GBCPIE6773905*2,GBCPIP6773905*2*1258,22080,NLCPIT2BXn*8*0,verification_requise_ne_pas_promouvoir_comme_payg_valide,ocpi_tariff_type_unspecified_valid_for_all_sessions_not_payg_checkout_proof;ocpi_vat_unspecified_20pct_derivation_not_operator_verified,Eco-Movement ChargePoint PCPR CPO OCPI 2.2.1
GBCPIL6774035,HULL UNIVERSITY STATION 3,Kingston upon Hull,GBCPIE6773875*1,GBCPIP6773875*1*1258,22080,NLCPIT2BXn*8*0,verification_requise_ne_pas_promouvoir_comme_payg_valide,ocpi_tariff_type_unspecified_valid_for_all_sessions_not_payg_checkout_proof;ocpi_vat_unspecified_20pct_derivation_not_operator_verified,Eco-Movement ChargePoint PCPR CPO OCPI 2.2.1
GBCPIL6774035,HULL UNIVERSITY STATION 3,Kingston upon Hull,GBCPIE6773875*2,GBCPIP6773875*2*1258,22080,NLCPIT2BXn*8*0,verification_requise_ne_pas_promouvoir_comme_payg_valide,ocpi_tariff_type_unspecified_valid_for_all_sessions_not_payg_checkout_proof;ocpi_vat_unspecified_20pct_derivation_not_operator_verified,Eco-Movement ChargePoint PCPR CPO OCPI 2.2.1
GBCPIL6774035,HULL UNIVERSITY STATION 3,Kingston upon Hull,GBCPIE6773965*1,GBCPIP6773965*1*1258,22080,NLCPIT2BXn*8*0,verification_requise_ne_pas_promouvoir_comme_payg_valide,ocpi_tariff_type_unspecified_valid_for_all_sessions_not_payg_checkout_proof;ocpi_vat_unspecified_20pct_derivation_not_operator_verified,Eco-Movement ChargePoint PCPR CPO OCPI 2.2.1
GBCPIL6774035,HULL UNIVERSITY STATION 3,Kingston upon Hull,GBCPIE6773965*2,GBCPIP6773965*2*1258,22080,NLCPIT2BXn*8*0,verification_requise_ne_pas_promouvoir_comme_payg_valide,ocpi_tariff_type_unspecified_valid_for_all_sessions_not_payg_checkout_proof;ocpi_vat_unspecified_20pct_derivation_not_operator_verified,Eco-Movement ChargePoint PCPR CPO OCPI 2.2.1
GBCPIL6774035,HULL UNIVERSITY STATION 3,Kingston upon Hull,GBCPIE6774035*1,GBCPIP6774035*1*1258,22080,NLCPIT2BXn*8*0,verification_requise_ne_pas_promouvoir_comme_payg_valide,ocpi_tariff_type_unspecified_valid_for_all_sessions_not_payg_checkout_proof;ocpi_vat_unspecified_20pct_derivation_not_operator_verified,Eco-Movement ChargePoint PCPR CPO OCPI 2.2.1
GBCPIL6774035,HULL UNIVERSITY STATION 3,Kingston upon Hull,GBCPIE6774035*2,GBCPIP6774035*2*1258,22080,NLCPIT2BXn*8*0,verification_requise_ne_pas_promouvoir_comme_payg_valide,ocpi_tariff_type_unspecified_valid_for_all_sessions_not_payg_checkout_proof;ocpi_vat_unspecified_20pct_derivation_not_operator_verified,Eco-Movement ChargePoint PCPR CPO OCPI 2.2.1
GBCPIL6774035,HULL UNIVERSITY STATION 3,Kingston upon Hull,GBCPIE6773905*1,GBCPIP6773905*1*1258,22080,NLCPIT2BXn*8*0,verification_requise_ne_pas_promouvoir_comme_payg_valide,ocpi_tariff_type_unspecified_valid_for_all_sessions_not_payg_checkout_proof;ocpi_vat_unspecified_20pct_derivation_not_operator_verified,Eco-Movement ChargePoint PCPR CPO OCPI 2.2.1
GBCPIL7265065,LEGAL & GENERAL AMPTHILL RD 1,Kempston,GBCPIE7265065*2,GBCPIP7265065*2*1259,22080,NLCPIT2QP*1*0,tarif_indisponible,foreign_currency_tariff;ocpi_tariff_type_unspecified_valid_for_all_sessions_not_payg_checkout_proof;ocpi_vat_unspecified_20pct_derivation_not_operator_verified,Eco-Movement ChargePoint PCPR CPO OCPI 2.2.1
GBCPIL7265065,LEGAL & GENERAL AMPTHILL RD 1,Kempston,GBCPIE7265065*1,GBCPIP7265065*1*1259,22080,NLCPIT2QP*1*0,tarif_indisponible,foreign_currency_tariff;ocpi_tariff_type_unspecified_valid_for_all_sessions_not_payg_checkout_proof;ocpi_vat_unspecified_20pct_derivation_not_operator_verified,Eco-Movement ChargePoint PCPR CPO OCPI 2.2.1
GBCPIL7419785,EVIELIFE BLABY WESTFIELD,Blaby,GBCPIE7419785*1,GBCPIP7419785*1*1259,22080,NLCPIT2tjJ*K*0,verification_requise_ne_pas_promouvoir_comme_payg_valide,ocpi_tariff_type_unspecified_valid_for_all_sessions_not_payg_checkout_proof;ocpi_vat_unspecified_20pct_derivation_not_operator_verified,Eco-Movement ChargePoint PCPR CPO OCPI 2.2.1
GBCPIL7419785,EVIELIFE BLABY WESTFIELD,Blaby,GBCPIE7419785*2,GBCPIP7419785*2*1259,22080,NLCPIT2tjJ*K*0,verification_requise_ne_pas_promouvoir_comme_payg_valide,ocpi_tariff_type_unspecified_valid_for_all_sessions_not_payg_checkout_proof;ocpi_vat_unspecified_20pct_derivation_not_operator_verified,Eco-Movement ChargePoint PCPR CPO OCPI 2.2.1
GBCPIL6991515,EV OTM PLANT POPEYES,Gildersome,GBCPIE6991515*1,GBCPIP6991515*1*82,22000,NLCPIT2sk1*4*0,verification_requise_ne_pas_promouvoir_comme_payg_valide,ocpi_tariff_type_unspecified_valid_for_all_sessions_not_payg_checkout_proof;ocpi_vat_unspecified_20pct_derivation_not_operator_verified,Eco-Movement ChargePoint PCPR CPO OCPI 2.2.1
GBCPIL6991515,EV OTM PLANT POPEYES,Gildersome,GBCPIE6991515*2,GBCPIP6991515*2*82,22000,NLCPIT2sk1*4*0,verification_requise_ne_pas_promouvoir_comme_payg_valide,ocpi_tariff_type_unspecified_valid_for_all_sessions_not_payg_checkout_proof;ocpi_vat_unspecified_20pct_derivation_not_operator_verified,Eco-Movement ChargePoint PCPR CPO OCPI 2.2.1
GBCPIL7301875,SELWOOD STAFFORD EV 03,Hixon,GBCPIE7301875*1,GBCPIP7301875*1*231,22000,NLCPIT2QP*1*0,tarif_indisponible,foreign_currency_tariff;ocpi_tariff_type_unspecified_valid_for_all_sessions_not_payg_checkout_proof;ocpi_vat_unspecified_20pct_derivation_not_operator_verified,Eco-Movement ChargePoint PCPR CPO OCPI 2.2.1
GBCPIL7301875,SELWOOD STAFFORD EV 03,Hixon,GBCPIE7301875*2,GBCPIP7301875*2*231,22000,NLCPIT2QP*1*0,tarif_indisponible,foreign_currency_tariff;ocpi_tariff_type_unspecified_valid_for_all_sessions_not_payg_checkout_proof;ocpi_vat_unspecified_20pct_derivation_not_operator_verified,Eco-Movement ChargePoint PCPR CPO OCPI 2.2.1
GBCPIL6514315,AIR CORE EV HILLVIEW,Belfast,GBCPIE6514315*1,GBCPIP6514315*1*82,22000,NLCPIT2QP*1*0,tarif_indisponible,foreign_currency_tariff;ocpi_tariff_type_unspecified_valid_for_all_sessions_not_payg_checkout_proof;ocpi_vat_unspecified_20pct_derivation_not_operator_verified,Eco-Movement ChargePoint PCPR CPO OCPI 2.2.1
GBCPIL6514315,AIR CORE EV HILLVIEW,Belfast,GBCPIE6514315*2,GBCPIP6514315*2*82,22000,NLCPIT2QP*1*0,tarif_indisponible,foreign_currency_tariff;ocpi_tariff_type_unspecified_valid_for_all_sessions_not_payg_checkout_proof;ocpi_vat_unspecified_20pct_derivation_not_operator_verified,Eco-Movement ChargePoint PCPR CPO OCPI 2.2.1
GBCPIL7384765,EVIELIFE FOWEY VALLEY,fowey,GBCPIE7384765*1,GBCPIP7384765*1*1259,22080,NLCPIT3ESn*1*0,verification_requise_ne_pas_promouvoir_comme_payg_valide,ocpi_tariff_type_unspecified_valid_for_all_sessions_not_payg_checkout_proof;ocpi_vat_unspecified_20pct_derivation_not_operator_verified,Eco-Movement ChargePoint PCPR CPO OCPI 2.2.1
GBCPIL7384765,EVIELIFE FOWEY VALLEY,fowey,GBCPIE7384765*2,GBCPIP7384765*2*1259,22080,NLCPIT3ESn*1*0,verification_requise_ne_pas_promouvoir_comme_payg_valide,ocpi_tariff_type_unspecified_valid_for_all_sessions_not_payg_checkout_proof;ocpi_vat_unspecified_20pct_derivation_not_operator_verified,Eco-Movement ChargePoint PCPR CPO OCPI 2.2.1
GBCPIL7415205,HH-EVC CELTIC ROYAL 1,Caernarfon,GBCPIE7415195*1,GBCPIP7415195*1*1258,22080,NLCPIT3DR5*8*0,verification_requise_ne_pas_promouvoir_comme_payg_valide,ocpi_tariff_type_unspecified_valid_for_all_sessions_not_payg_checkout_proof;ocpi_vat_unspecified_20pct_derivation_not_operator_verified,Eco-Movement ChargePoint PCPR CPO OCPI 2.2.1
GBCPIL7415205,HH-EVC CELTIC ROYAL 1,Caernarfon,GBCPIE7415195*2,GBCPIP7415195*2*1258,22080,NLCPIT3DR5*8*0,verification_requise_ne_pas_promouvoir_comme_payg_valide,ocpi_tariff_type_unspecified_valid_for_all_sessions_not_payg_checkout_proof;ocpi_vat_unspecified_20pct_derivation_not_operator_verified,Eco-Movement ChargePoint PCPR CPO OCPI 2.2.1
GBCPIL7415205,HH-EVC CELTIC ROYAL 1,Caernarfon,GBCPIE7415205*1,GBCPIP7415205*1*1258,22080,NLCPIT3DR5*8*0,verification_requise_ne_pas_promouvoir_comme_payg_valide,ocpi_tariff_type_unspecified_valid_for_all_sessions_not_payg_checkout_proof;ocpi_vat_unspecified_20pct_derivation_not_operator_verified,Eco-Movement ChargePoint PCPR CPO OCPI 2.2.1
GBCPIL7415205,HH-EVC CELTIC ROYAL 1,Caernarfon,GBCPIE7415205*2,GBCPIP7415205*2*1258,22080,NLCPIT3DR5*8*0,verification_requise_ne_pas_promouvoir_comme_payg_valide,ocpi_tariff_type_unspecified_valid_for_all_sessions_not_payg_checkout_proof;ocpi_vat_unspecified_20pct_derivation_not_operator_verified,Eco-Movement ChargePoint PCPR CPO OCPI 2.2.1
GBCPIL7366335,GOLDINGS REPTON 1,ashford,GBCPIE7366335*1,GBCPIP7366335*1*1258,22080,NLCPIT38mN*5*0,verification_requise_ne_pas_promouvoir_comme_payg_valide,ocpi_tariff_type_unspecified_valid_for_all_sessions_not_payg_checkout_proof;ocpi_vat_unspecified_20pct_derivation_not_operator_verified,Eco-Movement ChargePoint PCPR CPO OCPI 2.2.1
GBCPIL7366335,GOLDINGS REPTON 1,ashford,GBCPIE7366335*2,GBCPIP7366335*2*1258,22080,NLCPIT38mN*5*0,verification_requise_ne_pas_promouvoir_comme_payg_valide,ocpi_tariff_type_unspecified_valid_for_all_sessions_not_payg_checkout_proof;ocpi_vat_unspecified_20pct_derivation_not_operator_verified,Eco-Movement ChargePoint PCPR CPO OCPI 2.2.1
GBCPIL6777225,BV STATION 08,Bicester,GBCPIE6777145*1,GBCPIP6777145*1*1259,22080,NLCPIT2AJz*2*0,verification_requise_ne_pas_promouvoir_comme_payg_valide,ocpi_tariff_type_unspecified_valid_for_all_sessions_not_payg_checkout_proof;ocpi_vat_unspecified_20pct_derivation_not_operator_verified,Eco-Movement ChargePoint PCPR CPO OCPI 2.2.1
GBCPIL6777225,BV STATION 08,Bicester,GBCPIE6777145*2,GBCPIP6777145*2*1259,22080,NLCPIT2AJz*2*0,verification_requise_ne_pas_promouvoir_comme_payg_valide,ocpi_tariff_type_unspecified_valid_for_all_sessions_not_payg_checkout_proof;ocpi_vat_unspecified_20pct_derivation_not_operator_verified,Eco-Movement ChargePoint PCPR CPO OCPI 2.2.1
GBCPIL6777225,BV STATION 08,Bicester,GBCPIE6777205*1,GBCPIP6777205*1*1259,22080,NLCPIT2AJz*2*0,verification_requise_ne_pas_promouvoir_comme_payg_valide,ocpi_tariff_type_unspecified_valid_for_all_sessions_not_payg_checkout_proof;ocpi_vat_unspecified_20pct_derivation_not_operator_verified,Eco-Movement ChargePoint PCPR CPO OCPI 2.2.1
GBCPIL6777225,BV STATION 08,Bicester,GBCPIE6777205*2,GBCPIP6777205*2*1259,22080,NLCPIT2AJz*2*0,verification_requise_ne_pas_promouvoir_comme_payg_valide,ocpi_tariff_type_unspecified_valid_for_all_sessions_not_payg_checkout_proof;ocpi_vat_unspecified_20pct_derivation_not_operator_verified,Eco-Movement ChargePoint PCPR CPO OCPI 2.2.1
GBCPIL6777225,BV STATION 08,Bicester,GBCPIE6777225*1,GBCPIP6777225*1*1259,22080,NLCPIT2AJz*2*0,verification_requise_ne_pas_promouvoir_comme_payg_valide,ocpi_tariff_type_unspecified_valid_for_all_sessions_not_payg_checkout_proof;ocpi_vat_unspecified_20pct_derivation_not_operator_verified,Eco-Movement ChargePoint PCPR CPO OCPI 2.2.1
GBCPIL6777225,BV STATION 08,Bicester,GBCPIE6777225*2,GBCPIP6777225*2*1259,22080,NLCPIT2AJz*2*0,verification_requise_ne_pas_promouvoir_comme_payg_valide,ocpi_tariff_type_unspecified_valid_for_all_sessions_not_payg_checkout_proof;ocpi_vat_unspecified_20pct_derivation_not_operator_verified,Eco-Movement ChargePoint PCPR CPO OCPI 2.2.1
GBCPIL2872695,DIAMOND OFFICE 1,Birmingham,GBCPIE6848345*1,GBCPIP6848345*1*1259,22080,NLCPIT17jx*A*0,verification_requise_ne_pas_promouvoir_comme_payg_valide,ocpi_tariff_type_unspecified_valid_for_all_sessions_not_payg_checkout_proof;ocpi_vat_unspecified_20pct_derivation_not_operator_verified,Eco-Movement ChargePoint PCPR CPO OCPI 2.2.1
GBCPIL2872695,DIAMOND OFFICE 1,Birmingham,GBCPIE2872695*1,GBCPIP2872695*1*84,22000,NLCPIT17jx*6*0,verification_requise_ne_pas_promouvoir_comme_payg_valide,ocpi_tariff_type_unspecified_valid_for_all_sessions_not_payg_checkout_proof;ocpi_vat_unspecified_20pct_derivation_not_operator_verified,Eco-Movement ChargePoint PCPR CPO OCPI 2.2.1
GBCPIL2872695,DIAMOND OFFICE 1,Birmingham,GBCPIE2872695*2,GBCPIP2872695*2*84,22000,NLCPIT17jx*6*0,verification_requise_ne_pas_promouvoir_comme_payg_valide,ocpi_tariff_type_unspecified_valid_for_all_sessions_not_payg_checkout_proof;ocpi_vat_unspecified_20pct_derivation_not_operator_verified,Eco-Movement ChargePoint PCPR CPO OCPI 2.2.1
GBCPIL2872695,DIAMOND OFFICE 1,Birmingham,GBCPIE6848345*2,GBCPIP6848345*2*1259,22080,NLCPIT17jx*A*0,verification_requise_ne_pas_promouvoir_comme_payg_valide,ocpi_tariff_type_unspecified_valid_for_all_sessions_not_payg_checkout_proof;ocpi_vat_unspecified_20pct_derivation_not_operator_verified,Eco-Movement ChargePoint PCPR CPO OCPI 2.2.1
GBCPIL6782315,SEGRO AREAS CAMBRIDGE EST 4,Enfield,GBCPIE6782315*1,GBCPIP6782315*1*1259,22080,NLCPIT1yyl*2*0,verification_requise_ne_pas_promouvoir_comme_payg_valide,ocpi_tariff_type_unspecified_valid_for_all_sessions_not_payg_checkout_proof;ocpi_vat_unspecified_20pct_derivation_not_operator_verified,Eco-Movement ChargePoint PCPR CPO OCPI 2.2.1
GBCPIL6782315,SEGRO AREAS CAMBRIDGE EST 4,Enfield,GBCPIE6782315*2,GBCPIP6782315*2*1259,22080,NLCPIT1yyl*2*0,verification_requise_ne_pas_promouvoir_comme_payg_valide,ocpi_tariff_type_unspecified_valid_for_all_sessions_not_payg_checkout_proof;ocpi_vat_unspecified_20pct_derivation_not_operator_verified,Eco-Movement ChargePoint PCPR CPO OCPI 2.2.1
GBCPIL7391505,EVIELIFE HADLEY PARK,Telford,GBCPIE7391505*1,GBCPIP7391505*1*1259,22080,NLCPIT2tjJ*K*0,verification_requise_ne_pas_promouvoir_comme_payg_valide,ocpi_tariff_type_unspecified_valid_for_all_sessions_not_payg_checkout_proof;ocpi_vat_unspecified_20pct_derivation_not_operator_verified,Eco-Movement ChargePoint PCPR CPO OCPI 2.2.1
GBCPIL7391505,EVIELIFE HADLEY PARK,Telford,GBCPIE7391505*2,GBCPIP7391505*2*1259,22080,NLCPIT2tjJ*K*0,verification_requise_ne_pas_promouvoir_comme_payg_valide,ocpi_tariff_type_unspecified_valid_for_all_sessions_not_payg_checkout_proof;ocpi_vat_unspecified_20pct_derivation_not_operator_verified,Eco-Movement ChargePoint PCPR CPO OCPI 2.2.1
GBCPIL6995505,LONDON RD RP STATION 01,Carlisle,GBCPIE6995505*1,GBCPIP6995505*1*100104,50000,NLCPIT2tHF*8*0,verification_requise_ne_pas_promouvoir_comme_payg_valide,ocpi_tariff_type_unspecified_valid_for_all_sessions_not_payg_checkout_proof;ocpi_vat_unspecified_20pct_derivation_not_operator_verified,Eco-Movement ChargePoint PCPR CPO OCPI 2.2.1
GBCPIL6995505,LONDON RD RP STATION 01,Carlisle,GBCPIE6995505*2,GBCPIP6995505*2*100104,50000,NLCPIT2tHF*8*0,verification_requise_ne_pas_promouvoir_comme_payg_valide,ocpi_tariff_type_unspecified_valid_for_all_sessions_not_payg_checkout_proof;ocpi_vat_unspecified_20pct_derivation_not_operator_verified,Eco-Movement ChargePoint PCPR CPO OCPI 2.2.1
GBCPIL7302605,THE NEW INN NEW INN 1,Lechlade,GBCPIE7302605*1,GBCPIP7302605*1*1259,22080,NLCPIT3BqX*1*0,verification_requise_ne_pas_promouvoir_comme_payg_valide,ocpi_tariff_type_unspecified_valid_for_all_sessions_not_payg_checkout_proof;ocpi_vat_unspecified_20pct_derivation_not_operator_verified,Eco-Movement ChargePoint PCPR CPO OCPI 2.2.1
GBCPIL7302605,THE NEW INN NEW INN 1,Lechlade,GBCPIE7302605*2,GBCPIP7302605*2*1259,22080,NLCPIT3BqX*1*0,verification_requise_ne_pas_promouvoir_comme_payg_valide,ocpi_tariff_type_unspecified_valid_for_all_sessions_not_payg_checkout_proof;ocpi_vat_unspecified_20pct_derivation_not_operator_verified,Eco-Movement ChargePoint PCPR CPO OCPI 2.2.1
GBCPIL6905375,INTERESTING H. SUDBURY HOUSE,Faringdon,GBCPIE6905375*1,GBCPIP6905375*1*1258,22080,NLCPIT24Yt*7*0,verification_requise_ne_pas_promouvoir_comme_payg_valide,ocpi_tariff_type_unspecified_valid_for_all_sessions_not_payg_checkout_proof;ocpi_vat_unspecified_20pct_derivation_not_operator_verified,Eco-Movement ChargePoint PCPR CPO OCPI 2.2.1
GBCPIL6905375,INTERESTING H. SUDBURY HOUSE,Faringdon,GBCPIE6905375*2,GBCPIP6905375*2*1258,22080,NLCPIT24Yt*7*0,verification_requise_ne_pas_promouvoir_comme_payg_valide,ocpi_tariff_type_unspecified_valid_for_all_sessions_not_payg_checkout_proof;ocpi_vat_unspecified_20pct_derivation_not_operator_verified,Eco-Movement ChargePoint PCPR CPO OCPI 2.2.1
GBCPIL6523555,USS WITAN GATE 3,Milton Keynes,GBCPIE6523555*1,GBCPIP6523555*1*82,22000,NLCPIT19v7*8*0,verification_requise_ne_pas_promouvoir_comme_payg_valide,ocpi_tariff_type_unspecified_valid_for_all_sessions_not_payg_checkout_proof;ocpi_vat_unspecified_20pct_derivation_not_operator_verified,Eco-Movement ChargePoint PCPR CPO OCPI 2.2.1
GBCPIL6523555,USS WITAN GATE 3,Milton Keynes,GBCPIE6523555*2,GBCPIP6523555*2*82,22000,NLCPIT19v7*8*0,verification_requise_ne_pas_promouvoir_comme_payg_valide,ocpi_tariff_type_unspecified_valid_for_all_sessions_not_payg_checkout_proof;ocpi_vat_unspecified_20pct_derivation_not_operator_verified,Eco-Movement ChargePoint PCPR CPO OCPI 2.2.1
GBCPIL6535195,ESS RAINHAM,Rainham,GBCPIE6535195*1,GBCPIP6535195*1*82,22000,NLCPIT2QP*1*0,tarif_indisponible,foreign_currency_tariff;ocpi_tariff_type_unspecified_valid_for_all_sessions_not_payg_checkout_proof;ocpi_vat_unspecified_20pct_derivation_not_operator_verified,Eco-Movement ChargePoint PCPR CPO OCPI 2.2.1
GBCPIL6535195,ESS RAINHAM,Rainham,GBCPIE6535195*2,GBCPIP6535195*2*82,22000,NLCPIT2QP*1*0,tarif_indisponible,foreign_currency_tariff;ocpi_tariff_type_unspecified_valid_for_all_sessions_not_payg_checkout_proof;ocpi_vat_unspecified_20pct_derivation_not_operator_verified,Eco-Movement ChargePoint PCPR CPO OCPI 2.2.1
GBCPIL6779335,NETV NETV-HULL-02,Hull,GBCPIE6779335*1,GBCPIP6779335*1*84,22000,NLCPIT2ACt*D*0,verification_requise_ne_pas_promouvoir_comme_payg_valide,ocpi_tariff_type_unspecified_valid_for_all_sessions_not_payg_checkout_proof;ocpi_vat_unspecified_20pct_derivation_not_operator_verified,Eco-Movement ChargePoint PCPR CPO OCPI 2.2.1
GBCPIL6779335,NETV NETV-HULL-02,Hull,GBCPIE6779335*2,GBCPIP6779335*2*84,22000,NLCPIT2ACt*D*0,verification_requise_ne_pas_promouvoir_comme_payg_valide,ocpi_tariff_type_unspecified_valid_for_all_sessions_not_payg_checkout_proof;ocpi_vat_unspecified_20pct_derivation_not_operator_verified,Eco-Movement ChargePoint PCPR CPO OCPI 2.2.1
GBCPIL6946515,REAR CAR PARK STATION 05,Marlow,GBCPIE6946425*2,GBCPIP6946425*2*1259,22080,NLCPIT1XKj*6*0,verification_requise_ne_pas_promouvoir_comme_payg_valide,ocpi_tariff_type_unspecified_valid_for_all_sessions_not_payg_checkout_proof;ocpi_vat_unspecified_20pct_derivation_not_operator_verified,Eco-Movement ChargePoint PCPR CPO OCPI 2.2.1
GBCPIL6946515,REAR CAR PARK STATION 05,Marlow,GBCPIE6946485*1,GBCPIP6946485*1*1259,22080,NLCPIT1XKj*6*0,verification_requise_ne_pas_promouvoir_comme_payg_valide,ocpi_tariff_type_unspecified_valid_for_all_sessions_not_payg_checkout_proof;ocpi_vat_unspecified_20pct_derivation_not_operator_verified,Eco-Movement ChargePoint PCPR CPO OCPI 2.2.1
GBCPIL6946515,REAR CAR PARK STATION 05,Marlow,GBCPIE6946485*2,GBCPIP6946485*2*1259,22080,NLCPIT1XKj*6*0,verification_requise_ne_pas_promouvoir_comme_payg_valide,ocpi_tariff_type_unspecified_valid_for_all_sessions_not_payg_checkout_proof;ocpi_vat_unspecified_20pct_derivation_not_operator_verified,Eco-Movement ChargePoint PCPR CPO OCPI 2.2.1
GBCPIL6946515,REAR CAR PARK STATION 05,Marlow,GBCPIE6946505*1,GBCPIP6946505*1*1259,22080,NLCPIT1XKj*6*0,verification_requise_ne_pas_promouvoir_comme_payg_valide,ocpi_tariff_type_unspecified_valid_for_all_sessions_not_payg_checkout_proof;ocpi_vat_unspecified_20pct_derivation_not_operator_verified,Eco-Movement ChargePoint PCPR CPO OCPI 2.2.1
GBCPIL6946515,REAR CAR PARK STATION 05,Marlow,GBCPIE6946515*1,GBCPIP6946515*1*1259,22080,NLCPIT1XKj*6*0,verification_requise_ne_pas_promouvoir_comme_payg_valide,ocpi_tariff_type_unspecified_valid_for_all_sessions_not_payg_checkout_proof;ocpi_vat_unspecified_20pct_derivation_not_operator_verified,Eco-Movement ChargePoint PCPR CPO OCPI 2.2.1
GBCPIL6946515,REAR CAR PARK STATION 05,Marlow,GBCPIE6946515*2,GBCPIP6946515*2*1259,22080,NLCPIT1XKj*6*0,verification_requise_ne_pas_promouvoir_comme_payg_valide,ocpi_tariff_type_unspecified_valid_for_all_sessions_not_payg_checkout_proof;ocpi_vat_unspecified_20pct_derivation_not_operator_verified,Eco-Movement ChargePoint PCPR CPO OCPI 2.2.1
GBCPIL6946515,REAR CAR PARK STATION 05,Marlow,GBCPIE6946405*1,GBCPIP6946405*1*1259,22080,NLCPIT1XKj*6*0,verification_requise_ne_pas_promouvoir_comme_payg_valide,ocpi_tariff_type_unspecified_valid_for_all_sessions_not_payg_checkout_proof;ocpi_vat_unspecified_20pct_derivation_not_operator_verified,Eco-Movement ChargePoint PCPR CPO OCPI 2.2.1
GBCPIL6946515,REAR CAR PARK STATION 05,Marlow,GBCPIE6946405*2,GBCPIP6946405*2*1259,22080,NLCPIT1XKj*6*0,verification_requise_ne_pas_promouvoir_comme_payg_valide,ocpi_tariff_type_unspecified_valid_for_all_sessions_not_payg_checkout_proof;ocpi_vat_unspecified_20pct_derivation_not_operator_verified,Eco-Movement ChargePoint PCPR CPO OCPI 2.2.1
GBCPIL6946515,REAR CAR PARK STATION 05,Marlow,GBCPIE6946425*1,GBCPIP6946425*1*1259,22080,NLCPIT1XKj*6*0,verification_requise_ne_pas_promouvoir_comme_payg_valide,ocpi_tariff_type_unspecified_valid_for_all_sessions_not_payg_checkout_proof;ocpi_vat_unspecified_20pct_derivation_not_operator_verified,Eco-Movement ChargePoint PCPR CPO OCPI 2.2.1
GBCPIL6946515,REAR CAR PARK STATION 05,Marlow,GBCPIE6946445*1,GBCPIP6946445*1*1259,22080,NLCPIT1XKj*6*0,verification_requise_ne_pas_promouvoir_comme_payg_valide,ocpi_tariff_type_unspecified_valid_for_all_sessions_not_payg_checkout_proof;ocpi_vat_unspecified_20pct_derivation_not_operator_verified,Eco-Movement ChargePoint PCPR CPO OCPI 2.2.1
GBCPIL6946515,REAR CAR PARK STATION 05,Marlow,GBCPIE6946445*2,GBCPIP6946445*2*1259,22080,NLCPIT1XKj*6*0,verification_requise_ne_pas_promouvoir_comme_payg_valide,ocpi_tariff_type_unspecified_valid_for_all_sessions_not_payg_checkout_proof;ocpi_vat_unspecified_20pct_derivation_not_operator_verified,Eco-Movement ChargePoint PCPR CPO OCPI 2.2.1
GBCPIL6946515,REAR CAR PARK STATION 05,Marlow,GBCPIE6946505*2,GBCPIP6946505*2*1259,22080,NLCPIT1XKj*6*0,verification_requise_ne_pas_promouvoir_comme_payg_valide,ocpi_tariff_type_unspecified_valid_for_all_sessions_not_payg_checkout_proof;ocpi_vat_unspecified_20pct_derivation_not_operator_verified,Eco-Movement ChargePoint PCPR CPO OCPI 2.2.1
GBCPIL7417005,EVIELIFE DARUL SCHOOL 1,preston,GBCPIE7417005*1,GBCPIP7417005*1*1259,22080,NLCPIT2tjJ*K*0,verification_requise_ne_pas_promouvoir_comme_payg_valide,ocpi_tariff_type_unspecified_valid_for_all_sessions_not_payg_checkout_proof;ocpi_vat_unspecified_20pct_derivation_not_operator_verified,Eco-Movement ChargePoint PCPR CPO OCPI 2.2.1
GBCPIL7417005,EVIELIFE DARUL SCHOOL 1,preston,GBCPIE7417005*2,GBCPIP7417005*2*1259,22080,NLCPIT2tjJ*K*0,verification_requise_ne_pas_promouvoir_comme_payg_valide,ocpi_tariff_type_unspecified_valid_for_all_sessions_not_payg_checkout_proof;ocpi_vat_unspecified_20pct_derivation_not_operator_verified,Eco-Movement ChargePoint PCPR CPO OCPI 2.2.1
GBCPIL6600605,WATER GARDENS WATER GARDENS 4,Harlow,GBCPIE6600595*2,GBCPIP6600595*2*82,22000,NLCPIT1he5*2*0,verification_requise_ne_pas_promouvoir_comme_payg_valide,ocpi_tariff_type_unspecified_valid_for_all_sessions_not_payg_checkout_proof;ocpi_vat_unspecified_20pct_derivation_not_operator_verified,Eco-Movement ChargePoint PCPR CPO OCPI 2.2.1
GBCPIL6600605,WATER GARDENS WATER GARDENS 4,Harlow,GBCPIE6675875*1,GBCPIP6675875*1*82,22000,NLCPIT1he5*2*0,verification_requise_ne_pas_promouvoir_comme_payg_valide,ocpi_tariff_type_unspecified_valid_for_all_sessions_not_payg_checkout_proof;ocpi_vat_unspecified_20pct_derivation_not_operator_verified,Eco-Movement ChargePoint PCPR CPO OCPI 2.2.1
GBCPIL6600605,WATER GARDENS WATER GARDENS 4,Harlow,GBCPIE6675875*2,GBCPIP6675875*2*82,22000,NLCPIT1he5*2*0,verification_requise_ne_pas_promouvoir_comme_payg_valide,ocpi_tariff_type_unspecified_valid_for_all_sessions_not_payg_checkout_proof;ocpi_vat_unspecified_20pct_derivation_not_operator_verified,Eco-Movement ChargePoint PCPR CPO OCPI 2.2.1
GBCPIL6600605,WATER GARDENS WATER GARDENS 4,Harlow,GBCPIE6675935*1,GBCPIP6675935*1*82,22000,NLCPIT1he5*2*0,verification_requise_ne_pas_promouvoir_comme_payg_valide,ocpi_tariff_type_unspecified_valid_for_all_sessions_not_payg_checkout_proof;ocpi_vat_unspecified_20pct_derivation_not_operator_verified,Eco-Movement ChargePoint PCPR CPO OCPI 2.2.1
GBCPIL6600605,WATER GARDENS WATER GARDENS 4,Harlow,GBCPIE6675935*2,GBCPIP6675935*2*82,22000,NLCPIT1he5*2*0,verification_requise_ne_pas_promouvoir_comme_payg_valide,ocpi_tariff_type_unspecified_valid_for_all_sessions_not_payg_checkout_proof;ocpi_vat_unspecified_20pct_derivation_not_operator_verified,Eco-Movement ChargePoint PCPR CPO OCPI 2.2.1
GBCPIL6600605,WATER GARDENS WATER GARDENS 4,Harlow,GBCPIE6600605*1,GBCPIP6600605*1*82,22000,NLCPIT1he5*2*0,verification_requise_ne_pas_promouvoir_comme_payg_valide,ocpi_tariff_type_unspecified_valid_for_all_sessions_not_payg_checkout_proof;ocpi_vat_unspecified_20pct_derivation_not_operator_verified,Eco-Movement ChargePoint PCPR CPO OCPI 2.2.1
GBCPIL6600605,WATER GARDENS WATER GARDENS 4,Harlow,GBCPIE6675915*2,GBCPIP6675915*2*100067,22080,NLCPIT1he5*2*0,verification_requise_ne_pas_promouvoir_comme_payg_valide,ocpi_tariff_type_unspecified_valid_for_all_sessions_not_payg_checkout_proof;ocpi_vat_unspecified_20pct_derivation_not_operator_verified,Eco-Movement ChargePoint PCPR CPO OCPI 2.2.1
GBCPIL6600605,WATER GARDENS WATER GARDENS 4,Harlow,GBCPIE6675925*2,GBCPIP6675925*2*100067,43470,NLCPIT1he5*2*0,verification_requise_ne_pas_promouvoir_comme_payg_valide,ocpi_tariff_type_unspecified_valid_for_all_sessions_not_payg_checkout_proof;ocpi_vat_unspecified_20pct_derivation_not_operator_verified,Eco-Movement ChargePoint PCPR CPO OCPI 2.2.1
GBCPIL6600605,WATER GARDENS WATER GARDENS 4,Harlow,GBCPIE6600595*1,GBCPIP6600595*1*82,22000,NLCPIT1he5*2*0,verification_requise_ne_pas_promouvoir_comme_payg_valide,ocpi_tariff_type_unspecified_valid_for_all_sessions_not_payg_checkout_proof;ocpi_vat_unspecified_20pct_derivation_not_operator_verified,Eco-Movement ChargePoint PCPR CPO OCPI 2.2.1
GBCPIL6600605,WATER GARDENS WATER GARDENS 4,Harlow,GBCPIE6600605*2,GBCPIP6600605*2*82,22000,NLCPIT1he5*2*0,verification_requise_ne_pas_promouvoir_comme_payg_valide,ocpi_tariff_type_unspecified_valid_for_all_sessions_not_payg_checkout_proof;ocpi_vat_unspecified_20pct_derivation_not_operator_verified,Eco-Movement ChargePoint PCPR CPO OCPI 2.2.1
GBCPIL6600605,WATER GARDENS WATER GARDENS 4,Harlow,GBCPIE6675915*1,GBCPIP6675915*1*100067,22080,NLCPIT1he5*2*0,verification_requise_ne_pas_promouvoir_comme_payg_valide,ocpi_tariff_type_unspecified_valid_for_all_sessions_not_payg_checkout_proof;ocpi_vat_unspecified_20pct_derivation_not_operator_verified,Eco-Movement ChargePoint PCPR CPO OCPI 2.2.1
GBCPIL6600605,WATER GARDENS WATER GARDENS 4,Harlow,GBCPIE6675925*1,GBCPIP6675925*1*100067,43470,NLCPIT1he5*2*0,verification_requise_ne_pas_promouvoir_comme_payg_valide,ocpi_tariff_type_unspecified_valid_for_all_sessions_not_payg_checkout_proof;ocpi_vat_unspecified_20pct_derivation_not_operator_verified,Eco-Movement ChargePoint PCPR CPO OCPI 2.2.1
GBCPIL6691285,REAR CAR PARK EV STATION 02,Manchester,GBCPIE6604475*1,GBCPIP6604475*1*82,22000,NLCPIT1XKj*6*0,verification_requise_ne_pas_promouvoir_comme_payg_valide,ocpi_tariff_type_unspecified_valid_for_all_sessions_not_payg_checkout_proof;ocpi_vat_unspecified_20pct_derivation_not_operator_verified,Eco-Movement ChargePoint PCPR CPO OCPI 2.2.1
GBCPIL6691285,REAR CAR PARK EV STATION 02,Manchester,GBCPIE6604475*2,GBCPIP6604475*2*82,22000,NLCPIT1XKj*6*0,verification_requise_ne_pas_promouvoir_comme_payg_valide,ocpi_tariff_type_unspecified_valid_for_all_sessions_not_payg_checkout_proof;ocpi_vat_unspecified_20pct_derivation_not_operator_verified,Eco-Movement ChargePoint PCPR CPO OCPI 2.2.1
GBCPIL6691285,REAR CAR PARK EV STATION 02,Manchester,GBCPIE6691285*1,GBCPIP6691285*1*1259,22080,NLCPIT1XKj*6*0,verification_requise_ne_pas_promouvoir_comme_payg_valide,ocpi_tariff_type_unspecified_valid_for_all_sessions_not_payg_checkout_proof;ocpi_vat_unspecified_20pct_derivation_not_operator_verified,Eco-Movement ChargePoint PCPR CPO OCPI 2.2.1
GBCPIL6691285,REAR CAR PARK EV STATION 02,Manchester,GBCPIE6691285*2,GBCPIP6691285*2*1259,22080,NLCPIT1XKj*6*0,verification_requise_ne_pas_promouvoir_comme_payg_valide,ocpi_tariff_type_unspecified_valid_for_all_sessions_not_payg_checkout_proof;ocpi_vat_unspecified_20pct_derivation_not_operator_verified,Eco-Movement ChargePoint PCPR CPO OCPI 2.2.1
GBCPIL6691285,REAR CAR PARK EV STATION 02,Manchester,GBCPIE6604465*1,GBCPIP6604465*1*82,22000,NLCPIT1XKj*6*0,verification_requise_ne_pas_promouvoir_comme_payg_valide,ocpi_tariff_type_unspecified_valid_for_all_sessions_not_payg_checkout_proof;ocpi_vat_unspecified_20pct_derivation_not_operator_verified,Eco-Movement ChargePoint PCPR CPO OCPI 2.2.1
GBCPIL6691285,REAR CAR PARK EV STATION 02,Manchester,GBCPIE6604465*2,GBCPIP6604465*2*82,22000,NLCPIT1XKj*6*0,verification_requise_ne_pas_promouvoir_comme_payg_valide,ocpi_tariff_type_unspecified_valid_for_all_sessions_not_payg_checkout_proof;ocpi_vat_unspecified_20pct_derivation_not_operator_verified,Eco-Movement ChargePoint PCPR CPO OCPI 2.2.1
GBCPIL7207565,APEX HOTELS GRASSMARKET 01,Edinburgh,GBCPIE7207565*1,GBCPIP7207565*1*1259,22080,NLCPIT39g1*1*0,verification_requise_ne_pas_promouvoir_comme_payg_valide,ocpi_tariff_type_unspecified_valid_for_all_sessions_not_payg_checkout_proof;ocpi_vat_unspecified_20pct_derivation_not_operator_verified,Eco-Movement ChargePoint PCPR CPO OCPI 2.2.1
GBCPIL7207565,APEX HOTELS GRASSMARKET 01,Edinburgh,GBCPIE7207565*2,GBCPIP7207565*2*1259,22080,NLCPIT39g1*1*0,verification_requise_ne_pas_promouvoir_comme_payg_valide,ocpi_tariff_type_unspecified_valid_for_all_sessions_not_payg_checkout_proof;ocpi_vat_unspecified_20pct_derivation_not_operator_verified,Eco-Movement ChargePoint PCPR CPO OCPI 2.2.1
GBCPIL7356235,FP MCCANN LTD L BUZZ 01,Leighton Buzzard,GBCPIE7356235*1,GBCPIP7356235*1*84,22000,NLCPIT3Csj*1*0,verification_requise_ne_pas_promouvoir_comme_payg_valide,ocpi_tariff_type_unspecified_valid_for_all_sessions_not_payg_checkout_proof;ocpi_vat_unspecified_20pct_derivation_not_operator_verified,Eco-Movement ChargePoint PCPR CPO OCPI 2.2.1
GBCPIL7356235,FP MCCANN LTD L BUZZ 01,Leighton Buzzard,GBCPIE7356235*2,GBCPIP7356235*2*84,22000,NLCPIT3Csj*1*0,verification_requise_ne_pas_promouvoir_comme_payg_valide,ocpi_tariff_type_unspecified_valid_for_all_sessions_not_payg_checkout_proof;ocpi_vat_unspecified_20pct_derivation_not_operator_verified,Eco-Movement ChargePoint PCPR CPO OCPI 2.2.1
GBCPIL7145065,ROLLS_ROYCE HANGAR 01,Castle Donington,GBCPIE7145065*1,GBCPIP7145065*1*1258,22080,NLCPIT2Vt*A*0,verification_requise_ne_pas_promouvoir_comme_payg_valide,ocpi_tariff_type_unspecified_valid_for_all_sessions_not_payg_checkout_proof;ocpi_vat_unspecified_20pct_derivation_not_operator_verified,Eco-Movement ChargePoint PCPR CPO OCPI 2.2.1
GBCPIL7145065,ROLLS_ROYCE HANGAR 01,Castle Donington,GBCPIE7145065*2,GBCPIP7145065*2*1258,22080,NLCPIT2Vt*A*0,verification_requise_ne_pas_promouvoir_comme_payg_valide,ocpi_tariff_type_unspecified_valid_for_all_sessions_not_payg_checkout_proof;ocpi_vat_unspecified_20pct_derivation_not_operator_verified,Eco-Movement ChargePoint PCPR CPO OCPI 2.2.1
GBCPIL7027825,EVIELIFE OASIS LODGES 1,Ledbury,GBCPIE7027825*1,GBCPIP7027825*1*1259,22080,NLCPIT3Cij*8*0,verification_requise_ne_pas_promouvoir_comme_payg_valide,ocpi_tariff_type_unspecified_valid_for_all_sessions_not_payg_checkout_proof;ocpi_vat_unspecified_20pct_derivation_not_operator_verified,Eco-Movement ChargePoint PCPR CPO OCPI 2.2.1
GBCPIL7027825,EVIELIFE OASIS LODGES 1,Ledbury,GBCPIE7027825*2,GBCPIP7027825*2*1259,22080,NLCPIT3Cij*8*0,verification_requise_ne_pas_promouvoir_comme_payg_valide,ocpi_tariff_type_unspecified_valid_for_all_sessions_not_payg_checkout_proof;ocpi_vat_unspecified_20pct_derivation_not_operator_verified,Eco-Movement ChargePoint PCPR CPO OCPI 2.2.1
GBCPIL6732375,CAMBRIDGE SQ CAMBRIDGE SQ 1,Cambridge,GBCPIE6732375*1,GBCPIP6732375*1*1258,7680,NLCPIT2mhL*1*0,verification_requise_ne_pas_promouvoir_comme_payg_valide,ocpi_tariff_type_unspecified_valid_for_all_sessions_not_payg_checkout_proof;ocpi_vat_unspecified_20pct_derivation_not_operator_verified,Eco-Movement ChargePoint PCPR CPO OCPI 2.2.1
GBCPIL6732375,CAMBRIDGE SQ CAMBRIDGE SQ 1,Cambridge,GBCPIE6732375*2,GBCPIP6732375*2*1258,7680,NLCPIT2mhL*1*0,verification_requise_ne_pas_promouvoir_comme_payg_valide,ocpi_tariff_type_unspecified_valid_for_all_sessions_not_payg_checkout_proof;ocpi_vat_unspecified_20pct_derivation_not_operator_verified,Eco-Movement ChargePoint PCPR CPO OCPI 2.2.1
GBCPIL6700645,MERSEYSIDE GILLMOSS 2,Liverpool,GBCPIE6699995*1,GBCPIP6699995*1*1258,7680,NLCPIT22Mv*6*0,verification_requise_ne_pas_promouvoir_comme_payg_valide,ocpi_tariff_type_unspecified_valid_for_all_sessions_not_payg_checkout_proof;ocpi_vat_unspecified_20pct_derivation_not_operator_verified,Eco-Movement ChargePoint PCPR CPO OCPI 2.2.1
GBCPIL6700645,MERSEYSIDE GILLMOSS 2,Liverpool,GBCPIE6699995*2,GBCPIP6699995*2*1258,7680,NLCPIT22Mv*6*0,verification_requise_ne_pas_promouvoir_comme_payg_valide,ocpi_tariff_type_unspecified_valid_for_all_sessions_not_payg_checkout_proof;ocpi_vat_unspecified_20pct_derivation_not_operator_verified,Eco-Movement ChargePoint PCPR CPO OCPI 2.2.1
GBCPIL6700645,MERSEYSIDE GILLMOSS 2,Liverpool,GBCPIE6700645*1,GBCPIP6700645*1*1259,22080,NLCPIT22Mv*6*0,verification_requise_ne_pas_promouvoir_comme_payg_valide,ocpi_tariff_type_unspecified_valid_for_all_sessions_not_payg_checkout_proof;ocpi_vat_unspecified_20pct_derivation_not_operator_verified,Eco-Movement ChargePoint PCPR CPO OCPI 2.2.1
GBCPIL6700645,MERSEYSIDE GILLMOSS 2,Liverpool,GBCPIE6700645*2,GBCPIP6700645*2*1259,22080,NLCPIT22Mv*6*0,verification_requise_ne_pas_promouvoir_comme_payg_valide,ocpi_tariff_type_unspecified_valid_for_all_sessions_not_payg_checkout_proof;ocpi_vat_unspecified_20pct_derivation_not_operator_verified,Eco-Movement ChargePoint PCPR CPO OCPI 2.2.1
GBCPIL6532865,G BLOCK ATRIUM 2,Cardiff,GBCPIE6499505*1,GBCPIP6499505*1*84,22000,NLCPITMFv*9*0,verification_requise_ne_pas_promouvoir_comme_payg_valide,ocpi_tariff_type_unspecified_valid_for_all_sessions_not_payg_checkout_proof;ocpi_vat_unspecified_20pct_derivation_not_operator_verified,Eco-Movement ChargePoint PCPR CPO OCPI 2.2.1
GBCPIL6532865,G BLOCK ATRIUM 2,Cardiff,GBCPIE6499505*2,GBCPIP6499505*2*84,22000,NLCPITMFv*9*0,verification_requise_ne_pas_promouvoir_comme_payg_valide,ocpi_tariff_type_unspecified_valid_for_all_sessions_not_payg_checkout_proof;ocpi_vat_unspecified_20pct_derivation_not_operator_verified,Eco-Movement ChargePoint PCPR CPO OCPI 2.2.1
GBCPIL6532865,G BLOCK ATRIUM 2,Cardiff,GBCPIE6532865*1,GBCPIP6532865*1*84,22000,NLCPITMFv*9*0,verification_requise_ne_pas_promouvoir_comme_payg_valide,ocpi_tariff_type_unspecified_valid_for_all_sessions_not_payg_checkout_proof;ocpi_vat_unspecified_20pct_derivation_not_operator_verified,Eco-Movement ChargePoint PCPR CPO OCPI 2.2.1
GBCPIL6532865,G BLOCK ATRIUM 2,Cardiff,GBCPIE6532865*2,GBCPIP6532865*2*84,22000,NLCPITMFv*9*0,verification_requise_ne_pas_promouvoir_comme_payg_valide,ocpi_tariff_type_unspecified_valid_for_all_sessions_not_payg_checkout_proof;ocpi_vat_unspecified_20pct_derivation_not_operator_verified,Eco-Movement ChargePoint PCPR CPO OCPI 2.2.1
GBCPIL7426335,HH-EVC CHRIST CHURCH1,c,GBCPIE7426335*1,GBCPIP7426335*1*1258,22080,NLCPIT3DR5*8*0,verification_requise_ne_pas_promouvoir_comme_payg_valide,ocpi_tariff_type_unspecified_valid_for_all_sessions_not_payg_checkout_proof;ocpi_vat_unspecified_20pct_derivation_not_operator_verified,Eco-Movement ChargePoint PCPR CPO OCPI 2.2.1
GBCPIL7426335,HH-EVC CHRIST CHURCH1,c,GBCPIE7426335*2,GBCPIP7426335*2*1258,22080,NLCPIT3DR5*8*0,verification_requise_ne_pas_promouvoir_comme_payg_valide,ocpi_tariff_type_unspecified_valid_for_all_sessions_not_payg_checkout_proof;ocpi_vat_unspecified_20pct_derivation_not_operator_verified,Eco-Movement ChargePoint PCPR CPO OCPI 2.2.1
GBCPIL7426335,HH-EVC CHRIST CHURCH1,c,GBCPIE7428615*1,GBCPIP7428615*1*1258,22080,NLCPIT3DR5*8*0,verification_requise_ne_pas_promouvoir_comme_payg_valide,ocpi_tariff_type_unspecified_valid_for_all_sessions_not_payg_checkout_proof;ocpi_vat_unspecified_20pct_derivation_not_operator_verified,Eco-Movement ChargePoint PCPR CPO OCPI 2.2.1
GBCPIL7426335,HH-EVC CHRIST CHURCH1,c,GBCPIE7428615*2,GBCPIP7428615*2*1258,22080,NLCPIT3DR5*8*0,verification_requise_ne_pas_promouvoir_comme_payg_valide,ocpi_tariff_type_unspecified_valid_for_all_sessions_not_payg_checkout_proof;ocpi_vat_unspecified_20pct_derivation_not_operator_verified,Eco-Movement ChargePoint PCPR CPO OCPI 2.2.1
GBCPIL6776815,NETV NETV-BILL-02,Billingham,GBCPIE6776815*1,GBCPIP6776815*1*84,22000,NLCPIT2ACt*D*0,verification_requise_ne_pas_promouvoir_comme_payg_valide,ocpi_tariff_type_unspecified_valid_for_all_sessions_not_payg_checkout_proof;ocpi_vat_unspecified_20pct_derivation_not_operator_verified,Eco-Movement ChargePoint PCPR CPO OCPI 2.2.1
GBCPIL6776815,NETV NETV-BILL-02,Billingham,GBCPIE6776815*2,GBCPIP6776815*2*84,22000,NLCPIT2ACt*D*0,verification_requise_ne_pas_promouvoir_comme_payg_valide,ocpi_tariff_type_unspecified_valid_for_all_sessions_not_payg_checkout_proof;ocpi_vat_unspecified_20pct_derivation_not_operator_verified,Eco-Movement ChargePoint PCPR CPO OCPI 2.2.1
GBCPIL6619665,PARTRIDGEBMW PARTRIDGE 1,Southampton,GBCPIE6619665*1,GBCPIP6619665*1*373,150000,NLCPIT2QP*1*0,tarif_indisponible,foreign_currency_tariff;ocpi_tariff_type_unspecified_valid_for_all_sessions_not_payg_checkout_proof;ocpi_vat_unspecified_20pct_derivation_not_operator_verified,Eco-Movement ChargePoint PCPR CPO OCPI 2.2.1
GBCPIL6619665,PARTRIDGEBMW PARTRIDGE 1,Southampton,GBCPIE6619665*2,GBCPIP6619665*2*373,150000,NLCPIT2QP*1*0,tarif_indisponible,foreign_currency_tariff;ocpi_tariff_type_unspecified_valid_for_all_sessions_not_payg_checkout_proof;ocpi_vat_unspecified_20pct_derivation_not_operator_verified,Eco-Movement ChargePoint PCPR CPO OCPI 2.2.1
GBCPIL6456795,CHADKIRK BP CHADKIRK-1,Romiley,GBCPIE6456795*1,GBCPIP6456795*1*84,22000,NLCPIT24vJ*3*0,verification_requise_ne_pas_promouvoir_comme_payg_valide,ocpi_tariff_type_unspecified_valid_for_all_sessions_not_payg_checkout_proof;ocpi_vat_unspecified_20pct_derivation_not_operator_verified,Eco-Movement ChargePoint PCPR CPO OCPI 2.2.1
GBCPIL6456795,CHADKIRK BP CHADKIRK-1,Romiley,GBCPIE6456795*2,GBCPIP6456795*2*84,22000,NLCPIT24vJ*3*0,verification_requise_ne_pas_promouvoir_comme_payg_valide,ocpi_tariff_type_unspecified_valid_for_all_sessions_not_payg_checkout_proof;ocpi_vat_unspecified_20pct_derivation_not_operator_verified,Eco-Movement ChargePoint PCPR CPO OCPI 2.2.1
GBCPIL6571815,PARKWAY SC EVC 1,Newbury,GBCPIE6571815*1,GBCPIP6571815*1*100067,22080,NLCPIT1asZ*4*0,verification_requise_ne_pas_promouvoir_comme_payg_valide,ocpi_tariff_type_unspecified_valid_for_all_sessions_not_payg_checkout_proof;ocpi_vat_unspecified_20pct_derivation_not_operator_verified,Eco-Movement ChargePoint PCPR CPO OCPI 2.2.1
GBCPIL6571815,PARKWAY SC EVC 1,Newbury,GBCPIE6571815*2,GBCPIP6571815*2*100067,22080,NLCPIT1asZ*4*0,verification_requise_ne_pas_promouvoir_comme_payg_valide,ocpi_tariff_type_unspecified_valid_for_all_sessions_not_payg_checkout_proof;ocpi_vat_unspecified_20pct_derivation_not_operator_verified,Eco-Movement ChargePoint PCPR CPO OCPI 2.2.1
GBCPIL6700665,MERSEYSIDE BIDSTON 2,Birkenhead,GBCPIE6700655*1,GBCPIP6700655*1*1258,7680,NLCPIT22Mv*6*0,verification_requise_ne_pas_promouvoir_comme_payg_valide,ocpi_tariff_type_unspecified_valid_for_all_sessions_not_payg_checkout_proof;ocpi_vat_unspecified_20pct_derivation_not_operator_verified,Eco-Movement ChargePoint PCPR CPO OCPI 2.2.1
GBCPIL6700665,MERSEYSIDE BIDSTON 2,Birkenhead,GBCPIE6700655*2,GBCPIP6700655*2*1258,7680,NLCPIT22Mv*6*0,verification_requise_ne_pas_promouvoir_comme_payg_valide,ocpi_tariff_type_unspecified_valid_for_all_sessions_not_payg_checkout_proof;ocpi_vat_unspecified_20pct_derivation_not_operator_verified,Eco-Movement ChargePoint PCPR CPO OCPI 2.2.1
GBCPIL6700665,MERSEYSIDE BIDSTON 2,Birkenhead,GBCPIE6700665*1,GBCPIP6700665*1*1259,22080,NLCPIT22Mv*6*0,verification_requise_ne_pas_promouvoir_comme_payg_valide,ocpi_tariff_type_unspecified_valid_for_all_sessions_not_payg_checkout_proof;ocpi_vat_unspecified_20pct_derivation_not_operator_verified,Eco-Movement ChargePoint PCPR CPO OCPI 2.2.1
GBCPIL6700665,MERSEYSIDE BIDSTON 2,Birkenhead,GBCPIE6700665*2,GBCPIP6700665*2*1259,22080,NLCPIT22Mv*6*0,verification_requise_ne_pas_promouvoir_comme_payg_valide,ocpi_tariff_type_unspecified_valid_for_all_sessions_not_payg_checkout_proof;ocpi_vat_unspecified_20pct_derivation_not_operator_verified,Eco-Movement ChargePoint PCPR CPO OCPI 2.2.1
GBCPIL7283745,FLEX ETN GMB DEMO,Marston Green,GBCPIE7283745*1,GBCPIP7283745*1*100067,22000,NLCPIT2QP*1*0,tarif_indisponible,foreign_currency_tariff;ocpi_tariff_type_unspecified_valid_for_all_sessions_not_payg_checkout_proof;ocpi_vat_unspecified_20pct_derivation_not_operator_verified,Eco-Movement ChargePoint PCPR CPO OCPI 2.2.1
GBCPIL6990965,DENHAM GROVE STATION 02,Denham,GBCPIE6990935*1,GBCPIP6990935*1*1259,22080,NLCPIT2sgd*A*0,verification_requise_ne_pas_promouvoir_comme_payg_valide,ocpi_tariff_type_unspecified_valid_for_all_sessions_not_payg_checkout_proof;ocpi_vat_unspecified_20pct_derivation_not_operator_verified,Eco-Movement ChargePoint PCPR CPO OCPI 2.2.1
GBCPIL6990965,DENHAM GROVE STATION 02,Denham,GBCPIE6990935*2,GBCPIP6990935*2*1259,22080,NLCPIT2sgd*A*0,verification_requise_ne_pas_promouvoir_comme_payg_valide,ocpi_tariff_type_unspecified_valid_for_all_sessions_not_payg_checkout_proof;ocpi_vat_unspecified_20pct_derivation_not_operator_verified,Eco-Movement ChargePoint PCPR CPO OCPI 2.2.1
GBCPIL6990965,DENHAM GROVE STATION 02,Denham,GBCPIE6990965*1,GBCPIP6990965*1*1259,22080,NLCPIT2sgd*A*0,verification_requise_ne_pas_promouvoir_comme_payg_valide,ocpi_tariff_type_unspecified_valid_for_all_sessions_not_payg_checkout_proof;ocpi_vat_unspecified_20pct_derivation_not_operator_verified,Eco-Movement ChargePoint PCPR CPO OCPI 2.2.1
GBCPIL6990965,DENHAM GROVE STATION 02,Denham,GBCPIE6990965*2,GBCPIP6990965*2*1259,22080,NLCPIT2sgd*A*0,verification_requise_ne_pas_promouvoir_comme_payg_valide,ocpi_tariff_type_unspecified_valid_for_all_sessions_not_payg_checkout_proof;ocpi_vat_unspecified_20pct_derivation_not_operator_verified,Eco-Movement ChargePoint PCPR CPO OCPI 2.2.1
GBCPIL2910435,USS WITAN GATE1,Milton Keynes,GBCPIE2910435*1,GBCPIP2910435*1*82,22000,NLCPIT19v7*8*0,verification_requise_ne_pas_promouvoir_comme_payg_valide,ocpi_tariff_type_unspecified_valid_for_all_sessions_not_payg_checkout_proof;ocpi_vat_unspecified_20pct_derivation_not_operator_verified,Eco-Movement ChargePoint PCPR CPO OCPI 2.2.1
GBCPIL2910435,USS WITAN GATE1,Milton Keynes,GBCPIE2910435*2,GBCPIP2910435*2*82,22000,NLCPIT19v7*8*0,verification_requise_ne_pas_promouvoir_comme_payg_valide,ocpi_tariff_type_unspecified_valid_for_all_sessions_not_payg_checkout_proof;ocpi_vat_unspecified_20pct_derivation_not_operator_verified,Eco-Movement ChargePoint PCPR CPO OCPI 2.2.1
GBCPIL6678155,NEW MILLS F19,Wotton-under-Edge,GBCPIE6678155*1,GBCPIP6678155*1*82,22000,NLCPIT1mER*9*0,verification_requise_ne_pas_promouvoir_comme_payg_valide,ocpi_tariff_type_unspecified_valid_for_all_sessions_not_payg_checkout_proof;ocpi_vat_unspecified_20pct_derivation_not_operator_verified,Eco-Movement ChargePoint PCPR CPO OCPI 2.2.1
GBCPIL6678155,NEW MILLS F19,Wotton-under-Edge,GBCPIE6678155*2,GBCPIP6678155*2*82,22000,NLCPIT1mER*9*0,verification_requise_ne_pas_promouvoir_comme_payg_valide,ocpi_tariff_type_unspecified_valid_for_all_sessions_not_payg_checkout_proof;ocpi_vat_unspecified_20pct_derivation_not_operator_verified,Eco-Movement ChargePoint PCPR CPO OCPI 2.2.1
GBCPIL6493065,CARDEN PARK LEFT SIDE,Chester,GBCPIE6493065*1,GBCPIP6493065*1*1259,22080,NLCPITbIL*4*0,verification_requise_ne_pas_promouvoir_comme_payg_valide,ocpi_tariff_type_unspecified_valid_for_all_sessions_not_payg_checkout_proof;ocpi_vat_unspecified_20pct_derivation_not_operator_verified,Eco-Movement ChargePoint PCPR CPO OCPI 2.2.1
GBCPIL6493065,CARDEN PARK LEFT SIDE,Chester,GBCPIE6493065*2,GBCPIP6493065*2*1259,22080,NLCPITbIL*4*0,verification_requise_ne_pas_promouvoir_comme_payg_valide,ocpi_tariff_type_unspecified_valid_for_all_sessions_not_payg_checkout_proof;ocpi_vat_unspecified_20pct_derivation_not_operator_verified,Eco-Movement ChargePoint PCPR CPO OCPI 2.2.1
