priority,stationName,stationId,evseId,connectorId,reason,classification,source
P4,4 Pawley Close,0c84da75-1492-4477-9f76-fd2bc20692e1,GB*CK0*E1791560147RD9SAHX,db063fc0-d937-45d5-b212-51384171da41,no_physical_reference,tarif_indisponible,reports/uk/connected-kerb-app-collection-latest.json
P4,52 Collingwood Crescent,bd18a25e-2340-4eca-8219-5297dd13858d,GB*CK0*E1791559953JDUWRLZ,abda6b89-22c7-4ae3-b585-2a1054daf5a0,no_physical_reference,tarif_indisponible,reports/uk/connected-kerb-app-collection-latest.json
P3,Quayside House 1,4e7921a2-22ae-4e71-9085-3d9adb698973,GB*CK0*E31015,c9d6f1b2-593b-442a-953a-d592a5da8eae,no_unique_exact_socket_match,correspondance_non_verifiee,reports/uk/connected-kerb-app-collection-latest.json
P4,Yew Tree Drive,43824675-8a55-4eb8-a5a4-387ff03e010c,GB*CK0*E179154684120MV3V8,d62f1299-0a71-4202-b66d-7d1e431c1ec0,no_physical_reference,tarif_indisponible,reports/uk/connected-kerb-app-collection-latest.json
P4,Highview,1fdeaac4-fbb4-451a-9b57-fa40624bd5e5,GB*CK0*E1791546602629VQSC,31a7f9af-ffee-4798-8fb8-a488bc37309a,no_physical_reference,tarif_indisponible,reports/uk/connected-kerb-app-collection-latest.json
P4,Highview,1fdeaac4-fbb4-451a-9b57-fa40624bd5e5,GB*CK0*E17915466025A2UOS4,67cf4daf-5303-43f4-b2c3-9997ad4e1f81,no_physical_reference,tarif_indisponible,reports/uk/connected-kerb-app-collection-latest.json
P4,Highview,1fdeaac4-fbb4-451a-9b57-fa40624bd5e5,GB*CK0*E1791546542N0WIIZQ,af2f71b0-057b-41e7-9519-4d36ca0915a9,no_physical_reference,tarif_indisponible,reports/uk/connected-kerb-app-collection-latest.json
P4,Highview,1fdeaac4-fbb4-451a-9b57-fa40624bd5e5,GB*CK0*E1791546542XOBVL55,002b2291-8454-46b8-b3ea-c40b072c63e5,no_physical_reference,tarif_indisponible,reports/uk/connected-kerb-app-collection-latest.json
P4,Highview,1fdeaac4-fbb4-451a-9b57-fa40624bd5e5,GB*CK0*E1791546573RI3BL1T,74cb24de-1b38-456e-a371-4eaf9f6faea8,no_physical_reference,tarif_indisponible,reports/uk/connected-kerb-app-collection-latest.json
P4,Highview,1fdeaac4-fbb4-451a-9b57-fa40624bd5e5,GB*CK0*E17915465732G28KAX,a91d88bf-6fac-4e1d-bfa7-e4ef3160a4f1,no_physical_reference,tarif_indisponible,reports/uk/connected-kerb-app-collection-latest.json
P3,9-13 Moore Close,87eeb290-f9cf-41ee-94f5-3fef9aefa672,GB*CK0*E27064,88860518-5a40-44c9-bd74-40c13072a2e3,no_unique_exact_socket_match,correspondance_non_verifiee,reports/uk/connected-kerb-app-collection-latest.json
P3,9-13 Moore Close,87eeb290-f9cf-41ee-94f5-3fef9aefa672,GB*CK0*E27065,31d84429-d10e-4d0d-8b8b-c252e389653b,no_unique_exact_socket_match,correspondance_non_verifiee,reports/uk/connected-kerb-app-collection-latest.json
P4,7 Owen Close,fc5f72ec-c865-4b2b-ab9b-f95ae91849c0,GB*CK0*E1791209456TDC4YWV,c81f2505-c648-4d11-bba3-51066a8faa22,no_physical_reference,tarif_indisponible,reports/uk/connected-kerb-app-collection-latest.json
P4,7 Owen Close,fc5f72ec-c865-4b2b-ab9b-f95ae91849c0,GB*CK0*E17912094560NWMK3E,ca68a6bd-de34-4e4f-af3b-cccb31a74e50,no_physical_reference,tarif_indisponible,reports/uk/connected-kerb-app-collection-latest.json
P4,7 Owen Close,fc5f72ec-c865-4b2b-ab9b-f95ae91849c0,GB*CK0*E179120948147M1EHJ,2dc19993-1c56-43fe-bcd4-23a92e372926,no_physical_reference,tarif_indisponible,reports/uk/connected-kerb-app-collection-latest.json
P4,7 Owen Close,fc5f72ec-c865-4b2b-ab9b-f95ae91849c0,GB*CK0*E17912094812QQZELE,d5d0d9cf-2d3d-413c-839c-2c7f0d682004,no_physical_reference,tarif_indisponible,reports/uk/connected-kerb-app-collection-latest.json
P4,5 Dovedale Road,c5838c08-9c19-4d0b-9773-a4c79f8feecf,GB*CK0*E1790950368K82FV3F,f8a5418a-129b-4868-b7f7-f6a4f5f07fc6,no_physical_reference,tarif_indisponible,reports/uk/connected-kerb-app-collection-latest.json
P4,5 Dovedale Road,c5838c08-9c19-4d0b-9773-a4c79f8feecf,GB*CK0*E1790950368E0UCN9H,da693985-44d9-4f3e-b6f1-7687ee4410f3,no_physical_reference,tarif_indisponible,reports/uk/connected-kerb-app-collection-latest.json
P4,5 Dovedale Road,c5838c08-9c19-4d0b-9773-a4c79f8feecf,GB*CK0*E1790950312WALNPCO,54b812d5-ce9b-4194-a421-cb3769467544,no_physical_reference,tarif_indisponible,reports/uk/connected-kerb-app-collection-latest.json
P4,5 Dovedale Road,c5838c08-9c19-4d0b-9773-a4c79f8feecf,GB*CK0*E1790950312QFLCRFP,1aa8e37f-a68f-449b-abe9-df3b2d1b3d55,no_physical_reference,tarif_indisponible,reports/uk/connected-kerb-app-collection-latest.json
P3,75-69 Roundthorn Way,afc1a115-e062-421c-9f17-1be9ade4d49a,GB*CK0*E27062,358cb3ac-3288-4e61-b628-ebba4079284f,no_unique_exact_socket_match,correspondance_non_verifiee,reports/uk/connected-kerb-app-collection-latest.json
P3,75-69 Roundthorn Way,afc1a115-e062-421c-9f17-1be9ade4d49a,GB*CK0*E27063,1cd1da30-8f2e-448b-8f2e-c0a5638852d6,no_unique_exact_socket_match,correspondance_non_verifiee,reports/uk/connected-kerb-app-collection-latest.json
P4,31-33 Birchfield Road,11077878-2886-4cf4-8e41-faf5cd41e0c7,GB*CK0*E1790843196EJB74Q4,b896940c-0e0e-4e4b-bf97-f18705471998,no_physical_reference,tarif_indisponible,reports/uk/connected-kerb-app-collection-latest.json
P4,31-33 Birchfield Road,11077878-2886-4cf4-8e41-faf5cd41e0c7,GB*CK0*E1790843196SODQPH8,65f52fd4-1ff4-4839-8429-51aa8b8fe2e3,no_physical_reference,tarif_indisponible,reports/uk/connected-kerb-app-collection-latest.json
P4,31-33 Birchfield Road,11077878-2886-4cf4-8e41-faf5cd41e0c7,GB*CK0*E1790843155WNUEKCO,5daa2cd7-1401-4ba0-9ff1-757082c4caa6,no_physical_reference,tarif_indisponible,reports/uk/connected-kerb-app-collection-latest.json
P4,31-33 Birchfield Road,11077878-2886-4cf4-8e41-faf5cd41e0c7,GB*CK0*E1790843155GMHTE8K,7469ce15-b510-497b-87e3-0062e8c0cab8,no_physical_reference,tarif_indisponible,reports/uk/connected-kerb-app-collection-latest.json
P4,31-34 Fernmoor Drive,5dd3c609-b69b-45a1-b99a-88e87ceafc3a,GB*CK0*E1790842922MO8JACC,a339c02d-9fb8-4d13-868d-cae237dc85cf,no_physical_reference,tarif_indisponible,reports/uk/connected-kerb-app-collection-latest.json
P4,31-34 Fernmoor Drive,5dd3c609-b69b-45a1-b99a-88e87ceafc3a,GB*CK0*E1790842922OPWEST6,3927b33e-c098-44e4-b5bd-733c852237aa,no_physical_reference,tarif_indisponible,reports/uk/connected-kerb-app-collection-latest.json
P4,31-34 Fernmoor Drive,5dd3c609-b69b-45a1-b99a-88e87ceafc3a,GB*CK0*E1790842954U1A4ISO,42608cdf-c972-43eb-98cf-e6db901d2c1e,no_physical_reference,tarif_indisponible,reports/uk/connected-kerb-app-collection-latest.json
P4,31-34 Fernmoor Drive,5dd3c609-b69b-45a1-b99a-88e87ceafc3a,GB*CK0*E1790842954XVZKSRB,f32e6827-c31b-4f8e-8edb-193374753d40,no_physical_reference,tarif_indisponible,reports/uk/connected-kerb-app-collection-latest.json
P4,Hildyard Row Car Park,0c33a76d-8afc-4da9-99e6-20328812cda1,GB*CK0*E1790842724SD0LUF2,5c065949-fe00-42d1-aa2f-eb423af98cad,no_physical_reference,tarif_indisponible,reports/uk/connected-kerb-app-collection-latest.json
P4,Hildyard Row Car Park,0c33a76d-8afc-4da9-99e6-20328812cda1,GB*CK0*E1790842724PCXU153,3b056027-c6ad-4e64-a71c-288787745691,no_physical_reference,tarif_indisponible,reports/uk/connected-kerb-app-collection-latest.json
P4,Hildyard Row Car Park,0c33a76d-8afc-4da9-99e6-20328812cda1,GB*CK0*E1790842746P2XLR3Z,b3a87d44-aa00-4d5c-ba5b-14a65fc48cef,no_physical_reference,tarif_indisponible,reports/uk/connected-kerb-app-collection-latest.json
P4,Hildyard Row Car Park,0c33a76d-8afc-4da9-99e6-20328812cda1,GB*CK0*E1790842746V0I9SGA,fe97dd98-d75b-4de9-8133-f98a037536cf,no_physical_reference,tarif_indisponible,reports/uk/connected-kerb-app-collection-latest.json
P4,Station Road Car Park,569075b8-e72f-42cf-83c8-df7794d55d38,GB*CK0*E1790842542Y1AVCRT,51cb5ad4-44bf-4238-bb8d-bd0c25c1f365,no_physical_reference,tarif_indisponible,reports/uk/connected-kerb-app-collection-latest.json
P4,Station Road Car Park,569075b8-e72f-42cf-83c8-df7794d55d38,GB*CK0*E1790842542IRAERK8,06bfae05-63a7-4d84-a32c-03d7af3c14a9,no_physical_reference,tarif_indisponible,reports/uk/connected-kerb-app-collection-latest.json
P4,Nuns Close Car Park,c8779eb1-dfd8-4531-94e3-3ec06cb3c739,GB*CK0*E1790842186N9IT9U8,bb0325f1-e351-477c-86eb-a9c2859a68f6,no_physical_reference,tarif_indisponible,reports/uk/connected-kerb-app-collection-latest.json
P4,Nuns Close Car Park,c8779eb1-dfd8-4531-94e3-3ec06cb3c739,GB*CK0*E1790842186N9EJMB8,51ec6a0f-3a21-457b-b3ad-df3a11577a22,no_physical_reference,tarif_indisponible,reports/uk/connected-kerb-app-collection-latest.json
P4,Nuns Close Car Park,c8779eb1-dfd8-4531-94e3-3ec06cb3c739,GB*CK0*E1790842225P30US8B,1ee1905f-b132-49e8-b448-5f31997c7a59,no_physical_reference,tarif_indisponible,reports/uk/connected-kerb-app-collection-latest.json
P4,Nuns Close Car Park,c8779eb1-dfd8-4531-94e3-3ec06cb3c739,GB*CK0*E1790842225AZW677Z,1872a6af-85bd-45ad-9002-3b73bad38e4f,no_physical_reference,tarif_indisponible,reports/uk/connected-kerb-app-collection-latest.json
P4,Gayle Lane Car Park,7e2d5ed6-02dc-48a1-97ab-2146bc2db80e,GB*CK0*E1790841662XAXKCMI,000f3d1f-66b0-48af-82de-c5b72e65126b,no_physical_reference,tarif_indisponible,reports/uk/connected-kerb-app-collection-latest.json
P4,Gayle Lane Car Park,7e2d5ed6-02dc-48a1-97ab-2146bc2db80e,GB*CK0*E17908416628RA39CP,ed7a7176-2495-47d2-8ca5-cc23c90ae8f0,no_physical_reference,tarif_indisponible,reports/uk/connected-kerb-app-collection-latest.json
P4,10-9 Caer Odyn,954a5142-580c-4080-b811-3bb3f8dc993d,GB*CK0*E1790580652GQ593UR,76cc6d97-4daf-48da-b081-34d1ad57e348,no_physical_reference,tarif_indisponible,reports/uk/connected-kerb-app-collection-latest.json
P4,10-9 Caer Odyn,954a5142-580c-4080-b811-3bb3f8dc993d,GB*CK0*E17905806521R7YBED,eeadecf7-40a2-4d1b-8acc-f4db1e57c673,no_physical_reference,tarif_indisponible,reports/uk/connected-kerb-app-collection-latest.json
P4,10-9 Caer Odyn,954a5142-580c-4080-b811-3bb3f8dc993d,GB*CK0*E17905806256MGU2UT,4f047e1e-cab9-421b-8679-3351e5d3b6ed,no_physical_reference,tarif_indisponible,reports/uk/connected-kerb-app-collection-latest.json
P4,10-9 Caer Odyn,954a5142-580c-4080-b811-3bb3f8dc993d,GB*CK0*E1790580625AQ9Z3YK,d9bae210-6440-4d1e-9ee4-1e9b76ee7798,no_physical_reference,tarif_indisponible,reports/uk/connected-kerb-app-collection-latest.json
P4,7-13 Clos Y Gwyddil,46163433-98a3-4cf9-85dd-9d245cbf1918,GB*CK0*E17905804570AZ3V9E,463c0f14-eae6-44d2-a4cd-bcd8fbc50a40,no_physical_reference,tarif_indisponible,reports/uk/connected-kerb-app-collection-latest.json
P4,7-13 Clos Y Gwyddil,46163433-98a3-4cf9-85dd-9d245cbf1918,GB*CK0*E1790580457FZ87S47,7fca1ab8-bcce-412b-9488-50f269f121f8,no_physical_reference,tarif_indisponible,reports/uk/connected-kerb-app-collection-latest.json
P4,7-13 Clos Y Gwyddil,46163433-98a3-4cf9-85dd-9d245cbf1918,GB*CK0*E1790580494JQDHUXX,a5c53142-583b-4fee-a2b8-106b9e6d2e65,no_physical_reference,tarif_indisponible,reports/uk/connected-kerb-app-collection-latest.json
P4,7-13 Clos Y Gwyddil,46163433-98a3-4cf9-85dd-9d245cbf1918,GB*CK0*E17905804945LQG1TY,38b5bf33-d0f9-453e-9627-2c900b12787f,no_physical_reference,tarif_indisponible,reports/uk/connected-kerb-app-collection-latest.json
P4,32 Whiteford Drive,512dd2a9-7c61-4bec-9394-a2419a926587,GB*CK0*E1790580056M440OGH,cf2f3f19-2696-44b4-bb7b-002eeb5b9377,no_physical_reference,tarif_indisponible,reports/uk/connected-kerb-app-collection-latest.json
P4,32 Whiteford Drive,512dd2a9-7c61-4bec-9394-a2419a926587,GB*CK0*E1790580056WW35XHL,a09dd6e8-420c-4fd0-9ff7-8dfed90cef31,no_physical_reference,tarif_indisponible,reports/uk/connected-kerb-app-collection-latest.json
P4,32 Whiteford Drive,512dd2a9-7c61-4bec-9394-a2419a926587,GB*CK0*E1790580078483BGGQ,272993d5-a886-4a0e-84bf-cf8dafa1703a,no_physical_reference,tarif_indisponible,reports/uk/connected-kerb-app-collection-latest.json
P4,32 Whiteford Drive,512dd2a9-7c61-4bec-9394-a2419a926587,GB*CK0*E1790580078OWMC3M6,6932c083-bbf0-45c0-9167-ad90bec37fbf,no_physical_reference,tarif_indisponible,reports/uk/connected-kerb-app-collection-latest.json
P4,66-56 Gloucester Crescent,4edd72f9-b426-4d80-bcd9-a49f61bc56f7,GB*CK0*E1790579627R3N4FBD,4067de11-dc14-40b0-a87f-9b8fc2481d5a,no_physical_reference,tarif_indisponible,reports/uk/connected-kerb-app-collection-latest.json
P4,66-56 Gloucester Crescent,4edd72f9-b426-4d80-bcd9-a49f61bc56f7,GB*CK0*E1790579627ECINAME,4819b271-9a99-42d4-a9b7-b6b87e1b8f83,no_physical_reference,tarif_indisponible,reports/uk/connected-kerb-app-collection-latest.json
P4,66-56 Gloucester Crescent,4edd72f9-b426-4d80-bcd9-a49f61bc56f7,GB*CK0*E17905796041N7IP15,240badc7-ae72-4088-a186-2d0cea8f6553,no_physical_reference,tarif_indisponible,reports/uk/connected-kerb-app-collection-latest.json
P4,66-56 Gloucester Crescent,4edd72f9-b426-4d80-bcd9-a49f61bc56f7,GB*CK0*E17905796044ZA5T0I,0af462f4-7ded-4757-9fdb-af9f14ab35e0,no_physical_reference,tarif_indisponible,reports/uk/connected-kerb-app-collection-latest.json
P4,20 Fairlawn Drive,ab38948c-d9f1-43d6-b575-ab7058db39cf,GB*CK0*E1790579212JF642KM,3ddbb131-fb84-4479-99a7-277e90047650,no_physical_reference,tarif_indisponible,reports/uk/connected-kerb-app-collection-latest.json
P4,13-16 Lister Close,9173d977-a49c-4414-84e1-aefe91917e91,GB*CK0*E1790579023BH6YQ86,ee949694-5487-4a9a-882c-e65d8c789538,no_physical_reference,tarif_indisponible,reports/uk/connected-kerb-app-collection-latest.json
P4,13-16 Lister Close,9173d977-a49c-4414-84e1-aefe91917e91,GB*CK0*E1790579023DA64P9G,ddb841fa-5899-4d9c-bca3-da57c62b2958,no_physical_reference,tarif_indisponible,reports/uk/connected-kerb-app-collection-latest.json
P4,13-16 Lister Close,9173d977-a49c-4414-84e1-aefe91917e91,GB*CK0*E1790578955FLCIMOX,b569623b-b619-4c02-8116-9f31edbbbe77,no_physical_reference,tarif_indisponible,reports/uk/connected-kerb-app-collection-latest.json
P4,13-16 Lister Close,9173d977-a49c-4414-84e1-aefe91917e91,GB*CK0*E1790578955PY4LBJE,fb1d0feb-48d5-43b1-8ba2-16bf80ee6fe2,no_physical_reference,tarif_indisponible,reports/uk/connected-kerb-app-collection-latest.json
P4,13-16 Lister Close,9173d977-a49c-4414-84e1-aefe91917e91,GB*CK0*E1790578980UMJV3YT,142f2e51-752c-46b7-8546-17df35d7603b,no_physical_reference,tarif_indisponible,reports/uk/connected-kerb-app-collection-latest.json
P4,13-16 Lister Close,9173d977-a49c-4414-84e1-aefe91917e91,GB*CK0*E1790578980DLNWE5U,cc8e7312-9ad8-48e3-9cb6-aa315ebcbf80,no_physical_reference,tarif_indisponible,reports/uk/connected-kerb-app-collection-latest.json
P4,Elm Place 2,a431976c-dc7c-4f14-a7c2-8fab4c0c6212,GB*CK0*E17905785558FIO94V,44c1fd05-32ce-4ad8-8fa4-722dddd91c75,no_physical_reference,tarif_indisponible,reports/uk/connected-kerb-app-collection-latest.json
P4,Elm Place 2,a431976c-dc7c-4f14-a7c2-8fab4c0c6212,GB*CK0*E1790578555E5HXR0E,8bf13dc7-bfb3-40d7-8d8b-4890b649b634,no_physical_reference,tarif_indisponible,reports/uk/connected-kerb-app-collection-latest.json
P4,99 Northumberland Road,90d36f9a-cd0f-4875-bfe7-6b17aa416dbf,GB*CK0*E1790343814SA3LS3W,5351c76c-32ca-44c5-a8de-ecd1cd477d5b,no_physical_reference,tarif_indisponible,reports/uk/connected-kerb-app-collection-latest.json
P4,99 Northumberland Road,90d36f9a-cd0f-4875-bfe7-6b17aa416dbf,GB*CK0*E1790343814NX78ZEJ,9ecfc8d2-7e3e-443d-8c13-122688720c2e,no_physical_reference,tarif_indisponible,reports/uk/connected-kerb-app-collection-latest.json
P4,99 Northumberland Road,90d36f9a-cd0f-4875-bfe7-6b17aa416dbf,GB*CK0*E1790343841K6KGCT6,ba373f18-46e6-4305-b2ab-f06fcfd44739,no_physical_reference,tarif_indisponible,reports/uk/connected-kerb-app-collection-latest.json
P4,99 Northumberland Road,90d36f9a-cd0f-4875-bfe7-6b17aa416dbf,GB*CK0*E1790343841M2RCE5F,38980096-6246-4e04-87da-c4f6fcc86112,no_physical_reference,tarif_indisponible,reports/uk/connected-kerb-app-collection-latest.json
P4,Hailsham Leisure Centre (Rapid),5e9a4af8-7dee-4070-b56c-3f51f30da54e,GB*CK0*E28517,f6d033b1-d5bd-44db-9ede-038525465493,app HTTP 404,tarif_indisponible,reports/uk/connected-kerb-app-collection-latest.json
P4,Hailsham Leisure Centre (Rapid),5e9a4af8-7dee-4070-b56c-3f51f30da54e,GB*CK0*E28516,7197fbfa-a0c6-46e0-86aa-e4765bab7cad,app HTTP 404,tarif_indisponible,reports/uk/connected-kerb-app-collection-latest.json
P4,Wallace Fields,7c67cb23-a8dc-4c8f-93e2-58b3637d1585,GB*CK0*E19540,d9aa4fed-97fd-4e34-83be-7af6854b1d48,app HTTP 404,tarif_indisponible,reports/uk/connected-kerb-app-collection-latest.json
P4,Buckland Road,620391b1-39c1-4cab-8d0b-45bf9124c3a5,GB*CK0*E19522,1ef214f4-034f-4f6b-8179-78ac554bab5f,app HTTP 404,tarif_indisponible,reports/uk/connected-kerb-app-collection-latest.json
P4,Broadway,6742c82d-509b-42fd-81c0-d3ed836b6ee9,GB*CK0*E17893884274R0QN9B,d5204075-2ce0-4cdd-82ac-f62d9409c9db,no_physical_reference,tarif_indisponible,reports/uk/connected-kerb-app-collection-latest.json
P4,Broadway,6742c82d-509b-42fd-81c0-d3ed836b6ee9,GB*CK0*E17893884272JFM4BZ,156532cc-5ed3-4a95-87b8-1b203780583e,no_physical_reference,tarif_indisponible,reports/uk/connected-kerb-app-collection-latest.json
P4,Broadway,6742c82d-509b-42fd-81c0-d3ed836b6ee9,GB*CK0*E1789388427HGD05NY,b934c7f3-e161-4fd1-854f-b901e96999ad,no_physical_reference,tarif_indisponible,reports/uk/connected-kerb-app-collection-latest.json
P4,Broadway,6742c82d-509b-42fd-81c0-d3ed836b6ee9,GB*CK0*E1789388427UCPD44U,917fee85-3a33-4dfb-88c6-0be6cfdcf420,no_physical_reference,tarif_indisponible,reports/uk/connected-kerb-app-collection-latest.json
P4,Gloucester Crescent,e17cdc44-1ae0-4a26-b689-04145cb81fec,GB*CK0*E26705,0aa7c5f5-4afe-4948-be12-f2cabd71bb99,app HTTP 404,tarif_indisponible,reports/uk/connected-kerb-app-collection-latest.json
P4,Gloucester Crescent,e17cdc44-1ae0-4a26-b689-04145cb81fec,GB*CK0*E26704,00f3b258-a83b-4c10-83bb-2fab27aba671,app HTTP 404,tarif_indisponible,reports/uk/connected-kerb-app-collection-latest.json
P4,Gloucester Crescent,e17cdc44-1ae0-4a26-b689-04145cb81fec,GB*CK0*E26709,c04589de-d78b-4fb3-a88a-1358aefd018f,app HTTP 404,tarif_indisponible,reports/uk/connected-kerb-app-collection-latest.json
P4,Gloucester Crescent,e17cdc44-1ae0-4a26-b689-04145cb81fec,GB*CK0*E26708,e10d95a4-3093-41db-b665-4d156fb3289f,app HTTP 404,tarif_indisponible,reports/uk/connected-kerb-app-collection-latest.json
P4,Lansdowne Road D3296,80fc1485-e8ce-4a0d-bf26-4a29688cfd36,GB*CK0*E178914118029TM8J2,00f3509c-ce08-4900-8189-48fca1b56780,no_physical_reference,tarif_indisponible,reports/uk/connected-kerb-app-collection-latest.json
P4,18-14 Thrapston Road,813b0169-5aee-4953-b447-c94892a6b3cc,GB*CK0*E1789140984PUQ4IGU,9c391d90-5dc8-42ee-b222-6f46a70e32b2,no_physical_reference,tarif_indisponible,reports/uk/connected-kerb-app-collection-latest.json
P4,18-14 Thrapston Road,813b0169-5aee-4953-b447-c94892a6b3cc,GB*CK0*E1789140984YB61EI5,482108fa-82ee-4f06-b860-c430f78b11b0,no_physical_reference,tarif_indisponible,reports/uk/connected-kerb-app-collection-latest.json
P4,18-14 Thrapston Road,813b0169-5aee-4953-b447-c94892a6b3cc,GB*CK0*E1789141011VRWZ66U,09b9e043-3de5-4901-a18e-5c7deaa81d87,no_physical_reference,tarif_indisponible,reports/uk/connected-kerb-app-collection-latest.json
P4,18-14 Thrapston Road,813b0169-5aee-4953-b447-c94892a6b3cc,GB*CK0*E17891410111HPBPXV,c4a13d46-95f4-4db5-8c17-5cf4d1540a79,no_physical_reference,tarif_indisponible,reports/uk/connected-kerb-app-collection-latest.json
P4,65 Longfellow road,47889716-5f4b-4b95-a7c8-341abd2ca7df,GB*CK0*E26834,7901872a-c0b6-43e8-ab8e-7e1618f202f9,app HTTP 404,tarif_indisponible,reports/uk/connected-kerb-app-collection-latest.json
P4,65 Longfellow road,47889716-5f4b-4b95-a7c8-341abd2ca7df,GB*CK0*E26833,ef5ec677-8eee-449b-aaff-eeab1e9cc342,app HTTP 404,tarif_indisponible,reports/uk/connected-kerb-app-collection-latest.json
P4,65 Longfellow road,47889716-5f4b-4b95-a7c8-341abd2ca7df,GB*CK0*E26831,7f35077c-f96c-4538-8035-727ad17b269e,app HTTP 404,tarif_indisponible,reports/uk/connected-kerb-app-collection-latest.json
P4,65 Longfellow road,47889716-5f4b-4b95-a7c8-341abd2ca7df,GB*CK0*E26830,480369ed-e2b4-477f-86b8-1baa60181896,app HTTP 404,tarif_indisponible,reports/uk/connected-kerb-app-collection-latest.json
P4,27 Goldsmith Road,2584f6de-0c3b-40fe-ad4e-5f4d392bf358,GB*CK0*E26750,64606864-9701-4831-92ad-f263aa372e25,app HTTP 404,tarif_indisponible,reports/uk/connected-kerb-app-collection-latest.json
P4,27 Goldsmith Road,2584f6de-0c3b-40fe-ad4e-5f4d392bf358,GB*CK0*E26751,766aab03-2817-4a01-b051-cdb1be080d83,app HTTP 404,tarif_indisponible,reports/uk/connected-kerb-app-collection-latest.json
P4,27 Goldsmith Road,2584f6de-0c3b-40fe-ad4e-5f4d392bf358,GB*CK0*E26753,9083077a-c013-47aa-9dc8-592fa40bd17d,app HTTP 404,tarif_indisponible,reports/uk/connected-kerb-app-collection-latest.json
P4,27 Goldsmith Road,2584f6de-0c3b-40fe-ad4e-5f4d392bf358,GB*CK0*E26752,4a8633aa-8453-41d3-990a-30574967583e,app HTTP 404,tarif_indisponible,reports/uk/connected-kerb-app-collection-latest.json
P4,5 Chessholme Road,7309c2cd-df72-4204-b7ac-7cb324b8abe6,GB*CK0*E1789140165115PAFT,ee81ed10-7f31-4d32-af53-5de7f9b6ea1e,no_physical_reference,tarif_indisponible,reports/uk/connected-kerb-app-collection-latest.json
P4,Buttery Well Road,ac92244a-bb0f-4850-9fca-19742a2d82e6,GB*CK0*E26780,cde2ab36-3744-4994-b20d-e70669f25461,app HTTP 404,tarif_indisponible,reports/uk/connected-kerb-app-collection-latest.json
P4,Buttery Well Road,ac92244a-bb0f-4850-9fca-19742a2d82e6,GB*CK0*E26781,e5258e36-a43e-4389-bdc1-d6fccf608d79,app HTTP 404,tarif_indisponible,reports/uk/connected-kerb-app-collection-latest.json
P4,Victoria Place Car Park (Red) 2,1e1f3fb9-97b3-4978-8f98-d9bbe87d442c,GB*CK0*E1788779710HQL6NFC,7fd2de68-5a19-45e9-9efd-51de6433847b,no_physical_reference,tarif_indisponible,reports/uk/connected-kerb-app-collection-latest.json
P4,Victoria Place Car Park (Red) 2,1e1f3fb9-97b3-4978-8f98-d9bbe87d442c,GB*CK0*E1788779726U4QRBIL,057cd923-340f-47a9-b064-998c449abd28,no_physical_reference,tarif_indisponible,reports/uk/connected-kerb-app-collection-latest.json
P4,Victoria Place Car Park (Red) 2,1e1f3fb9-97b3-4978-8f98-d9bbe87d442c,GB*CK0*E1788779673R0I1DUH,8dca46b8-1e6b-45a9-9845-95454d72413d,no_physical_reference,tarif_indisponible,reports/uk/connected-kerb-app-collection-latest.json
P4,Victoria Place Car Park (Red) 2,1e1f3fb9-97b3-4978-8f98-d9bbe87d442c,GB*CK0*E1788779693O4KA5EI,f05c2189-697a-4eea-ad9d-9ffd5c3351d9,no_physical_reference,tarif_indisponible,reports/uk/connected-kerb-app-collection-latest.json
P4,Northolt Avenue,37a9dfaa-405b-4c41-9c7e-bcd346b44109,GB*CK0*E1788531669M6O6DVP,9adea967-c9d8-42ae-a4c7-e28567af008b,no_physical_reference,tarif_indisponible,reports/uk/connected-kerb-app-collection-latest.json
P4,Northolt Avenue,37a9dfaa-405b-4c41-9c7e-bcd346b44109,GB*CK0*E1788531669W1DI6DI,ffc88775-d83b-4535-b1c4-3b534d84dbc5,no_physical_reference,tarif_indisponible,reports/uk/connected-kerb-app-collection-latest.json
P4,Northolt Avenue,37a9dfaa-405b-4c41-9c7e-bcd346b44109,GB*CK0*E1788531691ZEODKIX,4e3d17fc-81e9-4542-a18d-6631f9275ecc,no_physical_reference,tarif_indisponible,reports/uk/connected-kerb-app-collection-latest.json
P4,Northolt Avenue,37a9dfaa-405b-4c41-9c7e-bcd346b44109,GB*CK0*E1788531691T1HJEXH,8a5a9295-eef3-401e-b442-ddbef1107823,no_physical_reference,tarif_indisponible,reports/uk/connected-kerb-app-collection-latest.json
P4,"Church Street Car Park, Stratford",72e0c3ca-7ced-4870-9946-e4dcb44f98a4,GB*CK0*E1788274792882ZOUU,f0732f8e-21fc-4bff-8f03-6aefc1612648,no_physical_reference,tarif_indisponible,reports/uk/connected-kerb-app-collection-latest.json
P4,"Church Street Car Park, Stratford",72e0c3ca-7ced-4870-9946-e4dcb44f98a4,GB*CK0*E1788274761OC87RW1,a972e9c1-2961-4e9c-8f12-539d20a69559,no_physical_reference,tarif_indisponible,reports/uk/connected-kerb-app-collection-latest.json
P4,Saint Peters Road,112a0cc6-1eb1-463d-ad69-62f4d1e41bca,GB*CK0*E178792915007BOBNS,2adc0a23-a636-437e-be3a-6de5529d6772,no_physical_reference,tarif_indisponible,reports/uk/connected-kerb-app-collection-latest.json
P4,Saint Peters Road,112a0cc6-1eb1-463d-ad69-62f4d1e41bca,GB*CK0*E17879291509A86WXB,b7010bb4-9531-40d0-a44b-2cc5e99b9bef,no_physical_reference,tarif_indisponible,reports/uk/connected-kerb-app-collection-latest.json
P4,Saint Peters Road,112a0cc6-1eb1-463d-ad69-62f4d1e41bca,GB*CK0*E1787929177UA2AKF1,3832f9b1-6a56-49df-99a3-0a7614fbe132,no_physical_reference,tarif_indisponible,reports/uk/connected-kerb-app-collection-latest.json
P4,Saint Peters Road,112a0cc6-1eb1-463d-ad69-62f4d1e41bca,GB*CK0*E1787929177BNIF8QG,f6e02f16-7005-4714-a0f8-fba1f9cc94e6,no_physical_reference,tarif_indisponible,reports/uk/connected-kerb-app-collection-latest.json
P4,32-38 Mountbatten Way,0d40b497-31dc-4c1f-95dd-4dab744f760f,GB*CK0*E1787928809Q07L37E,019244e0-3509-4dcc-992e-dea1b1ad6b7a,no_physical_reference,tarif_indisponible,reports/uk/connected-kerb-app-collection-latest.json
P4,32-38 Mountbatten Way,0d40b497-31dc-4c1f-95dd-4dab744f760f,GB*CK0*E1787928809QJDW188,fc0b8357-e517-4cb9-b649-0148506cfe3e,no_physical_reference,tarif_indisponible,reports/uk/connected-kerb-app-collection-latest.json
P4,32-38 Mountbatten Way,0d40b497-31dc-4c1f-95dd-4dab744f760f,GB*CK0*E1787928834U2KOQP6,23746a42-17cc-4246-a361-c101184af85a,no_physical_reference,tarif_indisponible,reports/uk/connected-kerb-app-collection-latest.json
P4,32-38 Mountbatten Way,0d40b497-31dc-4c1f-95dd-4dab744f760f,GB*CK0*E1787928834LPCELRX,b0eef830-8313-4026-be48-1f6b079fd446,no_physical_reference,tarif_indisponible,reports/uk/connected-kerb-app-collection-latest.json
P4,Vapron Road,20c7c50a-9961-4e49-a816-33c044cedb80,GB*CK0*E1787928679ZR59V9B,70f27622-0b53-42af-b17a-646982efbfd4,no_physical_reference,tarif_indisponible,reports/uk/connected-kerb-app-collection-latest.json
P4,Vapron Road,20c7c50a-9961-4e49-a816-33c044cedb80,GB*CK0*E1787928679X0SM0EP,80bda2df-4cc5-4a28-b7ca-24b605b28235,no_physical_reference,tarif_indisponible,reports/uk/connected-kerb-app-collection-latest.json
P4,Vapron Road,20c7c50a-9961-4e49-a816-33c044cedb80,GB*CK0*E1787928656AWJFVP4,e32326af-7f75-43dc-ab52-e67e0b029e9f,no_physical_reference,tarif_indisponible,reports/uk/connected-kerb-app-collection-latest.json
P4,Vapron Road,20c7c50a-9961-4e49-a816-33c044cedb80,GB*CK0*E1787928656PTRMII2,e1b6d5fd-6e26-451b-98d3-19ab19048216,no_physical_reference,tarif_indisponible,reports/uk/connected-kerb-app-collection-latest.json
P3,Westbourne Road,e1a2674d-debc-4701-96a6-e8bb552b7533,GB*CK0*E25906,0bd9ad95-ff6a-493d-ac2b-27313b0cafb6,no_unique_exact_socket_match,correspondance_non_verifiee,reports/uk/connected-kerb-app-collection-latest.json
P3,Westbourne Road,e1a2674d-debc-4701-96a6-e8bb552b7533,GB*CK0*E25907,6cbba26d-f914-49be-a9da-ad2788a4ed6b,no_unique_exact_socket_match,correspondance_non_verifiee,reports/uk/connected-kerb-app-collection-latest.json
P3,"Kingston Road 3, Stoneleigh",60f117ea-f5b0-4263-a439-f28d737a7dd5,GB*CK0*E20205,37813f39-6747-47fa-968f-7f27ee523d17,no_unique_exact_socket_match,correspondance_non_verifiee,reports/uk/connected-kerb-app-collection-latest.json
P3,"Kingston Road 3, Stoneleigh",60f117ea-f5b0-4263-a439-f28d737a7dd5,GB*CK0*E20204,b9329331-7a90-43bd-9fe8-2ad4b903298d,no_unique_exact_socket_match,correspondance_non_verifiee,reports/uk/connected-kerb-app-collection-latest.json
P3,8 Kerria Way (Viburnum),246f9285-5976-4d3b-a4b8-f281380c7927,GB*CK0*E20103,e01d58f3-d6a7-49f4-b5e8-0da9cea3cd45,no_unique_exact_qr_and_geo_match,correspondance_non_verifiee,reports/uk/connected-kerb-app-collection-latest.json
P3,8 Kerria Way (Viburnum),246f9285-5976-4d3b-a4b8-f281380c7927,GB*CK0*E20102,21b28dde-1ad0-417f-a9a3-7a33a3c0662d,no_unique_exact_qr_and_geo_match,correspondance_non_verifiee,reports/uk/connected-kerb-app-collection-latest.json
P3,8 Kerria Way (Viburnum),246f9285-5976-4d3b-a4b8-f281380c7927,GB*CK0*E27826,354088f3-f5e0-46cd-9812-cb8a9e0ae1d9,no_unique_exact_qr_and_geo_match,correspondance_non_verifiee,reports/uk/connected-kerb-app-collection-latest.json
P3,8 Kerria Way (Viburnum),246f9285-5976-4d3b-a4b8-f281380c7927,GB*CK0*E27827,12039c82-087f-4b4e-bda5-7e65ddc4d610,no_unique_exact_qr_and_geo_match,correspondance_non_verifiee,reports/uk/connected-kerb-app-collection-latest.json
P3,8 Kerria Way (Viburnum),246f9285-5976-4d3b-a4b8-f281380c7927,GB*CK0*E27722,e903efa6-f739-4181-b057-1b34b3c599ab,no_unique_exact_qr_and_geo_match,correspondance_non_verifiee,reports/uk/connected-kerb-app-collection-latest.json
P3,8 Kerria Way (Viburnum),246f9285-5976-4d3b-a4b8-f281380c7927,GB*CK0*E27723,8831391b-90d3-44aa-a59f-7d60301c09d4,no_unique_exact_qr_and_geo_match,correspondance_non_verifiee,reports/uk/connected-kerb-app-collection-latest.json
P3,Southend Road,d4b9250e-2363-4c7c-bf08-b10b4f49f8d9,GB*CK0*E26541,2cce6848-6b2f-42e2-97cf-e93904ca957f,no_unique_exact_socket_match,correspondance_non_verifiee,reports/uk/connected-kerb-app-collection-latest.json
P3,Southend Road,d4b9250e-2363-4c7c-bf08-b10b4f49f8d9,GB*CK0*E26540,d4d715e5-fd20-4fe4-9974-0e85821f4ae5,no_unique_exact_socket_match,correspondance_non_verifiee,reports/uk/connected-kerb-app-collection-latest.json
P4,Gwbert Road,c65ea895-2b1b-4f42-bcbb-cf35235cbb38,GB*CK0*E17873197487X4VXT8,26503aaf-c770-488e-8974-82beb178d965,no_physical_reference,tarif_indisponible,reports/uk/connected-kerb-app-collection-latest.json
P4,Gwbert Road,c65ea895-2b1b-4f42-bcbb-cf35235cbb38,GB*CK0*E1787319748QVJMKDM,36e87b91-b169-4fe3-a131-ce59d4aa7f23,no_physical_reference,tarif_indisponible,reports/uk/connected-kerb-app-collection-latest.json
P4,Gwbert Road,c65ea895-2b1b-4f42-bcbb-cf35235cbb38,GB*CK0*E1787319790N3QVG5G,d88f6f39-1900-41e8-992d-e99bf0db3a49,no_physical_reference,tarif_indisponible,reports/uk/connected-kerb-app-collection-latest.json
P4,Gwbert Road,c65ea895-2b1b-4f42-bcbb-cf35235cbb38,GB*CK0*E1787319790NQIXMBW,53a5fe0d-dc98-489e-b317-ac4bdb116670,no_physical_reference,tarif_indisponible,reports/uk/connected-kerb-app-collection-latest.json
P4,Gwbert Road,c65ea895-2b1b-4f42-bcbb-cf35235cbb38,GB*CK0*E17873198325GZHPK2,7fd34e24-f01f-43f0-bb4e-3b8b8ce5adde,no_physical_reference,tarif_indisponible,reports/uk/connected-kerb-app-collection-latest.json
P4,Gwbert Road,c65ea895-2b1b-4f42-bcbb-cf35235cbb38,GB*CK0*E1787319832RC2JFGZ,0c72707c-a79c-4746-b0ef-8c07d98ba4aa,no_physical_reference,tarif_indisponible,reports/uk/connected-kerb-app-collection-latest.json
P3,Northesk Street,73cc9854-bff6-40d6-aed9-1dcad43120cd,GB*CK0*E25913,e362c2dd-b66b-4396-9ccb-38f92ea304c2,no_unique_exact_socket_match,correspondance_non_verifiee,reports/uk/connected-kerb-app-collection-latest.json
P3,Northesk Street,73cc9854-bff6-40d6-aed9-1dcad43120cd,GB*CK0*E25912,f36b4a95-dc43-4be4-be18-b1b549cc3397,no_unique_exact_socket_match,correspondance_non_verifiee,reports/uk/connected-kerb-app-collection-latest.json
P4,80-79 The Beeches,2d8e2090-b208-4abb-8423-35c59be29c4a,GB*CK0*E1787153449E3KZRAY,df9ea810-235f-4b37-b9f5-262571405683,no_physical_reference,tarif_indisponible,reports/uk/connected-kerb-app-collection-latest.json
P4,80-79 The Beeches,2d8e2090-b208-4abb-8423-35c59be29c4a,GB*CK0*E1787153449Y0V5R3X,b667754c-c004-4e26-b316-684e31ba0c72,no_physical_reference,tarif_indisponible,reports/uk/connected-kerb-app-collection-latest.json
P4,80-79 The Beeches,2d8e2090-b208-4abb-8423-35c59be29c4a,GB*CK0*E1787153475GKH6IVT,209b0314-96a8-4455-8343-6ab565b5af37,no_physical_reference,tarif_indisponible,reports/uk/connected-kerb-app-collection-latest.json
P4,80-79 The Beeches,2d8e2090-b208-4abb-8423-35c59be29c4a,GB*CK0*E1787153475Q1PCPTL,e30049aa-e53d-4776-9087-8e37d5310cb7,no_physical_reference,tarif_indisponible,reports/uk/connected-kerb-app-collection-latest.json
P4,1-76 Heol Dinas,2754f090-cace-434c-af6a-eaa7cf8e07a4,GB*CK0*E1787153263JK5QDN7,14928ca0-326e-4856-80e3-0aa34dde5483,no_physical_reference,tarif_indisponible,reports/uk/connected-kerb-app-collection-latest.json
P4,1-76 Heol Dinas,2754f090-cace-434c-af6a-eaa7cf8e07a4,GB*CK0*E1787153263MI4KM51,72623ed3-3530-48c8-944e-6eea7882489f,no_physical_reference,tarif_indisponible,reports/uk/connected-kerb-app-collection-latest.json
P4,1-76 Heol Dinas,2754f090-cace-434c-af6a-eaa7cf8e07a4,GB*CK0*E1787153289EW1KJOR,caae2786-5d5c-4ec1-bb14-3fccb42fb1fc,no_physical_reference,tarif_indisponible,reports/uk/connected-kerb-app-collection-latest.json
P4,1-76 Heol Dinas,2754f090-cace-434c-af6a-eaa7cf8e07a4,GB*CK0*E1787153289RZKV8B4,92ae5db6-d8ec-4cbe-9f86-dea787d29eba,no_physical_reference,tarif_indisponible,reports/uk/connected-kerb-app-collection-latest.json
P4,1-76 Heol Dinas,2754f090-cace-434c-af6a-eaa7cf8e07a4,GB*CK0*E1787153229S2AQ0KP,fbd0ec85-3f52-49f7-9c6e-e90027fa6c41,no_physical_reference,tarif_indisponible,reports/uk/connected-kerb-app-collection-latest.json
P4,1-76 Heol Dinas,2754f090-cace-434c-af6a-eaa7cf8e07a4,GB*CK0*E178715322924R2TB7,64566d8f-2b28-4ae9-935f-828c36105b11,no_physical_reference,tarif_indisponible,reports/uk/connected-kerb-app-collection-latest.json
P3,43 Riverdale,bb21dcd7-434c-4731-b53c-2db4c1f47ecd,GB*CK0*E20101,2ae4afc9-ca75-444b-afaa-fe39d51875e0,no_unique_exact_socket_match,correspondance_non_verifiee,reports/uk/connected-kerb-app-collection-latest.json
P3,43 Riverdale,bb21dcd7-434c-4731-b53c-2db4c1f47ecd,GB*CK0*E20100,8c24c45b-a9f3-4f7d-a8ef-ebc0802c17ce,no_unique_exact_socket_match,correspondance_non_verifiee,reports/uk/connected-kerb-app-collection-latest.json
P4,Wilderness Road,83f76ef2-7662-4048-8b99-4dc72a444e39,GB*CK0*E19595,5eb772e5-1aec-45bd-b737-40f8d52adde8,app HTTP 404,tarif_indisponible,reports/uk/connected-kerb-app-collection-latest.json
P4,17 Roundhill Way,b6be5b3c-6ff9-41ba-858a-8b1ffeb2f924,GB*CK0*E19537,48684b96-e555-4d71-80d4-5d6c4b186644,app HTTP 404,tarif_indisponible,reports/uk/connected-kerb-app-collection-latest.json
P4,29 Roundhill Way,081f26fe-e4c6-43cc-ab76-261d705045b8,GB*CK0*E19559,0e09df0d-387d-48c7-a0df-cb1768aeda9a,app HTTP 404,tarif_indisponible,reports/uk/connected-kerb-app-collection-latest.json
P4,Lincoln Road,c89681ee-01b5-4da6-bdbd-f4580d9d3183,GB*CK0*E19518,032785b7-3e92-4ceb-9492-98154ac32927,app HTTP 404,tarif_indisponible,reports/uk/connected-kerb-app-collection-latest.json
P4,Coltsfoot Drive,804406a7-1cb0-4a0f-85ec-b8926a379d0f,GB*CK0*E19544,ae7fdd04-fae9-4c8a-aa61-4c497285e8ea,app HTTP 404,tarif_indisponible,reports/uk/connected-kerb-app-collection-latest.json
P4,39 Manor Way,bc6d9e7c-c13c-4835-9982-a42c1ba34aa4,GB*CK0*E19539,58f960f2-dbe4-4e38-b5e0-84211f2c26ae,app HTTP 404,tarif_indisponible,reports/uk/connected-kerb-app-collection-latest.json
P4,45 Manor Way,818dbee8-00d9-45c4-9f82-cf37c756cdf7,GB*CK0*E19575,8259252e-8c67-461c-82f2-3720762095d0,app HTTP 404,tarif_indisponible,reports/uk/connected-kerb-app-collection-latest.json
P4,Collins Gardens,79be6b96-8ba2-43f8-9c76-8e81f5852d44,GB*CK0*E19524,dc197941-663c-4a88-89b4-24839f31e4c0,app HTTP 404,tarif_indisponible,reports/uk/connected-kerb-app-collection-latest.json
P3,Sheepfold Road,c53e5689-a71a-4f1e-84fb-092bc5c8f071,GB*CK0*E19580,dcd9f5ef-55b7-4626-a10d-9f3888cad02e,no_unique_exact_socket_match,correspondance_non_verifiee,reports/uk/connected-kerb-app-collection-latest.json
P4,Blackberry Close,3e37934b-563d-4a2d-a3e4-e83977386bb0,GB*CK0*E19525,059731cb-bf91-4823-a54f-9d9b0dea441d,app HTTP 404,tarif_indisponible,reports/uk/connected-kerb-app-collection-latest.json
P4,Mount Avenue,c225414c-f1ab-4510-9cba-583ef795e491,GB*CK0*E25396,45b43d57-6614-40e9-9446-41ca1fb0002b,app HTTP 404,tarif_indisponible,reports/uk/connected-kerb-app-collection-latest.json
P4,Sunniside Multi Story Car Park - 2,b42d430b-6272-40c5-b72c-a302ae29f9fb,GB*CK0*E1786458725L6SG4G0,2d57cd3f-5104-4bda-9e0a-9b0767b10d99,no_physical_reference,tarif_indisponible,reports/uk/connected-kerb-app-collection-latest.json
P4,Sunniside Multi Story Car Park - 2,b42d430b-6272-40c5-b72c-a302ae29f9fb,GB*CK0*E1786458725TF81Q0O,4d2a1cb1-d3a6-4925-8b48-858c47b0ca60,no_physical_reference,tarif_indisponible,reports/uk/connected-kerb-app-collection-latest.json
P4,Sunniside Multi Story Car Park - 2,b42d430b-6272-40c5-b72c-a302ae29f9fb,GB*CK0*E178645875277RG3R8,d444548b-f23c-42dc-8373-d1fc0614a8a0,no_physical_reference,tarif_indisponible,reports/uk/connected-kerb-app-collection-latest.json
P4,Sunniside Multi Story Car Park - 2,b42d430b-6272-40c5-b72c-a302ae29f9fb,GB*CK0*E1786458752Z741CE9,1d36425e-900b-46df-9cbb-e34440702092,no_physical_reference,tarif_indisponible,reports/uk/connected-kerb-app-collection-latest.json
P4,Sunniside Multi Story Car Park - 2,b42d430b-6272-40c5-b72c-a302ae29f9fb,GB*CK0*E1786458780V9U2CGJ,f22f60eb-d122-40f3-a797-d752fef36f84,no_physical_reference,tarif_indisponible,reports/uk/connected-kerb-app-collection-latest.json
P4,Sunniside Multi Story Car Park - 2,b42d430b-6272-40c5-b72c-a302ae29f9fb,GB*CK0*E1786458780WP7A53Q,49d5fc74-1f52-488f-a2d8-f6e7d7127f8a,no_physical_reference,tarif_indisponible,reports/uk/connected-kerb-app-collection-latest.json
P4,Sunniside Multi Story Car Park - 2,b42d430b-6272-40c5-b72c-a302ae29f9fb,GB*CK0*E17864588063O99PLA,a6b7a2c9-6680-474f-b1ab-244a9f116643,no_physical_reference,tarif_indisponible,reports/uk/connected-kerb-app-collection-latest.json
P4,Sunniside Multi Story Car Park - 2,b42d430b-6272-40c5-b72c-a302ae29f9fb,GB*CK0*E1786458806TSPYECC,65a92be0-3784-42b7-b1e3-03cdbe58b2bf,no_physical_reference,tarif_indisponible,reports/uk/connected-kerb-app-collection-latest.json
P4,Sunniside Multi Story Car Park - 2,b42d430b-6272-40c5-b72c-a302ae29f9fb,GB*CK0*E17864588534817Z64,50d0b349-ec82-421b-9a85-b2fc3a05999b,no_physical_reference,tarif_indisponible,reports/uk/connected-kerb-app-collection-latest.json
P4,Sunniside Multi Story Car Park - 2,b42d430b-6272-40c5-b72c-a302ae29f9fb,GB*CK0*E1786458853LCGOXD6,f0200d7e-225a-4e55-bc90-97566d9d4108,no_physical_reference,tarif_indisponible,reports/uk/connected-kerb-app-collection-latest.json
P4,27 Parc Y Felin,b1a80a89-789e-450e-9538-55ecc2974ad5,GB*CK0*E1786456538KM8FINY,37064a8a-2549-488b-bc36-23072132369e,no_physical_reference,tarif_indisponible,reports/uk/connected-kerb-app-collection-latest.json
P4,27 Parc Y Felin,b1a80a89-789e-450e-9538-55ecc2974ad5,GB*CK0*E1786456538VFGM980,a33d5acb-577d-4a42-ae16-d3843aba6cf8,no_physical_reference,tarif_indisponible,reports/uk/connected-kerb-app-collection-latest.json
P4,27 Parc Y Felin,b1a80a89-789e-450e-9538-55ecc2974ad5,GB*CK0*E1786456561FLNK0YK,a42c469b-fb94-437b-bac3-1a635f845bbf,no_physical_reference,tarif_indisponible,reports/uk/connected-kerb-app-collection-latest.json
P4,27 Parc Y Felin,b1a80a89-789e-450e-9538-55ecc2974ad5,GB*CK0*E1786456561TJL1QFE,e0155d35-94d1-40e5-a911-b7d4c2ac09ea,no_physical_reference,tarif_indisponible,reports/uk/connected-kerb-app-collection-latest.json
P4,24 Hornbeam Grove,fbbae750-a0f0-4e71-9059-6f668342dfaf,GB*CK0*E1786444056FETDIPA,cde6eb11-3c42-40c6-84e4-e74ea10f6f2d,no_physical_reference,tarif_indisponible,reports/uk/connected-kerb-app-collection-latest.json
P4,24 Hornbeam Grove,fbbae750-a0f0-4e71-9059-6f668342dfaf,GB*CK0*E1786444056VMOXM4Y,8d166dc9-7992-46ef-96c2-242a3b12b373,no_physical_reference,tarif_indisponible,reports/uk/connected-kerb-app-collection-latest.json
P4,24 Hornbeam Grove,fbbae750-a0f0-4e71-9059-6f668342dfaf,GB*CK0*E1786444091Z614N8X,05b3feae-4c22-46f2-9f8e-950ab992a3d9,no_physical_reference,tarif_indisponible,reports/uk/connected-kerb-app-collection-latest.json
P4,24 Hornbeam Grove,fbbae750-a0f0-4e71-9059-6f668342dfaf,GB*CK0*E1786444091NMTDVT5,24f9b449-42d3-433e-ad7c-afe7ef0382b3,no_physical_reference,tarif_indisponible,reports/uk/connected-kerb-app-collection-latest.json
P4,24 Hornbeam Grove,fbbae750-a0f0-4e71-9059-6f668342dfaf,GB*CK0*E1786444115OLVD21B,b0d80306-a643-4a16-8e14-07624d48e75b,no_physical_reference,tarif_indisponible,reports/uk/connected-kerb-app-collection-latest.json
P4,24 Hornbeam Grove,fbbae750-a0f0-4e71-9059-6f668342dfaf,GB*CK0*E1786444115L6L5I5Q,37bdb53f-286c-4e29-8bb0-31c31cd8ea95,no_physical_reference,tarif_indisponible,reports/uk/connected-kerb-app-collection-latest.json
P4,Beresford Close,89fc9fde-f6ed-4508-a90f-f822bacbebd6,GB*CK0*E25392,1eaa9f17-a213-4a90-b750-fdee6a62bdb2,app HTTP 404,tarif_indisponible,reports/uk/connected-kerb-app-collection-latest.json
P4,Watchetts Drive,a3324860-b985-48fc-9654-75ebd62c65c8,GB*CK0*E25390,94064859-799a-46a4-be2d-e35bfc51bfe8,app HTTP 404,tarif_indisponible,reports/uk/connected-kerb-app-collection-latest.json
P4,143 Kenyngton Drive,7eb9383a-f76f-4fc9-8d9c-d199921e7176,GB*CK0*E20112,1d2522d5-027e-4c56-b25e-e746d527abc9,app HTTP 404,tarif_indisponible,reports/uk/connected-kerb-app-collection-latest.json
P4,143 Kenyngton Drive,7eb9383a-f76f-4fc9-8d9c-d199921e7176,GB*CK0*E20113,5f026542-48ff-40de-bf09-529713d6fcaf,app HTTP 404,tarif_indisponible,reports/uk/connected-kerb-app-collection-latest.json
P4,143 Kenyngton Drive,7eb9383a-f76f-4fc9-8d9c-d199921e7176,GB*CK0*E20094,b5630b16-454e-4ae9-96d3-36bb37fbe3ab,app HTTP 404,tarif_indisponible,reports/uk/connected-kerb-app-collection-latest.json
P4,143 Kenyngton Drive,7eb9383a-f76f-4fc9-8d9c-d199921e7176,GB*CK0*E20099,fd4d99a2-bb4b-4c1a-92a9-d2fda1f82608,app HTTP 404,tarif_indisponible,reports/uk/connected-kerb-app-collection-latest.json
P4,Bryanstone Close,8d1232a1-39de-4114-bae1-86ed595cdb35,GB*CK0*E25660,04769f89-87e2-417c-abc9-c0d60ad9556a,app HTTP 404,tarif_indisponible,reports/uk/connected-kerb-app-collection-latest.json
P4,Saint John's Road,00db01ba-0918-4b43-bc96-5d1cadafe7be,GB*CK0*E25403,a287f63d-bf2d-4cc6-be79-9ed0b1e1d47c,app HTTP 404,tarif_indisponible,reports/uk/connected-kerb-app-collection-latest.json
P4,Berkshire Road,03767bf3-6e2b-41c5-9210-ea87b306ff7e,GB*CK0*E20089,526ff18d-8bf4-4309-891b-978730a8f5f0,app HTTP 404,tarif_indisponible,reports/uk/connected-kerb-app-collection-latest.json
P4,Berkshire Road,03767bf3-6e2b-41c5-9210-ea87b306ff7e,GB*CK0*E20090,1ff5309e-fd74-44fe-b1d7-24f7c6ebeb77,app HTTP 404,tarif_indisponible,reports/uk/connected-kerb-app-collection-latest.json
P4,Berkshire Road,03767bf3-6e2b-41c5-9210-ea87b306ff7e,GB*CK0*E20281,7e2445c2-4d1e-4432-b648-f5eee934d910,app HTTP 404,tarif_indisponible,reports/uk/connected-kerb-app-collection-latest.json
P4,Berkshire Road,03767bf3-6e2b-41c5-9210-ea87b306ff7e,GB*CK0*E20091,887594fc-51f4-40c4-a429-53301999548c,app HTTP 404,tarif_indisponible,reports/uk/connected-kerb-app-collection-latest.json
P4,Berkshire Road,03767bf3-6e2b-41c5-9210-ea87b306ff7e,GB*CK0*E20114,f74e884b-cdd1-452b-8afd-0ba808287d94,app HTTP 404,tarif_indisponible,reports/uk/connected-kerb-app-collection-latest.json
P4,Berkshire Road,03767bf3-6e2b-41c5-9210-ea87b306ff7e,GB*CK0*E20115,c55348d7-7ea4-4061-9626-34f9e4a18002,app HTTP 404,tarif_indisponible,reports/uk/connected-kerb-app-collection-latest.json
P4,Pier Parade Car Park,502b7fee-b086-408b-bac2-99e44c1747dc,GB*CK0*E28520,2d9361e2-ec53-4a13-a695-fb4ccfd2f0df,app HTTP 404,tarif_indisponible,reports/uk/connected-kerb-app-collection-latest.json
P4,Pier Parade Car Park,502b7fee-b086-408b-bac2-99e44c1747dc,GB*CK0*E28521,6ddcd519-1405-42a6-a218-d1b394dd9d3a,app HTTP 404,tarif_indisponible,reports/uk/connected-kerb-app-collection-latest.json
P4,Parsons Green,2854d627-49a5-45d4-8e51-898fda2b8d71,GB*CK0*E25405,1d72d459-b921-438a-9754-a96bdbebd54f,app HTTP 404,tarif_indisponible,reports/uk/connected-kerb-app-collection-latest.json
P4,109 Old Farm Road,424eb489-b317-4ec2-bc00-b2085398fc40,GB*CK0*E17857449927OCOEMP,cdb334b0-47c3-4335-a9dd-656f5f849d04,app HTTP 404,tarif_indisponible,reports/uk/connected-kerb-app-collection-latest.json
P4,109 Old Farm Road,424eb489-b317-4ec2-bc00-b2085398fc40,GB*CK0*E1785744992OZ9ZB97,be10ba8c-620a-4e0b-862f-477c2bd1b1ec,app HTTP 404,tarif_indisponible,reports/uk/connected-kerb-app-collection-latest.json
P4,109 Old Farm Road,424eb489-b317-4ec2-bc00-b2085398fc40,GB*CK0*E20109,efedd970-6966-4816-aa75-ac63f304c76b,app HTTP 404,tarif_indisponible,reports/uk/connected-kerb-app-collection-latest.json
P4,109 Old Farm Road,424eb489-b317-4ec2-bc00-b2085398fc40,GB*CK0*E20108,73974e9f-da06-451f-95a9-4a3c94782dcc,app HTTP 404,tarif_indisponible,reports/uk/connected-kerb-app-collection-latest.json
P4,109 Old Farm Road,424eb489-b317-4ec2-bc00-b2085398fc40,GB*CK0*E20279,6a02e77f-9734-4ffe-908a-853fe7b648cc,app HTTP 404,tarif_indisponible,reports/uk/connected-kerb-app-collection-latest.json
P4,109 Old Farm Road,424eb489-b317-4ec2-bc00-b2085398fc40,GB*CK0*E20280,9f955168-f3db-45a9-9972-45eccc10d378,app HTTP 404,tarif_indisponible,reports/uk/connected-kerb-app-collection-latest.json
P4,Sunniside Multi Story Car Park - 1,2cbe0b0a-2d15-4e44-ae4b-41c90bdcd99c,GB*CK0*E1785421858LSPEVXM,13d87fd7-22b7-4685-99d7-d5f2cb7c477e,no_physical_reference,tarif_indisponible,reports/uk/connected-kerb-app-collection-latest.json
P4,Sunniside Multi Story Car Park - 1,2cbe0b0a-2d15-4e44-ae4b-41c90bdcd99c,GB*CK0*E1785421858Q3ILYTN,e07ffbbf-55da-4d5d-8f42-b41fedc5b648,no_physical_reference,tarif_indisponible,reports/uk/connected-kerb-app-collection-latest.json
P4,Sunniside Multi Story Car Park - 1,2cbe0b0a-2d15-4e44-ae4b-41c90bdcd99c,GB*CK0*E1785421886M6AKUVD,caa823e8-712c-4dab-842e-74d28b45e717,no_physical_reference,tarif_indisponible,reports/uk/connected-kerb-app-collection-latest.json
P4,Sunniside Multi Story Car Park - 1,2cbe0b0a-2d15-4e44-ae4b-41c90bdcd99c,GB*CK0*E17854218865DMSPXC,0ac15368-4095-44d1-9f0f-74c4eecfc210,no_physical_reference,tarif_indisponible,reports/uk/connected-kerb-app-collection-latest.json
P4,Sunniside Multi Story Car Park - 1,2cbe0b0a-2d15-4e44-ae4b-41c90bdcd99c,GB*CK0*E17854219163TEYNKE,a36c2e73-64a3-49fb-a885-18f42171e2c7,no_physical_reference,tarif_indisponible,reports/uk/connected-kerb-app-collection-latest.json
P4,Sunniside Multi Story Car Park - 1,2cbe0b0a-2d15-4e44-ae4b-41c90bdcd99c,GB*CK0*E1785421916OYNRDY6,3615c29f-2bf8-410a-b8fc-0de1e14236dc,no_physical_reference,tarif_indisponible,reports/uk/connected-kerb-app-collection-latest.json
P4,Sunniside Multi Story Car Park - 1,2cbe0b0a-2d15-4e44-ae4b-41c90bdcd99c,GB*CK0*E1785421942K51AEA1,48901f4b-6b44-40d9-8675-ddcb5dc07f70,no_physical_reference,tarif_indisponible,reports/uk/connected-kerb-app-collection-latest.json
P4,Sunniside Multi Story Car Park - 1,2cbe0b0a-2d15-4e44-ae4b-41c90bdcd99c,GB*CK0*E1785421942JRT764R,ee27d088-d4a1-4e38-85dd-70ecafb627ae,no_physical_reference,tarif_indisponible,reports/uk/connected-kerb-app-collection-latest.json
P4,Chadacre Road,27911f03-93bf-447d-8f16-b18159679a8c,GB*CK0*E25626,c8740974-bbc2-4332-acf5-936219834eb3,app HTTP 404,tarif_indisponible,reports/uk/connected-kerb-app-collection-latest.json
P4,Newbury Gardens,72dfec1a-428e-474a-b4e1-9a1db9df677e,GB*CK0*E25639,daeb076f-41a3-48e8-92a0-faca03311ff9,app HTTP 404,tarif_indisponible,reports/uk/connected-kerb-app-collection-latest.json
P4,Firswood Avenue,36890638-7eba-4872-abb4-3a725af6cc48,GB*CK0*E25636,f3e11dd6-dfaa-4ee1-9a14-70963ab16d8a,app HTTP 404,tarif_indisponible,reports/uk/connected-kerb-app-collection-latest.json
P4,Cunliffe Road,da9c2a81-82e9-4225-a647-32d8c8d887ca,GB*CK0*E25633,2b164e58-2e02-4c61-a696-5acb509e7f38,app HTTP 404,tarif_indisponible,reports/uk/connected-kerb-app-collection-latest.json
P4,Station Avenue,5e0f172c-7216-4258-9fb5-bb05402db27d,GB*CK0*E25643,0832978f-49c3-4229-9f38-a28c7991fa77,app HTTP 404,tarif_indisponible,reports/uk/connected-kerb-app-collection-latest.json
P4,South Promenade Car Park,cabff8ae-563e-41f6-bb4d-5c2040dcad74,GB*CK0*E1784978791A99KAFG,3ff7130a-1ff1-4ca0-9bef-08c527d7f7ca,no_physical_reference,tarif_indisponible,reports/uk/connected-kerb-app-collection-latest.json
P4,South Promenade Car Park,cabff8ae-563e-41f6-bb4d-5c2040dcad74,GB*CK0*E1784978791I13TNTU,1e334aa6-d7c5-418f-af6a-1aec1fb79641,no_physical_reference,tarif_indisponible,reports/uk/connected-kerb-app-collection-latest.json
P4,Harbour Drive North Car Park,fd89e4f2-ce57-43d7-9bcd-27bbc931b5db,GB*CK0*E28524,1a2719e6-8a60-4fdc-8cd4-5b33bdeb07a4,app HTTP 404,tarif_indisponible,reports/uk/connected-kerb-app-collection-latest.json
P4,Harbour Drive North Car Park,fd89e4f2-ce57-43d7-9bcd-27bbc931b5db,GB*CK0*E28525,7e53eec5-222f-4608-a59d-c993e83a1d5d,app HTTP 404,tarif_indisponible,reports/uk/connected-kerb-app-collection-latest.json
P4,Harbour Drive North Car Park,fd89e4f2-ce57-43d7-9bcd-27bbc931b5db,GB*CK0*E28522,84e6ed7a-4aec-480c-8132-8599309b5004,app HTTP 404,tarif_indisponible,reports/uk/connected-kerb-app-collection-latest.json
P4,Harbour Drive North Car Park,fd89e4f2-ce57-43d7-9bcd-27bbc931b5db,GB*CK0*E28523,9d3618e4-6bbd-48f9-bfde-e3650ffd5428,app HTTP 404,tarif_indisponible,reports/uk/connected-kerb-app-collection-latest.json
P4,Fairford Gardens,b760e5d0-3a6e-491f-ba50-dce177780618,GB*CK0*E25635,e8774771-4701-4923-95e9-3fa242bf98bc,app HTTP 404,tarif_indisponible,reports/uk/connected-kerb-app-collection-latest.json
P4,Fairlawn Drive,e5b69af0-6188-434a-a392-a5faec6b05f1,GB*CK0*E25335,71dab594-26f8-4520-a2d3-9d391136d0c5,app HTTP 404,tarif_indisponible,reports/uk/connected-kerb-app-collection-latest.json
P4,St Loyles Street,797adeae-fd27-4311-adb6-b8025a4274a0,GB*CK0*E1784560529FKOUI6T,3cd81677-2056-49bb-adc5-ff6f47ad7a4d,no_physical_reference,tarif_indisponible,reports/uk/connected-kerb-app-collection-latest.json
P4,St Loyles Street,797adeae-fd27-4311-adb6-b8025a4274a0,GB*CK0*E1784560529UGB45D9,f402e5bc-e31d-456e-92a1-6de9069afc94,no_physical_reference,tarif_indisponible,reports/uk/connected-kerb-app-collection-latest.json
P4,St Loyles Street,797adeae-fd27-4311-adb6-b8025a4274a0,GB*CK0*E1784560491DY5VQY4,1aff8587-a11e-431c-a5e7-cc67dd2bc200,no_physical_reference,tarif_indisponible,reports/uk/connected-kerb-app-collection-latest.json
P4,St Loyles Street,797adeae-fd27-4311-adb6-b8025a4274a0,GB*CK0*E1784560491T3EEG0R,adf5dbfb-2f36-4566-bb3a-957796743b0e,no_physical_reference,tarif_indisponible,reports/uk/connected-kerb-app-collection-latest.json
P4,St Loyles Street,797adeae-fd27-4311-adb6-b8025a4274a0,GB*CK0*E1784560491MKQ7UHJ,4f2fe5ba-3fe6-47ec-aacb-66dfdc06bc19,no_physical_reference,tarif_indisponible,reports/uk/connected-kerb-app-collection-latest.json
P4,Bushmead Avenue,33705d9d-500c-4b1c-b3eb-ea17c557d43d,GB*CK0*E1784560336KZRA1MO,0bf2e93c-04cf-4131-a050-52b160be1458,no_physical_reference,tarif_indisponible,reports/uk/connected-kerb-app-collection-latest.json
P4,Bushmead Avenue,33705d9d-500c-4b1c-b3eb-ea17c557d43d,GB*CK0*E1784560336V64SCX1,a86089de-9cc4-4b20-be2f-18908b5a8913,no_physical_reference,tarif_indisponible,reports/uk/connected-kerb-app-collection-latest.json
P4,Bushmead Avenue,33705d9d-500c-4b1c-b3eb-ea17c557d43d,GB*CK0*E1784560375ZHT3X4W,68fd70b2-4309-4a4e-9a8a-231b6b6603ff,no_physical_reference,tarif_indisponible,reports/uk/connected-kerb-app-collection-latest.json
P4,Bushmead Avenue,33705d9d-500c-4b1c-b3eb-ea17c557d43d,GB*CK0*E1784560375HGXNEOL,22f3cb59-203b-4e76-88a2-b7b4d7a3b57b,no_physical_reference,tarif_indisponible,reports/uk/connected-kerb-app-collection-latest.json
P4,Russell Avenue,1e204c71-69d3-4912-8254-a6ea3e900575,GB*CK0*E17845602235ZAE7XO,ce42bf24-8d9a-4209-aeea-df310402ecfc,no_physical_reference,tarif_indisponible,reports/uk/connected-kerb-app-collection-latest.json
P4,Russell Avenue,1e204c71-69d3-4912-8254-a6ea3e900575,GB*CK0*E1784560223XN9DLJP,4c669c19-94c3-4a63-9b10-432e6417b9b8,no_physical_reference,tarif_indisponible,reports/uk/connected-kerb-app-collection-latest.json
P4,Russell Avenue,1e204c71-69d3-4912-8254-a6ea3e900575,GB*CK0*E1784560175MV8PYD6,16ee814c-968b-41a6-baa3-f30b434ebe43,no_physical_reference,tarif_indisponible,reports/uk/connected-kerb-app-collection-latest.json
P4,Russell Avenue,1e204c71-69d3-4912-8254-a6ea3e900575,GB*CK0*E1784560175X8OU6Z9,6c68884c-0e78-4064-8a46-5713e5555c6b,no_physical_reference,tarif_indisponible,reports/uk/connected-kerb-app-collection-latest.json
P4,Borough Hall,d7e6f4a0-e418-445a-808e-ebb22d7347e3,GB*CK0*E178455999825GRUG6,40733021-05bd-4635-a6b4-42dc9cd59563,no_physical_reference,tarif_indisponible,reports/uk/connected-kerb-app-collection-latest.json
P4,Borough Hall,d7e6f4a0-e418-445a-808e-ebb22d7347e3,GB*CK0*E1784559998WERCNGL,16654858-119b-4159-b9ea-cb6782c52a40,no_physical_reference,tarif_indisponible,reports/uk/connected-kerb-app-collection-latest.json
P4,Bedford Train Station,f8e66104-205c-4450-9283-4618f4b9c35d,GB*CK0*E17845598499TX177J,8d42e6ee-8981-478f-90e3-ad2e2f6452ea,no_physical_reference,tarif_indisponible,reports/uk/connected-kerb-app-collection-latest.json
P4,Bedford Train Station,f8e66104-205c-4450-9283-4618f4b9c35d,GB*CK0*E1784559849AQKIDMT,961e458f-eadc-4911-8c55-0cd2c10e11e5,no_physical_reference,tarif_indisponible,reports/uk/connected-kerb-app-collection-latest.json
P4,Bedford Train Station,f8e66104-205c-4450-9283-4618f4b9c35d,GB*CK0*E1784559883V20WGYM,daaf7b35-4c62-4169-aa53-903109dc2a3e,no_physical_reference,tarif_indisponible,reports/uk/connected-kerb-app-collection-latest.json
P4,Bedford Train Station,f8e66104-205c-4450-9283-4618f4b9c35d,GB*CK0*E1784559883Z1VZ1XL,049a4480-8f8a-4daf-9c86-b05dc1e6ed7a,no_physical_reference,tarif_indisponible,reports/uk/connected-kerb-app-collection-latest.json
P4,De Parys Avenue,6d6fd173-f0a5-4a08-8f73-9e8f1dd50642,GB*CK0*E1784559698L70T411,832983c6-03f8-4299-9d45-56746a71ddd8,no_physical_reference,tarif_indisponible,reports/uk/connected-kerb-app-collection-latest.json
P4,De Parys Avenue,6d6fd173-f0a5-4a08-8f73-9e8f1dd50642,GB*CK0*E1784559698K76RS81,fa50c693-09b9-447c-8b49-0c60bfa3ea86,no_physical_reference,tarif_indisponible,reports/uk/connected-kerb-app-collection-latest.json
P4,Foster Hill Road Car Park,7e439bba-e24f-401b-b1ef-c7a36761de5e,GB*CK0*E1784559565JVACAA2,dd5208e3-b558-403e-a5ba-f328abfb7e67,no_physical_reference,tarif_indisponible,reports/uk/connected-kerb-app-collection-latest.json
P4,Foster Hill Road Car Park,7e439bba-e24f-401b-b1ef-c7a36761de5e,GB*CK0*E1784559565GJMEBF2,1722401d-b6dd-45cb-b1dc-640a3b18e4d8,no_physical_reference,tarif_indisponible,reports/uk/connected-kerb-app-collection-latest.json
P4,Foster Hill Road Car Park,7e439bba-e24f-401b-b1ef-c7a36761de5e,GB*CK0*E1784559599DJR9RYX,4b2c86f3-f429-4d3e-91f3-cc00ee0459b7,no_physical_reference,tarif_indisponible,reports/uk/connected-kerb-app-collection-latest.json
P4,Foster Hill Road Car Park,7e439bba-e24f-401b-b1ef-c7a36761de5e,GB*CK0*E1784559599T4J23Z7,d484c996-53da-4402-93b7-13041ff99b51,no_physical_reference,tarif_indisponible,reports/uk/connected-kerb-app-collection-latest.json
P4,Havelock Street Car Park,17de8bff-5fc4-46c0-8057-050e1bb230bd,GB*CK0*E17845593872IEGUX3,134d11ba-e2c1-4776-845a-0ced8312284c,no_physical_reference,tarif_indisponible,reports/uk/connected-kerb-app-collection-latest.json
P4,Havelock Street Car Park,17de8bff-5fc4-46c0-8057-050e1bb230bd,GB*CK0*E1784559387A65X5ET,181a5bf8-8f34-4580-b5f4-2659626bbd7d,no_physical_reference,tarif_indisponible,reports/uk/connected-kerb-app-collection-latest.json
P4,Havelock Street Car Park,17de8bff-5fc4-46c0-8057-050e1bb230bd,GB*CK0*E1784559387II3YUTA,7b657f81-c0c8-4557-80e2-cdd22df6d99f,no_physical_reference,tarif_indisponible,reports/uk/connected-kerb-app-collection-latest.json
P4,Harrowden Road Shops,d8b2478f-520f-461d-9d8c-f1e1a42ed5da,GB*CK0*E1784557465XW6NDWA,462fb0a4-cfaa-436a-9e6a-35bf790a7885,no_physical_reference,tarif_indisponible,reports/uk/connected-kerb-app-collection-latest.json
P4,Harrowden Road Shops,d8b2478f-520f-461d-9d8c-f1e1a42ed5da,GB*CK0*E1784557465HFHBFFR,7121a160-0aac-4c61-a4dd-d79bbc188d84,no_physical_reference,tarif_indisponible,reports/uk/connected-kerb-app-collection-latest.json
P4,Harrowden Road Shops,d8b2478f-520f-461d-9d8c-f1e1a42ed5da,GB*CK0*E178455750362L53IH,7531f5b0-e84b-45c7-87f1-556a8f10e7f4,no_physical_reference,tarif_indisponible,reports/uk/connected-kerb-app-collection-latest.json
P4,Greyfriars Car Park,dc8856c5-f75d-4a64-8072-7a3645e515b6,GB*CK0*E1784557273XA8CEDX,b969f710-1790-4e0e-a063-b33e330f6419,no_physical_reference,tarif_indisponible,reports/uk/connected-kerb-app-collection-latest.json
P4,Greyfriars Car Park,dc8856c5-f75d-4a64-8072-7a3645e515b6,GB*CK0*E1784557273C1WW260,bffe8059-4495-442d-b52e-55511c7d7b19,no_physical_reference,tarif_indisponible,reports/uk/connected-kerb-app-collection-latest.json
P4,Greyfriars Car Park,dc8856c5-f75d-4a64-8072-7a3645e515b6,GB*CK0*E1784557336KZGCQOE,4ff5552f-bc98-45fe-aa4f-a5c9f6f50c99,no_physical_reference,tarif_indisponible,reports/uk/connected-kerb-app-collection-latest.json
P4,Greyfriars Car Park,dc8856c5-f75d-4a64-8072-7a3645e515b6,GB*CK0*E1784557336MAEE2FV,aac44f72-f393-466c-837e-39fb06577994,no_physical_reference,tarif_indisponible,reports/uk/connected-kerb-app-collection-latest.json
P4,Greyfriars Car Park,dc8856c5-f75d-4a64-8072-7a3645e515b6,GB*CK0*E1784557336SVGO6K5,6acbd5b4-4417-4570-80d5-a129c8f62649,no_physical_reference,tarif_indisponible,reports/uk/connected-kerb-app-collection-latest.json
P4,Tavistock Road,264bfdd0-f9a4-42c3-b2cd-dad5ee399dbc,GB*CK0*E1784556776896C7XP,0658c2c0-adb5-43d0-a5d8-fa2f5364b70f,no_physical_reference,tarif_indisponible,reports/uk/connected-kerb-app-collection-latest.json
P4,Tavistock Road,264bfdd0-f9a4-42c3-b2cd-dad5ee399dbc,GB*CK0*E1784556776ZOS8I8T,737ac209-6cba-4c29-906a-a4e31fedfa01,no_physical_reference,tarif_indisponible,reports/uk/connected-kerb-app-collection-latest.json
P4,Tavistock Road,264bfdd0-f9a4-42c3-b2cd-dad5ee399dbc,GB*CK0*E1784556872JAATKCI,d3a68a57-26d5-44a0-8b9f-21759c15f3b2,no_physical_reference,tarif_indisponible,reports/uk/connected-kerb-app-collection-latest.json
P4,Tavistock Road,264bfdd0-f9a4-42c3-b2cd-dad5ee399dbc,GB*CK0*E17845568306VR8EQF,75010f29-4f8a-4396-868c-fa8f98484270,no_physical_reference,tarif_indisponible,reports/uk/connected-kerb-app-collection-latest.json
P4,Tavistock Road,264bfdd0-f9a4-42c3-b2cd-dad5ee399dbc,GB*CK0*E1784556830HG46KH4,8e7a0a66-5708-43c1-bbc3-5d3c8bf0f639,no_physical_reference,tarif_indisponible,reports/uk/connected-kerb-app-collection-latest.json
P4,Bedford iLab Priory Business Park,8aa027ab-ba18-4b8c-b30e-380e6ed33ff3,GB*CK0*E1784556415F7RQNJU,8c9977aa-0f20-4268-a9ad-e527581e6feb,no_physical_reference,tarif_indisponible,reports/uk/connected-kerb-app-collection-latest.json
P4,Bedford iLab Priory Business Park,8aa027ab-ba18-4b8c-b30e-380e6ed33ff3,GB*CK0*E1784556415OORXN98,23500daf-e829-46a0-b4d5-7309c3e25b72,no_physical_reference,tarif_indisponible,reports/uk/connected-kerb-app-collection-latest.json
P4,Bedford iLab Priory Business Park,8aa027ab-ba18-4b8c-b30e-380e6ed33ff3,GB*CK0*E1784556486SBBOT31,5b62541e-b2f9-4446-b0ac-93e6c406f92e,no_physical_reference,tarif_indisponible,reports/uk/connected-kerb-app-collection-latest.json
P4,Bedford iLab Priory Business Park,8aa027ab-ba18-4b8c-b30e-380e6ed33ff3,GB*CK0*E1784556563ETZIAC9,f64ae747-edc3-4768-adcf-81b040780e52,no_physical_reference,tarif_indisponible,reports/uk/connected-kerb-app-collection-latest.json
P4,Bunyan Road,d44aaacd-8074-4a85-b855-6d597d5f24ce,GB*CK0*E1784550473HKS7W5I,a362a84a-81b2-466e-9fb4-5508588c079d,no_physical_reference,tarif_indisponible,reports/uk/connected-kerb-app-collection-latest.json
P4,Bunyan Road,d44aaacd-8074-4a85-b855-6d597d5f24ce,GB*CK0*E1784550429I1X9WDX,9c80fc05-20b3-4184-8184-a9537c661a1e,no_physical_reference,tarif_indisponible,reports/uk/connected-kerb-app-collection-latest.json
P4,Bunyan Road,d44aaacd-8074-4a85-b855-6d597d5f24ce,GB*CK0*E178455042999C1FOK,9c3498eb-cc90-49fe-9166-51dc2389c04a,no_physical_reference,tarif_indisponible,reports/uk/connected-kerb-app-collection-latest.json
P4,Duck Mill Lane Car Park,a3e45aeb-cc05-494d-a4a1-e0762bef0e56,GB*CK0*E1784549835C7L353L,84e0c4e6-cf38-4bfa-8530-ce30f4a6c5dc,no_physical_reference,tarif_indisponible,reports/uk/connected-kerb-app-collection-latest.json
P4,Duck Mill Lane Car Park,a3e45aeb-cc05-494d-a4a1-e0762bef0e56,GB*CK0*E1784549835NJ8XZJL,ab6caffc-9d38-488e-b1c7-e5c043cdafbf,no_physical_reference,tarif_indisponible,reports/uk/connected-kerb-app-collection-latest.json
P4,Duck Mill Lane Car Park,a3e45aeb-cc05-494d-a4a1-e0762bef0e56,GB*CK0*E1784549835HUFFUQZ,fe8ca257-ea6d-4732-bb38-e36d2023bb96,no_physical_reference,tarif_indisponible,reports/uk/connected-kerb-app-collection-latest.json
P4,Queen Street MSCP Car Park,e44eeb5d-281a-4914-8eaf-01061de5cba3,GB*CK0*E17845494823UQV0JA,052af58d-d065-4a65-a4a0-83d38c27f8d3,no_physical_reference,tarif_indisponible,reports/uk/connected-kerb-app-collection-latest.json
P4,Queen Street MSCP Car Park,e44eeb5d-281a-4914-8eaf-01061de5cba3,GB*CK0*E17845494820XCS4XO,a6645e6c-ef36-44c7-9dc9-bc4ad80edfe0,no_physical_reference,tarif_indisponible,reports/uk/connected-kerb-app-collection-latest.json
P4,Queen Street MSCP Car Park,e44eeb5d-281a-4914-8eaf-01061de5cba3,GB*CK0*E178454945596H4P7X,ca93159b-69bd-4c7f-a3d8-b3604d71dd1b,no_physical_reference,tarif_indisponible,reports/uk/connected-kerb-app-collection-latest.json
P4,Queen Street MSCP Car Park,e44eeb5d-281a-4914-8eaf-01061de5cba3,GB*CK0*E1784549455LBN8VK7,29c9b6a6-78df-45fb-8416-59d09167e245,no_physical_reference,tarif_indisponible,reports/uk/connected-kerb-app-collection-latest.json
P4,Queen Street MSCP Car Park,e44eeb5d-281a-4914-8eaf-01061de5cba3,GB*CK0*E17845495409XVEPA0,9b935262-33ff-43ee-9d8e-0951b7f28713,no_physical_reference,tarif_indisponible,reports/uk/connected-kerb-app-collection-latest.json
P4,Queen Street MSCP Car Park,e44eeb5d-281a-4914-8eaf-01061de5cba3,GB*CK0*E1784549540Z6NPBQY,c7c687d7-5a5a-4f88-94cf-12927991e172,no_physical_reference,tarif_indisponible,reports/uk/connected-kerb-app-collection-latest.json
P4,Queen Street MSCP Car Park,e44eeb5d-281a-4914-8eaf-01061de5cba3,GB*CK0*E1784549416DQW29EK,b6f7304e-26d5-474c-8ab4-735bd727e56d,no_physical_reference,tarif_indisponible,reports/uk/connected-kerb-app-collection-latest.json
P4,Queen Street MSCP Car Park,e44eeb5d-281a-4914-8eaf-01061de5cba3,GB*CK0*E178454941668IUYHG,6674f5b6-1c17-4055-8911-5a58ca4e0db7,no_physical_reference,tarif_indisponible,reports/uk/connected-kerb-app-collection-latest.json
P4,Bedford Park & Ride,51c52c97-5abe-4d95-a694-b46392367a6d,GB*CK0*E1784549192DVRF7LR,bdb53562-711e-4024-9b1e-c4611ee5c90a,no_physical_reference,tarif_indisponible,reports/uk/connected-kerb-app-collection-latest.json
P4,Bedford Park & Ride,51c52c97-5abe-4d95-a694-b46392367a6d,GB*CK0*E17845491926ZZF7AQ,ce724d1a-e036-4333-ab5c-6e5904e3627a,no_physical_reference,tarif_indisponible,reports/uk/connected-kerb-app-collection-latest.json
P4,Bedford Park & Ride,51c52c97-5abe-4d95-a694-b46392367a6d,GB*CK0*E1784549163MGJROF9,35b656c7-0849-49a6-b075-77308dc0bdda,no_physical_reference,tarif_indisponible,reports/uk/connected-kerb-app-collection-latest.json
P4,Bedford Park & Ride,51c52c97-5abe-4d95-a694-b46392367a6d,GB*CK0*E1784549163Q386BKL,6ab9148e-7b63-42f8-9540-7ccdbbd15f99,no_physical_reference,tarif_indisponible,reports/uk/connected-kerb-app-collection-latest.json
P4,River Street MSCP,93e449c4-0c31-4b96-8879-8f2f2752e960,GB*CK0*E1784545684WHUJV8X,8cba36b4-0ed9-40d6-beb3-6e34c7278f0f,no_physical_reference,tarif_indisponible,reports/uk/connected-kerb-app-collection-latest.json
P4,River Street MSCP,93e449c4-0c31-4b96-8879-8f2f2752e960,GB*CK0*E1784545684VLW8JYA,ce19d179-cd69-492d-915d-4c9812a06ac6,no_physical_reference,tarif_indisponible,reports/uk/connected-kerb-app-collection-latest.json
P4,River Street MSCP,93e449c4-0c31-4b96-8879-8f2f2752e960,GB*CK0*E1784545656XVNUC0A,1f842f06-c27e-4ff4-8a7a-d0165cf4ffd5,no_physical_reference,tarif_indisponible,reports/uk/connected-kerb-app-collection-latest.json
P4,River Street MSCP,93e449c4-0c31-4b96-8879-8f2f2752e960,GB*CK0*E1784545656PCWIM6W,af158786-2aaf-4167-b7c3-6da5b0df68a2,no_physical_reference,tarif_indisponible,reports/uk/connected-kerb-app-collection-latest.json
P4,Saint Peters Car Park,b7c4d89c-9860-44bc-9287-f8e3f94c9f3f,GB*CK0*E17845453258VO7D6T,6f203f39-c456-4b9d-8b8b-d5f8ce2d9a28,no_physical_reference,tarif_indisponible,reports/uk/connected-kerb-app-collection-latest.json
P4,Saint Peters Car Park,b7c4d89c-9860-44bc-9287-f8e3f94c9f3f,GB*CK0*E17845453253T98ONF,056bc17e-234e-4cb4-8cfe-b80680126898,no_physical_reference,tarif_indisponible,reports/uk/connected-kerb-app-collection-latest.json
P4,Riverside Car Park,0f453d66-634d-4558-95a2-8fd3d5e0de86,GB*CK0*E1784538672H6UM683,52570791-33af-4fe4-a423-8c33ed55d06d,no_physical_reference,tarif_indisponible,reports/uk/connected-kerb-app-collection-latest.json
P4,Riverside Car Park,0f453d66-634d-4558-95a2-8fd3d5e0de86,GB*CK0*E17845386727MVE4TI,317c2bf3-c939-4046-a73e-b4b0b3aa781c,no_physical_reference,tarif_indisponible,reports/uk/connected-kerb-app-collection-latest.json
P4,Riverside Car Park,0f453d66-634d-4558-95a2-8fd3d5e0de86,GB*CK0*E1784538750AB4H4IK,2afc6593-2511-4a8e-a2c3-e44db9f9a0f6,no_physical_reference,tarif_indisponible,reports/uk/connected-kerb-app-collection-latest.json
P4,Riverside Car Park,0f453d66-634d-4558-95a2-8fd3d5e0de86,GB*CK0*E1784538750LO7JFLL,2575baea-f6d5-4ded-96fa-9f59c4c5507c,no_physical_reference,tarif_indisponible,reports/uk/connected-kerb-app-collection-latest.json
P4,Riverside Car Park,0f453d66-634d-4558-95a2-8fd3d5e0de86,GB*CK0*E1784538882KEMRE3Z,dbc8d26f-82e3-41da-b4fd-f237cfc15b0a,no_physical_reference,tarif_indisponible,reports/uk/connected-kerb-app-collection-latest.json
P4,Riverside Car Park,0f453d66-634d-4558-95a2-8fd3d5e0de86,GB*CK0*E1784538882NBDNQ48,93d6ca4a-befb-4078-963b-e9fe6ae523fd,no_physical_reference,tarif_indisponible,reports/uk/connected-kerb-app-collection-latest.json
P4,Riverside Car Park,0f453d66-634d-4558-95a2-8fd3d5e0de86,GB*CK0*E1784539005R8JW31N,6bfd06b1-714f-4ac3-a81a-452e5272b4a1,no_physical_reference,tarif_indisponible,reports/uk/connected-kerb-app-collection-latest.json
P4,Riverside Car Park,0f453d66-634d-4558-95a2-8fd3d5e0de86,GB*CK0*E1784539005NXNOIDZ,50a52361-e49c-42c3-ba32-d2e5c0e37f80,no_physical_reference,tarif_indisponible,reports/uk/connected-kerb-app-collection-latest.json
P4,Riverside Car Park,0f453d66-634d-4558-95a2-8fd3d5e0de86,GB*CK0*E17845389749V5O9UC,db63f81f-1b0f-41d9-af38-2a5e2b3ddece,no_physical_reference,tarif_indisponible,reports/uk/connected-kerb-app-collection-latest.json
P4,Riverside Car Park,0f453d66-634d-4558-95a2-8fd3d5e0de86,GB*CK0*E1784538974TX30G3K,e5a2b8b0-d32d-4917-9025-c7b9820df956,no_physical_reference,tarif_indisponible,reports/uk/connected-kerb-app-collection-latest.json
P4,Riverside Car Park,0f453d66-634d-4558-95a2-8fd3d5e0de86,GB*CK0*E1784538815560V1U7,27ae3b17-2122-4a68-8eca-c98433b234ea,no_physical_reference,tarif_indisponible,reports/uk/connected-kerb-app-collection-latest.json
P4,Riverside Car Park,0f453d66-634d-4558-95a2-8fd3d5e0de86,GB*CK0*E1784538815N6BI3IV,ef1ddca3-57f8-4429-ba49-901d6a2cce67,no_physical_reference,tarif_indisponible,reports/uk/connected-kerb-app-collection-latest.json
P4,Riverside Car Park,0f453d66-634d-4558-95a2-8fd3d5e0de86,GB*CK0*E1784539177VLX5IEN,752f5068-1f0a-4075-b21d-fbfebb0371d1,no_physical_reference,tarif_indisponible,reports/uk/connected-kerb-app-collection-latest.json
P4,Riverside Car Park,0f453d66-634d-4558-95a2-8fd3d5e0de86,GB*CK0*E1784539177O0W7HKC,ae286232-358f-4190-81c1-d12618afd967,no_physical_reference,tarif_indisponible,reports/uk/connected-kerb-app-collection-latest.json
P4,Riverside Car Park,0f453d66-634d-4558-95a2-8fd3d5e0de86,GB*CK0*E17845391778CWGZPG,92cb22ed-04a4-41b9-aebd-839f23e4c878,no_physical_reference,tarif_indisponible,reports/uk/connected-kerb-app-collection-latest.json
P4,Riverside Car Park,0f453d66-634d-4558-95a2-8fd3d5e0de86,GB*CK0*E17845449514941SFA,15a5f0af-03bf-43cf-831e-a08df813ce74,no_physical_reference,tarif_indisponible,reports/uk/connected-kerb-app-collection-latest.json
P4,Riverside Car Park,0f453d66-634d-4558-95a2-8fd3d5e0de86,GB*CK0*E1784544951VL2I5DO,064214a2-63fc-4182-b2ed-d6873292b246,no_physical_reference,tarif_indisponible,reports/uk/connected-kerb-app-collection-latest.json
P4,Riverside Car Park,0f453d66-634d-4558-95a2-8fd3d5e0de86,GB*CK0*E1784544951DUVX7CI,b3435701-7538-4431-85e0-f83e0df4acfa,no_physical_reference,tarif_indisponible,reports/uk/connected-kerb-app-collection-latest.json
P4,Riverside Car Park,0f453d66-634d-4558-95a2-8fd3d5e0de86,GB*CK0*E1784545045QMJX75W,a6a4ea93-b971-4c2d-aa3e-4639b53a00e1,no_physical_reference,tarif_indisponible,reports/uk/connected-kerb-app-collection-latest.json
P4,Riverside Car Park,0f453d66-634d-4558-95a2-8fd3d5e0de86,GB*CK0*E1784545045RBG4VS7,4713a626-da64-4945-96f9-1d195ecd2d79,no_physical_reference,tarif_indisponible,reports/uk/connected-kerb-app-collection-latest.json
P4,Riverside Car Park,0f453d66-634d-4558-95a2-8fd3d5e0de86,GB*CK0*E17845450455VFG8X7,48b9a9fe-2171-41b4-a625-8f2ac7fd9d1d,no_physical_reference,tarif_indisponible,reports/uk/connected-kerb-app-collection-latest.json
P4,Riverside Car Park,0f453d66-634d-4558-95a2-8fd3d5e0de86,GB*CK0*E1784538703039AX3T,699f9328-879c-44bb-a047-53f4aa06da22,no_physical_reference,tarif_indisponible,reports/uk/connected-kerb-app-collection-latest.json
P4,Riverside Car Park,0f453d66-634d-4558-95a2-8fd3d5e0de86,GB*CK0*E178453870352C84QF,b6ba212e-0e04-40b7-9871-c24e8625c0ed,no_physical_reference,tarif_indisponible,reports/uk/connected-kerb-app-collection-latest.json
P4,Riverside Car Park,0f453d66-634d-4558-95a2-8fd3d5e0de86,GB*CK0*E1784539049DULE58F,3b1c4406-0dd2-4028-adfb-b33fce6f0a5e,no_physical_reference,tarif_indisponible,reports/uk/connected-kerb-app-collection-latest.json
P4,Riverside Car Park,0f453d66-634d-4558-95a2-8fd3d5e0de86,GB*CK0*E17845390494W9AXTX,9aa7d36b-502c-4259-8b8f-849e96db904a,no_physical_reference,tarif_indisponible,reports/uk/connected-kerb-app-collection-latest.json
P4,Riverside Car Park,0f453d66-634d-4558-95a2-8fd3d5e0de86,GB*CK0*E1784538852OP5U27A,1ef3fb3f-9c54-4235-b41a-88f72ea0ec9c,no_physical_reference,tarif_indisponible,reports/uk/connected-kerb-app-collection-latest.json
P4,Riverside Car Park,0f453d66-634d-4558-95a2-8fd3d5e0de86,GB*CK0*E1784538852WZ494CM,c74d6b0c-6544-4879-b2a7-1c50978d2a5b,no_physical_reference,tarif_indisponible,reports/uk/connected-kerb-app-collection-latest.json
P4,Allhallows Car Park,a4b03f1b-1cf9-4447-aedc-7dc18e027ff5,GB*CK0*E1784537888DX23IA2,1324f772-8d1f-411b-8dd7-ade253711b00,no_physical_reference,tarif_indisponible,reports/uk/connected-kerb-app-collection-latest.json
P4,Allhallows Car Park,a4b03f1b-1cf9-4447-aedc-7dc18e027ff5,GB*CK0*E1784537888JTDA84K,6d9927c0-fb75-4c39-8384-996963f5cabd,no_physical_reference,tarif_indisponible,reports/uk/connected-kerb-app-collection-latest.json
P4,Allhallows Car Park,a4b03f1b-1cf9-4447-aedc-7dc18e027ff5,GB*CK0*E1784537920CNL5WIJ,438518e7-c5c8-4b03-b91d-29ebd9de5188,no_physical_reference,tarif_indisponible,reports/uk/connected-kerb-app-collection-latest.json
P4,Allhallows Car Park,a4b03f1b-1cf9-4447-aedc-7dc18e027ff5,GB*CK0*E1784537920I0PPITS,4751e375-45f9-4957-9798-740c77ec1a52,no_physical_reference,tarif_indisponible,reports/uk/connected-kerb-app-collection-latest.json
P4,85-77 Iddesleigh Road,e742bee2-d43f-4d22-bd8d-bd7a29ab8dc6,GB*CK0*E17845375775RDKUIV,9d433825-9600-40a4-b02b-a8db5552407a,no_physical_reference,tarif_indisponible,reports/uk/connected-kerb-app-collection-latest.json
P4,85-77 Iddesleigh Road,e742bee2-d43f-4d22-bd8d-bd7a29ab8dc6,GB*CK0*E17845375772C2SNRQ,aac38f00-77e0-45c5-ae69-48f579e4d5a7,no_physical_reference,tarif_indisponible,reports/uk/connected-kerb-app-collection-latest.json
P4,85-77 Iddesleigh Road,e742bee2-d43f-4d22-bd8d-bd7a29ab8dc6,GB*CK0*E17845376214TY1UWX,63c68dc5-8885-45f2-8867-62dd6ac71568,no_physical_reference,tarif_indisponible,reports/uk/connected-kerb-app-collection-latest.json
P4,138 Bedford Road,fbe06222-b7a3-49e9-87f6-494a94c963cb,GB*CK0*E1784537294M6Z9MVN,16d3f7da-25e8-40f5-82c8-0980f0f93e67,no_physical_reference,tarif_indisponible,reports/uk/connected-kerb-app-collection-latest.json
P4,138 Bedford Road,fbe06222-b7a3-49e9-87f6-494a94c963cb,GB*CK0*E17845372943KSZFWK,7fc7bee6-4a56-4502-8fa3-dedbb1f3ce2e,no_physical_reference,tarif_indisponible,reports/uk/connected-kerb-app-collection-latest.json
P4,65-113 Merton Way,1cf88547-eba3-4e1c-95aa-02296ea1fc71,GB*CK0*E25612,52168dd0-ff1a-4ab1-ac08-7b7202335cd2,app HTTP 404,tarif_indisponible,reports/uk/connected-kerb-app-collection-latest.json
P4,69 York Gardens,5f9a4abe-0dd1-47f3-a753-c21c9efd42b4,GB*CK0*E25610,ebcaee62-7c2b-4335-866b-456992c96aec,app HTTP 404,tarif_indisponible,reports/uk/connected-kerb-app-collection-latest.json
P4,3 Kings Road,26f35dd5-c883-42a0-9467-763caf714dff,GB*CK0*E25608,36482f79-9982-465f-8e3a-d1a813f41004,app HTTP 404,tarif_indisponible,reports/uk/connected-kerb-app-collection-latest.json
P4,37A Oakfield Road,4fb9ff3a-849d-491f-98cc-62fb953d1683,GB*CK0*E25662,c71938e1-672f-4e2b-881b-28c1eb971363,app HTTP 404,tarif_indisponible,reports/uk/connected-kerb-app-collection-latest.json
P4,Hill Road,ae2fa087-b5c7-4af9-8fa1-107fce407898,GB*CK0*E25667,fe90441e-260f-426f-9d60-fe94c963180b,app HTTP 404,tarif_indisponible,reports/uk/connected-kerb-app-collection-latest.json
P4,1 Windsor Walk,751fd341-f436-4c6b-bcbd-2640f122afbc,GB*CK0*E1785221670A7RTJKR,f01c4cb1-595e-42fe-a082-809a225c4fa4,no_physical_reference,tarif_indisponible,reports/uk/connected-kerb-app-collection-latest.json
P4,6 Goldrings Road,dec838d4-9348-4d6b-9448-54549834936a,GB*CK0*E25604,e4916693-bb73-4eb5-b152-962267d64eeb,app HTTP 404,tarif_indisponible,reports/uk/connected-kerb-app-collection-latest.json
P4,18-2 Priory Drive,0756a3ab-cb02-4138-969f-51dbbeb1c2ae,GB*CK0*E25679,25463483-ac72-4f67-b4f1-dd2da5314aef,app HTTP 404,tarif_indisponible,reports/uk/connected-kerb-app-collection-latest.json
P4,Southlands Avenue LC8,72c83bc4-63b4-40e2-8542-58812390a3fe,GB*CK0*E25686,baf2388a-b490-4c4e-9a14-f5ba1b1da77d,app HTTP 404,tarif_indisponible,reports/uk/connected-kerb-app-collection-latest.json
P4,17 Broomfield Park,228fb25c-ec8f-49b9-b6ac-549fca2d6193,GB*CK0*E25668,fa9ace5e-ae97-440e-986e-f82e2dd801d5,app HTTP 404,tarif_indisponible,reports/uk/connected-kerb-app-collection-latest.json
P4,47 Medina Avenue,02fb1f23-51bc-45af-bb3f-0baac807237e,GB*CK0*E25603,55488ce2-3b2a-47eb-a684-ca33fa5e75ec,app HTTP 404,tarif_indisponible,reports/uk/connected-kerb-app-collection-latest.json
P4,38-18 Southdown Road,17dcc62c-8a31-4d49-a1b7-6b44b790753d,GB*CK0*E25602,ec999323-effc-4000-af01-7ef3c642d768,app HTTP 404,tarif_indisponible,reports/uk/connected-kerb-app-collection-latest.json
P4,Downside Common Road,216f75f9-a000-44ee-aa3d-ba7bf7ce7f89,GB*CK0*E25600,a226f612-da4b-458d-a58b-e0c1a004dabb,app HTTP 404,tarif_indisponible,reports/uk/connected-kerb-app-collection-latest.json
P4,Inkerman Road,b3d6dd22-b643-40a1-ad3a-18d786d702d1,GB*CK0*E1783353536E3NHKK4,8bb0f43b-469d-4933-99b6-3fda63f175b5,no_physical_reference,tarif_indisponible,reports/uk/connected-kerb-app-collection-latest.json
P4,Inkerman Road,b3d6dd22-b643-40a1-ad3a-18d786d702d1,GB*CK0*E1783353536O0O6VQR,008837ee-bcbd-4fbd-8c52-8605e334f572,no_physical_reference,tarif_indisponible,reports/uk/connected-kerb-app-collection-latest.json
P4,Inkerman Road,b3d6dd22-b643-40a1-ad3a-18d786d702d1,GB*CK0*E17833535599L8736N,84e0fa1e-6956-4d6c-97f2-4812c03d1ec9,no_physical_reference,tarif_indisponible,reports/uk/connected-kerb-app-collection-latest.json
P4,Inkerman Road,b3d6dd22-b643-40a1-ad3a-18d786d702d1,GB*CK0*E1783353559UE7JW5P,83325d70-d625-44a4-b379-7c6e77b88fa0,no_physical_reference,tarif_indisponible,reports/uk/connected-kerb-app-collection-latest.json
P4,"Croydon Road, Caterham",23e3705a-70ff-4da9-87bd-dac991583a67,GB*CK0*E178335334600ALSNC,2e66e657-775b-4a2e-a2d1-a6b1ddd6945f,no_physical_reference,tarif_indisponible,reports/uk/connected-kerb-app-collection-latest.json
P4,"Croydon Road, Caterham",23e3705a-70ff-4da9-87bd-dac991583a67,GB*CK0*E17833533462MAYVGX,79933b8f-5243-40d5-8669-480040ff770e,no_physical_reference,tarif_indisponible,reports/uk/connected-kerb-app-collection-latest.json
P4,"Croydon Road, Caterham",23e3705a-70ff-4da9-87bd-dac991583a67,GB*CK0*E1783353371LQ5EXBJ,4490589d-c168-4548-8273-634e6982bf98,no_physical_reference,tarif_indisponible,reports/uk/connected-kerb-app-collection-latest.json
P4,"Croydon Road, Caterham",23e3705a-70ff-4da9-87bd-dac991583a67,GB*CK0*E17833533713BMNUHP,d0982f83-9b29-4e84-a2d5-55186eea1b6c,no_physical_reference,tarif_indisponible,reports/uk/connected-kerb-app-collection-latest.json
P4,Norkway,2636771a-7d4a-4092-af71-d4c8c7bb61f1,GB*CK0*E1783353095QD7W5DF,2dec449a-fbde-4eb9-9b05-c1c0438458c1,no_physical_reference,tarif_indisponible,reports/uk/connected-kerb-app-collection-latest.json
P4,Norkway,2636771a-7d4a-4092-af71-d4c8c7bb61f1,GB*CK0*E1783353095PWRV7LQ,7b8de817-a668-4ea5-9ca4-7f4133ff875f,no_physical_reference,tarif_indisponible,reports/uk/connected-kerb-app-collection-latest.json
P4,Norkway,2636771a-7d4a-4092-af71-d4c8c7bb61f1,GB*CK0*E1783353071MYPBRIE,fda9babe-a641-4884-9574-73dbcd9f795b,no_physical_reference,tarif_indisponible,reports/uk/connected-kerb-app-collection-latest.json
P4,Norkway,2636771a-7d4a-4092-af71-d4c8c7bb61f1,GB*CK0*E1783353071AY9N9BP,fd405ec5-cbf9-4b04-adc4-5b699b588e7c,no_physical_reference,tarif_indisponible,reports/uk/connected-kerb-app-collection-latest.json
P4,Kingston Crescent,564e97a3-7e8f-4fd0-afb5-20f6563ff4c2,GB*CK0*E26784,92bff287-3187-45e9-9cb3-3fcec8a921a6,app HTTP 404,tarif_indisponible,reports/uk/connected-kerb-app-collection-latest.json
P4,Kingston Crescent,564e97a3-7e8f-4fd0-afb5-20f6563ff4c2,GB*CK0*E26785,0c93ed4a-27dc-4a2b-bc41-f1820ae031ec,app HTTP 404,tarif_indisponible,reports/uk/connected-kerb-app-collection-latest.json
P4,Kingston Crescent,564e97a3-7e8f-4fd0-afb5-20f6563ff4c2,GB*CK0*E27321,6f67ca56-d90f-4e1d-b0aa-ff853429cf7a,app HTTP 404,tarif_indisponible,reports/uk/connected-kerb-app-collection-latest.json
P4,Kingston Crescent,564e97a3-7e8f-4fd0-afb5-20f6563ff4c2,GB*CK0*E27320,a9526f5f-b052-44e2-950d-d6453daeeb75,app HTTP 404,tarif_indisponible,reports/uk/connected-kerb-app-collection-latest.json
P4,Croft Road Car Park,1ba48f93-b1bb-41f8-9e15-76b7a019084a,GB*CK0*E1783330974T6318FC,bbb0a6ce-2001-4fe6-8583-027bbf497cff,no_physical_reference,tarif_indisponible,reports/uk/connected-kerb-app-collection-latest.json
P4,Croft Road Car Park,1ba48f93-b1bb-41f8-9e15-76b7a019084a,GB*CK0*E17833309748L7L3AE,d8fc49e8-b368-4591-b04e-293fb3057614,no_physical_reference,tarif_indisponible,reports/uk/connected-kerb-app-collection-latest.json
P4,Croft Road Car Park,1ba48f93-b1bb-41f8-9e15-76b7a019084a,GB*CK0*E1783330906Y9SV878,c4326ba5-5b60-4ea2-b3bc-fa17ffb79fbb,no_physical_reference,tarif_indisponible,reports/uk/connected-kerb-app-collection-latest.json
P4,Croft Road Car Park,1ba48f93-b1bb-41f8-9e15-76b7a019084a,GB*CK0*E17833309062JB3983,05562a38-069b-4788-9467-86ffde77c78f,no_physical_reference,tarif_indisponible,reports/uk/connected-kerb-app-collection-latest.json
P3,Lockington Avenue,37801a51-f6b9-45c5-9f80-6c27ccea5dd2,GB*CK0*E25881,dfe6418c-8119-42bd-8642-3cd629755740,no_unique_exact_socket_match,correspondance_non_verifiee,reports/uk/connected-kerb-app-collection-latest.json
P3,Lockington Avenue,37801a51-f6b9-45c5-9f80-6c27ccea5dd2,GB*CK0*E25880,eddaf878-e63a-496f-88b5-d458cd222e2e,no_unique_exact_socket_match,correspondance_non_verifiee,reports/uk/connected-kerb-app-collection-latest.json
P4,15 Hamilton Close,81be9a51-0897-4772-a95c-c8557cd22488,GB*CK0*E178237834257X90GE,cb198731-b786-4650-b765-3d34ea8164ad,no_physical_reference,tarif_indisponible,reports/uk/connected-kerb-app-collection-latest.json
P4,15 Hamilton Close,81be9a51-0897-4772-a95c-c8557cd22488,GB*CK0*E1782378342CTOEI26,b1a544f8-24f4-47d5-a24a-4749f72253ee,no_physical_reference,tarif_indisponible,reports/uk/connected-kerb-app-collection-latest.json
P4,15 Hamilton Close,81be9a51-0897-4772-a95c-c8557cd22488,GB*CK0*E1782378320DWGJVYY,d64c44f7-bfda-42c6-adab-167a19202267,no_physical_reference,tarif_indisponible,reports/uk/connected-kerb-app-collection-latest.json
P4,15 Hamilton Close,81be9a51-0897-4772-a95c-c8557cd22488,GB*CK0*E1782378320IPKWKXZ,6936b7f2-0738-453c-8efe-3b0b214933d7,no_physical_reference,tarif_indisponible,reports/uk/connected-kerb-app-collection-latest.json
P4,Park Avenue,5df2d8e1-a3fe-41f9-99a4-c1c87aaac157,GB*CK0*E1786609570LSYV8KU,640a5710-8ba5-4356-a7cc-32010417c402,no_physical_reference,tarif_indisponible,reports/uk/connected-kerb-app-collection-latest.json
P2,Bobby Moore Way Car Park,6678af97-ffeb-4b0d-9956-0033f45b03c2,GB*CK0*E21686,28dc83ab-5df7-49fd-a4e9-d04c66404a13,no_unique_standard_tariff,tarif_non_attribuable,reports/uk/connected-kerb-app-collection-latest.json
P2,Bobby Moore Way Car Park,6678af97-ffeb-4b0d-9956-0033f45b03c2,GB*CK0*E21687,bbd1f938-8d81-40a6-a80d-1510a226cc8e,no_unique_standard_tariff,tarif_non_attribuable,reports/uk/connected-kerb-app-collection-latest.json
P2,Bobby Moore Way Car Park,6678af97-ffeb-4b0d-9956-0033f45b03c2,GB*CK0*E21684,7dd0d5f5-7344-48c0-9835-08b3b067654f,no_unique_standard_tariff,tarif_non_attribuable,reports/uk/connected-kerb-app-collection-latest.json
P2,Bobby Moore Way Car Park,6678af97-ffeb-4b0d-9956-0033f45b03c2,GB*CK0*E21685,e62a67c3-0482-4288-995f-3c655399398e,no_unique_standard_tariff,tarif_non_attribuable,reports/uk/connected-kerb-app-collection-latest.json
P3,Ferndale Road,4f1a0ea8-f243-4e26-9817-8c8baeb944c8,GB*CK0*E25919,6fd428ff-27fc-42d2-b2e7-600deec50a9c,no_unique_exact_socket_match,correspondance_non_verifiee,reports/uk/connected-kerb-app-collection-latest.json
P3,Ferndale Road,4f1a0ea8-f243-4e26-9817-8c8baeb944c8,GB*CK0*E25918,ef171524-1a63-4937-9e67-53c476fca82f,no_unique_exact_socket_match,correspondance_non_verifiee,reports/uk/connected-kerb-app-collection-latest.json
P4,Andrews Close,c097277d-c233-4097-96b2-387aaf87d650,fa461e7c-2a83-49f5-91bd-9b9856c37a51,47b3fd43-fd99-4ff6-9108-26a4b41610ec,no_physical_reference,tarif_indisponible,reports/uk/connected-kerb-app-collection-latest.json
P4,Andrews Close,c097277d-c233-4097-96b2-387aaf87d650,9bfdb69c-56bb-44f0-b6a1-856adf5b931c,eda5892a-a8ee-43d1-a9c5-66ef632bf790,no_physical_reference,tarif_indisponible,reports/uk/connected-kerb-app-collection-latest.json
P4,Andrews Close,c097277d-c233-4097-96b2-387aaf87d650,ad177ebf-39d6-4c62-9165-e3dc7beaa996,80f50999-c029-4592-a1e4-3c51c34c9c52,no_physical_reference,tarif_indisponible,reports/uk/connected-kerb-app-collection-latest.json
P4,Andrews Close,c097277d-c233-4097-96b2-387aaf87d650,968e11a4-6697-4d0a-9b8e-bb36234811ce,9ca81090-2ffd-4db3-b7f4-2e7e965b68da,no_physical_reference,tarif_indisponible,reports/uk/connected-kerb-app-collection-latest.json
P3,194 Petersfield Avenue,4903a445-7e2e-439e-ba4f-b77c350e0304,97d8fc24-f39e-4a22-8d81-ccef380cbf09,fe655ed1-5874-40eb-ae18-0db723f6f91c,no_unique_exact_socket_match,correspondance_non_verifiee,reports/uk/connected-kerb-app-collection-latest.json
P3,194 Petersfield Avenue,4903a445-7e2e-439e-ba4f-b77c350e0304,f71ba9e3-581d-473c-bd13-92a5ab8eed51,178e0414-3d1c-4583-8b24-f4319d286776,no_unique_exact_socket_match,correspondance_non_verifiee,reports/uk/connected-kerb-app-collection-latest.json
P3,194 Petersfield Avenue,4903a445-7e2e-439e-ba4f-b77c350e0304,c599cae7-0e8f-4702-9e60-c5584698f196,d16228ca-e73f-4456-bcbf-1fab6fc4730d,no_unique_exact_socket_match,correspondance_non_verifiee,reports/uk/connected-kerb-app-collection-latest.json
P3,194 Petersfield Avenue,4903a445-7e2e-439e-ba4f-b77c350e0304,d4627dce-a212-4dbf-b1e9-728ff2a0bad3,6b4686f9-c6d1-483d-89fb-47a0810b885e,no_unique_exact_socket_match,correspondance_non_verifiee,reports/uk/connected-kerb-app-collection-latest.json
P2,Roberts Place,79371e18-879c-4e33-be07-982ed5487bc1,GB*CK0*E21680,8e6fdf38-2f04-46e5-b181-df77a163ab3d,no_unique_standard_tariff,tarif_non_attribuable,reports/uk/connected-kerb-app-collection-latest.json
P2,Roberts Place,79371e18-879c-4e33-be07-982ed5487bc1,GB*CK0*E21681,75e6aa4b-c696-4c45-9aa2-fe1c3b0333c4,no_unique_standard_tariff,tarif_non_attribuable,reports/uk/connected-kerb-app-collection-latest.json
P2,Roberts Place,79371e18-879c-4e33-be07-982ed5487bc1,GB*CK0*E21682,2b7d6d16-3175-4cd1-a535-d5aab373071f,no_unique_standard_tariff,tarif_non_attribuable,reports/uk/connected-kerb-app-collection-latest.json
P2,Roberts Place,79371e18-879c-4e33-be07-982ed5487bc1,GB*CK0*E21683,de2ec8ad-e871-4808-80ce-ddfd8dee8a59,no_unique_standard_tariff,tarif_non_attribuable,reports/uk/connected-kerb-app-collection-latest.json
P2,11 Castle Road,ce3ec6e8-c8b7-4b7f-89a2-04864d947273,GB*CK0*E21534,1f91ea93-2a09-4e91-b700-7ddb6ef8f1be,no_unique_standard_tariff,tarif_non_attribuable,reports/uk/connected-kerb-app-collection-latest.json
P2,11 Castle Road,ce3ec6e8-c8b7-4b7f-89a2-04864d947273,GB*CK0*E21535,39cffb56-4df5-482d-8fa0-dd9549a28f78,no_unique_standard_tariff,tarif_non_attribuable,reports/uk/connected-kerb-app-collection-latest.json
P2,11 Castle Road,ce3ec6e8-c8b7-4b7f-89a2-04864d947273,GB*CK0*E21531,65e3ec4c-1ccf-4dc5-b666-4f6383604ea7,no_unique_standard_tariff,tarif_non_attribuable,reports/uk/connected-kerb-app-collection-latest.json
P2,11 Castle Road,ce3ec6e8-c8b7-4b7f-89a2-04864d947273,GB*CK0*E21530,0121df99-7595-4bb2-b146-b6544ce45ce2,no_unique_standard_tariff,tarif_non_attribuable,reports/uk/connected-kerb-app-collection-latest.json
P2,Uvedale Road,84601fc3-fc7a-4385-b279-e277196e0e3c,GB*CK0*E21730,f051e2dc-9b39-47d8-8a8d-05677d0f76e2,no_unique_standard_tariff,tarif_non_attribuable,reports/uk/connected-kerb-app-collection-latest.json
P2,Uvedale Road,84601fc3-fc7a-4385-b279-e277196e0e3c,GB*CK0*E21720,39ed07d2-e9a9-47d6-9ae3-7e3eded08d56,no_unique_standard_tariff,tarif_non_attribuable,reports/uk/connected-kerb-app-collection-latest.json
P2,Uvedale Road,84601fc3-fc7a-4385-b279-e277196e0e3c,GB*CK0*E22485,68adacbe-73d9-4a84-8569-6dec5d89ee57,no_unique_standard_tariff,tarif_non_attribuable,reports/uk/connected-kerb-app-collection-latest.json
P2,Uvedale Road,84601fc3-fc7a-4385-b279-e277196e0e3c,GB*CK0*E22484,1932a20c-0168-4e12-8b19-d99c3d76bfde,no_unique_standard_tariff,tarif_non_attribuable,reports/uk/connected-kerb-app-collection-latest.json
P4,490 Saint Mark's Place,facd7b33-af30-462a-9505-62951e423ccc,GB*CK0*E19604,8253c3aa-f610-4be2-bcb2-6622884d86bb,app HTTP 404,tarif_indisponible,reports/uk/connected-kerb-app-collection-latest.json
P4,33 Queensway,5bc61cd4-6814-4814-9664-96ccee908e24,GB*CK0*E19603,2289a20e-08be-4f29-90b8-d2a56c7df96b,app HTTP 404,tarif_indisponible,reports/uk/connected-kerb-app-collection-latest.json
P4,10-3 Palace Drive,9ee1cf96-bd86-40a0-b83d-7f0aaf84a1f8,GB*CK0*E19634,f0114772-40ba-47a6-bb62-8ef635810d02,app HTTP 404,tarif_indisponible,reports/uk/connected-kerb-app-collection-latest.json
P4,6 Approach Road,5f794656-fb17-4b3d-9d60-1188178577e5,GB*CK0*E19640,37f17aa3-6a8a-4492-a1e1-768494b7e9bf,app HTTP 404,tarif_indisponible,reports/uk/connected-kerb-app-collection-latest.json
P4,1-9 Blenheim Road,1e75cd4e-c069-4207-8f09-490a622a4c60,GB*CK0*E19648,c587e9de-788e-4104-97a9-70cf9c26a96b,app HTTP 404,tarif_indisponible,reports/uk/connected-kerb-app-collection-latest.json
P4,Vernon Way,36b276df-fb54-4b7e-b3db-3e104da38dd0,GB*CK0*E19618,69344975-e0b0-48e9-b10a-c0a5d408141a,app HTTP 404,tarif_indisponible,reports/uk/connected-kerb-app-collection-latest.json
P4,22 Church Lane Drive,aa4317c4-8794-4765-a864-2f3e225300e9,GB*CK0*E19657,47941771-684d-4a9b-b676-1301364b3b85,app HTTP 404,tarif_indisponible,reports/uk/connected-kerb-app-collection-latest.json
P4,Manor Road,c07144fd-c0cc-41a6-a2d7-de1f8f4ba762,GB*CK0*E19615,740acf21-2f5a-46ed-9df9-2231d117ea94,app HTTP 404,tarif_indisponible,reports/uk/connected-kerb-app-collection-latest.json
P4,Morgan Street Car Park,2412bc43-dc12-4455-badb-cf3792d1ea2f,67fba1be-e3ca-4433-9999-71957c6e25de,76acc4fe-4a5e-4974-9849-9bc4f113d482,no_physical_reference,tarif_indisponible,reports/uk/connected-kerb-app-collection-latest.json
P4,Morgan Street Car Park,2412bc43-dc12-4455-badb-cf3792d1ea2f,b536d2c6-190b-4cee-ad28-e9f421c65a83,99df005c-32fc-4161-bc1a-ea44c0cfdaa9,no_physical_reference,tarif_indisponible,reports/uk/connected-kerb-app-collection-latest.json
P4,Blenheim Road Primary School,37a12ff3-4c57-481c-b23f-6bbd5dbba1cf,GB*CK0*E27128,9a53c15e-28e7-45db-a213-39f8eee06735,app HTTP 404,tarif_indisponible,reports/uk/connected-kerb-app-collection-latest.json
P4,Blenheim Road Primary School,37a12ff3-4c57-481c-b23f-6bbd5dbba1cf,GB*CK0*E27129,293a3f31-0a73-4af8-9053-7fd37e234930,app HTTP 404,tarif_indisponible,reports/uk/connected-kerb-app-collection-latest.json
P4,Blenheim Road Primary School,37a12ff3-4c57-481c-b23f-6bbd5dbba1cf,GB*CK0*E27124,5fee87a7-f976-4e24-a6cc-5d381c0547f0,app HTTP 404,tarif_indisponible,reports/uk/connected-kerb-app-collection-latest.json
P4,Blenheim Road Primary School,37a12ff3-4c57-481c-b23f-6bbd5dbba1cf,GB*CK0*E27125,c8fe7510-0d4b-4743-a0e3-248d4c570ea5,app HTTP 404,tarif_indisponible,reports/uk/connected-kerb-app-collection-latest.json
P4,Islwyn High School,9c25346e-752f-4a73-869a-56457c892e0f,a563bed2-9e79-4849-a928-73b336a20ac4,3d43e27f-a267-43ef-97a7-170839e8f770,no_physical_reference,tarif_indisponible,reports/uk/connected-kerb-app-collection-latest.json
P4,Islwyn High School,9c25346e-752f-4a73-869a-56457c892e0f,603fe9ca-6317-485f-86a2-ecc5193d475c,c639f5db-b1c2-49fc-a60f-b7bd7dc5c326,no_physical_reference,tarif_indisponible,reports/uk/connected-kerb-app-collection-latest.json
P4,Islwyn High School,9c25346e-752f-4a73-869a-56457c892e0f,f8dc24ab-bd91-4bd1-a2f7-08d13e248605,fe92fe3a-4f9c-40b6-a001-34163c1483fa,no_physical_reference,tarif_indisponible,reports/uk/connected-kerb-app-collection-latest.json
P4,Islwyn High School,9c25346e-752f-4a73-869a-56457c892e0f,c20a1a5c-c189-4fc6-9a9a-268108f8fa31,0d3407d6-dd76-4d12-bf68-a017d80e46df,no_physical_reference,tarif_indisponible,reports/uk/connected-kerb-app-collection-latest.json
P4,Islwyn High School,9c25346e-752f-4a73-869a-56457c892e0f,418f4df2-070d-41f9-873d-e9c1d450be80,00ea7bfa-7964-4bc2-abcd-11ec0c828582,no_physical_reference,tarif_indisponible,reports/uk/connected-kerb-app-collection-latest.json
P4,Islwyn High School,9c25346e-752f-4a73-869a-56457c892e0f,7eb37b9e-366d-490c-8910-5dcfc3a34d79,c9d37acf-3fc8-4fbd-b516-697dfdb861b0,no_physical_reference,tarif_indisponible,reports/uk/connected-kerb-app-collection-latest.json
P4,St. Cenydd,ff3b1757-9e1c-4ad5-8787-0da30b5ee850,GB*CK0*E25121,18618601-9d28-4250-8d17-172f3ccd4f30,app HTTP 404,tarif_indisponible,reports/uk/connected-kerb-app-collection-latest.json
P4,St. Cenydd,ff3b1757-9e1c-4ad5-8787-0da30b5ee850,GB*CK0*E25120,8e68099c-e7ea-4f40-a6c0-519f00a98e92,app HTTP 404,tarif_indisponible,reports/uk/connected-kerb-app-collection-latest.json
P4,St. Cenydd,ff3b1757-9e1c-4ad5-8787-0da30b5ee850,GB*CK0*E25115,0ea21a5b-6ceb-485a-83ac-a1ac546f55c0,app HTTP 404,tarif_indisponible,reports/uk/connected-kerb-app-collection-latest.json
P4,St. Cenydd,ff3b1757-9e1c-4ad5-8787-0da30b5ee850,GB*CK0*E25231,06a44483-c47a-45df-8a76-c3120ab36ec6,app HTTP 404,tarif_indisponible,reports/uk/connected-kerb-app-collection-latest.json
P4,St. Cenydd,ff3b1757-9e1c-4ad5-8787-0da30b5ee850,GB*CK0*E25118,35909564-8073-4d6f-9bf4-aab2f76129c9,app HTTP 404,tarif_indisponible,reports/uk/connected-kerb-app-collection-latest.json
P4,St. Cenydd,ff3b1757-9e1c-4ad5-8787-0da30b5ee850,GB*CK0*E25119,e219921c-8f19-4997-8e09-078e9513f2eb,app HTTP 404,tarif_indisponible,reports/uk/connected-kerb-app-collection-latest.json
P4,Coed Eva Primary School,106dda47-5652-4481-a7e2-6b367f949763,GB*CK0*E27130,7c671267-e1c3-424a-bf07-579fc7869fe7,app HTTP 404,tarif_indisponible,reports/uk/connected-kerb-app-collection-latest.json
P4,Coed Eva Primary School,106dda47-5652-4481-a7e2-6b367f949763,GB*CK0*E27131,cd3315f6-1489-42ff-8034-90c307cf9ba9,app HTTP 404,tarif_indisponible,reports/uk/connected-kerb-app-collection-latest.json
P4,Coed Eva Primary School,106dda47-5652-4481-a7e2-6b367f949763,GB*CK0*E25117,c8bd7e3a-e573-483b-a1a9-f5a57a5f1821,app HTTP 404,tarif_indisponible,reports/uk/connected-kerb-app-collection-latest.json
P4,Coed Eva Primary School,106dda47-5652-4481-a7e2-6b367f949763,GB*CK0*E25116,ea8931c7-41f5-406d-ba7d-b3d7f8baf076,app HTTP 404,tarif_indisponible,reports/uk/connected-kerb-app-collection-latest.json
P4,Coed Eva Primary School,106dda47-5652-4481-a7e2-6b367f949763,GB*CK0*E27133,72fc2f90-9bd0-41d1-9acb-104c5d686eac,app HTTP 404,tarif_indisponible,reports/uk/connected-kerb-app-collection-latest.json
P4,Coed Eva Primary School,106dda47-5652-4481-a7e2-6b367f949763,GB*CK0*E27132,86c19f8a-aba3-4a63-bf1b-d43319657644,app HTTP 404,tarif_indisponible,reports/uk/connected-kerb-app-collection-latest.json
P4,Maindee - Livingstone Place,65858bfc-264b-4210-91ba-025b68d48dab,28195f95-5582-4cd4-9db4-f427c6e081a9,a7ba90f2-fa7c-4dd7-9e6f-3539af80e271,no_physical_reference,tarif_indisponible,reports/uk/connected-kerb-app-collection-latest.json
P4,Maindee - Livingstone Place,65858bfc-264b-4210-91ba-025b68d48dab,3a028e15-4bcd-45a1-8971-1f506cd8a656,b5874326-8c25-463b-b435-8c50a887defa,no_physical_reference,tarif_indisponible,reports/uk/connected-kerb-app-collection-latest.json
P4,Saint Andrews Road,c635e975-c8a3-4155-8030-dee9921f4058,bb547638-04de-45fd-93f4-eebec138602e,fb320e18-85d6-4f01-b39c-1a52bfa0add0,no_physical_reference,tarif_indisponible,reports/uk/connected-kerb-app-collection-latest.json
P4,Saint Andrews Road,c635e975-c8a3-4155-8030-dee9921f4058,b32d96b4-3cf2-4ca5-86ea-a76d1e461c7f,ce5d10fe-77f9-483f-8e99-39f22f078bc2,no_physical_reference,tarif_indisponible,reports/uk/connected-kerb-app-collection-latest.json
P4,Saint Andrews Road,c635e975-c8a3-4155-8030-dee9921f4058,f94a82d0-ea29-4de5-9195-7d9d3f7c0390,9ba00b0b-58d5-4af7-866f-c2469ce69f78,no_physical_reference,tarif_indisponible,reports/uk/connected-kerb-app-collection-latest.json
P4,Saint Andrews Road,c635e975-c8a3-4155-8030-dee9921f4058,b5a16dd6-587d-4c83-8b4f-042402095987,d012b823-ab73-437a-91d4-303b7da1fc56,no_physical_reference,tarif_indisponible,reports/uk/connected-kerb-app-collection-latest.json
P4,Saint Andrews Road,c635e975-c8a3-4155-8030-dee9921f4058,9d88b63f-7942-4e74-9ae0-13d7ce7a85d3,7c2fe86b-c851-4ec3-97b8-5bfff25bc144,no_physical_reference,tarif_indisponible,reports/uk/connected-kerb-app-collection-latest.json
P4,Saint Andrews Road,c635e975-c8a3-4155-8030-dee9921f4058,213e90d7-02ce-451a-9171-a1bf4e8ad475,44247731-bf25-48ce-8aba-575dac228653,no_physical_reference,tarif_indisponible,reports/uk/connected-kerb-app-collection-latest.json
P4,Riverside,c86e81a3-4e74-4b33-9e98-8c376a6420dc,GB*CK0*E14581,ba22d69a-152d-4639-8910-cdd63f64f761,app HTTP 404,tarif_indisponible,reports/uk/connected-kerb-app-collection-latest.json
P4,Riverside,c86e81a3-4e74-4b33-9e98-8c376a6420dc,GB*CK0*E14582,4077b09e-9d87-454e-9874-dcf6f6d41a8c,app HTTP 404,tarif_indisponible,reports/uk/connected-kerb-app-collection-latest.json
P4,Riverside,c86e81a3-4e74-4b33-9e98-8c376a6420dc,GB*CK0*E14578,4b36c254-f2e3-49e1-a0ff-9bd1428a73c2,app HTTP 404,tarif_indisponible,reports/uk/connected-kerb-app-collection-latest.json
P4,Riverside,c86e81a3-4e74-4b33-9e98-8c376a6420dc,GB*CK0*E14580,f1015361-a0d1-42c9-93d8-976f60ecc7a2,app HTTP 404,tarif_indisponible,reports/uk/connected-kerb-app-collection-latest.json
P4,Riverside,c86e81a3-4e74-4b33-9e98-8c376a6420dc,GB*CK0*E14573,15aba785-7d4d-4d7b-b531-231c37c5cda3,app HTTP 404,tarif_indisponible,reports/uk/connected-kerb-app-collection-latest.json
P4,Riverside,c86e81a3-4e74-4b33-9e98-8c376a6420dc,GB*CK0*E14574,166a1d58-fcf1-4d3b-8c5f-25475d0853e5,app HTTP 404,tarif_indisponible,reports/uk/connected-kerb-app-collection-latest.json
P4,South Pallant Car Park,c25cd262-5099-4509-8f0b-6f96de332175,3e9a2812-b363-4f38-b338-58fb1d06d04f,d281acf8-ce01-4bdb-a536-284c6fd67a35,no_physical_reference,tarif_indisponible,reports/uk/connected-kerb-app-collection-latest.json
P4,South Pallant Car Park,c25cd262-5099-4509-8f0b-6f96de332175,85697187-1e8f-41a8-98ad-b4e8dcf88b65,93ad5954-ab3f-419a-bbde-e1a416a82bab,no_physical_reference,tarif_indisponible,reports/uk/connected-kerb-app-collection-latest.json
P4,South Pallant Car Park,c25cd262-5099-4509-8f0b-6f96de332175,bb9e361f-2595-476b-90e8-90ed69913994,1d446612-516f-4f42-91c0-e439cc692413,no_physical_reference,tarif_indisponible,reports/uk/connected-kerb-app-collection-latest.json
P4,South Pallant Car Park,c25cd262-5099-4509-8f0b-6f96de332175,042d0dd9-f267-4f3d-bc92-22323e260ca1,6ee0c90d-57b4-4047-a873-d793c3cef6cf,no_physical_reference,tarif_indisponible,reports/uk/connected-kerb-app-collection-latest.json
P4,South Pallant Car Park,c25cd262-5099-4509-8f0b-6f96de332175,afc7e768-0fb9-4afd-899e-88e8949036b4,ee1cffa1-bd68-40e9-8e94-e8633a7a7d8f,no_physical_reference,tarif_indisponible,reports/uk/connected-kerb-app-collection-latest.json
P4,South Pallant Car Park,c25cd262-5099-4509-8f0b-6f96de332175,a9fb5e97-b416-4794-a573-533d21e65dbb,592faedc-1819-47d8-b80a-3bf3b3dad199,no_physical_reference,tarif_indisponible,reports/uk/connected-kerb-app-collection-latest.json
P4,Crown Yard,6b2762cd-21d0-41d0-9b9a-1915dea6d5ca,41c4932b-328b-45be-8ef1-c760ac01b644,e0c86d8b-435d-46ff-9f33-e65cb1bcbd57,no_physical_reference,tarif_indisponible,reports/uk/connected-kerb-app-collection-latest.json
P4,Crown Yard,6b2762cd-21d0-41d0-9b9a-1915dea6d5ca,5c9b8442-3d55-4e2a-8490-1bc0113fab95,30033ee7-8675-4cc8-afb8-226e49085b87,no_physical_reference,tarif_indisponible,reports/uk/connected-kerb-app-collection-latest.json
P4,Crown Yard,6b2762cd-21d0-41d0-9b9a-1915dea6d5ca,7c27eaed-7f5f-4fe6-a2dd-a11cbd308860,9744b82a-71ce-4d11-8d81-ee4b17c705df,no_physical_reference,tarif_indisponible,reports/uk/connected-kerb-app-collection-latest.json
P4,Crown Yard,6b2762cd-21d0-41d0-9b9a-1915dea6d5ca,a8fc6891-3e40-4358-a7f7-2f02e5bcc74b,e12ed9c3-2d74-4136-960e-142534ffed19,no_physical_reference,tarif_indisponible,reports/uk/connected-kerb-app-collection-latest.json
P4,Crown Yard,6b2762cd-21d0-41d0-9b9a-1915dea6d5ca,aa6d89dc-3fe5-4e8f-86c0-25005dc7c27e,93d6e877-7acb-4db4-b827-cfeac4b2bf3c,no_physical_reference,tarif_indisponible,reports/uk/connected-kerb-app-collection-latest.json
P4,Crown Yard,6b2762cd-21d0-41d0-9b9a-1915dea6d5ca,0ffba579-825a-4aab-8e98-8d8ee01c649b,3133155d-3872-4944-b2f4-e6e770194838,no_physical_reference,tarif_indisponible,reports/uk/connected-kerb-app-collection-latest.json
P4,Bisley Old Road,c637351c-3d8b-4883-9918-2b2f59b4e37b,de699889-531d-47f5-a666-bc55f60b2571,13e2f083-3e83-4c54-9168-88f022077db6,no_physical_reference,tarif_indisponible,reports/uk/connected-kerb-app-collection-latest.json
P4,Bisley Old Road,c637351c-3d8b-4883-9918-2b2f59b4e37b,1e73de2b-fb3e-489c-a563-3a44c01c137f,a3db0f4e-d3e4-40b9-bc48-2d8eef91c0cf,no_physical_reference,tarif_indisponible,reports/uk/connected-kerb-app-collection-latest.json
P4,Bisley Old Road,c637351c-3d8b-4883-9918-2b2f59b4e37b,8011a96e-b5f6-4f9c-a3bc-5106eb2816cb,70f4511e-a8e4-4f2f-bd02-f8e3c219c87e,no_physical_reference,tarif_indisponible,reports/uk/connected-kerb-app-collection-latest.json
P4,Bisley Old Road,c637351c-3d8b-4883-9918-2b2f59b4e37b,c2779dd7-4145-4d0a-90f4-8edc1535aedd,b1fd9c1b-ccf9-4037-b6e4-27b71b3b3419,no_physical_reference,tarif_indisponible,reports/uk/connected-kerb-app-collection-latest.json
P4,Longfield Road,60fd471b-39b1-47cd-ae39-76a7bdb87409,a270e373-5b38-4dbb-a71e-6c7e2617fa70,3bdaf540-1c23-4bad-919a-352f66576c58,no_physical_reference,tarif_indisponible,reports/uk/connected-kerb-app-collection-latest.json
P4,Longfield Road,60fd471b-39b1-47cd-ae39-76a7bdb87409,d79a80de-8eff-49bb-9300-2c5fa66f387b,62b2af2d-6f10-4dd1-b3b2-e03869b25ea1,no_physical_reference,tarif_indisponible,reports/uk/connected-kerb-app-collection-latest.json
P4,Longfield Road,60fd471b-39b1-47cd-ae39-76a7bdb87409,4ba3ec4d-d26f-4fc6-8288-e5f95b86e204,7267be61-2f6f-4a81-b77e-fd414e7f2042,no_physical_reference,tarif_indisponible,reports/uk/connected-kerb-app-collection-latest.json
P4,Longfield Road,60fd471b-39b1-47cd-ae39-76a7bdb87409,5ca2fb31-0ef4-4614-96dc-4e132560b1a1,92604d58-94ce-46f5-b911-b611978a50a1,no_physical_reference,tarif_indisponible,reports/uk/connected-kerb-app-collection-latest.json
P4,Cherry Tree Avenue,946192f2-e576-44c1-aa80-819555656403,de0158a1-7901-4aca-b376-2c3d211c4c40,af7efa76-0cf2-46c9-8fa2-446e28cc9ac8,no_physical_reference,tarif_indisponible,reports/uk/connected-kerb-app-collection-latest.json
P4,Cherry Tree Avenue,946192f2-e576-44c1-aa80-819555656403,ac7ca0c2-cd5b-41c2-a523-919b96bc06c3,b4e918ab-6ed9-4012-9d7d-b64557ba168e,no_physical_reference,tarif_indisponible,reports/uk/connected-kerb-app-collection-latest.json
P4,Cherry Tree Avenue,946192f2-e576-44c1-aa80-819555656403,ea6d300c-8bed-470c-a2fb-f37b9ac864c2,9c8fe0b7-6c5e-44cb-8c4f-2425436230f0,no_physical_reference,tarif_indisponible,reports/uk/connected-kerb-app-collection-latest.json
P4,Cherry Tree Avenue,946192f2-e576-44c1-aa80-819555656403,a517e43d-0389-44d6-9aa8-9e673186061b,d240a913-0cf5-40c8-ac7a-99937115e3f9,no_physical_reference,tarif_indisponible,reports/uk/connected-kerb-app-collection-latest.json
P4,76 Poyle Road,3eeac357-6294-4c31-b0d8-fa78604af0c0,4ba82f22-c8f3-45aa-8101-32e093752e9d,5e55e599-1185-4dcc-bd98-3f4773d3603b,no_physical_reference,tarif_indisponible,reports/uk/connected-kerb-app-collection-latest.json
P4,76 Poyle Road,3eeac357-6294-4c31-b0d8-fa78604af0c0,4779d3bc-ddbc-4f62-adf8-3d03ab58c42b,a4974689-d123-4a2f-becb-e7f1dc2bef21,no_physical_reference,tarif_indisponible,reports/uk/connected-kerb-app-collection-latest.json
P4,76 Poyle Road,3eeac357-6294-4c31-b0d8-fa78604af0c0,dfb8b2cc-7110-47e5-b935-4a261ce87ee2,559f1942-c707-430b-850e-87c50e1b9717,no_physical_reference,tarif_indisponible,reports/uk/connected-kerb-app-collection-latest.json
P4,76 Poyle Road,3eeac357-6294-4c31-b0d8-fa78604af0c0,d10a95e9-2e85-4f0e-8391-0b40c880d5bc,6194c5eb-a55f-4a12-b1ce-c517ef0925fe,no_physical_reference,tarif_indisponible,reports/uk/connected-kerb-app-collection-latest.json
P4,76 Poyle Road,3eeac357-6294-4c31-b0d8-fa78604af0c0,fa851413-9045-44e2-a563-938571c6e7ef,a20277e0-9318-4470-8cf5-fc9c0c926ff6,no_physical_reference,tarif_indisponible,reports/uk/connected-kerb-app-collection-latest.json
P4,76 Poyle Road,3eeac357-6294-4c31-b0d8-fa78604af0c0,d07ca1d1-a462-4e5a-a0c2-e632276ae78e,08b460ec-b9bb-4518-814c-f7675ebe3819,no_physical_reference,tarif_indisponible,reports/uk/connected-kerb-app-collection-latest.json
P3,Rydens Avenue,2d88d30c-cac9-48a0-ad4c-ab3914e710db,GB*CK0*E26465,325d6a21-48c3-4332-8bbc-39101751e50c,no_unique_exact_socket_match,correspondance_non_verifiee,reports/uk/connected-kerb-app-collection-latest.json
P3,Rydens Avenue,2d88d30c-cac9-48a0-ad4c-ab3914e710db,GB*CK0*E26464,fae69c49-41ce-43a1-8c91-469663eb3435,no_unique_exact_socket_match,correspondance_non_verifiee,reports/uk/connected-kerb-app-collection-latest.json
P4,5 West Hill,41fb0822-59fb-45ad-882f-6387190152f2,6c10378b-df94-4ce5-a884-9fa3b3461ca1,e5647180-586d-4ef1-9254-c88c61d91def,no_physical_reference,tarif_indisponible,reports/uk/connected-kerb-app-collection-latest.json
P4,5 West Hill,41fb0822-59fb-45ad-882f-6387190152f2,05f480fb-ee18-4b23-91b5-3d0e17cae85e,3d837030-862e-4c67-bd2f-0b76315a170d,no_physical_reference,tarif_indisponible,reports/uk/connected-kerb-app-collection-latest.json
P4,5 West Hill,41fb0822-59fb-45ad-882f-6387190152f2,9b75b0b0-2f15-4658-b16e-ba74d8ca8266,07476d06-f022-47fd-8f33-f2c4418f25e4,no_physical_reference,tarif_indisponible,reports/uk/connected-kerb-app-collection-latest.json
P4,5 West Hill,41fb0822-59fb-45ad-882f-6387190152f2,c78c5c4c-d8e3-49e7-b1ca-08225c1844d4,df88440a-2329-4176-b888-ec7e1483f7aa,no_physical_reference,tarif_indisponible,reports/uk/connected-kerb-app-collection-latest.json
P4,5 West Hill,41fb0822-59fb-45ad-882f-6387190152f2,7c8e6f59-23b8-4e34-83f7-1b2251313abc,13828079-4388-4a93-8d54-03258047c54d,no_physical_reference,tarif_indisponible,reports/uk/connected-kerb-app-collection-latest.json
P4,5 West Hill,41fb0822-59fb-45ad-882f-6387190152f2,81025d8e-3b7b-4d9b-bd7b-ccc491c88c0f,b5b8cb06-bb6d-4022-b345-cf8e8d460403,no_physical_reference,tarif_indisponible,reports/uk/connected-kerb-app-collection-latest.json
P4,Hernhill Parish Council,7525b5d9-4a73-4d2c-a258-7f12ee258e3f,822140b7-8f2d-45e1-9049-d72bd1bd25d7,a4ddd246-61de-40be-95cb-032823bc0873,no_physical_reference,tarif_indisponible,reports/uk/connected-kerb-app-collection-latest.json
P4,Hernhill Parish Council,7525b5d9-4a73-4d2c-a258-7f12ee258e3f,0628cc19-ad67-4299-92c8-f0f0ea41a770,0dd776c9-22dc-4980-adb5-3b3c9c2890b5,no_physical_reference,tarif_indisponible,reports/uk/connected-kerb-app-collection-latest.json
P4,Shepherdswell with Coldred Parish Council - Village Hall,1f5484d0-3556-4958-8abf-a53d5eba0806,8418a06e-3dfc-41c7-b1ac-373289149509,72882b5b-7496-4017-baf9-f9b5e9638620,no_physical_reference,tarif_indisponible,reports/uk/connected-kerb-app-collection-latest.json
P4,Shepherdswell with Coldred Parish Council - Village Hall,1f5484d0-3556-4958-8abf-a53d5eba0806,2f2561d1-c441-4bb2-be05-cf314f843e29,7c4d5d4f-9c8b-45af-8f5a-3a2bbe0e0f5a,no_physical_reference,tarif_indisponible,reports/uk/connected-kerb-app-collection-latest.json
P4,Worcester Court (1 Edgehill Court),8e9ac9b6-b6fb-4383-a94a-e6c760b91206,GB*CK0*E26835,28aa6368-fddc-4b8c-843d-4b3cc1e7537d,app HTTP 404,tarif_indisponible,reports/uk/connected-kerb-app-collection-latest.json
P4,Worcester Court (1 Edgehill Court),8e9ac9b6-b6fb-4383-a94a-e6c760b91206,GB*CK0*E26827,c02f13ed-9218-49f2-8019-97275edab214,app HTTP 404,tarif_indisponible,reports/uk/connected-kerb-app-collection-latest.json
P4,Worcester Court (1 Edgehill Court),8e9ac9b6-b6fb-4383-a94a-e6c760b91206,GB*CK0*E26824,e8a71e74-be23-412a-a897-91cdbb4f4719,app HTTP 404,tarif_indisponible,reports/uk/connected-kerb-app-collection-latest.json
P4,Worcester Court (1 Edgehill Court),8e9ac9b6-b6fb-4383-a94a-e6c760b91206,GB*CK0*E26823,ab6d81b0-bf51-4039-b90f-0f9a897a21cf,app HTTP 404,tarif_indisponible,reports/uk/connected-kerb-app-collection-latest.json
P4,Worcester Court (1 Edgehill Court),8e9ac9b6-b6fb-4383-a94a-e6c760b91206,GB*CK0*E26826,546019bb-6012-4d53-9103-8dda0d3c19dd,app HTTP 404,tarif_indisponible,reports/uk/connected-kerb-app-collection-latest.json
P4,Worcester Court (1 Edgehill Court),8e9ac9b6-b6fb-4383-a94a-e6c760b91206,GB*CK0*E26825,1ee98f1e-7a05-4a61-b411-29c47175332f,app HTTP 404,tarif_indisponible,reports/uk/connected-kerb-app-collection-latest.json
P4,22 Lockhart Road,52344b42-fb2f-4f16-b9a9-390ab26fc215,1f1adc71-fa5b-470b-82b8-17aab41ab763,b75d5cb6-cc7a-4018-b138-e86f12c52d09,no_physical_reference,tarif_indisponible,reports/uk/connected-kerb-app-collection-latest.json
P4,22 Lockhart Road,52344b42-fb2f-4f16-b9a9-390ab26fc215,da76cfb5-9900-465b-a448-1b1ba8de32ef,d1c2449e-55ee-482c-8e32-55b16aadcfbc,no_physical_reference,tarif_indisponible,reports/uk/connected-kerb-app-collection-latest.json
P4,22 Lockhart Road,52344b42-fb2f-4f16-b9a9-390ab26fc215,2f38813f-c467-46ad-88e1-6d31b853a6d6,0f82deb3-fb46-4cd3-b165-919e3f20db02,no_physical_reference,tarif_indisponible,reports/uk/connected-kerb-app-collection-latest.json
P4,22 Lockhart Road,52344b42-fb2f-4f16-b9a9-390ab26fc215,0335ff3c-c2de-462f-b60b-8be98bd02e10,21930a2b-c431-4bd5-a913-561ff005f166,no_physical_reference,tarif_indisponible,reports/uk/connected-kerb-app-collection-latest.json
P3,Gatley Avenue,7de1f6e8-38bd-429b-881d-47916683a748,GB*CK0*E21679,d6b5737e-c95b-4640-af45-f013c015b564,no_unique_exact_socket_match,correspondance_non_verifiee,reports/uk/connected-kerb-app-collection-latest.json
P3,Gatley Avenue,7de1f6e8-38bd-429b-881d-47916683a748,GB*CK0*E21678,bdf79586-07c4-41e5-bc7a-b73284a366eb,no_unique_exact_socket_match,correspondance_non_verifiee,reports/uk/connected-kerb-app-collection-latest.json
P3,Heywood Road Car Park,261b9b59-a7ff-42f0-989b-1187543a773d,245b8b18-77ca-476a-b6d8-8c751af178c2,2bc3b39d-0e6e-409a-9462-c169e7a9a785,no_unique_exact_socket_match,correspondance_non_verifiee,reports/uk/connected-kerb-app-collection-latest.json
P3,Heywood Road Car Park,261b9b59-a7ff-42f0-989b-1187543a773d,eace9c37-88a1-47e8-aeaa-847bd9b97950,5513360e-f6b1-4bfc-b88c-96b347757b70,no_unique_exact_socket_match,correspondance_non_verifiee,reports/uk/connected-kerb-app-collection-latest.json
P4,"East Street, Leyland",d1ee9b14-01a2-46bd-830d-7250adfca161,063fe628-bce0-4a0a-89ea-34bbeb9d36ed,937e8641-7fad-415e-849d-9e4053930fd8,no_physical_reference,tarif_indisponible,reports/uk/connected-kerb-app-collection-latest.json
P4,"East Street, Leyland",d1ee9b14-01a2-46bd-830d-7250adfca161,4a9999c4-b97c-4690-be6f-7dacdbf36838,ad93db52-861d-43b9-91e5-641b0ac4b284,no_physical_reference,tarif_indisponible,reports/uk/connected-kerb-app-collection-latest.json
P4,"East Street, Leyland",d1ee9b14-01a2-46bd-830d-7250adfca161,587da561-a656-4399-b0c2-ef1855d5c904,084ccfeb-ce20-4c2a-9afa-da76946f35ac,no_physical_reference,tarif_indisponible,reports/uk/connected-kerb-app-collection-latest.json
P4,"East Street, Leyland",d1ee9b14-01a2-46bd-830d-7250adfca161,cc9c70f6-9776-4103-b957-74d650627241,c08315f8-575c-4681-a844-100be4f549b6,no_physical_reference,tarif_indisponible,reports/uk/connected-kerb-app-collection-latest.json
P4,"East Street, Leyland",d1ee9b14-01a2-46bd-830d-7250adfca161,ac45d6a8-2ee4-4ec6-9653-5f1f04f2b42e,d0d69e5c-9874-4482-8b1b-2acc75c37261,no_physical_reference,tarif_indisponible,reports/uk/connected-kerb-app-collection-latest.json
P4,"East Street, Leyland",d1ee9b14-01a2-46bd-830d-7250adfca161,48968909-172e-4ee8-9125-af67db33680f,91c2c26d-2f8d-4072-adf5-ef9351ad545b,no_physical_reference,tarif_indisponible,reports/uk/connected-kerb-app-collection-latest.json
P4,"East Street, Leyland",d1ee9b14-01a2-46bd-830d-7250adfca161,f54b271c-b751-4b21-b5b4-f45ae29f4fb6,6b2bafbb-0c53-4b7a-a3be-1eee162ee82c,no_physical_reference,tarif_indisponible,reports/uk/connected-kerb-app-collection-latest.json
P4,"East Street, Leyland",d1ee9b14-01a2-46bd-830d-7250adfca161,b56c9fdc-6971-4a22-acb0-45ac63dae9d7,a1dc08d1-d102-4e41-a37b-0d3c2b48baec,no_physical_reference,tarif_indisponible,reports/uk/connected-kerb-app-collection-latest.json
P4,Lyndhurst Road Car Park,705ac7d7-7748-4414-9a33-70115ef17499,168b4548-b246-4ee1-9a6f-e879fbef695b,419798d8-9a56-4734-9405-703a582ecc23,no_physical_reference,tarif_indisponible,reports/uk/connected-kerb-app-collection-latest.json
P4,Lyndhurst Road Car Park,705ac7d7-7748-4414-9a33-70115ef17499,5e7953c5-cba9-44a2-ad34-3267057138f0,3de1a231-19ca-4033-9f8a-b36ea0797e9c,no_physical_reference,tarif_indisponible,reports/uk/connected-kerb-app-collection-latest.json
P4,Lyndhurst Road Car Park,705ac7d7-7748-4414-9a33-70115ef17499,edeeea8d-d12e-40ad-8fc6-a7b6ca9f4b65,6356ed30-4164-42c9-af70-c641dfcdcee3,no_physical_reference,tarif_indisponible,reports/uk/connected-kerb-app-collection-latest.json
P4,Lyndhurst Road Car Park,705ac7d7-7748-4414-9a33-70115ef17499,636ab0fd-31c4-4eb5-8b07-fa079eda908c,b4b0fe43-b93e-4fcf-9f1a-d29efe3a9991,no_physical_reference,tarif_indisponible,reports/uk/connected-kerb-app-collection-latest.json
P4,Lyndhurst Road Car Park,705ac7d7-7748-4414-9a33-70115ef17499,111f3a80-ef1a-47f9-81ba-8ba6a26e2756,58dd0516-95ec-4e64-a81d-e6efd098cdf7,no_physical_reference,tarif_indisponible,reports/uk/connected-kerb-app-collection-latest.json
P4,Lyndhurst Road Car Park,705ac7d7-7748-4414-9a33-70115ef17499,ba4bd26c-b629-459b-85c0-5b943478367a,cd47c978-34a1-46a4-9947-7aa01b6d1660,no_physical_reference,tarif_indisponible,reports/uk/connected-kerb-app-collection-latest.json
P4,Lyndhurst Road Car Park,705ac7d7-7748-4414-9a33-70115ef17499,1f3400c5-a436-4204-b1ac-a9628ac8af90,1d231655-8132-4947-b7e0-7eb65007f868,no_physical_reference,tarif_indisponible,reports/uk/connected-kerb-app-collection-latest.json
P4,Lyndhurst Road Car Park,705ac7d7-7748-4414-9a33-70115ef17499,95e08756-f7e1-4ead-98b5-d10524a8b180,546efdbe-d149-45f7-876b-e8b37e893f19,no_physical_reference,tarif_indisponible,reports/uk/connected-kerb-app-collection-latest.json
P4,South Promenade North,d9f35a22-6d72-49d6-8d01-5d4cb6ea7899,213fe651-8b89-4e11-a2fa-2083b34bdf5f,630b27fc-bd20-4fd7-af22-f476d66b8620,no_physical_reference,tarif_indisponible,reports/uk/connected-kerb-app-collection-latest.json
P4,South Promenade North,d9f35a22-6d72-49d6-8d01-5d4cb6ea7899,0e8b40f4-bd87-4a29-8f33-44598bb9a963,3200f6d9-5b25-4cca-9fce-c987b6642965,no_physical_reference,tarif_indisponible,reports/uk/connected-kerb-app-collection-latest.json
P4,South Promenade North,d9f35a22-6d72-49d6-8d01-5d4cb6ea7899,8a71b17f-637d-4b16-acfb-3c32c718fc7e,b3b81e5a-c526-475a-b047-4d5e5d3cb63f,no_physical_reference,tarif_indisponible,reports/uk/connected-kerb-app-collection-latest.json
P4,South Promenade North,d9f35a22-6d72-49d6-8d01-5d4cb6ea7899,e936d4ed-ebf0-49b2-aa52-d4572108f9aa,a8ce6ca3-b314-4cb3-be3e-31a51e809ec4,no_physical_reference,tarif_indisponible,reports/uk/connected-kerb-app-collection-latest.json
P4,South Promenade North,d9f35a22-6d72-49d6-8d01-5d4cb6ea7899,92ae3963-af94-4c8a-a928-2c71b8fe0acf,1d8cf519-d3f3-4b82-9d60-c0c33a566dc1,no_physical_reference,tarif_indisponible,reports/uk/connected-kerb-app-collection-latest.json
P4,South Promenade North,d9f35a22-6d72-49d6-8d01-5d4cb6ea7899,5b93d7c5-6203-4244-82c8-b212051ccb34,ba4b24e4-2068-47d1-8ca3-ccbfb5e3238b,no_physical_reference,tarif_indisponible,reports/uk/connected-kerb-app-collection-latest.json
P4,South Promenade North,d9f35a22-6d72-49d6-8d01-5d4cb6ea7899,07f234e8-cdcb-45c7-b234-1d52601186fc,aa6ae396-611e-4100-b34d-00eae191eefe,no_physical_reference,tarif_indisponible,reports/uk/connected-kerb-app-collection-latest.json
P4,South Promenade North,d9f35a22-6d72-49d6-8d01-5d4cb6ea7899,a18bb48f-ab17-43c7-8a47-96570dda3fab,634e8893-4c2a-46b0-b6f2-043d8a1b13ee,no_physical_reference,tarif_indisponible,reports/uk/connected-kerb-app-collection-latest.json
P4,South Promenade North,d9f35a22-6d72-49d6-8d01-5d4cb6ea7899,4ef4fda7-59a9-494b-b4d9-c9759ac68ab0,f4d761df-3e4b-4b14-abfb-54889e8dfe67,no_physical_reference,tarif_indisponible,reports/uk/connected-kerb-app-collection-latest.json
P4,South Promenade North,d9f35a22-6d72-49d6-8d01-5d4cb6ea7899,5dbf96cb-4b02-44e7-b7c1-92a89c7204e0,07a8cde6-8968-4ee7-92fd-df066f144fc0,no_physical_reference,tarif_indisponible,reports/uk/connected-kerb-app-collection-latest.json
P4,South Promenade North,d9f35a22-6d72-49d6-8d01-5d4cb6ea7899,1ac1c22d-e0cc-4ac8-abd0-aaeea91ef568,8bbbe0c5-b1af-42fe-98db-6ac9695bfa62,no_physical_reference,tarif_indisponible,reports/uk/connected-kerb-app-collection-latest.json
P4,South Promenade North,d9f35a22-6d72-49d6-8d01-5d4cb6ea7899,ce16b38c-0aed-46b5-841a-4b9cf9e9c3de,376ecab1-e118-4de1-9928-795dd951dc59,no_physical_reference,tarif_indisponible,reports/uk/connected-kerb-app-collection-latest.json
P4,"Manhood Lane, Siddlesham",12aec0c0-7091-4720-b8a5-496d154207e2,881ee4e2-e284-4ffa-aaf3-8ef5e97df0fe,37f05c0e-0377-40ee-8984-2edb43404695,no_physical_reference,tarif_indisponible,reports/uk/connected-kerb-app-collection-latest.json
P4,"Manhood Lane, Siddlesham",12aec0c0-7091-4720-b8a5-496d154207e2,2f77f1cd-11ae-4cf4-842e-b90eab5cac29,2d991ed8-a505-41eb-ba82-82b2dd193c75,no_physical_reference,tarif_indisponible,reports/uk/connected-kerb-app-collection-latest.json
P4,"Manhood Lane, Siddlesham",12aec0c0-7091-4720-b8a5-496d154207e2,edf0be01-a286-4d0f-a43c-120d7f0851cd,9caa5cf8-9863-4655-91a4-88a685fc6e13,no_physical_reference,tarif_indisponible,reports/uk/connected-kerb-app-collection-latest.json
P4,"Manhood Lane, Siddlesham",12aec0c0-7091-4720-b8a5-496d154207e2,fd9c4e9d-e222-4033-b41d-e70791482d18,f6b80c0f-1b97-4239-9f3b-8e68d73f0cea,no_physical_reference,tarif_indisponible,reports/uk/connected-kerb-app-collection-latest.json
P4,"Manhood Lane, Siddlesham",12aec0c0-7091-4720-b8a5-496d154207e2,45589cef-e0c4-4b4b-a490-eeb45861dc7b,818e5488-8ccd-4f72-b573-562047f4832d,no_physical_reference,tarif_indisponible,reports/uk/connected-kerb-app-collection-latest.json
P4,"Manhood Lane, Siddlesham",12aec0c0-7091-4720-b8a5-496d154207e2,5d72dedf-19e2-4ec8-bee7-4f899cbe64ee,c83d5533-aa4a-4173-8196-40de62805e95,no_physical_reference,tarif_indisponible,reports/uk/connected-kerb-app-collection-latest.json
P4,"Pingles Leisure Centre, Nuneaton",8727b448-73a2-4c0d-b051-a4e3596e7a8d,5c0b9b85-3e8d-49fb-844c-19991dc8371c,fbff800d-73d0-4073-bb90-3bece6fc0a9b,no_physical_reference,tarif_indisponible,reports/uk/connected-kerb-app-collection-latest.json
P4,"Pingles Leisure Centre, Nuneaton",8727b448-73a2-4c0d-b051-a4e3596e7a8d,5069ff44-65bd-4311-a87d-ca2e4eede789,e502b1c8-67c1-4ed6-a2cb-9321c9f5d0c6,no_physical_reference,tarif_indisponible,reports/uk/connected-kerb-app-collection-latest.json
P4,"Pingles Leisure Centre, Nuneaton",8727b448-73a2-4c0d-b051-a4e3596e7a8d,eaf8bf6d-d61b-4480-bd5f-f5283fe5d666,1a3eee3e-a47c-44ed-8c04-f0a89d69de0c,no_physical_reference,tarif_indisponible,reports/uk/connected-kerb-app-collection-latest.json
P4,"Pingles Leisure Centre, Nuneaton",8727b448-73a2-4c0d-b051-a4e3596e7a8d,334957ff-db4a-4b23-b21e-89d78ee25735,9e3c500a-fd5b-4273-80d0-5afea8560a56,no_physical_reference,tarif_indisponible,reports/uk/connected-kerb-app-collection-latest.json
P3,"High Street, Henley-in-Arden",619bce75-4da6-4fc2-839b-731e22b611ff,GB*CK0*E20928,9b117b7b-d3b9-4c2b-962b-baff90bf138e,no_unique_exact_socket_match,correspondance_non_verifiee,reports/uk/connected-kerb-app-collection-latest.json
P3,"High Street, Henley-in-Arden",619bce75-4da6-4fc2-839b-731e22b611ff,GB*CK0*E20929,23dfaba5-d549-4b14-a286-acbf4fd9cc9b,no_unique_exact_socket_match,correspondance_non_verifiee,reports/uk/connected-kerb-app-collection-latest.json
P4,"Binswood Avenue, Leamington Spa",6619f70d-7d09-49a5-bb6a-4cfb67f75f09,GB*CK0*E1790325110AC6SJRR,eb8afeed-aeae-4e7d-8daa-bc26aa0713e2,no_physical_reference,tarif_indisponible,reports/uk/connected-kerb-app-collection-latest.json
P4,"Binswood Avenue, Leamington Spa",6619f70d-7d09-49a5-bb6a-4cfb67f75f09,GB*CK0*E1790325110U0B7IYU,29135c38-d6e4-44ec-b19c-3ead0147bc76,no_physical_reference,tarif_indisponible,reports/uk/connected-kerb-app-collection-latest.json
P4,"Binswood Avenue, Leamington Spa",6619f70d-7d09-49a5-bb6a-4cfb67f75f09,GB*CK0*E1790325085YWI12CR,9e2a740a-3f1f-484e-83c7-efc1ac0402b3,no_physical_reference,tarif_indisponible,reports/uk/connected-kerb-app-collection-latest.json
P4,"Binswood Avenue, Leamington Spa",6619f70d-7d09-49a5-bb6a-4cfb67f75f09,GB*CK0*E1790325085IE3XQNG,4423b3ee-dcd6-43b8-87cd-ed163f8be836,no_physical_reference,tarif_indisponible,reports/uk/connected-kerb-app-collection-latest.json
P4,"Binswood Avenue, Leamington Spa",6619f70d-7d09-49a5-bb6a-4cfb67f75f09,GB*CK0*E1790325130BGBARYT,5b7f934c-248d-488c-aa74-dab1c07d4864,no_physical_reference,tarif_indisponible,reports/uk/connected-kerb-app-collection-latest.json
P4,"Binswood Avenue, Leamington Spa",6619f70d-7d09-49a5-bb6a-4cfb67f75f09,GB*CK0*E17903251301OK2L6Y,6be4fa46-f085-4452-9f26-5e533dafff85,no_physical_reference,tarif_indisponible,reports/uk/connected-kerb-app-collection-latest.json
P4,"Binswood Avenue, Leamington Spa",6619f70d-7d09-49a5-bb6a-4cfb67f75f09,GB*CK0*E1790325061C2O68EI,56eec033-7c45-4041-85b9-8cf904816524,no_physical_reference,tarif_indisponible,reports/uk/connected-kerb-app-collection-latest.json
P4,"Binswood Avenue, Leamington Spa",6619f70d-7d09-49a5-bb6a-4cfb67f75f09,GB*CK0*E1790325061SX6UYFX,1afc9cae-5d31-4673-ab94-1c1e87f1cdc2,no_physical_reference,tarif_indisponible,reports/uk/connected-kerb-app-collection-latest.json
P4,"West Rock Car Park, Warwick",0af62cd3-76ff-4854-a6af-119dabf7bfd7,c82daf36-a0a8-44f2-8009-26b7b5d949db,bb2f202f-22a5-40cb-a7cd-19d662709d67,no_physical_reference,tarif_indisponible,reports/uk/connected-kerb-app-collection-latest.json
P4,"West Rock Car Park, Warwick",0af62cd3-76ff-4854-a6af-119dabf7bfd7,041fa4db-34a0-4dc2-a6c8-59a3d7e52dca,3ec1fb7b-f622-4dd7-8caf-dc3a6d35a7b5,no_physical_reference,tarif_indisponible,reports/uk/connected-kerb-app-collection-latest.json
P4,"West Rock Car Park, Warwick",0af62cd3-76ff-4854-a6af-119dabf7bfd7,e4d1596b-9c22-430c-a724-274137e82a2b,43b0b53a-956a-4a8c-9c68-7db6145ed5f9,no_physical_reference,tarif_indisponible,reports/uk/connected-kerb-app-collection-latest.json
P4,"West Rock Car Park, Warwick",0af62cd3-76ff-4854-a6af-119dabf7bfd7,a3b779ec-e002-409b-8f6e-9574ed1eb483,522c57cf-24ea-49ff-b0b6-00f0ca5b551d,no_physical_reference,tarif_indisponible,reports/uk/connected-kerb-app-collection-latest.json
P3,Wood Street Car Park,d089fc02-c045-4f7d-85bb-e5cbf085516f,GB*CK0*E1790070005P40FTJN,efd7e469-4b7f-4a87-afb6-41558a01219c,no_unique_exact_socket_match,correspondance_non_verifiee,reports/uk/connected-kerb-app-collection-latest.json
P3,Wood Street Car Park,d089fc02-c045-4f7d-85bb-e5cbf085516f,GB*CK0*E17900700125HEKHUA,ab676b80-56a2-43d1-98ff-492e9779c7bc,no_unique_exact_socket_match,correspondance_non_verifiee,reports/uk/connected-kerb-app-collection-latest.json
P4,"Bulls Head Yard Car Park, Alcester",683c6717-7fed-46d9-a8bb-4dd6f7cfc17b,GB*CK0*E21153,578fc7a6-4925-4011-bbbf-34a8461e2465,app HTTP 404,tarif_indisponible,reports/uk/connected-kerb-app-collection-latest.json
P4,"Bulls Head Yard Car Park, Alcester",683c6717-7fed-46d9-a8bb-4dd6f7cfc17b,GB*CK0*E21154,e261956a-5bee-402e-ba95-560f4afcd075,app HTTP 404,tarif_indisponible,reports/uk/connected-kerb-app-collection-latest.json
P4,"Bulls Head Yard Car Park, Alcester",683c6717-7fed-46d9-a8bb-4dd6f7cfc17b,GB*CK0*E21151,9a08bb85-2263-4ddf-9920-dec42adbbf0e,app HTTP 404,tarif_indisponible,reports/uk/connected-kerb-app-collection-latest.json
P4,"Bulls Head Yard Car Park, Alcester",683c6717-7fed-46d9-a8bb-4dd6f7cfc17b,GB*CK0*E21152,ecb476b2-050a-4058-aa89-205ab02b1805,app HTTP 404,tarif_indisponible,reports/uk/connected-kerb-app-collection-latest.json
P4,"Bulls Head Yard Car Park, Alcester",683c6717-7fed-46d9-a8bb-4dd6f7cfc17b,GB*CK0*E21147,8f1df685-8241-40fb-bc6d-7efef9084eb1,app HTTP 404,tarif_indisponible,reports/uk/connected-kerb-app-collection-latest.json
P4,"Bulls Head Yard Car Park, Alcester",683c6717-7fed-46d9-a8bb-4dd6f7cfc17b,GB*CK0*E21148,5322b934-d190-4f45-a304-f233f43dd866,app HTTP 404,tarif_indisponible,reports/uk/connected-kerb-app-collection-latest.json
P4,"Bulls Head Yard Car Park, Alcester",683c6717-7fed-46d9-a8bb-4dd6f7cfc17b,GB*CK0*E21149,d4658838-af41-43ae-984c-0d8e837bd165,app HTTP 404,tarif_indisponible,reports/uk/connected-kerb-app-collection-latest.json
P4,"Bulls Head Yard Car Park, Alcester",683c6717-7fed-46d9-a8bb-4dd6f7cfc17b,GB*CK0*E21150,325bf80a-71b7-4964-9085-ac0128f08e7c,app HTTP 404,tarif_indisponible,reports/uk/connected-kerb-app-collection-latest.json
P4,"Arden Street Car Park, Stratford",27c73f88-9d0f-4d4a-b4ce-2eb7dbb91988,b6b86d96-02d4-4495-b330-1d396d9b60c3,bf1b5d31-9fed-4eef-a611-548b3fcfef5e,no_physical_reference,tarif_indisponible,reports/uk/connected-kerb-app-collection-latest.json
P4,"Arden Street Car Park, Stratford",27c73f88-9d0f-4d4a-b4ce-2eb7dbb91988,2f706ff8-5487-48de-aba4-5f70cacdf990,16f1497b-196d-4e08-a0b5-1fbfcf21b5a7,no_physical_reference,tarif_indisponible,reports/uk/connected-kerb-app-collection-latest.json
P4,"Arden Street Car Park, Stratford",27c73f88-9d0f-4d4a-b4ce-2eb7dbb91988,383e3fe6-2cc5-4de0-b00a-9506f11d7ed0,52d01af6-561e-4978-840a-ffee7eb04df0,no_physical_reference,tarif_indisponible,reports/uk/connected-kerb-app-collection-latest.json
P4,"Arden Street Car Park, Stratford",27c73f88-9d0f-4d4a-b4ce-2eb7dbb91988,1853ba2c-532f-469e-a10b-c5fa9b26a6b8,ba329caf-ea31-4fd3-8076-54c37f39e5cf,no_physical_reference,tarif_indisponible,reports/uk/connected-kerb-app-collection-latest.json
P4,"Pear Tree Avenue Car Park, Kingsbury",165dbc5e-9a5b-4d4f-ba89-ea00547d268c,06bbc19a-d114-4f6f-9ca3-8b61752f6df5,dc1621c5-2e71-4a06-aaa1-df3da68465b0,no_physical_reference,tarif_indisponible,reports/uk/connected-kerb-app-collection-latest.json
P4,"Pear Tree Avenue Car Park, Kingsbury",165dbc5e-9a5b-4d4f-ba89-ea00547d268c,1f651be3-c11e-403f-bc4f-98a89393d451,d0840b6c-ad90-439f-b076-18236c0de4ec,no_physical_reference,tarif_indisponible,reports/uk/connected-kerb-app-collection-latest.json
P4,"Pear Tree Avenue Car Park, Kingsbury",165dbc5e-9a5b-4d4f-ba89-ea00547d268c,4f88ce66-fc12-43b6-8a10-0ebafb25c11a,db5f4d42-df53-4ca2-975c-6619f0f18f48,no_physical_reference,tarif_indisponible,reports/uk/connected-kerb-app-collection-latest.json
P4,"Pear Tree Avenue Car Park, Kingsbury",165dbc5e-9a5b-4d4f-ba89-ea00547d268c,e5b0ce30-402e-47e5-bb49-976ec8aba9a1,b2975a32-a7f3-4c5c-8e7b-7309c0d70196,no_physical_reference,tarif_indisponible,reports/uk/connected-kerb-app-collection-latest.json
P4,"Bedworth Leisure Centre, Bedworth",d79405a2-9fe0-4c6e-9e8b-934079f0f9f6,2fcaaaaa-2ef4-45b6-8c7b-8a6865fd173e,7ed4f2f0-bd45-416c-a226-4708140f7d28,no_physical_reference,tarif_indisponible,reports/uk/connected-kerb-app-collection-latest.json
P4,"Bedworth Leisure Centre, Bedworth",d79405a2-9fe0-4c6e-9e8b-934079f0f9f6,a230bb83-2e81-4ff1-9f91-4de66d7c813b,89943ef0-39bd-4132-8814-bfcbb027265d,no_physical_reference,tarif_indisponible,reports/uk/connected-kerb-app-collection-latest.json
P4,"Bedworth Leisure Centre, Bedworth",d79405a2-9fe0-4c6e-9e8b-934079f0f9f6,f92bf141-f5f9-4643-b8f5-d54d2ebc8798,83a026a4-7c70-4947-82ef-b45bf9548efa,no_physical_reference,tarif_indisponible,reports/uk/connected-kerb-app-collection-latest.json
P4,"Bedworth Leisure Centre, Bedworth",d79405a2-9fe0-4c6e-9e8b-934079f0f9f6,b135b1c2-344b-4ae8-ac3b-c2403b07f951,ff31d71e-c109-4ee1-a3b2-2b8f35c6b99a,no_physical_reference,tarif_indisponible,reports/uk/connected-kerb-app-collection-latest.json
P4,"Market Place (Square), Warwick",0e851f6d-4fe4-4f06-a724-3e56ce4d826e,4f01c026-8996-4826-a5d8-bcd3e388e10d,f9a0b5de-8f29-44ff-9190-ad97f0d04e58,no_physical_reference,tarif_indisponible,reports/uk/connected-kerb-app-collection-latest.json
P4,"Market Place (Square), Warwick",0e851f6d-4fe4-4f06-a724-3e56ce4d826e,ea3fa863-cbae-43d0-8eca-b3b7b9bfde45,ddada411-21ee-4a6b-a3f4-de3a24dd4781,no_physical_reference,tarif_indisponible,reports/uk/connected-kerb-app-collection-latest.json
P4,"Market Place (Square), Warwick",0e851f6d-4fe4-4f06-a724-3e56ce4d826e,cc322086-e4f8-4929-b24f-b5ada085048a,e35b6b0b-1065-4ad5-8e1b-df355ec31040,no_physical_reference,tarif_indisponible,reports/uk/connected-kerb-app-collection-latest.json
P4,"Market Place (Square), Warwick",0e851f6d-4fe4-4f06-a724-3e56ce4d826e,8563cd2f-df0a-4d79-b42a-8a829c0648e1,d970fa48-fcdc-467e-a98e-a631aa732d1c,no_physical_reference,tarif_indisponible,reports/uk/connected-kerb-app-collection-latest.json
P4,"Market Place (Square), Warwick",0e851f6d-4fe4-4f06-a724-3e56ce4d826e,d29dced9-8bea-4906-89b0-83030ca03705,df36a1d1-b94e-4dbb-97c0-e5a05a945929,no_physical_reference,tarif_indisponible,reports/uk/connected-kerb-app-collection-latest.json
P4,"Market Place (Square), Warwick",0e851f6d-4fe4-4f06-a724-3e56ce4d826e,dcd7a56f-8761-4493-8205-7f5458298d14,9e69d3a2-5a1c-4285-9d01-0ade96467e72,no_physical_reference,tarif_indisponible,reports/uk/connected-kerb-app-collection-latest.json
P4,Coleshill Park & Ride,47cb912b-95fc-429f-8c00-ecf5416c5c69,ff32d990-f3ce-43c3-850e-5fdff17b1d08,97999281-b73f-4ba6-a772-e534bf76b156,no_physical_reference,tarif_indisponible,reports/uk/connected-kerb-app-collection-latest.json
P4,"Hampton Road Car Park, Warwick",09d8798e-c7e3-4e6b-a2ba-3ca7599811d9,41b0049c-5f74-4020-a833-9b1e8fa9cf7d,6d442c6e-d1c4-4f6b-8c80-36ddff724ac7,no_physical_reference,tarif_indisponible,reports/uk/connected-kerb-app-collection-latest.json
P4,"Hampton Road Car Park, Warwick",09d8798e-c7e3-4e6b-a2ba-3ca7599811d9,a9e4cfd0-4428-48ba-a099-c7f57953f2ce,81e74d81-00a2-451b-ada5-071a91df26b8,no_physical_reference,tarif_indisponible,reports/uk/connected-kerb-app-collection-latest.json
P4,"Hampton Road Car Park, Warwick",09d8798e-c7e3-4e6b-a2ba-3ca7599811d9,abc5006f-69e8-4af6-a237-33f011cd9f25,d5f11cd4-cd86-4096-83da-18ab4589fc90,no_physical_reference,tarif_indisponible,reports/uk/connected-kerb-app-collection-latest.json
P4,"Hampton Road Car Park, Warwick",09d8798e-c7e3-4e6b-a2ba-3ca7599811d9,e4f265dd-299d-4142-9476-303b3a58acdc,81a191f1-26cb-427b-b7c2-2e416355c476,no_physical_reference,tarif_indisponible,reports/uk/connected-kerb-app-collection-latest.json
P3,St Peters Multi-storey Car Park,29d3f963-e0a2-47f2-a407-3788699a3257,94d9d572-ba64-4d85-aca5-8804ab5bc240,4fead22c-cb3f-47d1-a985-14d320ae9037,no_unique_exact_socket_match,correspondance_non_verifiee,reports/uk/connected-kerb-app-collection-latest.json
P3,St Peters Multi-storey Car Park,29d3f963-e0a2-47f2-a407-3788699a3257,27f6ca0c-7698-4b20-b000-00c267255cf7,1c2bf240-6090-44a9-b0b5-781ed7c58565,no_unique_exact_socket_match,correspondance_non_verifiee,reports/uk/connected-kerb-app-collection-latest.json
P3,St Peters Multi-storey Car Park,29d3f963-e0a2-47f2-a407-3788699a3257,1fdd90c6-d646-498a-a980-0a1213016dcc,0302ec96-b89b-474e-bda6-e609ac713b45,no_unique_exact_socket_match,correspondance_non_verifiee,reports/uk/connected-kerb-app-collection-latest.json
P3,"Abbey End Car Park, Kenilworth",81a2ae86-2209-4be9-8052-4c24ec71630f,GB*CK0*E21159,69020775-8b63-4a44-82ab-918f05d8b862,no_unique_exact_socket_match,correspondance_non_verifiee,reports/uk/connected-kerb-app-collection-latest.json
P3,"Abbey End Car Park, Kenilworth",81a2ae86-2209-4be9-8052-4c24ec71630f,GB*CK0*E21158,e20234b4-681b-4278-9e2d-ec589f9780ad,no_unique_exact_socket_match,correspondance_non_verifiee,reports/uk/connected-kerb-app-collection-latest.json
P3,139 Aldershot Road,f8347a93-67e8-4ae4-8961-12e14771fc8c,GB*CK0*E21380,072ad147-e38b-4fa4-9789-f700970f7b7a,no_unique_exact_socket_match,correspondance_non_verifiee,reports/uk/connected-kerb-app-collection-latest.json
P3,139 Aldershot Road,f8347a93-67e8-4ae4-8961-12e14771fc8c,GB*CK0*E21381,dc59b4de-5e59-49c9-8853-abf26913f3f6,no_unique_exact_socket_match,correspondance_non_verifiee,reports/uk/connected-kerb-app-collection-latest.json
P3,17 Le Personne Road,8addd9ff-f644-4822-813c-9577bd3d686e,GB*CK0*E21386,d8088bf2-572b-4cb4-ba18-8bb9d0627f85,no_unique_exact_socket_match,correspondance_non_verifiee,reports/uk/connected-kerb-app-collection-latest.json
P3,17 Le Personne Road,8addd9ff-f644-4822-813c-9577bd3d686e,GB*CK0*E21387,d4cbd5f7-1e2e-4ab7-a735-33c9e55b45fc,no_unique_exact_socket_match,correspondance_non_verifiee,reports/uk/connected-kerb-app-collection-latest.json
P3,Church Hill,70ac745c-0690-406e-991b-0f0040e1b966,GB*CK0*E20934,3f240e2d-6f91-4df0-a9c3-71f0c2b8a71e,no_unique_exact_socket_match,correspondance_non_verifiee,reports/uk/connected-kerb-app-collection-latest.json
P4,Tredomen Site 1,e6381e28-33ac-4070-a547-7b93bfeb4d5e,GB*CK0*E18506,6fe8b8cb-b4e8-4ca0-8b53-7cfba7055be5,app HTTP 404,tarif_indisponible,reports/uk/connected-kerb-app-collection-latest.json
P4,Tredomen Site 1,e6381e28-33ac-4070-a547-7b93bfeb4d5e,GB*CK0*E18507,dbe2c470-8c1f-4ab4-b8c5-26a72ce987f1,app HTTP 404,tarif_indisponible,reports/uk/connected-kerb-app-collection-latest.json
P4,Tredomen Site 1,e6381e28-33ac-4070-a547-7b93bfeb4d5e,GB*CK0*E18504,ba1c309e-c6f4-4e46-a4db-b0035c84d9e5,app HTTP 404,tarif_indisponible,reports/uk/connected-kerb-app-collection-latest.json
P4,Tredomen Site 1,e6381e28-33ac-4070-a547-7b93bfeb4d5e,GB*CK0*E18505,ecb7137e-ea8e-4a80-969d-c3a5817d599e,app HTTP 404,tarif_indisponible,reports/uk/connected-kerb-app-collection-latest.json
P3,33 The Avenue,c9650325-d6c3-4199-afd8-187c2324f135,GB*CK0*E21718,ad34c7b1-8270-4ba0-a46a-d91f699c6627,no_unique_exact_socket_match,correspondance_non_verifiee,reports/uk/connected-kerb-app-collection-latest.json
P3,33 The Avenue,c9650325-d6c3-4199-afd8-187c2324f135,GB*CK0*E21719,8a76ff99-2ff2-4737-944d-dbb9f169757c,no_unique_exact_socket_match,correspondance_non_verifiee,reports/uk/connected-kerb-app-collection-latest.json
P2,Gosfield Road,7bc2c376-d946-4cc7-854d-00b290cdf3be,GB*CK0*E21735,98c8d60d-6463-4aad-a1c3-46366609807a,no_unique_standard_tariff,tarif_non_attribuable,reports/uk/connected-kerb-app-collection-latest.json
P2,Gosfield Road,7bc2c376-d946-4cc7-854d-00b290cdf3be,GB*CK0*E21736,3e78efd8-df42-4897-bf8c-fb2846bbe4d9,no_unique_standard_tariff,tarif_non_attribuable,reports/uk/connected-kerb-app-collection-latest.json
P2,Gosfield Road,7bc2c376-d946-4cc7-854d-00b290cdf3be,GB*CK0*E22482,f8afa9c5-343d-4640-b4a3-67fc64ef12cd,no_unique_standard_tariff,tarif_non_attribuable,reports/uk/connected-kerb-app-collection-latest.json
P2,Gosfield Road,7bc2c376-d946-4cc7-854d-00b290cdf3be,GB*CK0*E22483,b28421a2-523f-416e-9e8b-301903f47db5,no_unique_standard_tariff,tarif_non_attribuable,reports/uk/connected-kerb-app-collection-latest.json
P2,Kennedy Road,aebd8be1-032c-4fe1-ae9e-bd894667b12b,GB*CK0*E21537,e19c54d9-f2f9-46c1-b9de-a25d94c20199,no_unique_standard_tariff,tarif_non_attribuable,reports/uk/connected-kerb-app-collection-latest.json
P2,Kennedy Road,aebd8be1-032c-4fe1-ae9e-bd894667b12b,GB*CK0*E21536,7789c177-eb20-4a64-90ab-44aafc698b43,no_unique_standard_tariff,tarif_non_attribuable,reports/uk/connected-kerb-app-collection-latest.json
P2,Kennedy Road,aebd8be1-032c-4fe1-ae9e-bd894667b12b,GB*CK0*E21533,b86b1ff6-31ac-4c2d-b555-f45ca38532af,no_unique_standard_tariff,tarif_non_attribuable,reports/uk/connected-kerb-app-collection-latest.json
P2,Kennedy Road,aebd8be1-032c-4fe1-ae9e-bd894667b12b,GB*CK0*E21532,18009e17-32a4-4a4f-ad33-c27dad293f65,no_unique_standard_tariff,tarif_non_attribuable,reports/uk/connected-kerb-app-collection-latest.json
P4,Ynys Car Park,ffdb2c39-9b4c-4c32-b821-4de62b3fc1d9,a537c42c-2639-44d4-8c73-94bd54c9d43d,840e57cf-ec7f-42d9-8bbd-82fbe9ef3eb8,no_physical_reference,tarif_indisponible,reports/uk/connected-kerb-app-collection-latest.json
P4,Ynys Car Park,ffdb2c39-9b4c-4c32-b821-4de62b3fc1d9,0e3e831f-cbf4-4f6d-a6fc-e9090038e0ad,eef2c1c4-cdbc-43fc-82b2-cb6a16289703,no_physical_reference,tarif_indisponible,reports/uk/connected-kerb-app-collection-latest.json
P4,Sardis Road,84d900f6-f7b6-4151-a236-ac460e23844d,8341d2f1-b66f-46bc-9848-924fa51d16b4,16324ed5-3173-4f36-ad13-f115aaeb1d12,no_physical_reference,tarif_indisponible,reports/uk/connected-kerb-app-collection-latest.json
P4,Sardis Road,84d900f6-f7b6-4151-a236-ac460e23844d,50412f7e-7190-40ed-a83c-95638797bc3e,3b5f8f16-4e01-41e8-a6a7-4c42419bfca6,no_physical_reference,tarif_indisponible,reports/uk/connected-kerb-app-collection-latest.json
P4,Sardis Road,84d900f6-f7b6-4151-a236-ac460e23844d,c3c1a0d9-c457-4939-8813-257fb5ca73aa,dff8dab4-6b5e-437f-8b24-d58fc62eca44,no_physical_reference,tarif_indisponible,reports/uk/connected-kerb-app-collection-latest.json
P4,Sardis Road,84d900f6-f7b6-4151-a236-ac460e23844d,182f1aae-c862-4672-a6e4-0e89447e4c1f,58c17791-9686-444a-99a6-0c2b87cf6340,no_physical_reference,tarif_indisponible,reports/uk/connected-kerb-app-collection-latest.json
P4,Cambrian Avenue,e0a934a4-d4d1-4e1a-ba44-0524b06a0180,7eb26a4e-af0d-455d-a521-0b82b3b742d9,ca874d6c-8e19-4be2-830f-b287ae00d10a,no_physical_reference,tarif_indisponible,reports/uk/connected-kerb-app-collection-latest.json
P4,Cambrian Avenue,e0a934a4-d4d1-4e1a-ba44-0524b06a0180,a073aad8-b3cb-44ac-b2eb-0fb970b28ef4,4ec84bf8-47c3-4b35-a12f-c068e03b83b8,no_physical_reference,tarif_indisponible,reports/uk/connected-kerb-app-collection-latest.json
P4,Dare Villas,c6802f3a-57c6-482b-a223-9a9a902a8367,484bb955-5445-4e1c-b15b-4fcc54969389,08df0c19-e9ff-4d81-a0e5-4587d8fc187a,no_physical_reference,tarif_indisponible,reports/uk/connected-kerb-app-collection-latest.json
P4,Dare Villas,c6802f3a-57c6-482b-a223-9a9a902a8367,94ec5b7e-4da9-4223-bdd9-d40e5bd82206,1913a25f-f757-4f1e-90eb-34969f1fa99a,no_physical_reference,tarif_indisponible,reports/uk/connected-kerb-app-collection-latest.json
P4,Dare Villas,c6802f3a-57c6-482b-a223-9a9a902a8367,d8c2885e-3f53-4c2f-bdb1-08668c9cbfd7,b85b8aa6-58cf-49ea-bc96-8842c788e73e,no_physical_reference,tarif_indisponible,reports/uk/connected-kerb-app-collection-latest.json
P4,Dare Villas,c6802f3a-57c6-482b-a223-9a9a902a8367,0decc06a-dd4c-4d02-98ba-47fd5626d8f7,1e18c934-df47-4494-973d-cd944db9ae47,no_physical_reference,tarif_indisponible,reports/uk/connected-kerb-app-collection-latest.json
P4,Rhydycar Leisure Centre,3bf52c69-3ad4-40fe-b8d4-26948dcb0662,08b87754-064f-4a5f-a179-a8bf9ea34613,96dac595-a5ef-47ac-ac29-7f27e74f1dec,no_physical_reference,tarif_indisponible,reports/uk/connected-kerb-app-collection-latest.json
P4,Rhydycar Leisure Centre,3bf52c69-3ad4-40fe-b8d4-26948dcb0662,419ea976-0115-47d8-b607-9b240ea54969,684072a9-61fb-4a37-894f-99a2bb7a03ae,no_physical_reference,tarif_indisponible,reports/uk/connected-kerb-app-collection-latest.json
P4,Rhydycar Leisure Centre,3bf52c69-3ad4-40fe-b8d4-26948dcb0662,1699f047-cd99-4521-8719-de0543e72800,4c1bf3a7-d2cc-44a0-80e9-bfa656a62bc8,no_physical_reference,tarif_indisponible,reports/uk/connected-kerb-app-collection-latest.json
P4,Rhydycar Leisure Centre,3bf52c69-3ad4-40fe-b8d4-26948dcb0662,aadd4c92-95cc-4882-8c0b-f7c23942587e,ab327ef3-bd3b-44cb-a501-a436eeb8a4a2,no_physical_reference,tarif_indisponible,reports/uk/connected-kerb-app-collection-latest.json
P4,Universal Street,ae91a001-833d-458c-b03b-46d59b9743db,269f6e19-9877-4aa2-b6b5-13653d9e9311,8a657037-fcfb-4593-90cf-26458ef64474,no_physical_reference,tarif_indisponible,reports/uk/connected-kerb-app-collection-latest.json
P4,Universal Street,ae91a001-833d-458c-b03b-46d59b9743db,1662113a-d6d7-4057-b7db-f155a4171452,09146b79-3c2f-4b42-8676-b50090c189ac,no_physical_reference,tarif_indisponible,reports/uk/connected-kerb-app-collection-latest.json
P4,Universal Street,ae91a001-833d-458c-b03b-46d59b9743db,c9bf845f-51e9-4ee0-bf4f-8b4e0be113e5,67185605-5eb5-48c3-a632-eb53e4b0b379,no_physical_reference,tarif_indisponible,reports/uk/connected-kerb-app-collection-latest.json
P4,Universal Street,ae91a001-833d-458c-b03b-46d59b9743db,88c989fc-84ae-4f4c-a5c2-f02727c96feb,2f3b59a5-7a4e-4464-977e-e05ce91298c6,no_physical_reference,tarif_indisponible,reports/uk/connected-kerb-app-collection-latest.json
P4,Bettws Lane Car Park (Morgan Pool),a19d5569-faf7-48cb-b3db-7d7c0bb7c577,576441bf-cb57-4a2c-a77b-48797d85de11,52c2e5ea-71af-4eb2-9adc-6e0467f437fd,no_physical_reference,tarif_indisponible,reports/uk/connected-kerb-app-collection-latest.json
P4,Bettws Lane Car Park (Morgan Pool),a19d5569-faf7-48cb-b3db-7d7c0bb7c577,50493fb1-aa5f-4444-8013-74cca7ffe130,521358ac-dd5b-4c3b-acfa-0e1792da23fb,no_physical_reference,tarif_indisponible,reports/uk/connected-kerb-app-collection-latest.json
P4,Penderyn Community Centre,b424d534-0e18-4534-8bbd-3beb2d051985,230f8de5-d0ba-417a-a67e-11f6408697e2,71b1c9f9-78e6-4b26-9031-0b1d4e668c51,no_physical_reference,tarif_indisponible,reports/uk/connected-kerb-app-collection-latest.json
P4,Penderyn Community Centre,b424d534-0e18-4534-8bbd-3beb2d051985,d0a1248f-f668-4a2f-b5aa-c0453738b741,dd187b8c-b21c-458b-9df0-a2718e94c2d4,no_physical_reference,tarif_indisponible,reports/uk/connected-kerb-app-collection-latest.json
P4,"Napier Street, Jarrow",56fc1499-fc88-48f6-bf56-f560bbe1efc3,0e78ef2c-e73a-4416-b598-77541566a2a2,0f8be510-a7cb-4f20-989e-8f4be0b820c7,no_physical_reference,tarif_indisponible,reports/uk/connected-kerb-app-collection-latest.json
P4,"Napier Street, Jarrow",56fc1499-fc88-48f6-bf56-f560bbe1efc3,9855d918-1a76-4c4e-a5d7-a83c60426784,a65b1b96-6b0a-484c-b3c4-bb6b39ef1bb1,no_physical_reference,tarif_indisponible,reports/uk/connected-kerb-app-collection-latest.json
P4,"Napier Street, Jarrow",56fc1499-fc88-48f6-bf56-f560bbe1efc3,7291f83a-fc1b-4af0-a94d-37d3f039cc05,412b0e84-234c-416a-a415-21e3b52c5825,no_physical_reference,tarif_indisponible,reports/uk/connected-kerb-app-collection-latest.json
P4,"Napier Street, Jarrow",56fc1499-fc88-48f6-bf56-f560bbe1efc3,d8ec4c79-668d-4d88-9e51-e7f874761ca7,e76caa39-933e-442f-8e6d-9c9dea81cd72,no_physical_reference,tarif_indisponible,reports/uk/connected-kerb-app-collection-latest.json
P4,"Napier Street, Jarrow",56fc1499-fc88-48f6-bf56-f560bbe1efc3,0a00c51a-82ee-485d-a614-a92fd2958ffc,97c2567e-2e57-4e8e-9887-0795f5ff60e3,no_physical_reference,tarif_indisponible,reports/uk/connected-kerb-app-collection-latest.json
P4,"Napier Street, Jarrow",56fc1499-fc88-48f6-bf56-f560bbe1efc3,cf0fbed4-64df-4f62-9176-24da4adcc664,9d0a56ab-5961-4479-bb6d-ace05b16d4e9,no_physical_reference,tarif_indisponible,reports/uk/connected-kerb-app-collection-latest.json
P4,Swansgate Multi storey Car Park,e5d7324c-4e00-461c-b71a-a2fba5ed15e5,c8142c12-06e7-41ba-bef3-4fb9b8f0a284,6a2d4445-f7a4-4d8f-b7a6-118218a195b9,no_physical_reference,tarif_indisponible,reports/uk/connected-kerb-app-collection-latest.json
P4,Swansgate Multi storey Car Park,e5d7324c-4e00-461c-b71a-a2fba5ed15e5,3cb9f460-e9ce-49f2-bbd6-d9330aee08ff,66b00fd0-9772-4d8c-81f9-5ffade3f42be,no_physical_reference,tarif_indisponible,reports/uk/connected-kerb-app-collection-latest.json
P4,Swansgate Multi storey Car Park,e5d7324c-4e00-461c-b71a-a2fba5ed15e5,7957680a-e517-4d61-b76b-021be5c32787,c70daf9b-6fe5-49e6-90bf-d78a549c21e1,no_physical_reference,tarif_indisponible,reports/uk/connected-kerb-app-collection-latest.json
P4,Swansgate Multi storey Car Park,e5d7324c-4e00-461c-b71a-a2fba5ed15e5,c7fb4307-5eba-4d0e-852e-b097074a8355,894973a9-1bb4-439d-8a97-21be4384acab,no_physical_reference,tarif_indisponible,reports/uk/connected-kerb-app-collection-latest.json
P4,Kettering Warren Hill Crematorium,c10d0e79-2336-455e-bf10-c1ceffcd5a10,88bf931e-8c99-4d3c-970e-97c0557872f3,14420362-63b7-4135-901e-04b2bb6196f6,no_physical_reference,tarif_indisponible,reports/uk/connected-kerb-app-collection-latest.json
P4,Kettering Warren Hill Crematorium,c10d0e79-2336-455e-bf10-c1ceffcd5a10,c45d9985-af87-409a-be0a-f420ad37468c,449031fe-3ca9-4b9b-b6d0-1880c909d9be,no_physical_reference,tarif_indisponible,reports/uk/connected-kerb-app-collection-latest.json
P4,School Lane Car Park,4a567d48-b1e2-4ca5-b283-fc2f844d005a,GB*CK0*E21103,305d7bcc-55a0-4db4-b721-7cf3ba6eeb98,app HTTP 404,tarif_indisponible,reports/uk/connected-kerb-app-collection-latest.json
P4,School Lane Car Park,4a567d48-b1e2-4ca5-b283-fc2f844d005a,GB*CK0*E21104,a9e4ddec-25ab-488a-ae98-d0219dcaaf59,app HTTP 404,tarif_indisponible,reports/uk/connected-kerb-app-collection-latest.json
P4,School Lane Car Park,4a567d48-b1e2-4ca5-b283-fc2f844d005a,GB*CK0*E22102,6e5f9920-4ac7-4505-b4e3-9bc95843e740,app HTTP 404,tarif_indisponible,reports/uk/connected-kerb-app-collection-latest.json
P4,School Lane Car Park,4a567d48-b1e2-4ca5-b283-fc2f844d005a,GB*CK0*E21101,cb9b1680-f387-4ff2-a8b1-d297172a0696,app HTTP 404,tarif_indisponible,reports/uk/connected-kerb-app-collection-latest.json
P4,Kettering Swimming Pool,eb97cecd-732e-4d94-92fd-ab6d72d01d67,GB*CK0*E21100,32ac80b2-3a9a-4f34-ba0e-b76c79fce4aa,app HTTP 404,tarif_indisponible,reports/uk/connected-kerb-app-collection-latest.json
P4,Kettering Swimming Pool,eb97cecd-732e-4d94-92fd-ab6d72d01d67,GB*CK0*E21099,2d108625-a940-4776-945f-0eefe76f02a2,app HTTP 404,tarif_indisponible,reports/uk/connected-kerb-app-collection-latest.json
P4,Kettering Swimming Pool,eb97cecd-732e-4d94-92fd-ab6d72d01d67,GB*CK0*E21098,a844cc06-ce0e-4769-9784-75c849c8da78,app HTTP 404,tarif_indisponible,reports/uk/connected-kerb-app-collection-latest.json
P4,Kettering Swimming Pool,eb97cecd-732e-4d94-92fd-ab6d72d01d67,GB*CK0*E21097,2c5ba66e-f942-4f79-9b1a-515a160ac7bb,app HTTP 404,tarif_indisponible,reports/uk/connected-kerb-app-collection-latest.json
P4,"Station Road, Corby",ed261998-4e74-45f3-bd61-546aa42ea0f0,582db2de-129b-4e58-b227-86470a9d1dbd,0f9f61a2-303c-4851-857a-c315dc731de5,no_physical_reference,tarif_indisponible,reports/uk/connected-kerb-app-collection-latest.json
P4,"Station Road, Corby",ed261998-4e74-45f3-bd61-546aa42ea0f0,e17b959f-12a1-4377-ad3c-99dd91f66430,5590e181-f325-49ac-89bf-8cd9055d82d3,no_physical_reference,tarif_indisponible,reports/uk/connected-kerb-app-collection-latest.json
P4,Parklands Gateway Car Park,096272a2-131f-4f7e-83b3-cb0e07a6a68c,GB*CK0*E20841,e4d8d99f-03f6-43f1-bab8-d9421d898865,app HTTP 404,tarif_indisponible,reports/uk/connected-kerb-app-collection-latest.json
P4,Parklands Gateway Car Park,096272a2-131f-4f7e-83b3-cb0e07a6a68c,0cf0bbbb-ac43-44a6-9ad3-191d96f9c422,4b019a9c-81b7-4bd7-bc04-0ff6d2580546,app HTTP 404,tarif_indisponible,reports/uk/connected-kerb-app-collection-latest.json
P3,"Frenchay Road, Oxford",ef9a5b6b-5e89-487b-af47-38799f697d3d,GB*CK0*E26335,13e615ab-bb3d-4557-a5e8-81104110ade8,no_unique_exact_socket_match,correspondance_non_verifiee,reports/uk/connected-kerb-app-collection-latest.json
P4,"Southfield Road, Oxford",72b8e7af-245e-444f-b7dd-574738296a77,GB*CK0*E26338,f7dfab76-021f-4261-86cb-48366f4e8c62,app HTTP 404,tarif_indisponible,reports/uk/connected-kerb-app-collection-latest.json
P4,"Southfield Road, Oxford",72b8e7af-245e-444f-b7dd-574738296a77,GB*CK0*E26339,1f32a020-e619-4e29-bc64-52bb06d00c5f,app HTTP 404,tarif_indisponible,reports/uk/connected-kerb-app-collection-latest.json
P4,Sir Ivor Road Car Park (Commercial Street),44dc83a7-0983-44fc-a93d-701dee323429,GB*CK0*E16368,edc461b4-9c8d-44b0-ae08-191e20f5b278,app HTTP 404,tarif_indisponible,reports/uk/connected-kerb-app-collection-latest.json
P4,Sir Ivor Road Car Park (Commercial Street),44dc83a7-0983-44fc-a93d-701dee323429,GB*CK0*E16369,8e3fc9b0-0922-48e8-b15a-08d4f9c71f60,app HTTP 404,tarif_indisponible,reports/uk/connected-kerb-app-collection-latest.json
P4,Tredomen Site 2,fc9aa94a-3236-42b5-853e-e5951f221740,GB*CK0*E20431,46344824-b1ca-4c5f-a3ad-b8f2f0cb1303,app HTTP 404,tarif_indisponible,reports/uk/connected-kerb-app-collection-latest.json
P4,Tredomen Site 2,fc9aa94a-3236-42b5-853e-e5951f221740,GB*CK0*E20442,751d3c7f-ef00-44f4-b68a-21d352684583,app HTTP 404,tarif_indisponible,reports/uk/connected-kerb-app-collection-latest.json
P4,Rogerstone Primary School,05c8eaf9-5327-473b-9b8d-6b0aff9a1fe0,44532de6-e0af-4798-9cac-a26855bac9f0,c93a9231-6728-4e9f-967d-1a9746385e7e,no_physical_reference,tarif_indisponible,reports/uk/connected-kerb-app-collection-latest.json
P4,Idris Davies School,7ebfbc5a-f6d3-4b9f-ba65-04766a9200ec,GB*CK0*E25213,a92d6c94-1d01-4029-a761-d5470410131c,app HTTP 404,tarif_indisponible,reports/uk/connected-kerb-app-collection-latest.json
P4,Idris Davies School,7ebfbc5a-f6d3-4b9f-ba65-04766a9200ec,GB*CK0*E25214,8ce1a569-0896-4273-accf-9478ff820462,app HTTP 404,tarif_indisponible,reports/uk/connected-kerb-app-collection-latest.json
P4,Idris Davies School,7ebfbc5a-f6d3-4b9f-ba65-04766a9200ec,GB*CK0*E25211,74df725a-5ff4-4200-82f6-884dc7c43a63,app HTTP 404,tarif_indisponible,reports/uk/connected-kerb-app-collection-latest.json
P4,Idris Davies School,7ebfbc5a-f6d3-4b9f-ba65-04766a9200ec,GB*CK0*E25212,61445189-c46b-4f25-bb6e-1ababfa58366,app HTTP 404,tarif_indisponible,reports/uk/connected-kerb-app-collection-latest.json
P4,Idris Davies School,7ebfbc5a-f6d3-4b9f-ba65-04766a9200ec,GB*CK0*E25207,0294b5f5-cb80-4c25-8702-f8b190b7fffb,app HTTP 404,tarif_indisponible,reports/uk/connected-kerb-app-collection-latest.json
P4,Idris Davies School,7ebfbc5a-f6d3-4b9f-ba65-04766a9200ec,GB*CK0*E25208,ef42134e-4229-4a15-b8ef-b81ff862362b,app HTTP 404,tarif_indisponible,reports/uk/connected-kerb-app-collection-latest.json
P3,Martin Square Car Park,af0cb6d5-d0c7-403f-bd82-8d97b797e05e,051480b2-1ea1-4221-bd0f-ffa79be4adf0,90a28d3c-294c-4531-95e8-0c8cf38633d4,no_unique_exact_socket_match,correspondance_non_verifiee,reports/uk/connected-kerb-app-collection-latest.json
P3,Martin Square Car Park,af0cb6d5-d0c7-403f-bd82-8d97b797e05e,443b89ab-4b03-49bf-853d-30c17b680d23,c444b4ea-2df4-4fab-a606-c682b97a8b89,no_unique_exact_socket_match,correspondance_non_verifiee,reports/uk/connected-kerb-app-collection-latest.json
P3,Martin Square Car Park,af0cb6d5-d0c7-403f-bd82-8d97b797e05e,630fca7c-e546-4033-9733-fe2b457bd0bb,b09195d5-04b8-403d-933e-78d95f38b053,no_unique_exact_socket_match,correspondance_non_verifiee,reports/uk/connected-kerb-app-collection-latest.json
P3,Martin Square Car Park,af0cb6d5-d0c7-403f-bd82-8d97b797e05e,b856c9c3-6a04-40ee-b02d-ae329a71313c,4374d011-374d-4d48-8486-0707ae312ff4,no_unique_exact_socket_match,correspondance_non_verifiee,reports/uk/connected-kerb-app-collection-latest.json
P3,Martin Square Car Park,af0cb6d5-d0c7-403f-bd82-8d97b797e05e,6dfd9c2a-d036-46c0-a5cd-e9436e3b3e9a,f0fda3b8-d299-4e45-aa44-14da6bc3fb58,no_unique_exact_socket_match,correspondance_non_verifiee,reports/uk/connected-kerb-app-collection-latest.json
P3,Martin Square Car Park,af0cb6d5-d0c7-403f-bd82-8d97b797e05e,7a0adc68-fd0d-4916-82e4-49cb951327b6,d12984f2-1df5-4308-a3ed-38f58df08d08,no_unique_exact_socket_match,correspondance_non_verifiee,reports/uk/connected-kerb-app-collection-latest.json
P4,"Stone Street, Oxford",50006523-21f3-4228-9828-72fd733b2eaa,GB*CK0*E20903,e67a0b78-d38a-4902-aae2-3f024207f6ce,app HTTP 404,tarif_indisponible,reports/uk/connected-kerb-app-collection-latest.json
P4,"Stone Street, Oxford",50006523-21f3-4228-9828-72fd733b2eaa,GB*CK0*E20902,d32d4c9b-b014-495f-8893-5169f896d82a,app HTTP 404,tarif_indisponible,reports/uk/connected-kerb-app-collection-latest.json
P4,"Juxon Street, Oxford",cdc97bcb-5189-4eb7-bf8d-0544e2196ea8,GB*CK0*E20900,d36a0f42-6e7e-43c3-b23a-2ecc49865441,app HTTP 404,tarif_indisponible,reports/uk/connected-kerb-app-collection-latest.json
P4,"Juxon Street, Oxford",cdc97bcb-5189-4eb7-bf8d-0544e2196ea8,GB*CK0*E20901,79bdcc79-eb5a-48bf-85aa-c9523238d086,app HTTP 404,tarif_indisponible,reports/uk/connected-kerb-app-collection-latest.json
P4,Chapel Street (Blaencwm),10a628ee-60fb-4859-aed1-ac6cf9a8f532,4f510423-1496-4b25-afab-b19babf18e39,33f6559f-dd8b-4281-9308-8ed6191e27c5,no_physical_reference,tarif_indisponible,reports/uk/connected-kerb-app-collection-latest.json
P4,Chapel Street (Blaencwm),10a628ee-60fb-4859-aed1-ac6cf9a8f532,01d28d1f-d508-4f96-a0cc-26b5b35e7957,a0c2347f-7c72-497f-89af-7ac03d67aa21,no_physical_reference,tarif_indisponible,reports/uk/connected-kerb-app-collection-latest.json
P4,Barry Docks bus station car park,d99edc31-55c9-4d06-bea2-4381c2b56b4f,a22e26ed-0215-49b0-9799-e2b59fb76804,f6fe2ee5-8eaa-4264-b168-2170c8e033c2,no_physical_reference,tarif_indisponible,reports/uk/connected-kerb-app-collection-latest.json
P4,Barry Docks bus station car park,d99edc31-55c9-4d06-bea2-4381c2b56b4f,06a4b14c-8f96-4133-a60d-dfd992b79beb,13ff7432-8d92-464d-9740-c58864437be1,no_physical_reference,tarif_indisponible,reports/uk/connected-kerb-app-collection-latest.json
P3,"Castle Road, Worthing",170e1f97-fa6a-448c-a26c-52c947185763,GB*CK0*E23486,9e3b5a9b-e5b8-460f-976e-0dd9c256b790,no_unique_exact_qr_and_geo_match,correspondance_non_verifiee,reports/uk/connected-kerb-app-collection-latest.json
P3,"Castle Road, Worthing",170e1f97-fa6a-448c-a26c-52c947185763,GB*CK0*E23485,2aab5c34-64fd-48b4-8485-d06bbbe029e9,no_unique_exact_qr_and_geo_match,correspondance_non_verifiee,reports/uk/connected-kerb-app-collection-latest.json
P3,"Castle Road, Worthing",170e1f97-fa6a-448c-a26c-52c947185763,GB*CK0*E23487,f2a98cc4-f292-4b4d-b252-d18cca1ebcc2,no_unique_exact_qr_and_geo_match,correspondance_non_verifiee,reports/uk/connected-kerb-app-collection-latest.json
P3,"Castle Road, Worthing",170e1f97-fa6a-448c-a26c-52c947185763,GB*CK0*E23488,a55cfb57-086e-4f7a-8aa7-a72c066bcbc8,no_unique_exact_qr_and_geo_match,correspondance_non_verifiee,reports/uk/connected-kerb-app-collection-latest.json
P3,"Castle Road, Worthing",170e1f97-fa6a-448c-a26c-52c947185763,GB*CK0*E18264,09ff5551-a837-453a-abfa-436991e338c8,no_unique_exact_qr_and_geo_match,correspondance_non_verifiee,reports/uk/connected-kerb-app-collection-latest.json
P3,"Castle Road, Worthing",170e1f97-fa6a-448c-a26c-52c947185763,GB*CK0*E23484,200d7b12-b17e-42dd-83ef-1d7c90506648,no_unique_exact_qr_and_geo_match,correspondance_non_verifiee,reports/uk/connected-kerb-app-collection-latest.json
P4,High Street Caerphilly,659dcb96-367c-4493-8267-a96818173731,GB*CK0*E20422,ee39d477-70a8-405a-9c3b-847e96bec709,app HTTP 404,tarif_indisponible,reports/uk/connected-kerb-app-collection-latest.json
P4,High Street Caerphilly,659dcb96-367c-4493-8267-a96818173731,GB*CK0*E20417,35ba22e9-780b-433e-9c5d-669dad80f9fa,app HTTP 404,tarif_indisponible,reports/uk/connected-kerb-app-collection-latest.json
P4,Boldon Community Association,1a14457e-72c0-4f58-ade5-b438a99705fc,GB*CK0*E21988,47f90f79-1afd-49f2-8b3c-d89756a1c62a,app HTTP 404,tarif_indisponible,reports/uk/connected-kerb-app-collection-latest.json
P4,Boldon Community Association,1a14457e-72c0-4f58-ade5-b438a99705fc,GB*CK0*E21989,71607b3e-1f69-4fee-b4db-cc8fc1c03ce6,app HTTP 404,tarif_indisponible,reports/uk/connected-kerb-app-collection-latest.json
P4,Boldon Community Association,1a14457e-72c0-4f58-ade5-b438a99705fc,GB*CK0*E21990,2be8e756-5ab9-4b14-90c9-0e6318ccf2d1,app HTTP 404,tarif_indisponible,reports/uk/connected-kerb-app-collection-latest.json
P4,Boldon Community Association,1a14457e-72c0-4f58-ade5-b438a99705fc,GB*CK0*E21991,4303824e-8fb5-4627-b71f-d3bea260d782,app HTTP 404,tarif_indisponible,reports/uk/connected-kerb-app-collection-latest.json
P4,Boldon Community Association,1a14457e-72c0-4f58-ade5-b438a99705fc,GB*CK0*E21992,dc5952fa-7d1c-4af0-9d48-01747f405b12,app HTTP 404,tarif_indisponible,reports/uk/connected-kerb-app-collection-latest.json
P4,Boldon Community Association,1a14457e-72c0-4f58-ade5-b438a99705fc,GB*CK0*E21993,885ee2d5-eae5-4071-8a54-fc1d63eae754,app HTTP 404,tarif_indisponible,reports/uk/connected-kerb-app-collection-latest.json
P3,11 Saint Anne's Avenue,e5e3e3f4-940d-47b3-b070-8e2c209cc641,GB*CK0*E21305,a4a9500d-68a0-4e66-b80a-c5cb1f298a6e,no_unique_exact_socket_match,correspondance_non_verifiee,reports/uk/connected-kerb-app-collection-latest.json
P3,11 Saint Anne's Avenue,e5e3e3f4-940d-47b3-b070-8e2c209cc641,GB*CK0*E21304,6ccafcdb-4ad2-4c7d-869d-3cab4db12e55,no_unique_exact_socket_match,correspondance_non_verifiee,reports/uk/connected-kerb-app-collection-latest.json
P4,29 Sole Farm Avenue,c25279c5-ff14-4994-ba8f-2eada0140000,GB*CK0*E20060,a9d2b4e8-c43d-4cc0-9826-f76d89991b39,app HTTP 404,tarif_indisponible,reports/uk/connected-kerb-app-collection-latest.json
P4,29 Sole Farm Avenue,c25279c5-ff14-4994-ba8f-2eada0140000,GB*CK0*E20062,863a4d02-6873-4307-b292-1f6e8b762d01,app HTTP 404,tarif_indisponible,reports/uk/connected-kerb-app-collection-latest.json
P4,29 Sole Farm Avenue,c25279c5-ff14-4994-ba8f-2eada0140000,GB*CK0*E20215,37eb3b90-2165-4109-b756-4f40e45975b7,app HTTP 404,tarif_indisponible,reports/uk/connected-kerb-app-collection-latest.json
P4,29 Sole Farm Avenue,c25279c5-ff14-4994-ba8f-2eada0140000,GB*CK0*E20214,5e34b6ac-6a36-43c7-ac7d-ee9fe1a51b76,app HTTP 404,tarif_indisponible,reports/uk/connected-kerb-app-collection-latest.json
P3,Saxbys Lane,f7e6467d-21a3-4ad6-9b4a-22e381a27e46,fc48fb46-cf13-42cc-8774-6ae701e7ddd0,e8f9cf2a-5be2-4c4e-b261-b0d41d8a4320,no_unique_exact_socket_match,correspondance_non_verifiee,reports/uk/connected-kerb-app-collection-latest.json
P3,Saxbys Lane,f7e6467d-21a3-4ad6-9b4a-22e381a27e46,a7bf53b1-907e-49ce-aced-79c60b3334ca,2b5ce7ed-a615-42a0-9a66-1d037787f08e,no_unique_exact_socket_match,correspondance_non_verifiee,reports/uk/connected-kerb-app-collection-latest.json
P3,Saxbys Lane,f7e6467d-21a3-4ad6-9b4a-22e381a27e46,GB*CK0*E27094,d0b8f44b-734e-40cc-b215-ed7ca5bc6b1f,no_unique_exact_socket_match,correspondance_non_verifiee,reports/uk/connected-kerb-app-collection-latest.json
P3,Saxbys Lane,f7e6467d-21a3-4ad6-9b4a-22e381a27e46,GB*CK0*E27095,8917bbb4-c43c-43d1-968a-0c5f984092ff,no_unique_exact_socket_match,correspondance_non_verifiee,reports/uk/connected-kerb-app-collection-latest.json
P4,The Butts Car Park,5f1ec275-9e28-42f2-8f6e-84b66278aec6,88734a5e-6016-4a93-a3c9-5b0ade56b53b,e850390d-9b58-407f-ae7e-f0794a264bd0,no_physical_reference,tarif_indisponible,reports/uk/connected-kerb-app-collection-latest.json
P4,The Butts Car Park,5f1ec275-9e28-42f2-8f6e-84b66278aec6,5c9020d2-4c03-4bf4-b34e-41c047caf380,a9a75937-431b-4e76-a98f-71c7f4f050ca,no_physical_reference,tarif_indisponible,reports/uk/connected-kerb-app-collection-latest.json
P3,Doman Road,a5d3524b-764e-47a4-b861-f864948558fe,GB*CK0*E12064,7c70683d-d742-493c-8899-2ef694d00b3c,no_unique_exact_socket_match,correspondance_non_verifiee,reports/uk/connected-kerb-app-collection-latest.json
P3,Doman Road,a5d3524b-764e-47a4-b861-f864948558fe,GB*CK0*E12065,868fc58c-161a-4acb-b849-39ad4398ca7d,no_unique_exact_socket_match,correspondance_non_verifiee,reports/uk/connected-kerb-app-collection-latest.json
P4,Colwinston Community Centre,eddf5db0-7f1b-40ba-94bf-1f612c429bfe,GB*CK0*E19321,1252fddd-d7da-46fc-b059-65303bf61160,app HTTP 404,tarif_indisponible,reports/uk/connected-kerb-app-collection-latest.json
P4,Colwinston Community Centre,eddf5db0-7f1b-40ba-94bf-1f612c429bfe,GB*CK0*E19325,398736ed-efa4-49ef-9722-b75ffa2d4b91,app HTTP 404,tarif_indisponible,reports/uk/connected-kerb-app-collection-latest.json
P4,Wellfield Road,42da2e0d-b7c4-4352-a94e-9ad693e837c2,GB*CK0*E16472,b00d0e0c-e77c-4121-a7c6-665993c97918,app HTTP 404,tarif_indisponible,reports/uk/connected-kerb-app-collection-latest.json
P4,Wellfield Road,42da2e0d-b7c4-4352-a94e-9ad693e837c2,GB*CK0*E16471,a74d232b-0299-415d-804f-70861e222e76,app HTTP 404,tarif_indisponible,reports/uk/connected-kerb-app-collection-latest.json
P4,Hadrian Way,98dbba17-4974-4f3c-905f-9b002571d485,GB*CK0*E20135,4290da92-7e4b-4fd2-9417-25fc62fa64d1,app HTTP 404,tarif_indisponible,reports/uk/connected-kerb-app-collection-latest.json
P4,Hadrian Way,98dbba17-4974-4f3c-905f-9b002571d485,GB*CK0*E20136,31d44f05-838f-4e05-90a0-30680c07bf78,app HTTP 404,tarif_indisponible,reports/uk/connected-kerb-app-collection-latest.json
P4,Hadrian Way,98dbba17-4974-4f3c-905f-9b002571d485,GB*CK0*E20131,1911293b-62b2-4cbe-b86a-c46f41564922,app HTTP 404,tarif_indisponible,reports/uk/connected-kerb-app-collection-latest.json
P4,Hadrian Way,98dbba17-4974-4f3c-905f-9b002571d485,GB*CK0*E20132,00abd3bf-e6d5-4c5f-bb66-58978f4952b1,app HTTP 404,tarif_indisponible,reports/uk/connected-kerb-app-collection-latest.json
P4,Hadrian Way,98dbba17-4974-4f3c-905f-9b002571d485,GB*CK0*E21570,453fe628-7548-4c07-a32d-41a804079171,app HTTP 404,tarif_indisponible,reports/uk/connected-kerb-app-collection-latest.json
P4,Hadrian Way,98dbba17-4974-4f3c-905f-9b002571d485,GB*CK0*E21571,e7222439-e4a5-41f1-b4f5-e90bf06cdfd0,app HTTP 404,tarif_indisponible,reports/uk/connected-kerb-app-collection-latest.json
P3,Clifton Way,156d86b2-d94d-4d1a-8fa6-ef09cad0c56c,GB*CK0*E20137,fc05208c-61e3-4a61-ae8d-9c717c90064f,no_unique_exact_socket_match,correspondance_non_verifiee,reports/uk/connected-kerb-app-collection-latest.json
P3,Clifton Way,156d86b2-d94d-4d1a-8fa6-ef09cad0c56c,GB*CK0*E20138,32d491ef-d9ec-400f-87e2-192a9e1b4907,no_unique_exact_socket_match,correspondance_non_verifiee,reports/uk/connected-kerb-app-collection-latest.json
P4,Milton Street Car Park,6b4be35b-94e3-4c8b-a9fc-35d6e7fdd2ab,GB*CK0*E22024,64639cde-66ac-4e11-a25f-ec44b0f4c48c,app HTTP 404,tarif_indisponible,reports/uk/connected-kerb-app-collection-latest.json
P4,Milton Street Car Park,6b4be35b-94e3-4c8b-a9fc-35d6e7fdd2ab,GB*CK0*E22019,709281f9-aecf-40c8-ab2c-d86a4e47e3c9,app HTTP 404,tarif_indisponible,reports/uk/connected-kerb-app-collection-latest.json
P4,Milton Street Car Park,6b4be35b-94e3-4c8b-a9fc-35d6e7fdd2ab,GB*CK0*E22021,ddb3a9d0-1348-41bc-9d7c-50dbe4a3dcde,app HTTP 404,tarif_indisponible,reports/uk/connected-kerb-app-collection-latest.json
P4,Milton Street Car Park,6b4be35b-94e3-4c8b-a9fc-35d6e7fdd2ab,GB*CK0*E22023,3e35725e-ded8-44b3-9655-bfab5c699620,app HTTP 404,tarif_indisponible,reports/uk/connected-kerb-app-collection-latest.json
P4,Milton Street Car Park,6b4be35b-94e3-4c8b-a9fc-35d6e7fdd2ab,GB*CK0*E22020,a523af94-a50e-4160-9d39-543ecd13e9f8,app HTTP 404,tarif_indisponible,reports/uk/connected-kerb-app-collection-latest.json
P4,Milton Street Car Park,6b4be35b-94e3-4c8b-a9fc-35d6e7fdd2ab,GB*CK0*E22022,501bdc14-2bec-44d9-ac12-acd3521bf62f,app HTTP 404,tarif_indisponible,reports/uk/connected-kerb-app-collection-latest.json
P3,Piries Place Car Park,395e5569-787c-4ac6-99d9-3a1246e3cfe6,GB*CK0*E22026,de77d2ae-f782-4fc8-a38c-b334fa38ddf2,no_unique_exact_qr_and_geo_match,correspondance_non_verifiee,reports/uk/connected-kerb-app-collection-latest.json
P3,Piries Place Car Park,395e5569-787c-4ac6-99d9-3a1246e3cfe6,GB*CK0*E22031,0663cd88-6dba-4cb0-83ff-3c23474eb6f3,no_unique_exact_qr_and_geo_match,correspondance_non_verifiee,reports/uk/connected-kerb-app-collection-latest.json
P3,Piries Place Car Park,395e5569-787c-4ac6-99d9-3a1246e3cfe6,GB*CK0*E22025,d09bd139-cb8e-478a-adbe-ca99c2671112,no_unique_exact_qr_and_geo_match,correspondance_non_verifiee,reports/uk/connected-kerb-app-collection-latest.json
P3,Piries Place Car Park,395e5569-787c-4ac6-99d9-3a1246e3cfe6,GB*CK0*E22029,edf3c51c-14c2-4a3b-a2da-49975e23391a,no_unique_exact_qr_and_geo_match,correspondance_non_verifiee,reports/uk/connected-kerb-app-collection-latest.json
P3,Piries Place Car Park,395e5569-787c-4ac6-99d9-3a1246e3cfe6,GB*CK0*E21915,98e16324-2c31-493e-b4eb-095d30c31c84,no_unique_exact_qr_and_geo_match,correspondance_non_verifiee,reports/uk/connected-kerb-app-collection-latest.json
P3,Piries Place Car Park,395e5569-787c-4ac6-99d9-3a1246e3cfe6,GB*CK0*E21911,6f9252a4-a9a9-4203-961d-c0d55595f685,no_unique_exact_qr_and_geo_match,correspondance_non_verifiee,reports/uk/connected-kerb-app-collection-latest.json
P3,Piries Place Car Park,395e5569-787c-4ac6-99d9-3a1246e3cfe6,GB*CK0*E19118,d90aaf56-9cff-429b-bcee-027273fc1166,no_unique_exact_qr_and_geo_match,correspondance_non_verifiee,reports/uk/connected-kerb-app-collection-latest.json
P3,Piries Place Car Park,395e5569-787c-4ac6-99d9-3a1246e3cfe6,GB*CK0*E22027,18a53d03-2300-4fbd-819b-b4484d586216,no_unique_exact_qr_and_geo_match,correspondance_non_verifiee,reports/uk/connected-kerb-app-collection-latest.json
P4,"The Green, Abertysswg",f8a449c8-e6d2-4a39-a844-6e8c0e1c3977,GB*CK0*E16392,967a5cfe-694a-4f2a-82ff-d8cf977a81d9,app HTTP 404,tarif_indisponible,reports/uk/connected-kerb-app-collection-latest.json
P4,"The Green, Abertysswg",f8a449c8-e6d2-4a39-a844-6e8c0e1c3977,GB*CK0*E16393,6e1cba88-2d75-42cd-a97c-5fb218192b63,app HTTP 404,tarif_indisponible,reports/uk/connected-kerb-app-collection-latest.json
P4,Brook Row,8fc16058-c4ff-4643-a358-01450343abe8,GB*CK0*E16439,32f742a4-5d71-4e7a-a063-9b79c889b437,app HTTP 404,tarif_indisponible,reports/uk/connected-kerb-app-collection-latest.json
P4,Brook Row,8fc16058-c4ff-4643-a358-01450343abe8,GB*CK0*E16440,9ca3ded8-7165-4474-bfff-127064cd4f28,app HTTP 404,tarif_indisponible,reports/uk/connected-kerb-app-collection-latest.json
P3,St Johns Well Lane Car Park,ed7b6a29-0f00-489c-ba49-2bb94877165b,GB*CK0*E18177,f80f6f65-e1ec-412b-aec8-f5c805cda0f7,no_unique_exact_socket_match,correspondance_non_verifiee,reports/uk/connected-kerb-app-collection-latest.json
P3,St Johns Well Lane Car Park,ed7b6a29-0f00-489c-ba49-2bb94877165b,GB*CK0*E18174,621fbeb1-4d45-433c-b8b6-b7e628ddd989,no_unique_exact_socket_match,correspondance_non_verifiee,reports/uk/connected-kerb-app-collection-latest.json
P4,28 Maesteg Row,fef2ac60-38e0-481c-b106-55511774c023,GB*CK0*E16443,9b1dee75-26d0-4393-9aea-d279e2131ab6,app HTTP 404,tarif_indisponible,reports/uk/connected-kerb-app-collection-latest.json
P4,28 Maesteg Row,fef2ac60-38e0-481c-b106-55511774c023,GB*CK0*E16444,a5068f28-cc15-4ce8-9a34-fb5473f64071,app HTTP 404,tarif_indisponible,reports/uk/connected-kerb-app-collection-latest.json
P4,"Coliseum Theatre Car Park, Cardiff",4e5c596a-fc26-4b95-bdd3-01599ac107c6,7301053d-40ad-415f-a6db-287124272ffc,127a78f1-c9c2-46e8-8d51-6bff486f2c46,app HTTP 404,tarif_indisponible,reports/uk/connected-kerb-app-collection-latest.json
P4,"Coliseum Theatre Car Park, Cardiff",4e5c596a-fc26-4b95-bdd3-01599ac107c6,c3a671dc-20d2-4c53-9a38-d691b0734185,8e033c0d-14ab-4bf5-9e2a-332dbd5d31b6,app HTTP 404,tarif_indisponible,reports/uk/connected-kerb-app-collection-latest.json
P4,"Coliseum Theatre Car Park, Cardiff",4e5c596a-fc26-4b95-bdd3-01599ac107c6,GB*CK0*E20457,2d149bdf-442c-4368-aaf3-45605792b527,app HTTP 404,tarif_indisponible,reports/uk/connected-kerb-app-collection-latest.json
P4,"Coliseum Theatre Car Park, Cardiff",4e5c596a-fc26-4b95-bdd3-01599ac107c6,GB*CK0*E20458,8c6541bd-35ff-49b1-a6a6-3758f0b12640,app HTTP 404,tarif_indisponible,reports/uk/connected-kerb-app-collection-latest.json
P3,Cinderhill Street Car Park,282e22df-5efb-43d3-ab98-a195d0793b25,GB*CK0*E20389,2e10286e-a9a4-4b0e-8946-d2a9d7eef825,no_unique_exact_socket_match,correspondance_non_verifiee,reports/uk/connected-kerb-app-collection-latest.json
P4,Cwm-Celyn Road Car Park,80b669e9-461d-46d3-8156-7d26d1fabd3a,GB*CK0*E20397,251e608d-53a5-477e-9d3e-698e044a048f,app HTTP 404,tarif_indisponible,reports/uk/connected-kerb-app-collection-latest.json
P4,Cwm-Celyn Road Car Park,80b669e9-461d-46d3-8156-7d26d1fabd3a,GB*CK0*E20398,e5a6b177-4ec0-47cd-b290-caefa7559ff9,app HTTP 404,tarif_indisponible,reports/uk/connected-kerb-app-collection-latest.json
P3,"Garn Cross Car Park, Nantyglo",55c8dfc8-1644-4aa0-9bac-1f028b965d13,GB*CK0*E20461,3a4f9553-d1a2-4810-8696-bb215d45566c,no_unique_exact_socket_match,correspondance_non_verifiee,reports/uk/connected-kerb-app-collection-latest.json
P4,Llantwit Major Train Station Interchange,91242ff5-f0af-4381-9302-b9c35b22b681,GB*CK0*E18417,ab3e79ab-8f88-4e1b-86ea-1bd9b6bf647b,app HTTP 404,tarif_indisponible,reports/uk/connected-kerb-app-collection-latest.json
P4,Llantwit Major Train Station Interchange,91242ff5-f0af-4381-9302-b9c35b22b681,GB*CK0*E18416,08d0911f-1d1a-4479-9a5a-800d853854f1,app HTTP 404,tarif_indisponible,reports/uk/connected-kerb-app-collection-latest.json
P4,The Rink Car Park,c253614e-21a6-4297-9d4b-c804235e8f06,GB*CK0*E20456,ab9c3733-5711-499a-8a0a-6f6241f45eef,app HTTP 404,tarif_indisponible,reports/uk/connected-kerb-app-collection-latest.json
P4,The Rink Car Park,c253614e-21a6-4297-9d4b-c804235e8f06,GB*CK0*E20455,08363832-c361-41fc-bdad-573c14d44811,app HTTP 404,tarif_indisponible,reports/uk/connected-kerb-app-collection-latest.json
P3,Seven Stars - Preston,02e2c8c8-2ac1-4ef1-af8c-da7459680a83,804610ec-4df1-451f-8b7c-3c2256ea8421,9c869f2e-05c9-4876-b196-dc53202444ba,no_unique_exact_socket_match,correspondance_non_verifiee,reports/uk/connected-kerb-app-collection-latest.json
P4,Chapel Yard,0342ccbd-43c1-4034-aac9-66f716b7b4ca,GB*CK0*E12499,4854bf32-50ec-482f-835a-2ad75d83c72f,app HTTP 404,tarif_indisponible,reports/uk/connected-kerb-app-collection-latest.json
P4,Chapel Yard,0342ccbd-43c1-4034-aac9-66f716b7b4ca,GB*CK0*E12498,256667a7-f757-4564-944d-bd1730525442,app HTTP 404,tarif_indisponible,reports/uk/connected-kerb-app-collection-latest.json
P4,Chapel Yard,0342ccbd-43c1-4034-aac9-66f716b7b4ca,GB*CK0*E12477,9257990f-fde3-4991-afb0-17d0b196a00a,app HTTP 404,tarif_indisponible,reports/uk/connected-kerb-app-collection-latest.json
P4,Chapel Yard,0342ccbd-43c1-4034-aac9-66f716b7b4ca,GB*CK0*E12476,6ef5a2af-0473-4908-9439-79517d28fb47,app HTTP 404,tarif_indisponible,reports/uk/connected-kerb-app-collection-latest.json
P3,Pennsylvania Avenue,1430e33a-dd76-4205-93ba-93efd4868807,GB*CK0*E16371,21376f2b-0950-4c0b-8d05-cc707b836244,no_unique_exact_socket_match,correspondance_non_verifiee,reports/uk/connected-kerb-app-collection-latest.json
P3,Pennsylvania Avenue,1430e33a-dd76-4205-93ba-93efd4868807,GB*CK0*E16372,c3f14594-b50c-4250-96ea-ed5210e7c4e5,no_unique_exact_socket_match,correspondance_non_verifiee,reports/uk/connected-kerb-app-collection-latest.json
P3,Cowbridge Leisure Centre,58627394-478f-47ae-8a13-474c9aaebaf6,GB*CK0*E20468,065475e5-c835-4813-a8d1-76725be4b45b,no_unique_exact_socket_match,correspondance_non_verifiee,reports/uk/connected-kerb-app-collection-latest.json
P3,Cowbridge Leisure Centre,58627394-478f-47ae-8a13-474c9aaebaf6,GB*CK0*E20467,775c2a40-d8a4-4af5-8218-473334d3bdc8,no_unique_exact_socket_match,correspondance_non_verifiee,reports/uk/connected-kerb-app-collection-latest.json
P4,Hill View,4d2bb769-c65d-4436-9161-0e5bc58f9b6e,GB*CK0*E16450,758b90e1-24e6-485d-9f0e-78442a50bb25,app HTTP 404,tarif_indisponible,reports/uk/connected-kerb-app-collection-latest.json
P4,Hill View,4d2bb769-c65d-4436-9161-0e5bc58f9b6e,GB*CK0*E16451,8479fd5f-fd73-476e-b458-9546d5758a1c,app HTTP 404,tarif_indisponible,reports/uk/connected-kerb-app-collection-latest.json
P4,Allendale Road,9fce66df-5780-4229-a33f-40aef6b04e1f,GB*CK0*E20293,ac66c56e-fbac-4f24-8405-966e8a3bf303,app HTTP 404,tarif_indisponible,reports/uk/connected-kerb-app-collection-latest.json
P4,Allendale Road,9fce66df-5780-4229-a33f-40aef6b04e1f,GB*CK0*E20292,415567b4-32c5-4928-91c8-a14267d686a3,app HTTP 404,tarif_indisponible,reports/uk/connected-kerb-app-collection-latest.json
P4,Allendale Road,9fce66df-5780-4229-a33f-40aef6b04e1f,GB*CK0*E20287,3480f4a3-5345-4394-bc88-7b777312c33f,app HTTP 404,tarif_indisponible,reports/uk/connected-kerb-app-collection-latest.json
P4,Allendale Road,9fce66df-5780-4229-a33f-40aef6b04e1f,GB*CK0*E20286,eeb8a132-5775-4fb0-bd32-09b384d0e428,app HTTP 404,tarif_indisponible,reports/uk/connected-kerb-app-collection-latest.json
P3,Hope Terrace Car Park,a6258f54-75bc-4bce-9859-8d91828b7498,GB*CK0*E12415,5b0d04d7-fd8d-4131-a82a-30a9c44fd427,no_unique_exact_qr_and_geo_match,correspondance_non_verifiee,reports/uk/connected-kerb-app-collection-latest.json
P3,Hope Terrace Car Park,a6258f54-75bc-4bce-9859-8d91828b7498,GB*CK0*E12414,b3669e46-2f3f-4bd9-b444-de50e2e8add3,no_unique_exact_qr_and_geo_match,correspondance_non_verifiee,reports/uk/connected-kerb-app-collection-latest.json
P3,Hope Terrace Car Park,a6258f54-75bc-4bce-9859-8d91828b7498,GB*CK0*E12474,ed9f0b44-9cc1-4ef4-a2ce-9d630e2b69a8,no_unique_exact_qr_and_geo_match,correspondance_non_verifiee,reports/uk/connected-kerb-app-collection-latest.json
P3,Hope Terrace Car Park,a6258f54-75bc-4bce-9859-8d91828b7498,GB*CK0*E12475,57bc8242-0eca-4215-bf47-709ef012a863,no_unique_exact_qr_and_geo_match,correspondance_non_verifiee,reports/uk/connected-kerb-app-collection-latest.json
P3,Hope Terrace Car Park,a6258f54-75bc-4bce-9859-8d91828b7498,GB*CK0*E12412,4bdb4910-a36d-4f2d-8e9f-fd1b9c4d5746,no_unique_exact_qr_and_geo_match,correspondance_non_verifiee,reports/uk/connected-kerb-app-collection-latest.json
P3,Hope Terrace Car Park,a6258f54-75bc-4bce-9859-8d91828b7498,GB*CK0*E12413,0a50ed83-171a-4d91-93ef-80f93ff7696b,no_unique_exact_qr_and_geo_match,correspondance_non_verifiee,reports/uk/connected-kerb-app-collection-latest.json
P3,Hope Terrace Car Park,a6258f54-75bc-4bce-9859-8d91828b7498,GB*CK0*E12353,ac73b3cd-c607-42a6-9784-7c4346840e5f,no_unique_exact_qr_and_geo_match,correspondance_non_verifiee,reports/uk/connected-kerb-app-collection-latest.json
P3,Hope Terrace Car Park,a6258f54-75bc-4bce-9859-8d91828b7498,GB*CK0*E12352,b1a18f66-dbfc-4d5b-abb5-e777c103a532,no_unique_exact_qr_and_geo_match,correspondance_non_verifiee,reports/uk/connected-kerb-app-collection-latest.json
P3,Hope Terrace Car Park,a6258f54-75bc-4bce-9859-8d91828b7498,GB*CK0*E12411,77faaf2b-948d-423e-a9a1-fd7a9d8482dd,no_unique_exact_qr_and_geo_match,correspondance_non_verifiee,reports/uk/connected-kerb-app-collection-latest.json
P3,Hope Terrace Car Park,a6258f54-75bc-4bce-9859-8d91828b7498,GB*CK0*E12417,c8b267f3-75ac-4721-baa6-69c33db38750,no_unique_exact_qr_and_geo_match,correspondance_non_verifiee,reports/uk/connected-kerb-app-collection-latest.json
P3,"Huddersfield Retail Park, Castlemore",2aec9d2a-c3fb-4b3d-ac3e-fe158f427c0a,GB*CK0*E20853,36a57c43-2c7c-4692-9498-10dffc2849b2,no_unique_exact_socket_match,correspondance_non_verifiee,reports/uk/connected-kerb-app-collection-latest.json
P3,"Huddersfield Retail Park, Castlemore",2aec9d2a-c3fb-4b3d-ac3e-fe158f427c0a,GB*CK0*E20854,96620638-a863-4259-b03c-50b1fb65ea31,no_unique_exact_socket_match,correspondance_non_verifiee,reports/uk/connected-kerb-app-collection-latest.json
P4,Amherst Crescent,fec9b04a-618f-4a81-b0da-cb6007f7a4fb,GB*CK0*E16379,30059b55-e0c3-41f9-b564-9b34a49a28ed,app HTTP 404,tarif_indisponible,reports/uk/connected-kerb-app-collection-latest.json
P4,Amherst Crescent,fec9b04a-618f-4a81-b0da-cb6007f7a4fb,GB*CK0*E16370,9a2ee601-d9b5-4a2b-bbe0-0884050b11db,app HTTP 404,tarif_indisponible,reports/uk/connected-kerb-app-collection-latest.json
P4,"Garth Place, Rudry",32eb25db-71db-426b-b1bb-b883532a0f30,GB*CK0*E18420,1b6614fb-b4ee-4ecf-b7ed-65d9487d6ec3,app HTTP 404,tarif_indisponible,reports/uk/connected-kerb-app-collection-latest.json
P4,"Garth Place, Rudry",32eb25db-71db-426b-b1bb-b883532a0f30,GB*CK0*E18410,66fb835b-811d-4462-867e-9e99f042b36d,app HTTP 404,tarif_indisponible,reports/uk/connected-kerb-app-collection-latest.json
P4,Drayton Road 2,32fee4ba-43ea-4349-b92e-b36ed5ca963a,638def65-d221-4d7f-ba3e-239bb9e2badd,f1c85f9c-0f99-41e0-8d1e-b4d41ccd1e3e,no_physical_reference,tarif_indisponible,reports/uk/connected-kerb-app-collection-latest.json
P4,Drayton Road 2,32fee4ba-43ea-4349-b92e-b36ed5ca963a,20b504dd-fab5-415c-916c-47e5ab0ddefd,99c9e515-0748-40dd-9a13-1e5b3a715479,no_physical_reference,tarif_indisponible,reports/uk/connected-kerb-app-collection-latest.json
P4,Drayton Road 2,32fee4ba-43ea-4349-b92e-b36ed5ca963a,83a822cc-5676-4b11-86f6-5540faff8024,2dc69a67-da72-4269-854d-48b7a373f281,no_physical_reference,tarif_indisponible,reports/uk/connected-kerb-app-collection-latest.json
P4,Drayton Road 2,32fee4ba-43ea-4349-b92e-b36ed5ca963a,eaa50ca3-eb48-47b3-a94a-e61dad63bbeb,c5242505-adbb-4e88-9790-7af5f1747b3b,no_physical_reference,tarif_indisponible,reports/uk/connected-kerb-app-collection-latest.json
P4,Drayton Road 2,32fee4ba-43ea-4349-b92e-b36ed5ca963a,452aa78c-cb10-4b36-aaab-a77fa0dc43ac,9edd3ce6-6850-47f1-93e1-64d2b6bcd2d4,no_physical_reference,tarif_indisponible,reports/uk/connected-kerb-app-collection-latest.json
P4,Drayton Road 2,32fee4ba-43ea-4349-b92e-b36ed5ca963a,51b5cd90-c291-4dee-93e8-22da1e0f16b3,c68a05e8-afa9-45ba-b9ee-e6d56ce2522a,no_physical_reference,tarif_indisponible,reports/uk/connected-kerb-app-collection-latest.json
P4,Drayton Road 2,32fee4ba-43ea-4349-b92e-b36ed5ca963a,32a1fd5d-609a-4441-9aca-e530d2e72769,3fc80188-9ada-4caf-a60e-15645941f29e,no_physical_reference,tarif_indisponible,reports/uk/connected-kerb-app-collection-latest.json
P4,Drayton Road 2,32fee4ba-43ea-4349-b92e-b36ed5ca963a,96e04104-1281-41fb-aa56-73c2be978cd1,4867fb74-6cb5-426d-9510-2ee9ddebe5d7,no_physical_reference,tarif_indisponible,reports/uk/connected-kerb-app-collection-latest.json
P4,Drayton Road 2,32fee4ba-43ea-4349-b92e-b36ed5ca963a,2efc0475-e6f2-485c-990d-49f46e75aa68,a134e167-88f5-4937-a31e-b364cc8e08f7,no_physical_reference,tarif_indisponible,reports/uk/connected-kerb-app-collection-latest.json
P4,Drayton Road 2,32fee4ba-43ea-4349-b92e-b36ed5ca963a,35f52e50-f886-4cc4-a86e-f17b46bf1926,14806397-f5ac-4ed2-95b2-9312be5687e0,no_physical_reference,tarif_indisponible,reports/uk/connected-kerb-app-collection-latest.json
P4,Drayton Road 2,32fee4ba-43ea-4349-b92e-b36ed5ca963a,39d57b23-ae79-4858-a7cf-46ad192e5a85,139beab9-e83a-4082-bb5f-4da80fc63a32,no_physical_reference,tarif_indisponible,reports/uk/connected-kerb-app-collection-latest.json
P4,Drayton Road 2,32fee4ba-43ea-4349-b92e-b36ed5ca963a,b39b625a-b5d2-4782-9b6c-dac2c1baae30,0363ccba-f4b4-4eb4-b25e-c1e7541b5215,no_physical_reference,tarif_indisponible,reports/uk/connected-kerb-app-collection-latest.json
P4,Drayton Road 2,32fee4ba-43ea-4349-b92e-b36ed5ca963a,48f918d8-c877-4d0c-81fc-1d0d726eb483,4ca12ec8-0458-40b8-9ed0-c31fe0bfd0c6,no_physical_reference,tarif_indisponible,reports/uk/connected-kerb-app-collection-latest.json
P4,Drayton Road 2,32fee4ba-43ea-4349-b92e-b36ed5ca963a,8cb8e779-9613-4928-90f0-277cab591660,0d5b3afe-fe8e-4dd8-8f24-db12a564c0de,no_physical_reference,tarif_indisponible,reports/uk/connected-kerb-app-collection-latest.json
P4,Drayton Road 2,32fee4ba-43ea-4349-b92e-b36ed5ca963a,f7f833ad-3fa3-4e65-8c74-0c6060d12d27,c142c79e-a495-40b1-9f6f-a8a5151ec692,no_physical_reference,tarif_indisponible,reports/uk/connected-kerb-app-collection-latest.json
P4,Drayton Road 2,32fee4ba-43ea-4349-b92e-b36ed5ca963a,63e7030d-6273-4a06-b778-948feefa2334,08680779-67be-4597-863e-57026a25240b,no_physical_reference,tarif_indisponible,reports/uk/connected-kerb-app-collection-latest.json
P4,Drayton Road 2,32fee4ba-43ea-4349-b92e-b36ed5ca963a,adcbe4ec-a598-49a5-85dc-8d7c6fb46ae6,6c3a8b0f-da44-433b-b66e-e3e02a77e71d,no_physical_reference,tarif_indisponible,reports/uk/connected-kerb-app-collection-latest.json
P4,Drayton Road 2,32fee4ba-43ea-4349-b92e-b36ed5ca963a,321cceb6-b73a-42d9-b124-ca574faf0c9a,5c1ced0e-e4c5-4a98-af25-f360a79184a5,no_physical_reference,tarif_indisponible,reports/uk/connected-kerb-app-collection-latest.json
P4,Drayton Road 2,32fee4ba-43ea-4349-b92e-b36ed5ca963a,eb1fdad7-0e03-4659-a175-ee058c8a1b3c,a8d3fbdf-ab60-4be1-a60b-009007929618,no_physical_reference,tarif_indisponible,reports/uk/connected-kerb-app-collection-latest.json
P4,Drayton Road 2,32fee4ba-43ea-4349-b92e-b36ed5ca963a,13883f0b-e239-43ed-be6e-79af0b3d1bae,e2bc3838-4b73-4e96-8e5c-6a44fea41552,no_physical_reference,tarif_indisponible,reports/uk/connected-kerb-app-collection-latest.json
P4,Drayton Road 2,32fee4ba-43ea-4349-b92e-b36ed5ca963a,6451b136-c5ee-4cbc-9931-72cd76dc9d43,acd5a01a-df76-4743-b5c0-bd19840d28cf,no_physical_reference,tarif_indisponible,reports/uk/connected-kerb-app-collection-latest.json
P4,Drayton Road 2,32fee4ba-43ea-4349-b92e-b36ed5ca963a,1b5d0634-969d-4679-b8bb-f08bc41eab0d,f246e680-bdfc-4044-81a4-74402d7eccb2,no_physical_reference,tarif_indisponible,reports/uk/connected-kerb-app-collection-latest.json
P4,"High Street Car Park, Aberdare",c4cb4b28-39f6-4f16-a3a9-cc40315303eb,GB*CK0*E19343,4e446978-fbe8-49a6-81ba-6d1433fd7015,app HTTP 404,tarif_indisponible,reports/uk/connected-kerb-app-collection-latest.json
P4,"High Street Car Park, Aberdare",c4cb4b28-39f6-4f16-a3a9-cc40315303eb,GB*CK0*E19342,cbec6601-fa34-403f-8596-a53ed325dfdf,app HTTP 404,tarif_indisponible,reports/uk/connected-kerb-app-collection-latest.json
P3,Wyphurst Road,672575a6-94c8-445a-8dc5-01d3c039bcc0,GB*CK0*E21500,41c9fece-9344-4a88-bdc3-87b188de99fa,no_unique_exact_qr_and_geo_match,correspondance_non_verifiee,reports/uk/connected-kerb-app-collection-latest.json
P3,Wyphurst Road,672575a6-94c8-445a-8dc5-01d3c039bcc0,GB*CK0*E21501,80c50302-3bc0-4560-a7c0-1b65f37825ee,no_unique_exact_qr_and_geo_match,correspondance_non_verifiee,reports/uk/connected-kerb-app-collection-latest.json
P3,Wyphurst Road,672575a6-94c8-445a-8dc5-01d3c039bcc0,GB*CK0*E21502,1932b99d-a5af-4244-9551-6e8d44608cbd,no_unique_exact_qr_and_geo_match,correspondance_non_verifiee,reports/uk/connected-kerb-app-collection-latest.json
P3,Wyphurst Road,672575a6-94c8-445a-8dc5-01d3c039bcc0,GB*CK0*E21503,f0526ffe-f040-4683-93ea-d314b5e6960c,no_unique_exact_qr_and_geo_match,correspondance_non_verifiee,reports/uk/connected-kerb-app-collection-latest.json
P3,Wyphurst Road,672575a6-94c8-445a-8dc5-01d3c039bcc0,GB*CK0*E21577,7b2b6f71-ad18-4281-9cc2-034ec3318b82,no_unique_exact_qr_and_geo_match,correspondance_non_verifiee,reports/uk/connected-kerb-app-collection-latest.json
P3,Wyphurst Road,672575a6-94c8-445a-8dc5-01d3c039bcc0,GB*CK0*E21576,a3c91075-d41a-450f-a08a-70b8de8868a2,no_unique_exact_qr_and_geo_match,correspondance_non_verifiee,reports/uk/connected-kerb-app-collection-latest.json
P3,Tattenham Grove,b95dbaab-84f5-43d8-9ff3-6c31a112ba25,GB*CK0*E21504,07ea3aa3-75e6-45c4-a282-5c1775fd8e0c,no_unique_exact_socket_match,correspondance_non_verifiee,reports/uk/connected-kerb-app-collection-latest.json
P3,Tattenham Grove,b95dbaab-84f5-43d8-9ff3-6c31a112ba25,GB*CK0*E21505,29884127-8ce6-4397-b654-c849bc69c717,no_unique_exact_socket_match,correspondance_non_verifiee,reports/uk/connected-kerb-app-collection-latest.json
P3,Devonshire Road and Balfour Road,d988a694-5482-404a-b1f7-7970fad17889,31bd8b58-4718-4c3c-a436-15335b9843c6,da050d3c-ca1a-4a90-a50b-a0b2a769af91,no_unique_exact_socket_match,correspondance_non_verifiee,reports/uk/connected-kerb-app-collection-latest.json
P3,Devonshire Road and Balfour Road,d988a694-5482-404a-b1f7-7970fad17889,8ebac895-3f56-4045-a08c-5e6a43a07d62,cbeabde4-7837-455f-be76-22ceb2e0222f,no_unique_exact_socket_match,correspondance_non_verifiee,reports/uk/connected-kerb-app-collection-latest.json
P4,"Saint Peter's Street, Cardiff",7843d565-7d2b-49ca-88a5-496b0946236c,f147876f-45ca-4cee-a7dd-5f82db2cfe37,2c870aea-c8c3-4e96-b4ce-0763cb6e27b8,no_physical_reference,tarif_indisponible,reports/uk/connected-kerb-app-collection-latest.json
P4,"Saint Peter's Street, Cardiff",7843d565-7d2b-49ca-88a5-496b0946236c,a0b3dd15-42fd-43ac-8318-c58012443848,a92c70d3-3fcd-492c-bb52-7dae269b8519,no_physical_reference,tarif_indisponible,reports/uk/connected-kerb-app-collection-latest.json
P4,Pier Parade Car Park,4e9b8464-2b16-40c0-9376-71427154f7be,GB*CK0*E21006,3df5f7b8-f3b0-438a-898b-2463b35df36b,app HTTP 404,tarif_indisponible,reports/uk/connected-kerb-app-collection-latest.json
P4,Pier Parade Car Park,4e9b8464-2b16-40c0-9376-71427154f7be,GB*CK0*E21007,d122e9c4-ea4c-4ece-b033-36fad437cd72,app HTTP 404,tarif_indisponible,reports/uk/connected-kerb-app-collection-latest.json
P3,Mildenhall Jubilee Centre,69b738e0-6321-450d-affb-27e7e5e3f80f,GB*CK0*E19197,06856e10-5f28-4d3b-934b-2f0ce8c6aa6a,no_unique_exact_socket_match,correspondance_non_verifiee,reports/uk/connected-kerb-app-collection-latest.json
P3,Ongar Way,c8d03719-ef16-4393-9502-8b7b6f03da82,GB*CK0*E12401,ca8f3c8d-f047-4f63-944f-8f8157a57d6a,no_unique_exact_socket_match,correspondance_non_verifiee,reports/uk/connected-kerb-app-collection-latest.json
P3,Ongar Way,c8d03719-ef16-4393-9502-8b7b6f03da82,GB*CK0*E12400,80b81f00-fd9f-4749-894e-e57bd0cb4e77,no_unique_exact_socket_match,correspondance_non_verifiee,reports/uk/connected-kerb-app-collection-latest.json
P4,Brewery Yard Car Park,8f024809-86ff-4e51-807c-8f6bd4bd04c6,GB*CK0*E16441,b3210b1c-8fc9-48c9-9d7d-69b1c2b95b13,app HTTP 404,tarif_indisponible,reports/uk/connected-kerb-app-collection-latest.json
P4,Brewery Yard Car Park,8f024809-86ff-4e51-807c-8f6bd4bd04c6,GB*CK0*E16442,0d9061d3-fc1b-4319-9b36-24c3494dce78,app HTTP 404,tarif_indisponible,reports/uk/connected-kerb-app-collection-latest.json
P3,Nailsworth Crescent,d93a32fc-3cce-40bd-81d8-12bbed3a0ed6,GB*CK0*E21267,81127edd-f77a-4e91-b4c8-9212d61d0a01,no_unique_exact_qr_and_geo_match,correspondance_non_verifiee,reports/uk/connected-kerb-app-collection-latest.json
P3,Nailsworth Crescent,d93a32fc-3cce-40bd-81d8-12bbed3a0ed6,GB*CK0*E21266,de5559b3-9bdd-44c4-b010-5f23d1c883dd,no_unique_exact_qr_and_geo_match,correspondance_non_verifiee,reports/uk/connected-kerb-app-collection-latest.json
P3,Nailsworth Crescent,d93a32fc-3cce-40bd-81d8-12bbed3a0ed6,GB*CK0*E20110,a31c307f-8de0-48e9-bc00-6675b9d21f88,no_unique_exact_qr_and_geo_match,correspondance_non_verifiee,reports/uk/connected-kerb-app-collection-latest.json
P3,Nailsworth Crescent,d93a32fc-3cce-40bd-81d8-12bbed3a0ed6,GB*CK0*E20111,5993956e-8451-406e-a21f-75204137eaee,no_unique_exact_qr_and_geo_match,correspondance_non_verifiee,reports/uk/connected-kerb-app-collection-latest.json
P3,Nailsworth Crescent,d93a32fc-3cce-40bd-81d8-12bbed3a0ed6,GB*CK0*E25078,29551e12-6570-4877-ab4d-81664fce9cf6,no_unique_exact_qr_and_geo_match,correspondance_non_verifiee,reports/uk/connected-kerb-app-collection-latest.json
P3,Nailsworth Crescent,d93a32fc-3cce-40bd-81d8-12bbed3a0ed6,GB*CK0*E25080,637c9f71-4ca4-4191-9815-d619ce490904,no_unique_exact_qr_and_geo_match,correspondance_non_verifiee,reports/uk/connected-kerb-app-collection-latest.json
P3,Nailsworth Crescent,d93a32fc-3cce-40bd-81d8-12bbed3a0ed6,GB*CK0*E22000,2e3b1f6d-fa00-4f3e-9b9a-87b01301610f,no_unique_exact_qr_and_geo_match,correspondance_non_verifiee,reports/uk/connected-kerb-app-collection-latest.json
P3,Nailsworth Crescent,d93a32fc-3cce-40bd-81d8-12bbed3a0ed6,GB*CK0*E25079,3ea1a0c9-a21f-4eaa-bde4-71110b22aaad,no_unique_exact_qr_and_geo_match,correspondance_non_verifiee,reports/uk/connected-kerb-app-collection-latest.json
P3,Grange Road,7d8539a0-b347-4adf-8833-05d29f17325d,49144419-d0b4-4672-a865-928bd47f65ac,30cb6f9e-bedc-4a9d-a0de-4feca93a2d58,no_unique_exact_socket_match,correspondance_non_verifiee,reports/uk/connected-kerb-app-collection-latest.json
P3,Grange Road,7d8539a0-b347-4adf-8833-05d29f17325d,45a0efe0-adf5-4c98-97d6-984b31fcec3a,b9c4337a-4713-472a-974c-49bade88caa0,no_unique_exact_socket_match,correspondance_non_verifiee,reports/uk/connected-kerb-app-collection-latest.json
P3,Speer Road,698c85bc-f487-4167-93d7-80eb2613105c,GB*CK0*E20141,30012c91-dcd0-44e7-ae9f-af86a9a709ef,no_unique_exact_socket_match,correspondance_non_verifiee,reports/uk/connected-kerb-app-collection-latest.json
P3,Speer Road,698c85bc-f487-4167-93d7-80eb2613105c,GB*CK0*E20142,a76d4a8c-d14d-4461-a415-47589e70d7cd,no_unique_exact_socket_match,correspondance_non_verifiee,reports/uk/connected-kerb-app-collection-latest.json
P3,Thomas Street,5fb05a21-5a47-4055-98d8-ccda7fb259e9,GB*CK0*E20480,1124dd8d-3c13-4005-8ac7-d399e5dd1cb1,no_unique_exact_qr_and_geo_match,correspondance_non_verifiee,reports/uk/connected-kerb-app-collection-latest.json
P3,Thomas Street,5fb05a21-5a47-4055-98d8-ccda7fb259e9,GB*CK0*E20478,354c3204-24af-4dc1-bf3e-62dafeba5223,no_unique_exact_qr_and_geo_match,correspondance_non_verifiee,reports/uk/connected-kerb-app-collection-latest.json
P3,Thomas Street,5fb05a21-5a47-4055-98d8-ccda7fb259e9,GB*CK0*E20479,a84c2ad4-2e7b-42af-b91a-78e9fc5dc5d8,no_unique_exact_qr_and_geo_match,correspondance_non_verifiee,reports/uk/connected-kerb-app-collection-latest.json
P3,Thomas Street,5fb05a21-5a47-4055-98d8-ccda7fb259e9,GB*CK0*E20477,588500e3-434c-40f0-872c-ef8a1654a6b3,no_unique_exact_qr_and_geo_match,correspondance_non_verifiee,reports/uk/connected-kerb-app-collection-latest.json
P3,"Beaufort Rise, Ebbw Vale",5749e634-b587-4fdb-933d-1de14557ecf3,GB*CK0*E20359,4fdf51ab-c244-4255-9c38-e2205b8373f8,no_unique_exact_socket_match,correspondance_non_verifiee,reports/uk/connected-kerb-app-collection-latest.json
P4,28 White Way,6a5e7259-03c0-4265-899c-628c754d93dc,GB*CK0*E19427,4ce9d407-31d4-44a7-89c6-bdb0121e121d,app HTTP 404,tarif_indisponible,reports/uk/connected-kerb-app-collection-latest.json
P4,A3 Windermere,84c194a0-c616-4d7a-ab53-aa5661281efb,GB*CK0*E1787058866X7IJNZL,2b99ee8e-da6b-4345-a582-1738b6e523cb,no_physical_reference,tarif_indisponible,reports/uk/connected-kerb-app-collection-latest.json
P4,A3 Windermere,84c194a0-c616-4d7a-ab53-aa5661281efb,GB*CK0*E1787058894V9YBMV3,58ca8043-505c-4f7e-aa4b-9cf104a2eddc,no_physical_reference,tarif_indisponible,reports/uk/connected-kerb-app-collection-latest.json
P4,A3 Windermere,84c194a0-c616-4d7a-ab53-aa5661281efb,GB*CK0*E17870589623POQ3ME,9040f732-3827-46a1-8e78-196eae756fde,no_physical_reference,tarif_indisponible,reports/uk/connected-kerb-app-collection-latest.json
P4,A3 Windermere,84c194a0-c616-4d7a-ab53-aa5661281efb,GB*CK0*E1787058914JKTIQHD,202c7d54-7470-48a0-b1e5-eb3b047f71d9,no_physical_reference,tarif_indisponible,reports/uk/connected-kerb-app-collection-latest.json
P4,A3 Windermere,84c194a0-c616-4d7a-ab53-aa5661281efb,GB*CK0*E1787058979524FLGS,2a49986e-ed77-4e7a-bd08-e50b33f33494,no_physical_reference,tarif_indisponible,reports/uk/connected-kerb-app-collection-latest.json
P4,A3 Windermere,84c194a0-c616-4d7a-ab53-aa5661281efb,GB*CK0*E178705909935ET8T8,ff4853b5-4cfc-41ef-badf-ddcd47f798be,no_physical_reference,tarif_indisponible,reports/uk/connected-kerb-app-collection-latest.json
P4,A3 Windermere,84c194a0-c616-4d7a-ab53-aa5661281efb,GB*CK0*E1787058998QSOIGN6,a03af631-5cc3-495c-bb2a-2f8978e72079,no_physical_reference,tarif_indisponible,reports/uk/connected-kerb-app-collection-latest.json
P4,A3 Windermere,84c194a0-c616-4d7a-ab53-aa5661281efb,GB*CK0*E1787059081ERDQ1DO,88fbdf59-b38a-4b1b-b160-116e2abb2605,no_physical_reference,tarif_indisponible,reports/uk/connected-kerb-app-collection-latest.json
P4,A3 Windermere,84c194a0-c616-4d7a-ab53-aa5661281efb,GB*CK0*E17870590178RY17T5,4362f8ed-7f24-4f9c-b23e-fb2d81092fea,no_physical_reference,tarif_indisponible,reports/uk/connected-kerb-app-collection-latest.json
P4,A3 Windermere,84c194a0-c616-4d7a-ab53-aa5661281efb,GB*CK0*E1787059049UFGN5BZ,472e0190-add1-433f-a635-0b74accb5349,no_physical_reference,tarif_indisponible,reports/uk/connected-kerb-app-collection-latest.json
P4,A3 Windermere,84c194a0-c616-4d7a-ab53-aa5661281efb,GB*CK0*E17870591200TOWGO4,fd92caff-4530-48e5-8aaa-0d89908dce27,no_physical_reference,tarif_indisponible,reports/uk/connected-kerb-app-collection-latest.json
P4,A3 Windermere,84c194a0-c616-4d7a-ab53-aa5661281efb,GB*CK0*E1787059159WRKJ9H9,b7f238e3-c3ba-4875-9756-45ba4cb05176,no_physical_reference,tarif_indisponible,reports/uk/connected-kerb-app-collection-latest.json
P4,A3 Windermere,84c194a0-c616-4d7a-ab53-aa5661281efb,7b46baab-e842-4aa1-8a7c-94e9f4d4a534,736942dd-a8c1-4f3c-a060-04df7379cdd4,no_physical_reference,tarif_indisponible,reports/uk/connected-kerb-app-collection-latest.json
P4,Home Orchard,3e611827-d915-4de4-9a61-1096dc49002b,GB*CK0*E12384,d238094a-68c8-4d25-839c-e9a2e9f802c8,app HTTP 404,tarif_indisponible,reports/uk/connected-kerb-app-collection-latest.json
P4,Home Orchard,3e611827-d915-4de4-9a61-1096dc49002b,GB*CK0*E12383,ed9be379-f957-4e72-a14c-1356a7ea2a18,app HTTP 404,tarif_indisponible,reports/uk/connected-kerb-app-collection-latest.json
P4,Home Orchard,3e611827-d915-4de4-9a61-1096dc49002b,GB*CK0*E12399,b2f7cf81-8441-41a0-a21f-b93387993789,app HTTP 404,tarif_indisponible,reports/uk/connected-kerb-app-collection-latest.json
P3,Prologis - Prologis Park Croydon - DC6,f437a19f-3b4c-429a-bdbe-66e4c42249eb,GB*CK0*E19898,03398e99-6769-4371-9c10-19e4931abc2e,no_unique_exact_socket_match,correspondance_non_verifiee,reports/uk/connected-kerb-app-collection-latest.json
P3,Prologis - Prologis Park Croydon - DC6,f437a19f-3b4c-429a-bdbe-66e4c42249eb,GB*CK0*E19899,d2f932c8-f0fc-4149-ab0b-109e9f697d0d,no_unique_exact_socket_match,correspondance_non_verifiee,reports/uk/connected-kerb-app-collection-latest.json
P4,Dene Road,8ad332e5-049f-4441-8fe3-bff2b724d4da,c541fcec-569c-4de5-af8e-32121df4fd56,b3f65d1a-490c-4f17-a709-6e31c7f47623,no_physical_reference,tarif_indisponible,reports/uk/connected-kerb-app-collection-latest.json
P4,Dene Road,8ad332e5-049f-4441-8fe3-bff2b724d4da,b5bb1f0c-9856-4b7a-92e2-390daadea848,6c2c5dd7-52dd-496e-bbcf-40d9da3b12c9,no_physical_reference,tarif_indisponible,reports/uk/connected-kerb-app-collection-latest.json
P4,Dene Road,8ad332e5-049f-4441-8fe3-bff2b724d4da,de118d40-1fa8-4e19-b6fa-53bf54872883,cef74eeb-8cfc-4f1a-a50d-b74fbc2c88fe,no_physical_reference,tarif_indisponible,reports/uk/connected-kerb-app-collection-latest.json
P4,Dene Road,8ad332e5-049f-4441-8fe3-bff2b724d4da,eb39b30c-4473-4760-8562-00f8e34c982f,4d3316e1-f16a-4f0c-923d-da2ce3c01622,no_physical_reference,tarif_indisponible,reports/uk/connected-kerb-app-collection-latest.json
P4,Dene Road,8ad332e5-049f-4441-8fe3-bff2b724d4da,b1f9b6d8-e2b0-4a7d-9372-419c21169a6b,5bbd1681-94f4-4a19-8de6-1cb7ee98b32e,no_physical_reference,tarif_indisponible,reports/uk/connected-kerb-app-collection-latest.json
P4,Dene Road,8ad332e5-049f-4441-8fe3-bff2b724d4da,536aa7e1-9cc2-4908-bb0f-9dc2314e69e3,eb65c769-f6c5-48b1-8c3f-2e962cccc576,no_physical_reference,tarif_indisponible,reports/uk/connected-kerb-app-collection-latest.json
P4,Monkton Stadium Car Park,00e29cf4-a94d-42a6-989e-664393a8cf36,e10282fd-2275-4260-a289-39968b778340,b4c948d2-edb5-4260-be62-a06b5977e784,no_physical_reference,tarif_indisponible,reports/uk/connected-kerb-app-collection-latest.json
P4,Monkton Stadium Car Park,00e29cf4-a94d-42a6-989e-664393a8cf36,f4b2d3b7-757a-415d-88da-717795c811b5,b4f09212-2d12-44a0-af12-7b18f42f6ca7,no_physical_reference,tarif_indisponible,reports/uk/connected-kerb-app-collection-latest.json
P4,Monkton Stadium Car Park,00e29cf4-a94d-42a6-989e-664393a8cf36,b717ecfb-3329-4707-9da1-2468d30eb406,1555b00e-4893-420b-a307-3c4844f158f6,no_physical_reference,tarif_indisponible,reports/uk/connected-kerb-app-collection-latest.json
P4,Monkton Stadium Car Park,00e29cf4-a94d-42a6-989e-664393a8cf36,bab4bebc-b75d-4d7a-a416-632885f4d36a,8e1c7316-7790-4c53-a598-9fdd63c975f7,no_physical_reference,tarif_indisponible,reports/uk/connected-kerb-app-collection-latest.json
P4,Ryarsh Lane,79751b8e-f6d4-4ddb-8093-5dddf02cb140,40294e69-bcc5-4134-86c9-d79da14a4879,3b017c06-c7a2-437d-99d5-25d22e5c6fe5,no_physical_reference,tarif_indisponible,reports/uk/connected-kerb-app-collection-latest.json
P4,Ryarsh Lane,79751b8e-f6d4-4ddb-8093-5dddf02cb140,30754698-3e0f-40b1-bcd3-7720b5e92a3f,d677a53e-0cdd-4f15-8de7-51df9f75ca22,no_physical_reference,tarif_indisponible,reports/uk/connected-kerb-app-collection-latest.json
P4,Ryarsh Lane,79751b8e-f6d4-4ddb-8093-5dddf02cb140,b5cb1a9e-06e7-48ec-bec9-c8bb5926f963,77dbfb0a-13cb-4b16-8a7b-fdbeac08948c,no_physical_reference,tarif_indisponible,reports/uk/connected-kerb-app-collection-latest.json
P4,Ryarsh Lane,79751b8e-f6d4-4ddb-8093-5dddf02cb140,f596285e-0a1a-4ebd-8db9-1cb0b91d99dc,71741b7a-d4ac-40af-a0e0-0c7cb41cd111,no_physical_reference,tarif_indisponible,reports/uk/connected-kerb-app-collection-latest.json
P4,Ryarsh Lane,79751b8e-f6d4-4ddb-8093-5dddf02cb140,b72d18fa-7983-4e72-b1c0-c374a1636a39,43f07ed5-e842-4581-aa11-70ebaf3aac59,no_physical_reference,tarif_indisponible,reports/uk/connected-kerb-app-collection-latest.json
P4,Ryarsh Lane,79751b8e-f6d4-4ddb-8093-5dddf02cb140,a7734337-ed44-41ad-b719-029a7c1e7cb7,78de9e49-6111-4a79-87af-55f6a4de7cc9,no_physical_reference,tarif_indisponible,reports/uk/connected-kerb-app-collection-latest.json
P3,"Waterloo Road, TN9 2SN",c126b3ee-e611-4a86-8b31-3fdaed88839a,GB*CK0*E17177,609501ce-d213-4e98-b38c-6509a5e59436,no_unique_exact_qr_and_geo_match,correspondance_non_verifiee,reports/uk/connected-kerb-app-collection-latest.json
P3,"Waterloo Road, TN9 2SN",c126b3ee-e611-4a86-8b31-3fdaed88839a,GB*CK0*E17176,a962703c-9a1a-4bb5-8e85-014f701d26d8,no_unique_exact_qr_and_geo_match,correspondance_non_verifiee,reports/uk/connected-kerb-app-collection-latest.json
P3,"Waterloo Road, TN9 2SN",c126b3ee-e611-4a86-8b31-3fdaed88839a,GB*CK0*E17178,86bfeef3-e119-4963-9e62-d57bda790b2a,no_unique_exact_qr_and_geo_match,correspondance_non_verifiee,reports/uk/connected-kerb-app-collection-latest.json
P3,"Waterloo Road, TN9 2SN",c126b3ee-e611-4a86-8b31-3fdaed88839a,GB*CK0*E17179,5c6db530-76b1-4d4f-bb79-24a7fa62f618,no_unique_exact_qr_and_geo_match,correspondance_non_verifiee,reports/uk/connected-kerb-app-collection-latest.json
P3,"Waterloo Road, TN9 2SN",c126b3ee-e611-4a86-8b31-3fdaed88839a,GB*CK0*E25055,b36b8ab0-ac15-4b47-90fe-5fb7037df123,no_unique_exact_qr_and_geo_match,correspondance_non_verifiee,reports/uk/connected-kerb-app-collection-latest.json
P3,"Waterloo Road, TN9 2SN",c126b3ee-e611-4a86-8b31-3fdaed88839a,GB*CK0*E31063,10979103-46f2-45fd-80aa-a3c0f132e6d4,no_unique_exact_qr_and_geo_match,correspondance_non_verifiee,reports/uk/connected-kerb-app-collection-latest.json
P3,"Waterloo Road, TN9 2SN",c126b3ee-e611-4a86-8b31-3fdaed88839a,GB*CK0*E31064,873271e1-e77e-479d-b804-84733a187a6b,no_unique_exact_qr_and_geo_match,correspondance_non_verifiee,reports/uk/connected-kerb-app-collection-latest.json
P3,"Waterloo Road, TN9 2SN",c126b3ee-e611-4a86-8b31-3fdaed88839a,GB*CK0*E25056,8edbe000-2b72-4d7f-9c6a-bd82aabed6e6,no_unique_exact_qr_and_geo_match,correspondance_non_verifiee,reports/uk/connected-kerb-app-collection-latest.json
P3,Angel West,9651e09a-88f5-408a-947e-7a04a19355c4,GB*CK0*E19710,65405c66-e52b-40d3-b747-74a3720653d7,no_unique_exact_socket_match,correspondance_non_verifiee,reports/uk/connected-kerb-app-collection-latest.json
P3,Angel West,9651e09a-88f5-408a-947e-7a04a19355c4,GB*CK0*E19696,c4704892-13f1-430a-83fe-30ace95b460b,no_unique_exact_socket_match,correspondance_non_verifiee,reports/uk/connected-kerb-app-collection-latest.json
P4,Marina Back Car Park,80dee1d3-d217-458f-bd84-42738c7a8c36,f59e90f5-ed53-4f07-bac5-ad45ae0cbf11,b7b5eab6-ce62-464e-aedc-e297c7a8049a,no_physical_reference,tarif_indisponible,reports/uk/connected-kerb-app-collection-latest.json
P4,Marina Back Car Park,80dee1d3-d217-458f-bd84-42738c7a8c36,329e76b6-f5df-46ac-ba89-1c37171e7927,d233b34e-a866-4113-8599-4c654fbdb7a8,no_physical_reference,tarif_indisponible,reports/uk/connected-kerb-app-collection-latest.json
P4,Marina Back Car Park,80dee1d3-d217-458f-bd84-42738c7a8c36,bbb478e9-7ab6-4852-b5ea-9d1abc347549,4b9faf8b-b739-45cb-b4fd-ce9f7a089f10,no_physical_reference,tarif_indisponible,reports/uk/connected-kerb-app-collection-latest.json
P4,Marina Back Car Park,80dee1d3-d217-458f-bd84-42738c7a8c36,f692835b-44b6-46b3-9dfa-1b688e9ecf50,72f15dbe-cedf-4322-a382-70acb63def54,no_physical_reference,tarif_indisponible,reports/uk/connected-kerb-app-collection-latest.json
P4,Marina Back Car Park,80dee1d3-d217-458f-bd84-42738c7a8c36,44d5fd33-71f9-4d3e-8f2b-f655b93d2f1d,4caaad14-14dd-4510-bd66-15ceef4526d1,no_physical_reference,tarif_indisponible,reports/uk/connected-kerb-app-collection-latest.json
P4,Marina Back Car Park,80dee1d3-d217-458f-bd84-42738c7a8c36,ba9587d3-bebb-4d17-ad05-e427c09d4ced,4c7aed59-5ed8-4eba-a21c-06497f4c8ff2,no_physical_reference,tarif_indisponible,reports/uk/connected-kerb-app-collection-latest.json
P4,Marina Back Car Park,80dee1d3-d217-458f-bd84-42738c7a8c36,ba86eee9-3019-4071-b440-cabd346d40ca,6d001311-7d12-4e10-a8ca-8e9e4b907a35,no_physical_reference,tarif_indisponible,reports/uk/connected-kerb-app-collection-latest.json
P4,Marina Back Car Park,80dee1d3-d217-458f-bd84-42738c7a8c36,85b0da02-fdea-44d3-a361-68e0a69c9618,7a993c5d-6f55-4179-95a7-af2a6b0a909a,no_physical_reference,tarif_indisponible,reports/uk/connected-kerb-app-collection-latest.json
P4,Marina Back Car Park,80dee1d3-d217-458f-bd84-42738c7a8c36,8296d925-0626-4966-b2f0-583066e1adfa,a9a0b57c-afd5-4b0b-ab50-d175acaedcf4,no_physical_reference,tarif_indisponible,reports/uk/connected-kerb-app-collection-latest.json
P4,Marina Back Car Park,80dee1d3-d217-458f-bd84-42738c7a8c36,2f85f55d-97e0-4d2a-909f-0aeb4642b479,fd5bf868-75ee-4f72-94f2-6e4b6d8976a8,no_physical_reference,tarif_indisponible,reports/uk/connected-kerb-app-collection-latest.json
P4,"Pontcanna Fields Car Park, Cardiff",f7aba1ff-bd65-4d19-bf26-f59fa1187daf,7c55c87a-bcb9-4d17-ac1f-cc72d6cf77fa,365884a5-d295-4aa2-a451-61820216b7d2,no_physical_reference,tarif_indisponible,reports/uk/connected-kerb-app-collection-latest.json
P4,"Pontcanna Fields Car Park, Cardiff",f7aba1ff-bd65-4d19-bf26-f59fa1187daf,428a53fa-bb3c-47f0-9e2d-0026c21421f6,5dfb0197-ad01-4de7-97dd-f6cec58ac062,no_physical_reference,tarif_indisponible,reports/uk/connected-kerb-app-collection-latest.json
P3,"High Street Car Park, Wem",d9089e86-7cdb-4cba-aa19-5ac8b0ea277c,d178454d-262a-4d25-a140-0f93bfaac043,2f57261b-4784-4a10-95fb-67b5a8366890,no_unique_exact_socket_match,correspondance_non_verifiee,reports/uk/connected-kerb-app-collection-latest.json
P3,"High Street Car Park, Wem",d9089e86-7cdb-4cba-aa19-5ac8b0ea277c,313ce485-7857-4f84-9627-1b5dcc06c842,44a6a40d-aa5a-48d4-931e-97e0d8b7b48a,no_unique_exact_socket_match,correspondance_non_verifiee,reports/uk/connected-kerb-app-collection-latest.json
P4,Dare Valley Country Park Car Park,30a7da20-592c-4c41-a85b-fdc5f01b4959,813e730d-fd88-4c97-8299-4534f1887ac3,84ea07e9-461d-4608-894a-3caacd26dada,no_physical_reference,tarif_indisponible,reports/uk/connected-kerb-app-collection-latest.json
P4,Dare Valley Country Park Car Park,30a7da20-592c-4c41-a85b-fdc5f01b4959,620110af-895e-492a-a593-6c2893da09a9,9fc42441-9f26-4b8c-8401-eeab4a7395a8,no_physical_reference,tarif_indisponible,reports/uk/connected-kerb-app-collection-latest.json
P3,Dewinton Street Car Park,d5e36036-be2c-42f8-b554-a280110b0253,744dc757-0a10-4aa1-8ead-953619b4a210,c089aee0-1ee8-46a3-8a5c-bf7c6659330b,no_unique_exact_socket_match,correspondance_non_verifiee,reports/uk/connected-kerb-app-collection-latest.json
P3,Dewinton Street Car Park,d5e36036-be2c-42f8-b554-a280110b0253,97d61069-690a-42d3-96f3-cb0c7c18f23e,dba2f24a-dd20-4648-b58d-8e96abf64b12,no_unique_exact_socket_match,correspondance_non_verifiee,reports/uk/connected-kerb-app-collection-latest.json
P3,"Montpellier Spa Road, Cheltenham",3d17f449-21a5-436c-9bfa-db3e18978811,GB*CK0*E19048,6b95f192-816f-4979-956b-ff28a7ccdeeb,no_unique_exact_qr_and_geo_match,correspondance_non_verifiee,reports/uk/connected-kerb-app-collection-latest.json
P3,"Montpellier Spa Road, Cheltenham",3d17f449-21a5-436c-9bfa-db3e18978811,GB*CK0*E19047,df4b419f-6de5-4f40-8b52-2916096ad539,no_unique_exact_qr_and_geo_match,correspondance_non_verifiee,reports/uk/connected-kerb-app-collection-latest.json
P3,"Montpellier Spa Road, Cheltenham",3d17f449-21a5-436c-9bfa-db3e18978811,GB*CK0*E21898,eaf00bc0-9056-4940-aee7-d4a026ad72ef,no_unique_exact_qr_and_geo_match,correspondance_non_verifiee,reports/uk/connected-kerb-app-collection-latest.json
P3,"Montpellier Spa Road, Cheltenham",3d17f449-21a5-436c-9bfa-db3e18978811,GB*CK0*E19046,aeb6aeb8-f0dd-448f-9197-6cefa6a1b492,no_unique_exact_qr_and_geo_match,correspondance_non_verifiee,reports/uk/connected-kerb-app-collection-latest.json
P3,"Montpellier Spa Road, Cheltenham",3d17f449-21a5-436c-9bfa-db3e18978811,GB*CK0*E19045,95e5caaf-5ac6-4979-bc07-a9eea0689874,no_unique_exact_qr_and_geo_match,correspondance_non_verifiee,reports/uk/connected-kerb-app-collection-latest.json
P3,"Montpellier Spa Road, Cheltenham",3d17f449-21a5-436c-9bfa-db3e18978811,GB*CK0*E21899,7cc2bd58-72de-4588-8f20-25b0e8291f07,no_unique_exact_qr_and_geo_match,correspondance_non_verifiee,reports/uk/connected-kerb-app-collection-latest.json
P3,"Montpellier Spa Road, Cheltenham",3d17f449-21a5-436c-9bfa-db3e18978811,GB*CK0*E31061,524eacdb-8b09-4bf6-83a5-ca316a260de4,no_unique_exact_qr_and_geo_match,correspondance_non_verifiee,reports/uk/connected-kerb-app-collection-latest.json
P3,"Montpellier Spa Road, Cheltenham",3d17f449-21a5-436c-9bfa-db3e18978811,GB*CK0*E31062,42bdaeed-dcc1-4b04-899b-b59b813f714f,no_unique_exact_qr_and_geo_match,correspondance_non_verifiee,reports/uk/connected-kerb-app-collection-latest.json
P3,"Montpellier Spa Road, Cheltenham",3d17f449-21a5-436c-9bfa-db3e18978811,GB*CK0*E31025,ee8ea909-4fae-4047-9f6d-0b61a11bf593,no_unique_exact_qr_and_geo_match,correspondance_non_verifiee,reports/uk/connected-kerb-app-collection-latest.json
P3,"Montpellier Spa Road, Cheltenham",3d17f449-21a5-436c-9bfa-db3e18978811,GB*CK0*E31026,39e4d333-af95-4017-866c-5e5014068c41,no_unique_exact_qr_and_geo_match,correspondance_non_verifiee,reports/uk/connected-kerb-app-collection-latest.json
P3,Hale Road,fc03e353-c5b5-4d27-be2a-0ba4395ed6d2,dab6e51a-b12e-455f-bc5c-ef9a795330f2,aa61d4d6-bf31-4f0a-9705-e85a181d3456,no_unique_exact_socket_match,correspondance_non_verifiee,reports/uk/connected-kerb-app-collection-latest.json
P3,Hale Road,fc03e353-c5b5-4d27-be2a-0ba4395ed6d2,b036f3c6-788b-4d96-a094-03419a63b8ad,932bfb88-d149-4cb3-9600-e489a027e8f7,no_unique_exact_socket_match,correspondance_non_verifiee,reports/uk/connected-kerb-app-collection-latest.json
P3,Southwick Square Car Park,75911eed-2f1e-49fc-b9f4-5fdef84b7323,88934572-3282-4f91-af8d-c47a6c83cd8d,0c47c3a8-3baa-4ce7-87d5-3835ffa8855f,no_unique_exact_socket_match,correspondance_non_verifiee,reports/uk/connected-kerb-app-collection-latest.json
P3,Southwick Square Car Park,75911eed-2f1e-49fc-b9f4-5fdef84b7323,9f7d1f23-bef6-4a25-8e01-fca7a42703b6,ec15f9d2-bb4c-47cb-8878-32e3465c9e5c,no_unique_exact_socket_match,correspondance_non_verifiee,reports/uk/connected-kerb-app-collection-latest.json
P4,54 Home Park,c297da88-c8c3-4fdc-82ac-34861f1337eb,359c73a5-eb9a-4777-b94b-269b470adb72,414e1b18-62ca-471c-af28-a73f6147644b,no_physical_reference,tarif_indisponible,reports/uk/connected-kerb-app-collection-latest.json
P4,Gladstone Road 2,39ab3f64-32c6-4799-8b1a-dff65a2e2397,7c394b82-0b7e-4f83-a175-cc6f898c781b,88b6c652-aa80-402c-8ad0-acaff3db3d77,no_physical_reference,tarif_indisponible,reports/uk/connected-kerb-app-collection-latest.json
P3,"Burnside Gardens, 35 Foresterhill Court",a758c709-d394-4808-acf8-93fddebec4b4,GB*CK0*E20857,11c11551-17d7-4694-a01a-08d269fb5802,no_unique_exact_socket_match,correspondance_non_verifiee,reports/uk/connected-kerb-app-collection-latest.json
P3,"Burnside Gardens, 35 Foresterhill Court",a758c709-d394-4808-acf8-93fddebec4b4,GB*CK0*E20858,e4958b2f-ae25-4a0a-9ebe-64ca9acf7acc,no_unique_exact_socket_match,correspondance_non_verifiee,reports/uk/connected-kerb-app-collection-latest.json
P3,"Burnside Gardens, 35 Foresterhill Court",a758c709-d394-4808-acf8-93fddebec4b4,a30c7c09-86dd-4aea-824f-12563e10da7f,36e12454-feb2-4e66-bf5c-bdc5ca73c9f4,no_unique_exact_socket_match,correspondance_non_verifiee,reports/uk/connected-kerb-app-collection-latest.json
P3,"Burnside Gardens, 35 Foresterhill Court",a758c709-d394-4808-acf8-93fddebec4b4,fe0791ce-29d1-46d8-869b-39760a6d8fac,a1ecbc36-7cca-4a6d-9d40-ccac207f32b7,no_unique_exact_socket_match,correspondance_non_verifiee,reports/uk/connected-kerb-app-collection-latest.json
P4,HMP Lincoln,f2fd7b43-0287-479f-8c9d-ac0657431b90,GB*CK0*E5237,2d53ff73-cac1-489d-a5a6-f700344d22cc,app HTTP 404,tarif_indisponible,reports/uk/connected-kerb-app-collection-latest.json
P4,HMP Lincoln,f2fd7b43-0287-479f-8c9d-ac0657431b90,GB*CK0*E5236,e7518978-321c-49cf-9829-eb86972901e5,app HTTP 404,tarif_indisponible,reports/uk/connected-kerb-app-collection-latest.json
P3,Terregles Avenue,4f6907ba-ba4a-4261-93a2-fe33fb4aef86,GB*CK0*E1414,cc2820ec-48fa-42ef-b217-1a084be6673e,no_unique_exact_socket_match,correspondance_non_verifiee,reports/uk/connected-kerb-app-collection-latest.json
P1,Links Road,6252a105-aa6e-4ba8-8d8e-ae9b312b3ad2,GB*CK0*E9497,d9067ecb-feb4-44f2-8c7c-0160d882c6b4,multiple_energy_prices_without_windows,tarif_ambigu,reports/uk/connected-kerb-app-collection-latest.json
P4,"Cinderhall Place, Elphinstone",7482fd81-b6b4-46a3-9b11-104045b765ad,GB*CK0*E8098,62d76c6c-8773-4c2c-9227-1af9dae3173a,app HTTP 404,tarif_indisponible,reports/uk/connected-kerb-app-collection-latest.json
P4,"Cinderhall Place, Elphinstone",7482fd81-b6b4-46a3-9b11-104045b765ad,GB*CK0*E9140,adc3d8ea-0e04-4233-ac3b-fcf9f0e0f6cb,app HTTP 404,tarif_indisponible,reports/uk/connected-kerb-app-collection-latest.json
P1,"Abbott's View, East Lothian",b2745cad-4a94-4621-a28c-95d1b16284d3,GB*CK0*E8070,565714cd-5898-4fdd-829d-dd3cf4029f65,multiple_energy_prices_without_windows,tarif_ambigu,reports/uk/connected-kerb-app-collection-latest.json
P1,"Abbott's View, East Lothian",b2745cad-4a94-4621-a28c-95d1b16284d3,GB*CK0*E8080,ea3b3a55-e7bb-4fee-9080-c74a23c92b65,multiple_energy_prices_without_windows,tarif_ambigu,reports/uk/connected-kerb-app-collection-latest.json
P1,Warrender Crescent,b8ae16fc-f2bd-4b09-b6d2-9118aac63940,GB*CK0*E8078,e9d73b4c-6412-4fcb-82cf-31eaa508241c,multiple_energy_prices_without_windows,tarif_ambigu,reports/uk/connected-kerb-app-collection-latest.json
P1,Warrender Crescent,b8ae16fc-f2bd-4b09-b6d2-9118aac63940,GB*CK0*E8081,127495c5-c739-407e-b646-902460eb38b9,multiple_energy_prices_without_windows,tarif_ambigu,reports/uk/connected-kerb-app-collection-latest.json
P1,Village Hall Car Park,b20d6f3a-b867-4965-ba9e-9ec0b72af0eb,GB*CK0*E8089,4169d7a4-0ab8-44a2-b328-fc76a7850e5c,multiple_energy_prices_without_windows,tarif_ambigu,reports/uk/connected-kerb-app-collection-latest.json
P1,Village Hall Car Park,b20d6f3a-b867-4965-ba9e-9ec0b72af0eb,GB*CK0*E8079,a8b8d53d-35f5-4fec-b332-fa91c9ad1b09,multiple_energy_prices_without_windows,tarif_ambigu,reports/uk/connected-kerb-app-collection-latest.json
P1,Westbank Road,89ab79e2-78ee-48ee-9966-baf66e75fd28,GB*CK0*E3505,adec2ddc-7b3e-4607-9bba-42559cf2b1bb,multiple_energy_prices_without_windows,tarif_ambigu,reports/uk/connected-kerb-app-collection-latest.json
P1,Westbank Road,89ab79e2-78ee-48ee-9966-baf66e75fd28,GB*CK0*E3502,a9156083-6574-409d-8fba-7e2ebd4cc1a5,multiple_energy_prices_without_windows,tarif_ambigu,reports/uk/connected-kerb-app-collection-latest.json
P1,The Glebe Car Park,8e8dc579-72aa-4efa-b916-52155cc3c0c4,GB*CK0*E9220,b32a8fba-50dd-499c-8d2b-666023597cf4,multiple_energy_prices_without_windows,tarif_ambigu,reports/uk/connected-kerb-app-collection-latest.json
P1,The Glebe Car Park,8e8dc579-72aa-4efa-b916-52155cc3c0c4,GB*CK0*E9219,4c55ea07-ab1c-4be5-b563-bef5294516c6,multiple_energy_prices_without_windows,tarif_ambigu,reports/uk/connected-kerb-app-collection-latest.json
P1,The Glebe Car Park,8e8dc579-72aa-4efa-b916-52155cc3c0c4,GB*CK0*E10359,e5d18ba2-a91c-4643-9ec7-fe0c7c20dd0a,multiple_energy_prices_without_windows,tarif_ambigu,reports/uk/connected-kerb-app-collection-latest.json
P1,The Glebe Car Park,8e8dc579-72aa-4efa-b916-52155cc3c0c4,GB*CK0*E10360,a9bb5b2a-1662-40ab-90ac-93249c73b4d9,multiple_energy_prices_without_windows,tarif_ambigu,reports/uk/connected-kerb-app-collection-latest.json
P1,The Glebe Car Park,8e8dc579-72aa-4efa-b916-52155cc3c0c4,GB*CK0*E10362,cd5ebf68-1eaa-4f88-a603-5ffe7fe1d9a4,multiple_energy_prices_without_windows,tarif_ambigu,reports/uk/connected-kerb-app-collection-latest.json
P1,The Glebe Car Park,8e8dc579-72aa-4efa-b916-52155cc3c0c4,GB*CK0*E10361,3b5ff4ec-cd89-4a5a-8865-e6bed7af0b3d,multiple_energy_prices_without_windows,tarif_ambigu,reports/uk/connected-kerb-app-collection-latest.json
P1,The Glebe Car Park,8e8dc579-72aa-4efa-b916-52155cc3c0c4,GB*CK0*E10376,d9e145f6-01b2-46ff-9773-4c51af3e3461,multiple_energy_prices_without_windows,tarif_ambigu,reports/uk/connected-kerb-app-collection-latest.json
P1,The Glebe Car Park,8e8dc579-72aa-4efa-b916-52155cc3c0c4,GB*CK0*E10375,9a7e04a5-0ee4-4760-bf1b-6e0eea439b33,multiple_energy_prices_without_windows,tarif_ambigu,reports/uk/connected-kerb-app-collection-latest.json
P1,The Glebe Car Park,8e8dc579-72aa-4efa-b916-52155cc3c0c4,GB*CK0*E9055,5201439e-f110-4b6a-a3d5-9df04871e1c3,multiple_energy_prices_without_windows,tarif_ambigu,reports/uk/connected-kerb-app-collection-latest.json
P1,The Glebe Car Park,8e8dc579-72aa-4efa-b916-52155cc3c0c4,GB*CK0*E9056,6f01c678-bd57-4846-9b50-cfffb1812836,multiple_energy_prices_without_windows,tarif_ambigu,reports/uk/connected-kerb-app-collection-latest.json
P1,The Glebe Car Park,8e8dc579-72aa-4efa-b916-52155cc3c0c4,GB*CK0*E10305,3febab77-a24c-41db-b4c6-be5815abb348,multiple_energy_prices_without_windows,tarif_ambigu,reports/uk/connected-kerb-app-collection-latest.json
P1,The Glebe Car Park,8e8dc579-72aa-4efa-b916-52155cc3c0c4,GB*CK0*E10306,4d714ac4-7bfb-4815-82c9-e994e707e7d0,multiple_energy_prices_without_windows,tarif_ambigu,reports/uk/connected-kerb-app-collection-latest.json
P1,"Edenhall Bank, East Lothian",8420d98a-4823-4acf-ba21-0a349552dedd,GB*CK0*E9504,d8cbb632-0e9d-4e35-81c9-7d30786d33c6,multiple_energy_prices_without_windows,tarif_ambigu,reports/uk/connected-kerb-app-collection-latest.json
P1,"Edenhall Bank, East Lothian",8420d98a-4823-4acf-ba21-0a349552dedd,GB*CK0*E9509,d974a625-6f34-4ebe-9bca-b4a6347abd2f,multiple_energy_prices_without_windows,tarif_ambigu,reports/uk/connected-kerb-app-collection-latest.json
P1,Dundas Road Car Park,a84f9294-cb02-4457-ae34-2e9263e489fc,GB*CK0*E9145,dc36405b-a547-47d5-af6c-07f7d521624c,multiple_energy_prices_without_windows,tarif_ambigu,reports/uk/connected-kerb-app-collection-latest.json
P1,Dundas Road Car Park,a84f9294-cb02-4457-ae34-2e9263e489fc,GB*CK0*E9118,63700ee6-97ea-48f5-9ddd-eafa3917fac0,multiple_energy_prices_without_windows,tarif_ambigu,reports/uk/connected-kerb-app-collection-latest.json
P1,Dundas Road Car Park,a84f9294-cb02-4457-ae34-2e9263e489fc,GB*CK0*E9123,f0c0f040-70f5-43c0-af17-8b1de80a4df2,multiple_energy_prices_without_windows,tarif_ambigu,reports/uk/connected-kerb-app-collection-latest.json
P1,"Thomson Crescent, East Lothian",90c39cd1-9e66-4ffb-a452-44ba31d52db8,GB*CK0*E8088,c3e45cb6-423a-46d7-866c-44aed2546ce8,multiple_energy_prices_without_windows,tarif_ambigu,reports/uk/connected-kerb-app-collection-latest.json
P1,"Thomson Crescent, East Lothian",90c39cd1-9e66-4ffb-a452-44ba31d52db8,GB*CK0*E9124,5a1579a1-c7ff-45ee-ba61-7d9970593a36,multiple_energy_prices_without_windows,tarif_ambigu,reports/uk/connected-kerb-app-collection-latest.json
P1,"Thomson Crescent, East Lothian",90c39cd1-9e66-4ffb-a452-44ba31d52db8,GB*CK0*E9125,4a426d20-7598-4551-85d7-aea4b0cb69f0,multiple_energy_prices_without_windows,tarif_ambigu,reports/uk/connected-kerb-app-collection-latest.json
P1,"Moffat Road, Ormiston",6880d2a1-de8c-438a-88e5-8934dd35fb0d,GB*CK0*E8262,33567082-6287-42eb-8f51-a9923c6d82c1,multiple_energy_prices_without_windows,tarif_ambigu,reports/uk/connected-kerb-app-collection-latest.json
P3,"Moffat Road, Ormiston",6880d2a1-de8c-438a-88e5-8934dd35fb0d,GB*CK0*E8090,13bf61e9-c688-4feb-a0ff-4b83810e4c1d,no_unique_exact_socket_match,correspondance_non_verifiee,reports/uk/connected-kerb-app-collection-latest.json
P1,Musselburgh Promenade,2acf37e3-1326-4920-aafe-46129d751a16,GB*CK0*E8955,d7566789-3500-4368-8a11-a2a5bdf7107b,multiple_energy_prices_without_windows,tarif_ambigu,reports/uk/connected-kerb-app-collection-latest.json
P1,Musselburgh Promenade,2acf37e3-1326-4920-aafe-46129d751a16,GB*CK0*E8956,d01607e6-907f-4651-907d-05fa21e9dc79,multiple_energy_prices_without_windows,tarif_ambigu,reports/uk/connected-kerb-app-collection-latest.json
P1,Musselburgh Promenade,2acf37e3-1326-4920-aafe-46129d751a16,GB*CK0*E14544,f50474fd-f64d-4a94-a374-eaa330d829f0,multiple_energy_prices_without_windows,tarif_ambigu,reports/uk/connected-kerb-app-collection-latest.json
P1,Musselburgh Promenade,2acf37e3-1326-4920-aafe-46129d751a16,GB*CK0*E14545,a768981b-64e2-4375-9a54-b988eeef5856,multiple_energy_prices_without_windows,tarif_ambigu,reports/uk/connected-kerb-app-collection-latest.json
P1,Musselburgh Promenade,2acf37e3-1326-4920-aafe-46129d751a16,GB*CK0*E8914,f152d053-274d-47cd-a29c-c21bb4b8eed6,multiple_energy_prices_without_windows,tarif_ambigu,reports/uk/connected-kerb-app-collection-latest.json
P1,Musselburgh Promenade,2acf37e3-1326-4920-aafe-46129d751a16,GB*CK0*E8913,884ff841-66ad-4471-8de4-94cbef574f4a,multiple_energy_prices_without_windows,tarif_ambigu,reports/uk/connected-kerb-app-collection-latest.json
P1,"York Road, North Berwick",a0d548ec-4cdb-466e-919a-23ed2cb59ed2,GB*CK0*E9498,ec84c1e8-1290-4720-a739-9ba415e549c9,multiple_energy_prices_without_windows,tarif_ambigu,reports/uk/connected-kerb-app-collection-latest.json
P1,"York Road, North Berwick",a0d548ec-4cdb-466e-919a-23ed2cb59ed2,GB*CK0*E9505,d1843fe9-b7fd-40fe-8b8c-9cfd24e580da,multiple_energy_prices_without_windows,tarif_ambigu,reports/uk/connected-kerb-app-collection-latest.json
P1,"Woodhall Road, Pencaitland",23b988fd-7cf8-49d9-952e-7904155f59b1,GB*CK0*E9503,fdcbe827-61bf-4ee4-a383-b6b6f91e0afb,multiple_energy_prices_without_windows,tarif_ambigu,reports/uk/connected-kerb-app-collection-latest.json
P1,"Woodhall Road, Pencaitland",23b988fd-7cf8-49d9-952e-7904155f59b1,GB*CK0*E9508,e4c115c3-1837-4acb-922e-b846b63db872,multiple_energy_prices_without_windows,tarif_ambigu,reports/uk/connected-kerb-app-collection-latest.json
P1,Stoneybank Terrace,c29ea1ac-00bf-44b8-b60c-bfff129daced,GB*CK0*E1387-,880ac210-bd02-4fff-b113-cc304e540184,multiple_energy_prices_without_windows,tarif_ambigu,reports/uk/connected-kerb-app-collection-latest.json
P1,Stoneybank Terrace,c29ea1ac-00bf-44b8-b60c-bfff129daced,GB*CK0*E1385-,d9e0d2a0-d78d-457e-9ed4-47827bc164ca,multiple_energy_prices_without_windows,tarif_ambigu,reports/uk/connected-kerb-app-collection-latest.json
P1,Stoneybank Terrace,c29ea1ac-00bf-44b8-b60c-bfff129daced,GB*CK0*E1384-,eb15724f-3a7c-44ad-80fc-a0071ae3f7c6,multiple_energy_prices_without_windows,tarif_ambigu,reports/uk/connected-kerb-app-collection-latest.json
P1,Stoneybank Terrace,c29ea1ac-00bf-44b8-b60c-bfff129daced,GB*CK0*E1386-,cd099b14-3c90-4ade-a12e-2f0ffa7ac2c0,multiple_energy_prices_without_windows,tarif_ambigu,reports/uk/connected-kerb-app-collection-latest.json
P3,Stoneybank Terrace,c29ea1ac-00bf-44b8-b60c-bfff129daced,GB*CK0*E1383,7a1926b6-12a3-4157-a60a-63322e309693,no_unique_exact_socket_match,correspondance_non_verifiee,reports/uk/connected-kerb-app-collection-latest.json
P1,Stoneybank Terrace,c29ea1ac-00bf-44b8-b60c-bfff129daced,GB*CK0*E4317,7bf84b77-b045-4b4f-8a04-35528ef798a3,multiple_energy_prices_without_windows,tarif_ambigu,reports/uk/connected-kerb-app-collection-latest.json
P1,Wedderburn Court,8720c507-6981-4e4b-abba-81307f9e989f,GB*CK0*E3297,2dddb004-c2ea-446f-bbb6-8a49e3c74b42,multiple_energy_prices_without_windows,tarif_ambigu,reports/uk/connected-kerb-app-collection-latest.json
P1,Wedderburn Court,8720c507-6981-4e4b-abba-81307f9e989f,GB*CK0*E3504,f55e3bfa-5c15-4794-aabc-bac9b518bed1,multiple_energy_prices_without_windows,tarif_ambigu,reports/uk/connected-kerb-app-collection-latest.json
P1,Carberry Court,8c86599d-996a-4bb1-9b54-286fa3fd9b2e,GB*CK0*E9510,6f478265-bd69-43b7-a376-87983f63884a,multiple_energy_prices_without_windows,tarif_ambigu,reports/uk/connected-kerb-app-collection-latest.json
P1,Carberry Court,8c86599d-996a-4bb1-9b54-286fa3fd9b2e,GB*CK0*E8091,f96c7eb4-1785-4709-b5a0-1131ee6b3ded,multiple_energy_prices_without_windows,tarif_ambigu,reports/uk/connected-kerb-app-collection-latest.json
P1,Carberry Court,8c86599d-996a-4bb1-9b54-286fa3fd9b2e,GB*CK0*E9506,5a310ef9-d285-4d29-84ee-6012995ea9c1,multiple_energy_prices_without_windows,tarif_ambigu,reports/uk/connected-kerb-app-collection-latest.json
P1,Humbie Village Hall Car Park,d50bafec-7206-4f2c-9c31-0516affea8e6,GB*CK0*E9126,8aef2f47-4d68-46fd-b3ac-2df22b6fbe15,multiple_energy_prices_without_windows,tarif_ambigu,reports/uk/connected-kerb-app-collection-latest.json
P1,Humbie Village Hall Car Park,d50bafec-7206-4f2c-9c31-0516affea8e6,GB*CK0*E9119,e30723c9-fa6f-4fb6-b243-61db38f22cd1,multiple_energy_prices_without_windows,tarif_ambigu,reports/uk/connected-kerb-app-collection-latest.json
P4,Hedworthfield CA 2,8c2d26ce-e172-4206-9d27-a8834251801b,b153436a-9112-4ad3-b7ea-b2ae3678d8ff,5549e70a-bd34-49af-b67d-e49c390297ba,app HTTP 404,tarif_indisponible,reports/uk/connected-kerb-app-collection-latest.json
P4,Hedworthfield CA 2,8c2d26ce-e172-4206-9d27-a8834251801b,GB*CK0*E//,0387daab-9247-47dc-85d2-6ae169234256,app HTTP 404,tarif_indisponible,reports/uk/connected-kerb-app-collection-latest.json
P4,Hedworthfield CA 2,8c2d26ce-e172-4206-9d27-a8834251801b,d58c54e4-ac2b--1,5f83d174-bb03-494f-9942-a707ba9b6d6d,app HTTP 404,tarif_indisponible,reports/uk/connected-kerb-app-collection-latest.json
P4,Hedworthfield CA 2,8c2d26ce-e172-4206-9d27-a8834251801b,d58c54e4-ac2b--2,96b46fc4-d98d-4c13-98d2-ea180d9a54a1,app HTTP 404,tarif_indisponible,reports/uk/connected-kerb-app-collection-latest.json
P4,Hedworthfield CA 2,8c2d26ce-e172-4206-9d27-a8834251801b,d49373b6-dab3--2,bf9c3301-cdac-494b-8444-5de403d23748,app HTTP 404,tarif_indisponible,reports/uk/connected-kerb-app-collection-latest.json
P4,Hedworthfield CA 2,8c2d26ce-e172-4206-9d27-a8834251801b,d49373b6-dab3--1,0c9427fd-c91c-429f-89bc-6eeafcf341c5,app HTTP 404,tarif_indisponible,reports/uk/connected-kerb-app-collection-latest.json
P4,Hedworthfield CA 1,72aafe8a-e1ba-4ce4-b825-8e675067aa21,e09388e2-f1a0--1,86aa4811-aae0-40c5-ad57-eb526ad54153,app HTTP 404,tarif_indisponible,reports/uk/connected-kerb-app-collection-latest.json
P4,Hedworthfield CA 1,72aafe8a-e1ba-4ce4-b825-8e675067aa21,e09388e2-f1a0--2,0175e293-d65c-4d45-98fa-ddc0e475c5e2,app HTTP 404,tarif_indisponible,reports/uk/connected-kerb-app-collection-latest.json
P4,Hedworthfield CA 1,72aafe8a-e1ba-4ce4-b825-8e675067aa21,bc9f1071-9487--1,fe420289-4ebf-4949-b55a-3affa2d13caa,app HTTP 404,tarif_indisponible,reports/uk/connected-kerb-app-collection-latest.json
P4,Hedworthfield CA 1,72aafe8a-e1ba-4ce4-b825-8e675067aa21,bc9f1071-9487--2,7e76a5b8-c0ab-445b-8110-ce71bc5ab14d,app HTTP 404,tarif_indisponible,reports/uk/connected-kerb-app-collection-latest.json
P4,Hedworthfield CA 1,72aafe8a-e1ba-4ce4-b825-8e675067aa21,GB*CK0*E15625,673ab0c2-d8ce-4609-afe7-b06bf99b1dff,app HTTP 404,tarif_indisponible,reports/uk/connected-kerb-app-collection-latest.json
P4,Hedworthfield CA 1,72aafe8a-e1ba-4ce4-b825-8e675067aa21,GB*CK0*E29025,07157cef-43c1-457d-8a6f-8db63ef324d2,app HTTP 404,tarif_indisponible,reports/uk/connected-kerb-app-collection-latest.json
P4,Hedworthfield CA 1,72aafe8a-e1ba-4ce4-b825-8e675067aa21,GB*CK0*E15342,d1a0f90e-36af-43a5-bc4b-c8dce0155ad4,app HTTP 404,tarif_indisponible,reports/uk/connected-kerb-app-collection-latest.json
P4,Hedworthfield CA 1,72aafe8a-e1ba-4ce4-b825-8e675067aa21,GB*CK0*E15343,eee7ebe8-198f-4447-8680-541e0646b43e,app HTTP 404,tarif_indisponible,reports/uk/connected-kerb-app-collection-latest.json
P4,Hedworthfield CA 1,72aafe8a-e1ba-4ce4-b825-8e675067aa21,GB*CK0*E15626,7a696d56-0d2b-4293-92b5-0468deed67bf,app HTTP 404,tarif_indisponible,reports/uk/connected-kerb-app-collection-latest.json
P3,Sea Winnings Way Car Park,8df1dd6d-9f27-4a53-b864-f31ca84df39f,GB*CK0*E14769,43ef46e8-a7dc-424c-b316-4536eab48153,no_unique_exact_socket_match,correspondance_non_verifiee,reports/uk/connected-kerb-app-collection-latest.json
P3,"Galsworthy Road, Biddick Hall",db804a0b-9c88-4f47-bedf-b285d16b9962,GB*CK0*E14628,83bb7265-4963-4a44-b8ee-897fe75be1b4,no_unique_exact_socket_match,correspondance_non_verifiee,reports/uk/connected-kerb-app-collection-latest.json
P3,"Galsworthy Road, Biddick Hall",db804a0b-9c88-4f47-bedf-b285d16b9962,GB*CK0*E14627,6382250d-0a83-469c-b93e-0ff7cd02f97c,no_unique_exact_socket_match,correspondance_non_verifiee,reports/uk/connected-kerb-app-collection-latest.json
P3,Church Road,04294105-1d2d-4a03-8087-e032f152b260,1599baf8-0b9a--1,8e6eef66-ec31-45f8-8812-e8bdb837a5d2,no_unique_exact_socket_match,correspondance_non_verifiee,reports/uk/connected-kerb-app-collection-latest.json
P3,Church Road,04294105-1d2d-4a03-8087-e032f152b260,1599baf8-0b9a--2,4f9db9cc-defc-4eac-b8f5-e842a33d345c,no_unique_exact_socket_match,correspondance_non_verifiee,reports/uk/connected-kerb-app-collection-latest.json
P3,Mumford Place  (Hay Rd) Chichester,117fdc60-8bfc-425e-b7c7-da512d0d72f2,ae1fe801-8ec9--2,913bc328-c73f-48fb-818a-7c446b49a098,no_unique_exact_socket_match,correspondance_non_verifiee,reports/uk/connected-kerb-app-collection-latest.json
P3,Mumford Place  (Hay Rd) Chichester,117fdc60-8bfc-425e-b7c7-da512d0d72f2,ae1fe801-8ec9--1,7fe4ff23-f698-4356-832e-f761773324a1,no_unique_exact_socket_match,correspondance_non_verifiee,reports/uk/connected-kerb-app-collection-latest.json
P3,"Tyne Street Car Park, Jarrow",2855122b-5360-4004-aed7-55f09e05a42a,GB*CK0*E4993,fed1fc55-e128-4a0d-8e3d-076cbe5960eb,no_unique_exact_qr_and_geo_match,correspondance_non_verifiee,reports/uk/connected-kerb-app-collection-latest.json
P3,"Tyne Street Car Park, Jarrow",2855122b-5360-4004-aed7-55f09e05a42a,GB*CK0*E14785,35f2e4c8-69a5-41a0-8129-95f82bdf72be,no_unique_exact_qr_and_geo_match,correspondance_non_verifiee,reports/uk/connected-kerb-app-collection-latest.json
P3,"Tyne Street Car Park, Jarrow",2855122b-5360-4004-aed7-55f09e05a42a,GB*CK0*E14786,43fc4735-931f-41f8-99a9-4a02ca54fa90,no_unique_exact_qr_and_geo_match,correspondance_non_verifiee,reports/uk/connected-kerb-app-collection-latest.json
P3,"Tyne Street Car Park, Jarrow",2855122b-5360-4004-aed7-55f09e05a42a,GB*CK0*E22018,7f1809a0-4e46-4c6c-b674-e0a4fbfb334e,no_unique_exact_qr_and_geo_match,correspondance_non_verifiee,reports/uk/connected-kerb-app-collection-latest.json
P3,"Tyne Street Car Park, Jarrow",2855122b-5360-4004-aed7-55f09e05a42a,GB*CK0*E22009,2b1290a5-1a44-41e1-8653-1968e0d20914,no_unique_exact_qr_and_geo_match,correspondance_non_verifiee,reports/uk/connected-kerb-app-collection-latest.json
P3,Bilton Hall CA Car Park,4b0d94be-7ed3-489e-8aac-a1837d370c10,GB*CK0*E14600*,49045c20-0de6-4512-aaa8-5a4e5f4281fe,no_unique_exact_socket_match,correspondance_non_verifiee,reports/uk/connected-kerb-app-collection-latest.json
P3,Primrose Childrens Centre,b0af71f5-6d44-4a7b-8b52-ef5f44d02b1f,GB*CK0*E14621,2f084e7b-a362-4127-b3c4-918502fd0364,no_unique_exact_socket_match,correspondance_non_verifiee,reports/uk/connected-kerb-app-collection-latest.json
P3,Primrose Childrens Centre,b0af71f5-6d44-4a7b-8b52-ef5f44d02b1f,GB*CK0*E14622,787685b9-92be-4f08-bfa3-2d59b933fa69,no_unique_exact_socket_match,correspondance_non_verifiee,reports/uk/connected-kerb-app-collection-latest.json
P3,Croft Road Car Park,0219d620-4776-41d6-be4e-9581439333b5,GB*CK0*E21921,f37e4c47-ca03-4bff-87d4-1ec5f3c040b8,no_unique_exact_qr_and_geo_match,correspondance_non_verifiee,reports/uk/connected-kerb-app-collection-latest.json
P3,Croft Road Car Park,0219d620-4776-41d6-be4e-9581439333b5,GB*CK0*E21923,7f055463-000a-444b-b399-642c50ff28bc,no_unique_exact_qr_and_geo_match,correspondance_non_verifiee,reports/uk/connected-kerb-app-collection-latest.json
P3,Croft Road Car Park,0219d620-4776-41d6-be4e-9581439333b5,GB*CK0*E22525,c096dfa1-11be-4dfc-935c-fe1f88ca4737,no_unique_exact_qr_and_geo_match,correspondance_non_verifiee,reports/uk/connected-kerb-app-collection-latest.json
P3,Croft Road Car Park,0219d620-4776-41d6-be4e-9581439333b5,GB*CK0*E22524,b108d8de-1055-4b20-9e20-c893a09b51ac,no_unique_exact_qr_and_geo_match,correspondance_non_verifiee,reports/uk/connected-kerb-app-collection-latest.json
P3,Croft Road Car Park,0219d620-4776-41d6-be4e-9581439333b5,GB*CK0*E21902,ce18e868-f6d9-4005-843c-5b984c25949d,no_unique_exact_qr_and_geo_match,correspondance_non_verifiee,reports/uk/connected-kerb-app-collection-latest.json
P3,Croft Road Car Park,0219d620-4776-41d6-be4e-9581439333b5,GB*CK0*E21924,55d79ca2-0511-4634-9c75-308984ec8066,no_unique_exact_qr_and_geo_match,correspondance_non_verifiee,reports/uk/connected-kerb-app-collection-latest.json
P3,Croft Road Car Park,0219d620-4776-41d6-be4e-9581439333b5,GB*CK0*E21907,f9c7dbee-9cdd-4784-858d-d9db815ecd0c,no_unique_exact_qr_and_geo_match,correspondance_non_verifiee,reports/uk/connected-kerb-app-collection-latest.json
P3,Croft Road Car Park,0219d620-4776-41d6-be4e-9581439333b5,GB*CK0*E21917,d6287cab-26ce-4a1b-a2bd-c47b7d013e6c,no_unique_exact_qr_and_geo_match,correspondance_non_verifiee,reports/uk/connected-kerb-app-collection-latest.json
P3,Charlotte Street West Car Park,8f0fbbdc-fed1-4bfe-896e-959f0eba840d,GB*CK0*E8959,f55b376e-72b2-457e-994d-f5428c19422f,no_unique_exact_socket_match,correspondance_non_verifiee,reports/uk/connected-kerb-app-collection-latest.json
P3,Charlotte Street West Car Park,8f0fbbdc-fed1-4bfe-896e-959f0eba840d,GB*CK0*E10809,6fe2fd64-119a-40a2-998b-03c5b8e75bf1,no_unique_exact_socket_match,correspondance_non_verifiee,reports/uk/connected-kerb-app-collection-latest.json
P3,Pierhead Car Park,844c3dbf-750f-48e5-9100-f6da804aaa21,GB*CK0*E19036,428e2adb-0390-4e05-9918-a9d3841da602,no_unique_exact_socket_match,correspondance_non_verifiee,reports/uk/connected-kerb-app-collection-latest.json
P3,Pierhead Car Park,844c3dbf-750f-48e5-9100-f6da804aaa21,GB*CK0*E14626,70453971-6080-4c77-a2f1-ea398651d4e3,no_unique_exact_socket_match,correspondance_non_verifiee,reports/uk/connected-kerb-app-collection-latest.json
P3,Lower Road Car Park,5d31d08e-d715-43ab-95b2-71b63a197a41,GB*CK0*E7465,8e407852-052b-42ca-9f40-bcddce283c6b,no_unique_exact_qr_and_geo_match,correspondance_non_verifiee,reports/uk/connected-kerb-app-collection-latest.json
P3,Lower Road Car Park,5d31d08e-d715-43ab-95b2-71b63a197a41,GB*CK0*E7466,f5115854-5390-4038-9cf1-f873a79180a5,no_unique_exact_qr_and_geo_match,correspondance_non_verifiee,reports/uk/connected-kerb-app-collection-latest.json
P3,Lower Road Car Park,5d31d08e-d715-43ab-95b2-71b63a197a41,GB*CK0*E16039,fec00fd9-6ab2-4951-bcde-4555ba77282c,no_unique_exact_qr_and_geo_match,correspondance_non_verifiee,reports/uk/connected-kerb-app-collection-latest.json
P3,Lower Road Car Park,5d31d08e-d715-43ab-95b2-71b63a197a41,GB*CK0*E16038,f23af0ea-01cd-49b2-871d-78e132878d6e,no_unique_exact_qr_and_geo_match,correspondance_non_verifiee,reports/uk/connected-kerb-app-collection-latest.json
P3,Lower Road Car Park,5d31d08e-d715-43ab-95b2-71b63a197a41,GB*CK0*E19222,c63da760-7d37-4b40-83b6-800181647fcc,no_unique_exact_qr_and_geo_match,correspondance_non_verifiee,reports/uk/connected-kerb-app-collection-latest.json
P3,Lower Road Car Park,5d31d08e-d715-43ab-95b2-71b63a197a41,GB*CK0*E19084,b8611021-be3a-4ce4-8571-ac4ef862ddd7,no_unique_exact_qr_and_geo_match,correspondance_non_verifiee,reports/uk/connected-kerb-app-collection-latest.json
P3,Lower Road Car Park,5d31d08e-d715-43ab-95b2-71b63a197a41,GB*CK0*E19085,466bd298-0bda-4f8f-bea2-786a502bb67e,no_unique_exact_qr_and_geo_match,correspondance_non_verifiee,reports/uk/connected-kerb-app-collection-latest.json
P3,Lower Road Car Park,5d31d08e-d715-43ab-95b2-71b63a197a41,GB*CK0*E21833,040bd972-aa5a-411b-9c22-3331bbb36af0,no_unique_exact_qr_and_geo_match,correspondance_non_verifiee,reports/uk/connected-kerb-app-collection-latest.json
P3,Lower Road Car Park,5d31d08e-d715-43ab-95b2-71b63a197a41,GB*CK0*E19082,b3c38eae-2ac8-4219-bf8e-ed788db43f12,no_unique_exact_qr_and_geo_match,correspondance_non_verifiee,reports/uk/connected-kerb-app-collection-latest.json
P3,Bacup Road,ccae1ecd-292b-480c-925c-f2d41f4d5220,GB*CK0*E11287*,88937531-3795-45c0-aae6-d6d06bc72d73,no_unique_exact_socket_match,correspondance_non_verifiee,reports/uk/connected-kerb-app-collection-latest.json
P3,Bacup Road,ccae1ecd-292b-480c-925c-f2d41f4d5220,GB*CK0*E11286*,e39d261e-0b89-4887-84e7-ae256a476ba2,no_unique_exact_socket_match,correspondance_non_verifiee,reports/uk/connected-kerb-app-collection-latest.json
P3,Riverside Multi Storey Car Park,20ebb989-6333-4946-80f4-8a2e8adb37b1,GB*CK0*E4993*,6bf9f04e-0e61-4ace-947f-5925219a079f,no_unique_exact_socket_match,correspondance_non_verifiee,reports/uk/connected-kerb-app-collection-latest.json
P3,Riverside Multi Storey Car Park,20ebb989-6333-4946-80f4-8a2e8adb37b1,GB*CK0*E4813,bdcf547d-20f6-4fab-bd48-118897733c27,no_unique_exact_socket_match,correspondance_non_verifiee,reports/uk/connected-kerb-app-collection-latest.json
P3,"Bank Street, Bacup",8263d499-70b8-4fc0-a1c0-28df8eeac0ea,GB*CK0*E16225*,841c60d5-eee6-4b8a-8e29-6c8d339dc571,no_unique_exact_qr_and_geo_match,correspondance_non_verifiee,reports/uk/connected-kerb-app-collection-latest.json
P3,"Bank Street, Bacup",8263d499-70b8-4fc0-a1c0-28df8eeac0ea,GB*CK0*E16230*,70b45f96-b799-4b84-98ae-14d81cfebc6c,no_unique_exact_qr_and_geo_match,correspondance_non_verifiee,reports/uk/connected-kerb-app-collection-latest.json
P3,"Bank Street, Bacup",8263d499-70b8-4fc0-a1c0-28df8eeac0ea,GB*CK0*E25053,8ad02255-d357-4628-8dd5-7fe553bf6622,no_unique_exact_qr_and_geo_match,correspondance_non_verifiee,reports/uk/connected-kerb-app-collection-latest.json
P3,"Bank Street, Bacup",8263d499-70b8-4fc0-a1c0-28df8eeac0ea,GB*CK0*E21987,b0adce68-8f96-4701-8907-079c70472d3b,no_unique_exact_qr_and_geo_match,correspondance_non_verifiee,reports/uk/connected-kerb-app-collection-latest.json
P3,"Bank Street, Bacup",8263d499-70b8-4fc0-a1c0-28df8eeac0ea,GB*CK0*E29024,e61638f1-8f34-4771-9b0a-b982bb51c890,no_unique_exact_qr_and_geo_match,correspondance_non_verifiee,reports/uk/connected-kerb-app-collection-latest.json
P3,"Bank Street, Bacup",8263d499-70b8-4fc0-a1c0-28df8eeac0ea,GB*CK0*E21986,a6582c07-50d1-46f8-96a4-6b6f64041740,no_unique_exact_qr_and_geo_match,correspondance_non_verifiee,reports/uk/connected-kerb-app-collection-latest.json
P3,"Bank Street, Bacup",8263d499-70b8-4fc0-a1c0-28df8eeac0ea,GB*CK0*E21954,d3bf470d-b79e-4b01-b2d2-5656f2a3a41d,no_unique_exact_qr_and_geo_match,correspondance_non_verifiee,reports/uk/connected-kerb-app-collection-latest.json
P3,"Bank Street, Bacup",8263d499-70b8-4fc0-a1c0-28df8eeac0ea,GB*CK0*E25050,14f2c178-845e-4a65-a584-0d3144b5eed2,no_unique_exact_qr_and_geo_match,correspondance_non_verifiee,reports/uk/connected-kerb-app-collection-latest.json
P3,"Bank Street, Bacup",8263d499-70b8-4fc0-a1c0-28df8eeac0ea,GB*CK0*E21961,4a9a7232-7d8e-4fb3-8757-ed9fa5807832,no_unique_exact_qr_and_geo_match,correspondance_non_verifiee,reports/uk/connected-kerb-app-collection-latest.json
P3,"Bank Street, Bacup",8263d499-70b8-4fc0-a1c0-28df8eeac0ea,GB*CK0*E19017,ba6442c9-547e-42eb-b49f-3999befd817d,no_unique_exact_qr_and_geo_match,correspondance_non_verifiee,reports/uk/connected-kerb-app-collection-latest.json
P3,"High Street, Stony Stratford",ba00f721-ed13-4e97-a121-dfb4279dda50,GB*CK0*E17907,5106ce64-8865-45ca-a79a-3ae227563d31,no_unique_exact_qr_and_geo_match,correspondance_non_verifiee,reports/uk/connected-kerb-app-collection-latest.json
P3,"High Street, Stony Stratford",ba00f721-ed13-4e97-a121-dfb4279dda50,GB*CK0*E19074,e179e17e-5cca-4610-b926-32118a697871,no_unique_exact_qr_and_geo_match,correspondance_non_verifiee,reports/uk/connected-kerb-app-collection-latest.json
P3,"High Street, Stony Stratford",ba00f721-ed13-4e97-a121-dfb4279dda50,GB*CK0*E19078,cd156a0c-65ac-401e-9ba4-7dcfd9b98a61,no_unique_exact_qr_and_geo_match,correspondance_non_verifiee,reports/uk/connected-kerb-app-collection-latest.json
P3,"High Street, Stony Stratford",ba00f721-ed13-4e97-a121-dfb4279dda50,GB*CK0*E19077,6e32b807-94b9-43a6-94fc-cbb1057c6c70,no_unique_exact_qr_and_geo_match,correspondance_non_verifiee,reports/uk/connected-kerb-app-collection-latest.json
P3,"High Street, Stony Stratford",ba00f721-ed13-4e97-a121-dfb4279dda50,GB*CK0*E19075,92ed2d5c-25fc-4076-a6e7-d589d3034541,no_unique_exact_qr_and_geo_match,correspondance_non_verifiee,reports/uk/connected-kerb-app-collection-latest.json
P3,"High Street, Stony Stratford",ba00f721-ed13-4e97-a121-dfb4279dda50,GB*CK0*E19071,a749f889-b509-42b6-a134-f570bf94e2a3,no_unique_exact_qr_and_geo_match,correspondance_non_verifiee,reports/uk/connected-kerb-app-collection-latest.json
P3,"High Street, Stony Stratford",ba00f721-ed13-4e97-a121-dfb4279dda50,GB*CK0*E19072,d6f2ce99-bcc0-4558-b156-81e75a15ec00,no_unique_exact_qr_and_geo_match,correspondance_non_verifiee,reports/uk/connected-kerb-app-collection-latest.json
P3,"High Street, Stony Stratford",ba00f721-ed13-4e97-a121-dfb4279dda50,GB*CK0*E19073,160c2b36-0e67-4019-b3c9-39f614a00405,no_unique_exact_qr_and_geo_match,correspondance_non_verifiee,reports/uk/connected-kerb-app-collection-latest.json
P3,Lancaster Gate,9859215e-e3f2-47fb-ae83-088e669edfb3,ac640e99-0939-456f-934a-8ec7c600171a,cdb97c23-67ca-4bdb-b1eb-ae5f6142a7c6,no_unique_exact_socket_match,correspondance_non_verifiee,reports/uk/connected-kerb-app-collection-latest.json
P3,Lancaster Gate,9859215e-e3f2-47fb-ae83-088e669edfb3,a5657064-7444-40c2-a2b4-4f891a0d0577,4ae6b560-057e-4b58-b7df-89cc231b6160,no_unique_exact_socket_match,correspondance_non_verifiee,reports/uk/connected-kerb-app-collection-latest.json
P3,Lancaster Gate,9859215e-e3f2-47fb-ae83-088e669edfb3,508b3ae2-fd9c-41d2-bac8-3d06194987dd,a3366cca-04ef-4037-a299-e05b1b6c1a78,no_unique_exact_socket_match,correspondance_non_verifiee,reports/uk/connected-kerb-app-collection-latest.json
P3,Lancaster Gate,9859215e-e3f2-47fb-ae83-088e669edfb3,d8f3c11f-214a-4a7a-a1f3-d49f527798d9,ffb74c01-c31a-4c13-8478-e1f59c7d4bd1,no_unique_exact_socket_match,correspondance_non_verifiee,reports/uk/connected-kerb-app-collection-latest.json
P3,Lancaster Gate,9859215e-e3f2-47fb-ae83-088e669edfb3,0a08d197-58dc-47d0-8ce5-4110dca024e5,ef005324-f272-4ea5-b7c4-655b395b1a55,no_unique_exact_socket_match,correspondance_non_verifiee,reports/uk/connected-kerb-app-collection-latest.json
P3,Lancaster Gate,9859215e-e3f2-47fb-ae83-088e669edfb3,ffa8fe73-9409-45eb-aa77-4eb687c2fe0d,65aba298-7f41-4804-abf4-e66871dbfe4b,no_unique_exact_socket_match,correspondance_non_verifiee,reports/uk/connected-kerb-app-collection-latest.json
P3,"High Street, Olney",32ca453f-d8ee-48e7-a292-b723df631c18,1d443ae2-f810-4efd-8aaf-8ce0d7f8dd5c,afce220b-ccce-48ce-b22a-7a5af77a5558,no_unique_exact_socket_match,correspondance_non_verifiee,reports/uk/connected-kerb-app-collection-latest.json
P3,"High Street, Olney",32ca453f-d8ee-48e7-a292-b723df631c18,8c55b9fa-e31f-47af-ba6b-78565702b619,c793f1ed-8642-4cdf-8e30-018b19d93e87,no_unique_exact_socket_match,correspondance_non_verifiee,reports/uk/connected-kerb-app-collection-latest.json
P3,"High Street, Olney",32ca453f-d8ee-48e7-a292-b723df631c18,ba5d19fc-c53f-4a1e-b13c-909a58674d32,d8064805-362e-401a-898f-0b3545059c6d,no_unique_exact_socket_match,correspondance_non_verifiee,reports/uk/connected-kerb-app-collection-latest.json
P3,"High Street, Olney",32ca453f-d8ee-48e7-a292-b723df631c18,7dad2650-f530-4583-9509-950896691be7,2ec665c9-6e8d-4dab-99e9-40f15b3d43fc,no_unique_exact_socket_match,correspondance_non_verifiee,reports/uk/connected-kerb-app-collection-latest.json
P3,"High Street, Olney",32ca453f-d8ee-48e7-a292-b723df631c18,de45cc8d-8037-4fa4-9799-98c5a0160f45,2bc88e4c-fa67-4753-9a3e-d671ec81de33,no_unique_exact_socket_match,correspondance_non_verifiee,reports/uk/connected-kerb-app-collection-latest.json
P3,"High Street, Olney",32ca453f-d8ee-48e7-a292-b723df631c18,1e84de2c-fc8c-4380-93f9-7f62f7f10a7f,c2260416-2e5e-4904-8df5-15080bfc3f09,no_unique_exact_socket_match,correspondance_non_verifiee,reports/uk/connected-kerb-app-collection-latest.json
P1,Midhope Road,cd20ba89-4241-4b39-b738-514f49093e8d,GB*CK0*E19825,a46c9e98-5d68-4025-989a-ab416d7ab670,fee_unit_verification_pending,tarif_ambigu,reports/uk/connected-kerb-app-collection-latest.json
P1,Midhope Road,cd20ba89-4241-4b39-b738-514f49093e8d,GB*CK0*E19865,d19e0ae8-1424-40d8-ae9a-b13fe6704484,fee_unit_verification_pending,tarif_ambigu,reports/uk/connected-kerb-app-collection-latest.json
P1,Midhope Road,cd20ba89-4241-4b39-b738-514f49093e8d,GB*CK0*E19716,f02dbb6d-7fcb-4dd0-8f51-1a27111ab5b0,fee_unit_verification_pending,tarif_ambigu,reports/uk/connected-kerb-app-collection-latest.json
P1,Midhope Road,cd20ba89-4241-4b39-b738-514f49093e8d,GB*CK0*E19707,9a1d7557-d59c-4e95-a929-b667d73843f0,fee_unit_verification_pending,tarif_ambigu,reports/uk/connected-kerb-app-collection-latest.json
P4,6 Randalls Crescent,a0ef5d4a-39f3-4321-99ee-aadfb0d61dab,c3e223b5-d2ea--1,ba4cdcb2-dd11-42d9-a3c2-881d0d1b2b95,app HTTP 404,tarif_indisponible,reports/uk/connected-kerb-app-collection-latest.json
P4,6 Randalls Crescent,a0ef5d4a-39f3-4321-99ee-aadfb0d61dab,c3e223b5-d2ea--2,c968e66d-8582-45a7-91c6-2f2262f0a599,app HTTP 404,tarif_indisponible,reports/uk/connected-kerb-app-collection-latest.json
P4,6 Randalls Crescent,a0ef5d4a-39f3-4321-99ee-aadfb0d61dab,670de701-6c66--2,e2b1b6ea-6cf1-4a17-82c1-f3ebaad380a5,app HTTP 404,tarif_indisponible,reports/uk/connected-kerb-app-collection-latest.json
P4,6 Randalls Crescent,a0ef5d4a-39f3-4321-99ee-aadfb0d61dab,670de701-6c66--1,af2c609d-7b9a-4621-8bd5-bebc87910f19,app HTTP 404,tarif_indisponible,reports/uk/connected-kerb-app-collection-latest.json
P4,"East Boldon Road, Cleadon",9fb9796c-b648-4889-9e50-616123f4a24b,GB*CK0*E29028,24d8844e-2619-4632-8997-1cf2aada6909,app HTTP 404,tarif_indisponible,reports/uk/connected-kerb-app-collection-latest.json
P4,"East Boldon Road, Cleadon",9fb9796c-b648-4889-9e50-616123f4a24b,GB*CK0*E19103,33c395eb-4f52-4254-86bd-781a84cc6bf2,app HTTP 404,tarif_indisponible,reports/uk/connected-kerb-app-collection-latest.json
P4,"East Boldon Road, Cleadon",9fb9796c-b648-4889-9e50-616123f4a24b,GB*CK0*E19100,f033baa4-ed1b-4bf8-a0e9-c7c74d792f1d,app HTTP 404,tarif_indisponible,reports/uk/connected-kerb-app-collection-latest.json
P4,"East Boldon Road, Cleadon",9fb9796c-b648-4889-9e50-616123f4a24b,GB*CK0*E29027,ef073369-594e-46a8-a287-749f26d174a1,app HTTP 404,tarif_indisponible,reports/uk/connected-kerb-app-collection-latest.json
P3,Penlline Road Car Park,d1a7c0d3-6965-4f0d-a2db-c94f28e38012,GB*CK0*E19228,bde8a004-fca7-4284-b7bb-423ef7850ef2,no_unique_exact_qr_and_geo_match,correspondance_non_verifiee,reports/uk/connected-kerb-app-collection-latest.json
P3,Penlline Road Car Park,d1a7c0d3-6965-4f0d-a2db-c94f28e38012,GB*CK0*E19025,3675436a-7afc-4f3d-bf99-667ce3dded8a,no_unique_exact_qr_and_geo_match,correspondance_non_verifiee,reports/uk/connected-kerb-app-collection-latest.json
P3,Wentworth Street Car Park,2b9ef9f1-0bf9-42ec-95bf-107e614a15e4,GB*CK0*E19298,9d31a01e-00ec-4386-9330-b8e4ca854ae7,no_unique_exact_qr_and_geo_match,correspondance_non_verifiee,reports/uk/connected-kerb-app-collection-latest.json
P3,Wentworth Street Car Park,2b9ef9f1-0bf9-42ec-95bf-107e614a15e4,GB*CK0*E19299,35150cb4-df3e-429f-9edf-755dd8646f47,no_unique_exact_qr_and_geo_match,correspondance_non_verifiee,reports/uk/connected-kerb-app-collection-latest.json
P3,Wentworth Street Car Park,2b9ef9f1-0bf9-42ec-95bf-107e614a15e4,GB*CK0*E19328,ef9db6e1-6d87-46fc-a8e6-1d3e8df8ebdb,no_unique_exact_qr_and_geo_match,correspondance_non_verifiee,reports/uk/connected-kerb-app-collection-latest.json
P3,Wentworth Street Car Park,2b9ef9f1-0bf9-42ec-95bf-107e614a15e4,GB*CK0*E19326,c259ec73-1abe-476b-801e-b090c9a284b8,no_unique_exact_qr_and_geo_match,correspondance_non_verifiee,reports/uk/connected-kerb-app-collection-latest.json
P3,West Parade - Rye Close,2f632834-4a52-4686-9026-bf2fe2d94089,GB*CK0*E10203,d29a5ad3-bee2-4acb-9f35-d8614e17058f,no_unique_exact_qr_and_geo_match,correspondance_non_verifiee,reports/uk/connected-kerb-app-collection-latest.json
P3,West Parade - Rye Close,2f632834-4a52-4686-9026-bf2fe2d94089,GB*CK0*E10204,57bdb172-1512-43c0-90a5-5e29de73369c,no_unique_exact_qr_and_geo_match,correspondance_non_verifiee,reports/uk/connected-kerb-app-collection-latest.json
P3,West Parade - Rye Close,2f632834-4a52-4686-9026-bf2fe2d94089,GB*CK0*E7871,21ad985a-bdd4-488f-ac14-70a00d788e45,no_unique_exact_qr_and_geo_match,correspondance_non_verifiee,reports/uk/connected-kerb-app-collection-latest.json
P3,West Parade - Rye Close,2f632834-4a52-4686-9026-bf2fe2d94089,GB*CK0*E7872,8b5a0924-de33-448d-a9dd-c9007aa1df72,no_unique_exact_qr_and_geo_match,correspondance_non_verifiee,reports/uk/connected-kerb-app-collection-latest.json
P3,West Parade - Rye Close,2f632834-4a52-4686-9026-bf2fe2d94089,GB*CK0*E8153,5bf1a0b9-5849-48de-8959-13cad4ca65b9,no_unique_exact_qr_and_geo_match,correspondance_non_verifiee,reports/uk/connected-kerb-app-collection-latest.json
P3,West Parade - Rye Close,2f632834-4a52-4686-9026-bf2fe2d94089,GB*CK0*E8152,195f5ef6-3084-4792-8413-30f8d3a54291,no_unique_exact_qr_and_geo_match,correspondance_non_verifiee,reports/uk/connected-kerb-app-collection-latest.json
P3,West Parade - Rye Close,2f632834-4a52-4686-9026-bf2fe2d94089,GB*CK0*E21913,a06fcd27-ba10-4afc-945d-99a4ec72b8d9,no_unique_exact_qr_and_geo_match,correspondance_non_verifiee,reports/uk/connected-kerb-app-collection-latest.json
P3,West Parade - Rye Close,2f632834-4a52-4686-9026-bf2fe2d94089,GB*CK0*E25061,322bb920-3761-43b6-8852-49e5178218ae,no_unique_exact_qr_and_geo_match,correspondance_non_verifiee,reports/uk/connected-kerb-app-collection-latest.json
P3,West Parade - Rye Close,2f632834-4a52-4686-9026-bf2fe2d94089,GB*CK0*E31075,a3872cc1-8a8e-4208-9420-8e2a429860a4,no_unique_exact_qr_and_geo_match,correspondance_non_verifiee,reports/uk/connected-kerb-app-collection-latest.json
P3,West Parade - Rye Close,2f632834-4a52-4686-9026-bf2fe2d94089,GB*CK0*E31076,dd11b00a-1fe5-43d0-9ee0-104089c897b5,no_unique_exact_qr_and_geo_match,correspondance_non_verifiee,reports/uk/connected-kerb-app-collection-latest.json
P3,West Parade - Rye Close,2f632834-4a52-4686-9026-bf2fe2d94089,GB*CK0*E25062,d7d601a1-c4de-4a5c-b332-66c6e393cb56,no_unique_exact_qr_and_geo_match,correspondance_non_verifiee,reports/uk/connected-kerb-app-collection-latest.json
P3,West Parade - Rye Close,2f632834-4a52-4686-9026-bf2fe2d94089,GB*CK0*E25064,5c113dd2-a512-4c2c-959c-353fe8a328ef,no_unique_exact_qr_and_geo_match,correspondance_non_verifiee,reports/uk/connected-kerb-app-collection-latest.json
P3,Conyngham Hall Car Park,513a932f-1cfd-45de-bce2-4c22fe6046c0,GB*CK0*E24083,a381286f-487b-48f0-94e9-28f26d4c276e,no_unique_exact_qr_and_geo_match,correspondance_non_verifiee,reports/uk/connected-kerb-app-collection-latest.json
P3,Conyngham Hall Car Park,513a932f-1cfd-45de-bce2-4c22fe6046c0,GB*CK0*E24453,678d15f4-594f-4bf0-b890-be54b6c7e503,no_unique_exact_qr_and_geo_match,correspondance_non_verifiee,reports/uk/connected-kerb-app-collection-latest.json
P3,Conyngham Hall Car Park,513a932f-1cfd-45de-bce2-4c22fe6046c0,GB*CK0*E24078,ecbe9281-3ff5-47a1-bdcf-2dede553d4a1,no_unique_exact_qr_and_geo_match,correspondance_non_verifiee,reports/uk/connected-kerb-app-collection-latest.json
P3,Conyngham Hall Car Park,513a932f-1cfd-45de-bce2-4c22fe6046c0,GB*CK0*E24077,c6870d0e-2bfd-4b8d-b70a-217c3a4279ae,no_unique_exact_qr_and_geo_match,correspondance_non_verifiee,reports/uk/connected-kerb-app-collection-latest.json
P3,Conyngham Hall Car Park,513a932f-1cfd-45de-bce2-4c22fe6046c0,GB*CK0*E24451,18836516-4630-4adc-971a-8118c81903c8,no_unique_exact_qr_and_geo_match,correspondance_non_verifiee,reports/uk/connected-kerb-app-collection-latest.json
P3,Conyngham Hall Car Park,513a932f-1cfd-45de-bce2-4c22fe6046c0,GB*CK0*E24452,84b30c9a-8021-4547-b076-a35dd59594f2,no_unique_exact_qr_and_geo_match,correspondance_non_verifiee,reports/uk/connected-kerb-app-collection-latest.json
P3,Conyngham Hall Car Park,513a932f-1cfd-45de-bce2-4c22fe6046c0,GB*CK0*E24080,469c7de2-10eb-477b-abab-ad03e2259df2,no_unique_exact_qr_and_geo_match,correspondance_non_verifiee,reports/uk/connected-kerb-app-collection-latest.json
P3,Conyngham Hall Car Park,513a932f-1cfd-45de-bce2-4c22fe6046c0,GB*CK0*E24079,e0e45914-7efc-4069-a944-87823a796c9f,no_unique_exact_qr_and_geo_match,correspondance_non_verifiee,reports/uk/connected-kerb-app-collection-latest.json
P3,Conyngham Hall Car Park,513a932f-1cfd-45de-bce2-4c22fe6046c0,GB*CK0*E18059,501373e8-aa7e-4636-bb82-31e2a79e037e,no_unique_exact_qr_and_geo_match,correspondance_non_verifiee,reports/uk/connected-kerb-app-collection-latest.json
P3,Conyngham Hall Car Park,513a932f-1cfd-45de-bce2-4c22fe6046c0,GB*CK0*E24450,23599b75-b6a3-4b2b-b4fb-51953d7dcb8d,no_unique_exact_qr_and_geo_match,correspondance_non_verifiee,reports/uk/connected-kerb-app-collection-latest.json
P3,Conyngham Hall Car Park,513a932f-1cfd-45de-bce2-4c22fe6046c0,GB*CK0*E24082,fa9128df-1906-4844-a4ba-9c2ed481aeb2,no_unique_exact_qr_and_geo_match,correspondance_non_verifiee,reports/uk/connected-kerb-app-collection-latest.json
P3,Conyngham Hall Car Park,513a932f-1cfd-45de-bce2-4c22fe6046c0,GB*CK0*E24081,c1445161-ed05-4592-af8e-ad8bfa5b4b84,no_unique_exact_qr_and_geo_match,correspondance_non_verifiee,reports/uk/connected-kerb-app-collection-latest.json
P3,Beach Road,1b58a066-c716-457f-96a8-92cc4d8f7398,GB*CK0*E7874,066ed353-8fb7-453f-85d6-b9cfe475660f,no_unique_exact_qr_and_geo_match,correspondance_non_verifiee,reports/uk/connected-kerb-app-collection-latest.json
P3,Beach Road,1b58a066-c716-457f-96a8-92cc4d8f7398,GB*CK0*E7873,417a696b-1aa3-4e92-98ab-13bc62bbc080,no_unique_exact_qr_and_geo_match,correspondance_non_verifiee,reports/uk/connected-kerb-app-collection-latest.json
P3,Beach Road,1b58a066-c716-457f-96a8-92cc4d8f7398,GB*CK0*E9833,9bf4793c-0892-409f-a68a-879541c37ecb,no_unique_exact_qr_and_geo_match,correspondance_non_verifiee,reports/uk/connected-kerb-app-collection-latest.json
P3,Beach Road,1b58a066-c716-457f-96a8-92cc4d8f7398,GB*CK0*E9832,31451ee0-06a7-45e1-92a8-44401961b46a,no_unique_exact_qr_and_geo_match,correspondance_non_verifiee,reports/uk/connected-kerb-app-collection-latest.json
P3,Beach Road,1b58a066-c716-457f-96a8-92cc4d8f7398,GB*CK0*E9384,5de9c81e-acc7-4dc5-9f7d-1c41483fb906,no_unique_exact_qr_and_geo_match,correspondance_non_verifiee,reports/uk/connected-kerb-app-collection-latest.json
P3,Beach Road,1b58a066-c716-457f-96a8-92cc4d8f7398,GB*CK0*E9385,91293130-9e81-4167-a06e-0bcd46b0c8e2,no_unique_exact_qr_and_geo_match,correspondance_non_verifiee,reports/uk/connected-kerb-app-collection-latest.json
P3,Beach Road,1b58a066-c716-457f-96a8-92cc4d8f7398,GB*CK0*E19215,fe1618e8-a846-4e9e-bbe3-12f7864f0d84,no_unique_exact_qr_and_geo_match,correspondance_non_verifiee,reports/uk/connected-kerb-app-collection-latest.json
P3,Beach Road,1b58a066-c716-457f-96a8-92cc4d8f7398,GB*CK0*E19214,6f8e92c9-e452-4c57-9522-2471fba6b9e3,no_unique_exact_qr_and_geo_match,correspondance_non_verifiee,reports/uk/connected-kerb-app-collection-latest.json
P3,Beach Road,1b58a066-c716-457f-96a8-92cc4d8f7398,GB*CK0*E19212,c279e402-116e-4008-b18c-b0a84a14bad8,no_unique_exact_qr_and_geo_match,correspondance_non_verifiee,reports/uk/connected-kerb-app-collection-latest.json
P3,Beach Road,1b58a066-c716-457f-96a8-92cc4d8f7398,GB*CK0*E19217,dcd45448-be0d-420a-bf56-b23c4e12d71d,no_unique_exact_qr_and_geo_match,correspondance_non_verifiee,reports/uk/connected-kerb-app-collection-latest.json
P3,Beach Road,1b58a066-c716-457f-96a8-92cc4d8f7398,GB*CK0*E19213,7d3e1929-87d3-4bf7-98ad-d32863c954da,no_unique_exact_qr_and_geo_match,correspondance_non_verifiee,reports/uk/connected-kerb-app-collection-latest.json
P3,Beach Road,1b58a066-c716-457f-96a8-92cc4d8f7398,GB*CK0*E19216,19090d41-4915-4626-9542-843ed4cb0943,no_unique_exact_qr_and_geo_match,correspondance_non_verifiee,reports/uk/connected-kerb-app-collection-latest.json
P2,Town Mead,a7ba7441-2db1-4b6f-9418-067e4a8f2193,GB*CK0*E31069,a1042571-d4d2-4c9b-bb2f-a9cb1624fb01,no_unique_standard_tariff,tarif_non_attribuable,reports/uk/connected-kerb-app-collection-latest.json
P3,Northstead Lower Car Park,9fbf06ce-1563-4a7e-9fc5-dd91742bb695,GB*CK0*E3499,044e39d0-7a43-4887-9bff-c3466fa4c542,no_unique_exact_qr_and_geo_match,correspondance_non_verifiee,reports/uk/connected-kerb-app-collection-latest.json
P3,Northstead Lower Car Park,9fbf06ce-1563-4a7e-9fc5-dd91742bb695,GB*CK0*E3162,a297a36d-88f6-4fbe-a904-e551c161c3c9,no_unique_exact_qr_and_geo_match,correspondance_non_verifiee,reports/uk/connected-kerb-app-collection-latest.json
P3,Northstead Lower Car Park,9fbf06ce-1563-4a7e-9fc5-dd91742bb695,GB*CK0*E7264,b369d63f-8727-4291-98fd-8386b96967b5,no_unique_exact_qr_and_geo_match,correspondance_non_verifiee,reports/uk/connected-kerb-app-collection-latest.json
P3,Northstead Lower Car Park,9fbf06ce-1563-4a7e-9fc5-dd91742bb695,GB*CK0*E3233,10456d4a-2130-4447-8552-5d232e6d6f5c,no_unique_exact_qr_and_geo_match,correspondance_non_verifiee,reports/uk/connected-kerb-app-collection-latest.json
P3,Northstead Lower Car Park,9fbf06ce-1563-4a7e-9fc5-dd91742bb695,GB*CK0*E19327,14845169-e0ad-494b-bc43-f152b9c899c2,no_unique_exact_qr_and_geo_match,correspondance_non_verifiee,reports/uk/connected-kerb-app-collection-latest.json
P3,Northstead Lower Car Park,9fbf06ce-1563-4a7e-9fc5-dd91742bb695,GB*CK0*E19331,02ee9b1b-9a8c-466c-b08b-5dd4335b156a,no_unique_exact_qr_and_geo_match,correspondance_non_verifiee,reports/uk/connected-kerb-app-collection-latest.json
P3,Northstead Lower Car Park,9fbf06ce-1563-4a7e-9fc5-dd91742bb695,GB*CK0*E19329,5156961f-a546-4f92-9d32-90ac633cfdcb,no_unique_exact_qr_and_geo_match,correspondance_non_verifiee,reports/uk/connected-kerb-app-collection-latest.json
P3,Northstead Lower Car Park,9fbf06ce-1563-4a7e-9fc5-dd91742bb695,GB*CK0*E19330,ab50b21e-7431-461b-b3e0-6bc06ebf3e1a,no_unique_exact_qr_and_geo_match,correspondance_non_verifiee,reports/uk/connected-kerb-app-collection-latest.json
P3,Vivis Lane Car Park,a4bf8016-a38f-4d65-8d94-9e6bbf51cc2b,GB*CK0*E19334**,04d10ed2-c82d-42e3-a7b2-b4fb4d7ad9d4,no_unique_exact_qr_and_geo_match,correspondance_non_verifiee,reports/uk/connected-kerb-app-collection-latest.json
P3,Vivis Lane Car Park,a4bf8016-a38f-4d65-8d94-9e6bbf51cc2b,GB*CK0*E19332,791e45c8-6de1-48c3-9c23-b40b2593a029,no_unique_exact_qr_and_geo_match,correspondance_non_verifiee,reports/uk/connected-kerb-app-collection-latest.json
P3,Vivis Lane Car Park,a4bf8016-a38f-4d65-8d94-9e6bbf51cc2b,GB*CK0*E19334,a0ff2ab7-a7ac-42a6-b452-02618cb74b13,no_unique_exact_qr_and_geo_match,correspondance_non_verifiee,reports/uk/connected-kerb-app-collection-latest.json
P3,Vivis Lane Car Park,a4bf8016-a38f-4d65-8d94-9e6bbf51cc2b,GB*CK0*E19335,8af18663-07de-45f3-9bb3-43bd5caa1d29,no_unique_exact_qr_and_geo_match,correspondance_non_verifiee,reports/uk/connected-kerb-app-collection-latest.json
P3,Vivis Lane Car Park,a4bf8016-a38f-4d65-8d94-9e6bbf51cc2b,GB*CK0*E19333,327588b5-9d3f-46cb-b29e-cdd607996f28,no_unique_exact_qr_and_geo_match,correspondance_non_verifiee,reports/uk/connected-kerb-app-collection-latest.json
P3,Trecenydd Community Centre,3e92b943-04f8-4884-a62a-6695a4e2cb5f,GB*CK0*E19026,6449fc86-7b43-42ca-bb4e-64b4bbd9948f,no_unique_exact_qr_and_geo_match,correspondance_non_verifiee,reports/uk/connected-kerb-app-collection-latest.json
P3,Trecenydd Community Centre,3e92b943-04f8-4884-a62a-6695a4e2cb5f,GB*CK0*E25011,c89ebba1-a2ec-4143-810a-e710a55d7d7e,no_unique_exact_qr_and_geo_match,correspondance_non_verifiee,reports/uk/connected-kerb-app-collection-latest.json
P3,Trecenydd Community Centre,3e92b943-04f8-4884-a62a-6695a4e2cb5f,GB*CK0*E19027,bd6dfa23-0363-4ec5-bb7e-8532b1bbd755,no_unique_exact_qr_and_geo_match,correspondance_non_verifiee,reports/uk/connected-kerb-app-collection-latest.json
P3,Gilfach Goch Recreation Centre,94e9632a-a833-4a9d-b28d-0298eef02eb5,GB*CK0*E19035,57c4ac0c-a7d5-431b-a39a-7762c70da938,no_unique_exact_qr_and_geo_match,correspondance_non_verifiee,reports/uk/connected-kerb-app-collection-latest.json
P3,Gilfach Goch Recreation Centre,94e9632a-a833-4a9d-b28d-0298eef02eb5,GB*CK0*E20394,0d7acb8c-7baa-4912-b23a-6d54ce14911d,no_unique_exact_qr_and_geo_match,correspondance_non_verifiee,reports/uk/connected-kerb-app-collection-latest.json
P3,Gilfach Goch Recreation Centre,94e9632a-a833-4a9d-b28d-0298eef02eb5,GB*CK0*E20449,c96132f8-698d-4de8-be94-032dfe181040,no_unique_exact_qr_and_geo_match,correspondance_non_verifiee,reports/uk/connected-kerb-app-collection-latest.json
P3,Gilfach Goch Recreation Centre,94e9632a-a833-4a9d-b28d-0298eef02eb5,GB*CK0*E21851,1734ca0c-c22b-4ba9-9102-a5d65adc0d39,no_unique_exact_qr_and_geo_match,correspondance_non_verifiee,reports/uk/connected-kerb-app-collection-latest.json
P3,Gilfach Goch Recreation Centre,94e9632a-a833-4a9d-b28d-0298eef02eb5,GB*CK0*E19038,3871f6ee-705e-43a5-9846-f5d27b704bb8,no_unique_exact_qr_and_geo_match,correspondance_non_verifiee,reports/uk/connected-kerb-app-collection-latest.json
P3,Orchard Street Car Park,405e5757-71c2-4092-9da9-00abb9f964a4,GB*CK0*E8829,dcd4e2de-e9bb-408d-9780-5e12ec99d459,no_unique_exact_socket_match,correspondance_non_verifiee,reports/uk/connected-kerb-app-collection-latest.json
P3,Orchard Street Car Park,405e5757-71c2-4092-9da9-00abb9f964a4,GB*CK0*E8830,d6d02287-dfea-46a5-870d-c2f33bc8e89c,no_unique_exact_socket_match,correspondance_non_verifiee,reports/uk/connected-kerb-app-collection-latest.json
P3,Orchard Street Car Park,405e5757-71c2-4092-9da9-00abb9f964a4,GB*CK0*E9545,623eb70d-be26-41c8-87aa-937badac9038,no_unique_exact_socket_match,correspondance_non_verifiee,reports/uk/connected-kerb-app-collection-latest.json
P3,Orchard Street Car Park,405e5757-71c2-4092-9da9-00abb9f964a4,GB*CK0*E9546,7ec15860-a366-4082-bdb4-efcccb1a9cad,no_unique_exact_socket_match,correspondance_non_verifiee,reports/uk/connected-kerb-app-collection-latest.json
P3,Orchard Street Car Park,405e5757-71c2-4092-9da9-00abb9f964a4,GB*CK0*E11025,617dd6a3-6092-4595-b85a-d26c866a9686,no_unique_exact_socket_match,correspondance_non_verifiee,reports/uk/connected-kerb-app-collection-latest.json
P3,Orchard Street Car Park,405e5757-71c2-4092-9da9-00abb9f964a4,GB*CK0*E11026,770bf37a-2cc5-45ba-909b-fef3f74c75c8,no_unique_exact_socket_match,correspondance_non_verifiee,reports/uk/connected-kerb-app-collection-latest.json
P3,Orchard Street Car Park,405e5757-71c2-4092-9da9-00abb9f964a4,GB*CK0*E10996,928f976f-1717-4211-af33-259b2bff5af9,no_unique_exact_socket_match,correspondance_non_verifiee,reports/uk/connected-kerb-app-collection-latest.json
P3,Orchard Street Car Park,405e5757-71c2-4092-9da9-00abb9f964a4,GB*CK0*E10995,6e7ea61c-cfa9-48ed-8617-6016eb019550,no_unique_exact_socket_match,correspondance_non_verifiee,reports/uk/connected-kerb-app-collection-latest.json
P3,Bargoed Railway Station Car Park,8f344e34-7595-4b23-948b-cf933d7ba264,GB*CK0*E3123,078f61f8-032f-4889-9268-8d8dda483592,no_unique_exact_qr_and_geo_match,correspondance_non_verifiee,reports/uk/connected-kerb-app-collection-latest.json
P3,Bargoed Railway Station Car Park,8f344e34-7595-4b23-948b-cf933d7ba264,GB*CK0*E3125,e3710bda-9c68-4a11-ae14-6ba455490d12,no_unique_exact_qr_and_geo_match,correspondance_non_verifiee,reports/uk/connected-kerb-app-collection-latest.json
P3,Bargoed Railway Station Car Park,8f344e34-7595-4b23-948b-cf933d7ba264,GB*CK0*E20358,66237c95-0e53-4f00-99fe-361ded4ffb53,no_unique_exact_qr_and_geo_match,correspondance_non_verifiee,reports/uk/connected-kerb-app-collection-latest.json
P3,Bargoed Railway Station Car Park,8f344e34-7595-4b23-948b-cf933d7ba264,GB*CK0*E20357,d59cff19-c191-4e24-a76b-f435adab5ea0,no_unique_exact_qr_and_geo_match,correspondance_non_verifiee,reports/uk/connected-kerb-app-collection-latest.json
P3,Bargoed Railway Station Car Park,8f344e34-7595-4b23-948b-cf933d7ba264,GB*CK0*E20355,6579a1a7-e6da-43b9-b9fe-7e86676767cc,no_unique_exact_qr_and_geo_match,correspondance_non_verifiee,reports/uk/connected-kerb-app-collection-latest.json
P3,Bargoed Railway Station Car Park,8f344e34-7595-4b23-948b-cf933d7ba264,GB*CK0*E21837,ee5e39d9-e428-4704-b11e-8385123720f9,no_unique_exact_qr_and_geo_match,correspondance_non_verifiee,reports/uk/connected-kerb-app-collection-latest.json
P3,Bargoed Railway Station Car Park,8f344e34-7595-4b23-948b-cf933d7ba264,GB*CK0*E3198,552789d1-7a28-4a59-88e4-00e0443cd69c,no_unique_exact_qr_and_geo_match,correspondance_non_verifiee,reports/uk/connected-kerb-app-collection-latest.json
P3,Bargoed Railway Station Car Park,8f344e34-7595-4b23-948b-cf933d7ba264,GB*CK0*E3197,39cb5525-c443-4917-8fb3-e5f7a996191f,no_unique_exact_qr_and_geo_match,correspondance_non_verifiee,reports/uk/connected-kerb-app-collection-latest.json
P3,Bargoed Railway Station Car Park,8f344e34-7595-4b23-948b-cf933d7ba264,GB*CK0*E20356,fcb3324d-b9f7-487c-a43e-57b372f582fc,no_unique_exact_qr_and_geo_match,correspondance_non_verifiee,reports/uk/connected-kerb-app-collection-latest.json
P3,Bargoed Railway Station Car Park,8f344e34-7595-4b23-948b-cf933d7ba264,GB*CK0*E21905,24269519-532d-4a6f-8e65-df1e4691bd52,no_unique_exact_qr_and_geo_match,correspondance_non_verifiee,reports/uk/connected-kerb-app-collection-latest.json
P3,Bargoed Railway Station Car Park,8f344e34-7595-4b23-948b-cf933d7ba264,GB*CK0*E21853,d395dddb-ef3d-4275-a711-bf9a11eba391,no_unique_exact_qr_and_geo_match,correspondance_non_verifiee,reports/uk/connected-kerb-app-collection-latest.json
P3,Bargoed Railway Station Car Park,8f344e34-7595-4b23-948b-cf933d7ba264,GB*CK0*E21906,483a09ac-e1e4-47d5-b2d6-7dc0599e74b2,no_unique_exact_qr_and_geo_match,correspondance_non_verifiee,reports/uk/connected-kerb-app-collection-latest.json
P3,Bargoed Railway Station Car Park,8f344e34-7595-4b23-948b-cf933d7ba264,GB*CK0*E19256,da2c05be-7163-4b63-bf85-530ef0061996,no_unique_exact_qr_and_geo_match,correspondance_non_verifiee,reports/uk/connected-kerb-app-collection-latest.json
P3,Crescent Road Car Park,ce3f8594-8ffe-47d0-808f-e7768100bb67,GB*CK0*E3690,3c113774-21ed-4e9c-a712-c3faca6a580d,no_unique_exact_qr_and_geo_match,correspondance_non_verifiee,reports/uk/connected-kerb-app-collection-latest.json
P3,Crescent Road Car Park,ce3f8594-8ffe-47d0-808f-e7768100bb67,GB*CK0*E4733,d139575a-ce24-4ff5-a215-c5452445e60c,no_unique_exact_qr_and_geo_match,correspondance_non_verifiee,reports/uk/connected-kerb-app-collection-latest.json
P3,Crescent Road Car Park,ce3f8594-8ffe-47d0-808f-e7768100bb67,GB*CK0*E19029,c43183eb-b38f-4dbc-8e49-2756bf2270f4,no_unique_exact_qr_and_geo_match,correspondance_non_verifiee,reports/uk/connected-kerb-app-collection-latest.json
P3,Crescent Road Car Park,ce3f8594-8ffe-47d0-808f-e7768100bb67,GB*CK0*E19028,b6aac2bc-f043-48db-9a78-48b5e20fc3dd,no_unique_exact_qr_and_geo_match,correspondance_non_verifiee,reports/uk/connected-kerb-app-collection-latest.json
P3,Crescent Road Car Park,ce3f8594-8ffe-47d0-808f-e7768100bb67,GB*CK0*E20503,e06ceecc-d663-48a5-90f5-7290ba3017e6,no_unique_exact_qr_and_geo_match,correspondance_non_verifiee,reports/uk/connected-kerb-app-collection-latest.json
P3,Crescent Road Car Park,ce3f8594-8ffe-47d0-808f-e7768100bb67,GB*CK0*E20502,eee59042-f37d-491b-8c38-bb6b6a057f3c,no_unique_exact_qr_and_geo_match,correspondance_non_verifiee,reports/uk/connected-kerb-app-collection-latest.json
P3,Childe Road (West) Car Park,dceb9bdc-b47a-4623-8ddd-ec60e85e59bf,GB*CK0*E9578,4c194c91-55ec-4fb1-9980-f5cda463fceb,no_unique_exact_socket_match,correspondance_non_verifiee,reports/uk/connected-kerb-app-collection-latest.json
P3,Childe Road (West) Car Park,dceb9bdc-b47a-4623-8ddd-ec60e85e59bf,GB*CK0*E9577,424c1f9e-49b6-44c4-8d7e-183cc9f0e67d,no_unique_exact_socket_match,correspondance_non_verifiee,reports/uk/connected-kerb-app-collection-latest.json
P3,Gadlys Pit Car Park,99af36c0-e529-46eb-9aca-a886662723cd,GB*CK0*E20377,03889408-2de8-4db4-8b28-2ef75b7ecfec,no_unique_exact_socket_match,correspondance_non_verifiee,reports/uk/connected-kerb-app-collection-latest.json
P3,Gadlys Pit Car Park,99af36c0-e529-46eb-9aca-a886662723cd,GB*CK0*E20387,909be87c-8434-4529-90f7-f612419de2bb,no_unique_exact_socket_match,correspondance_non_verifiee,reports/uk/connected-kerb-app-collection-latest.json
P3,Llantrisant Road Car Park,d5805366-1b77-4ecc-9a97-2d96c5bc50e0,GB*CK0*E19032,79d3d670-55ba-4798-b131-e1c055912514,no_unique_exact_qr_and_geo_match,correspondance_non_verifiee,reports/uk/connected-kerb-app-collection-latest.json
P3,Llantrisant Road Car Park,d5805366-1b77-4ecc-9a97-2d96c5bc50e0,GB*CK0*E19033,ac8452e1-3521-4e5f-b9a5-0b8122a13d3f,no_unique_exact_qr_and_geo_match,correspondance_non_verifiee,reports/uk/connected-kerb-app-collection-latest.json
P3,Llantrisant Road Car Park,d5805366-1b77-4ecc-9a97-2d96c5bc50e0,GB*CK0*E20501,bb73bfd9-349c-4708-b0bd-449ef2c131ae,no_unique_exact_qr_and_geo_match,correspondance_non_verifiee,reports/uk/connected-kerb-app-collection-latest.json
P3,Llantrisant Road Car Park,d5805366-1b77-4ecc-9a97-2d96c5bc50e0,GB*CK0*E20500,83e7de87-4b93-42d3-bb91-869380f2f1ce,no_unique_exact_qr_and_geo_match,correspondance_non_verifiee,reports/uk/connected-kerb-app-collection-latest.json
P3,Shippery Lane - Visitor Bays,4c866b23-37d3-42b3-91f2-bc9b5ce7ea41,GB*CK0*E17336**,3fde3f6b-9312-41b0-86c0-4459ff4c5c57,no_unique_exact_socket_match,correspondance_non_verifiee,reports/uk/connected-kerb-app-collection-latest.json
P3,Wordsworth Road,1b5aa901-7c53-49a0-94f8-a2926f6dbcba,GB*CK0*E1443,ecb62666-b302-4c27-a69e-80bb263d1573,no_unique_exact_socket_match,correspondance_non_verifiee,reports/uk/connected-kerb-app-collection-latest.json
P3,Wordsworth Road,1b5aa901-7c53-49a0-94f8-a2926f6dbcba,GB*CK0*E1444,8b0cd951-ae91-4cc6-865a-70d81402b2e8,no_unique_exact_socket_match,correspondance_non_verifiee,reports/uk/connected-kerb-app-collection-latest.json
P3,Londesborough Road,a2b117c2-f1dd-442e-9de3-6b3136677bd1,GB*CK0*E1449,5c24ac77-ce20-43a2-ad74-54abc0590421,no_unique_exact_qr_and_geo_match,correspondance_non_verifiee,reports/uk/connected-kerb-app-collection-latest.json
P3,Londesborough Road,a2b117c2-f1dd-442e-9de3-6b3136677bd1,GB*CK0*E1448,d0b4ded9-8c67-4bd3-b0b8-2f0ea12bf44e,no_unique_exact_qr_and_geo_match,correspondance_non_verifiee,reports/uk/connected-kerb-app-collection-latest.json
P3,Londesborough Road,a2b117c2-f1dd-442e-9de3-6b3136677bd1,GB*CK0*E1447,bee28935-32f5-4499-b7f5-cf1fc4f212b0,no_unique_exact_qr_and_geo_match,correspondance_non_verifiee,reports/uk/connected-kerb-app-collection-latest.json
P3,Londesborough Road,a2b117c2-f1dd-442e-9de3-6b3136677bd1,GB*CK0*E1450,8cd4dd7e-6aac-42e7-8cd1-ba3f4e797dc3,no_unique_exact_qr_and_geo_match,correspondance_non_verifiee,reports/uk/connected-kerb-app-collection-latest.json
P3,Londesborough Road,a2b117c2-f1dd-442e-9de3-6b3136677bd1,GB*CK0*E18099,bfff4fc9-f088-4b50-8c20-f2a924e693e0,no_unique_exact_qr_and_geo_match,correspondance_non_verifiee,reports/uk/connected-kerb-app-collection-latest.json
P3,Londesborough Road,a2b117c2-f1dd-442e-9de3-6b3136677bd1,GB*CK0*E18093,b065e2af-9aaa-49e1-a297-bd08627bc32b,no_unique_exact_qr_and_geo_match,correspondance_non_verifiee,reports/uk/connected-kerb-app-collection-latest.json
P3,Londesborough Road,a2b117c2-f1dd-442e-9de3-6b3136677bd1,GB*CK0*E18086,c7353f51-13ac-46cd-b97e-0461447a02c6,no_unique_exact_qr_and_geo_match,correspondance_non_verifiee,reports/uk/connected-kerb-app-collection-latest.json
P3,Londesborough Road,a2b117c2-f1dd-442e-9de3-6b3136677bd1,GB*CK0*E18084,77bda79c-f63d-45bb-b016-d8d91caf7ae1,no_unique_exact_qr_and_geo_match,correspondance_non_verifiee,reports/uk/connected-kerb-app-collection-latest.json
P3,Clissold Crescent,cc105755-6a0a-475b-935b-c833fadd7192,GB*CK0*E1457,bb4da4f0-7741-4132-aefa-4f10ef47b84f,no_unique_exact_qr_and_geo_match,correspondance_non_verifiee,reports/uk/connected-kerb-app-collection-latest.json
P3,Clissold Crescent,cc105755-6a0a-475b-935b-c833fadd7192,GB*CK0*E1458,db77f95c-ed4a-48a7-8eed-fa8c92a615b3,no_unique_exact_qr_and_geo_match,correspondance_non_verifiee,reports/uk/connected-kerb-app-collection-latest.json
P3,Clissold Crescent,cc105755-6a0a-475b-935b-c833fadd7192,GB*CK0*E1456,7f338309-28c5-43c9-99ae-06a6006c0203,no_unique_exact_qr_and_geo_match,correspondance_non_verifiee,reports/uk/connected-kerb-app-collection-latest.json
P3,Clissold Crescent,cc105755-6a0a-475b-935b-c833fadd7192,GB*CK0*E1455,6a16a382-f820-4962-b623-cf60d3697a5a,no_unique_exact_qr_and_geo_match,correspondance_non_verifiee,reports/uk/connected-kerb-app-collection-latest.json
P3,Clissold Crescent,cc105755-6a0a-475b-935b-c833fadd7192,GB*CK0*E18100,8cbd102a-2fed-4091-8949-492fd69c5369,no_unique_exact_qr_and_geo_match,correspondance_non_verifiee,reports/uk/connected-kerb-app-collection-latest.json
P3,Clissold Crescent,cc105755-6a0a-475b-935b-c833fadd7192,GB*CK0*E18101,e26545e5-3757-4267-ab49-ff0cc06bae90,no_unique_exact_qr_and_geo_match,correspondance_non_verifiee,reports/uk/connected-kerb-app-collection-latest.json
P3,Clissold Crescent,cc105755-6a0a-475b-935b-c833fadd7192,GB*CK0*E8831,0fc801c9-a522-45bf-ab16-93207b69c100,no_unique_exact_qr_and_geo_match,correspondance_non_verifiee,reports/uk/connected-kerb-app-collection-latest.json
P3,Clissold Crescent,cc105755-6a0a-475b-935b-c833fadd7192,GB*CK0*E8832,67f787e3-76df-4322-b951-e3c0d94ffd85,no_unique_exact_qr_and_geo_match,correspondance_non_verifiee,reports/uk/connected-kerb-app-collection-latest.json
P3,Clissold Crescent,cc105755-6a0a-475b-935b-c833fadd7192,GB*CK0*E18098,cfd9c479-1b6d-4b0b-92ce-47f4f54de336,no_unique_exact_qr_and_geo_match,correspondance_non_verifiee,reports/uk/connected-kerb-app-collection-latest.json
P3,Clissold Crescent,cc105755-6a0a-475b-935b-c833fadd7192,GB*CK0*E18085,2a792e81-7607-42d9-a4e0-362d087a112a,no_unique_exact_qr_and_geo_match,correspondance_non_verifiee,reports/uk/connected-kerb-app-collection-latest.json
P4,Northstead Upper Car Park,57426f92-0107-4163-8b03-f6160fc3f054,GB*CK0*E31079,f7a41c07-011c-43ea-8f56-7adb7ef2c2b2,app HTTP 404,tarif_indisponible,reports/uk/connected-kerb-app-collection-latest.json
P4,Northstead Upper Car Park,57426f92-0107-4163-8b03-f6160fc3f054,GB*CK0*E31080,c71b1f34-4e42-4485-9bb3-f12f8601e0f7,app HTTP 404,tarif_indisponible,reports/uk/connected-kerb-app-collection-latest.json
P4,Northstead Upper Car Park,57426f92-0107-4163-8b03-f6160fc3f054,GB*CK0*E19014**,50d002db-fc1c-4f5f-a8e3-44ba5f14f96a,app HTTP 404,tarif_indisponible,reports/uk/connected-kerb-app-collection-latest.json
P4,Northstead Upper Car Park,57426f92-0107-4163-8b03-f6160fc3f054,GB*CK0*E19011**,90a30949-7a9d-4c4a-9ece-863c15e97602,app HTTP 404,tarif_indisponible,reports/uk/connected-kerb-app-collection-latest.json
P4,Northstead Upper Car Park,57426f92-0107-4163-8b03-f6160fc3f054,GB*CK0*E19012,31679126-411e-4b7a-8ce6-d1febd1b1d50,app HTTP 404,tarif_indisponible,reports/uk/connected-kerb-app-collection-latest.json
P4,Northstead Upper Car Park,57426f92-0107-4163-8b03-f6160fc3f054,GB*CK0*E19015,cd32d001-7411-4707-9555-807992041b7e,app HTTP 404,tarif_indisponible,reports/uk/connected-kerb-app-collection-latest.json
P4,Northstead Upper Car Park,57426f92-0107-4163-8b03-f6160fc3f054,GB*CK0*E19014,2c8c6407-eb8d-4e4f-a0ca-0e628117c722,app HTTP 404,tarif_indisponible,reports/uk/connected-kerb-app-collection-latest.json
P4,Northstead Upper Car Park,57426f92-0107-4163-8b03-f6160fc3f054,GB*CK0*E19010,4d68fad9-1d5e-4f70-a6a0-ff2095eae2b2,app HTTP 404,tarif_indisponible,reports/uk/connected-kerb-app-collection-latest.json
P4,Northstead Upper Car Park,57426f92-0107-4163-8b03-f6160fc3f054,GB*CK0*E31083,187a0551-35ab-405e-8f4e-e5f2543edaf3,app HTTP 404,tarif_indisponible,reports/uk/connected-kerb-app-collection-latest.json
P4,Northstead Upper Car Park,57426f92-0107-4163-8b03-f6160fc3f054,GB*CK0*E31084,b9edfd5e-eb7c-4ed5-94af-41f728e22cb0,app HTTP 404,tarif_indisponible,reports/uk/connected-kerb-app-collection-latest.json
P4,Northstead Upper Car Park,57426f92-0107-4163-8b03-f6160fc3f054,GB*CK0*E31081,6b0fa3ea-ba03-41fa-afe4-f6e671d6dd43,app HTTP 404,tarif_indisponible,reports/uk/connected-kerb-app-collection-latest.json
P4,Northstead Upper Car Park,57426f92-0107-4163-8b03-f6160fc3f054,GB*CK0*E31082,65e31deb-ca4c-4563-b3fa-e1a278022b7c,app HTTP 404,tarif_indisponible,reports/uk/connected-kerb-app-collection-latest.json
P4,Northstead Upper Car Park,57426f92-0107-4163-8b03-f6160fc3f054,GB*CK0*E31087,465492c6-b81a-4633-8350-44d7338fbe58,app HTTP 404,tarif_indisponible,reports/uk/connected-kerb-app-collection-latest.json
P4,Northstead Upper Car Park,57426f92-0107-4163-8b03-f6160fc3f054,GB*CK0*E31088,1a9593c8-9523-465b-9293-9f4b622a5c9f,app HTTP 404,tarif_indisponible,reports/uk/connected-kerb-app-collection-latest.json
P3,Margaret Road,8f4fd191-a11c-4084-97e1-fb43db2b111e,1b81770d-70bf-4a06-a048-dfbf7b722bea,4cb48bf7-cdc0-47ff-b529-24703cd6aa1a,no_unique_exact_socket_match,correspondance_non_verifiee,reports/uk/connected-kerb-app-collection-latest.json
P3,Margaret Road,8f4fd191-a11c-4084-97e1-fb43db2b111e,5675cea0-93d2-436e-a691-5821649a5612,bf7f32cd-180f-418b-a27f-9e3392688028,no_unique_exact_socket_match,correspondance_non_verifiee,reports/uk/connected-kerb-app-collection-latest.json
P2,Parsloes Avenue,132b42f8-4534-4bb1-98de-a8195d78ca7f,GB*CK0*E6675,f1b86db2-b3d1-41b0-8744-407c2c906ef4,no_unique_standard_tariff,tarif_non_attribuable,reports/uk/connected-kerb-app-collection-latest.json
P2,Parsloes Avenue,132b42f8-4534-4bb1-98de-a8195d78ca7f,GB*CK0*E6676,88e66a66-6fae-4142-8dce-146d91d6792b,no_unique_standard_tariff,tarif_non_attribuable,reports/uk/connected-kerb-app-collection-latest.json
P2,Parsloes Avenue,132b42f8-4534-4bb1-98de-a8195d78ca7f,GB*CK0*E6673,824a2903-8093-4316-8945-a3c498892b58,no_unique_standard_tariff,tarif_non_attribuable,reports/uk/connected-kerb-app-collection-latest.json
P2,Parsloes Avenue,132b42f8-4534-4bb1-98de-a8195d78ca7f,GB*CK0*E6674,dc08a4ba-ba56-403d-8052-4163f383ab65,no_unique_standard_tariff,tarif_non_attribuable,reports/uk/connected-kerb-app-collection-latest.json
P2,St Chads Garden,776f49ef-9780-4aec-8e00-f5a56e6002e8,GB*CK0*E6692,2593fd93-c308-415b-88b7-5cd167e4e021,no_unique_standard_tariff,tarif_non_attribuable,reports/uk/connected-kerb-app-collection-latest.json
P2,St Chads Garden,776f49ef-9780-4aec-8e00-f5a56e6002e8,GB*CK0*E6691,5ab703d0-a4b7-4e76-9b8e-0cc2caaf8362,no_unique_standard_tariff,tarif_non_attribuable,reports/uk/connected-kerb-app-collection-latest.json
P2,St Chads Garden,776f49ef-9780-4aec-8e00-f5a56e6002e8,GB*CK0*E6672,2ed9f969-70e5-4130-82d1-3fd888adb53e,no_unique_standard_tariff,tarif_non_attribuable,reports/uk/connected-kerb-app-collection-latest.json
P2,St Chads Garden,776f49ef-9780-4aec-8e00-f5a56e6002e8,GB*CK0*E6664,03ff58a4-aaa1-4ab2-9a32-5d4b9cd3a134,no_unique_standard_tariff,tarif_non_attribuable,reports/uk/connected-kerb-app-collection-latest.json
P3,St Matthew's Street,a8f29d90-5c1e-4594-ad12-29e898fe625d,d3187315-4554--1,98b3cbd9-9908-428e-a5b8-9f3dce3b15f8,no_unique_exact_socket_match,correspondance_non_verifiee,reports/uk/connected-kerb-app-collection-latest.json
P3,St Matthew's Street,a8f29d90-5c1e-4594-ad12-29e898fe625d,d3187315-4554--2,f5aa2b5e-a3e6-45d2-a9c6-b55f828858d8,no_unique_exact_socket_match,correspondance_non_verifiee,reports/uk/connected-kerb-app-collection-latest.json
P3,Woolgate Car Park,17652770-d2a1-444e-b874-7483bd00702a,GB*CK0*E31057,1d318ecd-89ed-4c7f-a1dd-5e7590d69375,no_unique_exact_qr_and_geo_match,correspondance_non_verifiee,reports/uk/connected-kerb-app-collection-latest.json
P3,Woolgate Car Park,17652770-d2a1-444e-b874-7483bd00702a,GB*CK0*E31058,d713ce1b-b956-4d2e-815c-39200eb0983b,no_unique_exact_qr_and_geo_match,correspondance_non_verifiee,reports/uk/connected-kerb-app-collection-latest.json
P3,Woolgate Car Park,17652770-d2a1-444e-b874-7483bd00702a,GB*CK0*E19109,023c6d7b-ff17-4564-94e1-071934039140,no_unique_exact_qr_and_geo_match,correspondance_non_verifiee,reports/uk/connected-kerb-app-collection-latest.json
P3,Woolgate Car Park,17652770-d2a1-444e-b874-7483bd00702a,GB*CK0*E31095,8c0fd7dd-6fcb-4beb-82a5-a06d8ecee766,no_unique_exact_qr_and_geo_match,correspondance_non_verifiee,reports/uk/connected-kerb-app-collection-latest.json
P3,Woolgate Car Park,17652770-d2a1-444e-b874-7483bd00702a,GB*CK0*E31096,400fe3c8-05c5-4938-908b-b6f7b3b7b527,no_unique_exact_qr_and_geo_match,correspondance_non_verifiee,reports/uk/connected-kerb-app-collection-latest.json
P3,Woolgate Car Park,17652770-d2a1-444e-b874-7483bd00702a,GB*CK0*E31089,c9d502b6-bc53-4871-8279-a8ef1b9f38d4,no_unique_exact_qr_and_geo_match,correspondance_non_verifiee,reports/uk/connected-kerb-app-collection-latest.json
P3,Woolgate Car Park,17652770-d2a1-444e-b874-7483bd00702a,GB*CK0*E31090,1f13b74a-6bc0-4d35-b2a0-011832f282aa,no_unique_exact_qr_and_geo_match,correspondance_non_verifiee,reports/uk/connected-kerb-app-collection-latest.json
P3,Woolgate Car Park,17652770-d2a1-444e-b874-7483bd00702a,GB*CK0*E31085,9499cb5b-8240-47e1-9dd9-24408f54a269,no_unique_exact_qr_and_geo_match,correspondance_non_verifiee,reports/uk/connected-kerb-app-collection-latest.json
P3,Woolgate Car Park,17652770-d2a1-444e-b874-7483bd00702a,GB*CK0*E31086,95ad0e65-719b-44f6-8467-ca084ff79a81,no_unique_exact_qr_and_geo_match,correspondance_non_verifiee,reports/uk/connected-kerb-app-collection-latest.json
P3,Woolgate Car Park,17652770-d2a1-444e-b874-7483bd00702a,GB*CK0*E16132,97925feb-d07c-43c5-8feb-557f6ad647e7,no_unique_exact_qr_and_geo_match,correspondance_non_verifiee,reports/uk/connected-kerb-app-collection-latest.json
P3,Woolgate Car Park,17652770-d2a1-444e-b874-7483bd00702a,GB*CK0*E16131,7130105e-8535-4a63-b223-2dcd2d88a48c,no_unique_exact_qr_and_geo_match,correspondance_non_verifiee,reports/uk/connected-kerb-app-collection-latest.json
P3,Woolgate Car Park,17652770-d2a1-444e-b874-7483bd00702a,GB*CK0*E16129,f39bff76-83d3-418a-84c0-51d0bf9e4b06,no_unique_exact_qr_and_geo_match,correspondance_non_verifiee,reports/uk/connected-kerb-app-collection-latest.json
P3,Woolgate Car Park,17652770-d2a1-444e-b874-7483bd00702a,GB*CK0*E16130,20f9b7f9-9a56-4206-8759-cdd12c7bd5a2,no_unique_exact_qr_and_geo_match,correspondance_non_verifiee,reports/uk/connected-kerb-app-collection-latest.json
P3,"Aldbourne Road 2, Coventry",e5037a6c-4765-4583-91d7-8cf36f85564e,fd969377-9b9a-407c-840a-10859876e424,61e5c6e0-ff4c-416e-896b-9e1c0c00d437,no_unique_exact_socket_match,correspondance_non_verifiee,reports/uk/connected-kerb-app-collection-latest.json
P3,Brade Drive (South),d08c8306-f846-458c-9d45-b4e37bd47c28,GB*CK0*E11419,3d8268c8-67d4-4a06-ad59-b42eaacfaf0c,no_unique_exact_socket_match,correspondance_non_verifiee,reports/uk/connected-kerb-app-collection-latest.json
P3,Brade Drive (South),d08c8306-f846-458c-9d45-b4e37bd47c28,GB*CK0*E11420,d5e3c10f-ceb1-42bd-aecf-26b875ee50e6,no_unique_exact_socket_match,correspondance_non_verifiee,reports/uk/connected-kerb-app-collection-latest.json
P3,"Bristol Road, Coventry",3380cc4e-b4fb-448e-b885-881384130763,GB*CK0*E6785,0a4e7b69-2316-4474-a9cf-007a4db8a398,no_unique_exact_socket_match,correspondance_non_verifiee,reports/uk/connected-kerb-app-collection-latest.json
P3,Vauxhall Street,9df7354f-4361-4a9f-9ff2-c2176bee5da3,GB*CK0*E11707,dd3f7917-8b71-4431-8a1a-d20f31d4263a,no_unique_exact_socket_match,correspondance_non_verifiee,reports/uk/connected-kerb-app-collection-latest.json
P3,Vauxhall Street,9df7354f-4361-4a9f-9ff2-c2176bee5da3,GB*CK0*E11706,38823fcb-42fb-4f49-ad77-007e7c88b0e7,no_unique_exact_socket_match,correspondance_non_verifiee,reports/uk/connected-kerb-app-collection-latest.json
P3,Wheate Croft,4ff35a8d-fccd-460c-88d5-5c10b4402540,GB*CK0*E6631,efea1b28-2903-4de6-b1f4-d8ddc17a6857,no_unique_exact_socket_match,correspondance_non_verifiee,reports/uk/connected-kerb-app-collection-latest.json
P3,Wheate Croft,4ff35a8d-fccd-460c-88d5-5c10b4402540,GB*CK0*E6630,9649abd4-c82d-4dd1-aa2d-465a2675c18e,no_unique_exact_socket_match,correspondance_non_verifiee,reports/uk/connected-kerb-app-collection-latest.json
P4,Honey Suckle Drive 2,240ba516-f7e9-414d-ad55-276af3465666,GB*CK0*E7383,f90897a7-18d6-4684-8ece-33a37f4cd55e,app HTTP 404,tarif_indisponible,reports/uk/connected-kerb-app-collection-latest.json
P4,Honey Suckle Drive 2,240ba516-f7e9-414d-ad55-276af3465666,GB*CK0*E7384,d67f2972-682b-4a76-94c5-75333c85c4d1,app HTTP 404,tarif_indisponible,reports/uk/connected-kerb-app-collection-latest.json
P4,Honey Suckle Drive 2,240ba516-f7e9-414d-ad55-276af3465666,GB*CK0*E5831,40d74a15-d6e8-4b45-acbd-3675d39fa215,app HTTP 404,tarif_indisponible,reports/uk/connected-kerb-app-collection-latest.json
P4,Honey Suckle Drive 2,240ba516-f7e9-414d-ad55-276af3465666,GB*CK0*E5844,43c4a236-6930-4ca7-85ab-8dc5032d83b5,app HTTP 404,tarif_indisponible,reports/uk/connected-kerb-app-collection-latest.json
P4,Honey Suckle Drive 2,240ba516-f7e9-414d-ad55-276af3465666,GB*CK0*E5333,e650abf9-2b1d-473c-8d94-160a8541baea,app HTTP 404,tarif_indisponible,reports/uk/connected-kerb-app-collection-latest.json
P4,Honey Suckle Drive 2,240ba516-f7e9-414d-ad55-276af3465666,GB*CK0*E7392,780373cd-c773-4085-b297-9e80e64ec5b6,app HTTP 404,tarif_indisponible,reports/uk/connected-kerb-app-collection-latest.json
P3,Binley Road,b6af1291-69ea-4c11-880b-a67aea15863c,GB*CK0*E6743,a2323fb8-6076-4391-a88b-abd84f136fa6,no_unique_exact_socket_match,correspondance_non_verifiee,reports/uk/connected-kerb-app-collection-latest.json
P3,Binley Road,b6af1291-69ea-4c11-880b-a67aea15863c,GB*CK0*E6744,2be34b01-b213-44b2-9a81-d3da225e2c0b,no_unique_exact_socket_match,correspondance_non_verifiee,reports/uk/connected-kerb-app-collection-latest.json
P3,Anglian Way,41cdb7d8-e606-4150-8f7a-400dd9043f3a,99ef4d54-7e76-45ab-81e9-52aad7556b7c,237554b3-7c55-465c-93fd-c9b22f4607ae,no_unique_exact_socket_match,correspondance_non_verifiee,reports/uk/connected-kerb-app-collection-latest.json
P3,Anglian Way,41cdb7d8-e606-4150-8f7a-400dd9043f3a,5d87d41e-b6c3-4c77-9ecd-1fadc8bc597d,9b246c0e-df94-4ded-b305-813cc4e1a837,no_unique_exact_socket_match,correspondance_non_verifiee,reports/uk/connected-kerb-app-collection-latest.json
P4,Arden Street,2b527508-8c54-459b-b11c-54be91d0a066,GB*CK0*E6257,4b903580-ab4a-4760-af74-621cefcf3cc3,app HTTP 404,tarif_indisponible,reports/uk/connected-kerb-app-collection-latest.json
P3,Ditton Community Centre,a824e67d-593b-4283-bce2-a88e74a0eb3c,GB*CK0*E1188,75430cd5-78c9-41c0-9086-ab729952bf5b,no_unique_exact_socket_match,correspondance_non_verifiee,reports/uk/connected-kerb-app-collection-latest.json
P3,Ditton Community Centre,a824e67d-593b-4283-bce2-a88e74a0eb3c,GB*CK0*E1187,4d227b33-5856-4808-8988-deb1f116807b,no_unique_exact_socket_match,correspondance_non_verifiee,reports/uk/connected-kerb-app-collection-latest.json
P3,Dymchurch Village Hall,c8b59d46-70bc-4a04-a3f2-f084ee741ec1,GB*CK0*E18990,b0aabb40-144f-44b0-b3e0-5b049c2aaecc,no_unique_exact_qr_and_geo_match,correspondance_non_verifiee,reports/uk/connected-kerb-app-collection-latest.json
P3,Dymchurch Village Hall,c8b59d46-70bc-4a04-a3f2-f084ee741ec1,GB*CK0*E25007,73e2dd41-472c-4e4f-8907-31523a5a146f,no_unique_exact_qr_and_geo_match,correspondance_non_verifiee,reports/uk/connected-kerb-app-collection-latest.json
P3,Dymchurch Village Hall,c8b59d46-70bc-4a04-a3f2-f084ee741ec1,GB*CK0*E21843,05a97f80-0754-44fe-b99d-965e96f87d99,no_unique_exact_qr_and_geo_match,correspondance_non_verifiee,reports/uk/connected-kerb-app-collection-latest.json
P2,Cygnet Leisure Centre,39f4a3b2-1f99-41cb-ba5c-2e5a9bcb9d82,GB*CK0*E17765,9577beda-052a-418d-87d2-64a7594ab9f0,no_unique_standard_tariff,tarif_non_attribuable,reports/uk/connected-kerb-app-collection-latest.json
P2,Echo Square Car Park,dd1b60f1-23be-481c-8605-a65e359e99f9,GB*CK0*E17771,27ad6d42-94f8-49d7-8c28-ee5e7c843452,no_unique_standard_tariff,tarif_non_attribuable,reports/uk/connected-kerb-app-collection-latest.json
P3,Maison Dieu Car Park,16f167e2-b7f5-44f2-ab84-bb5081f677de,GB*CK0*E19219,36efa9bf-c3fc-4c56-9b81-f43597e9d64e,no_unique_exact_qr_and_geo_match,correspondance_non_verifiee,reports/uk/connected-kerb-app-collection-latest.json
P3,Maison Dieu Car Park,16f167e2-b7f5-44f2-ab84-bb5081f677de,GB*CK0*E19220,f8135ce9-c802-4796-924e-685dec62f217,no_unique_exact_qr_and_geo_match,correspondance_non_verifiee,reports/uk/connected-kerb-app-collection-latest.json
P3,Maison Dieu Car Park,16f167e2-b7f5-44f2-ab84-bb5081f677de,GB*CK0*E19221,38381375-fb18-4e24-8aca-d5139802ed0e,no_unique_exact_qr_and_geo_match,correspondance_non_verifiee,reports/uk/connected-kerb-app-collection-latest.json
P3,Maison Dieu Car Park,16f167e2-b7f5-44f2-ab84-bb5081f677de,GB*CK0*E19218,511328fa-b637-4ff5-802a-30213ddc9dd1,no_unique_exact_qr_and_geo_match,correspondance_non_verifiee,reports/uk/connected-kerb-app-collection-latest.json
P2,Lodge Avenue Shopping Parade,d075a85f-a786-46c0-afab-0f94e118c29f,GB*CK0*E6903,63231828-ed93-415c-87b3-e9168ef8eafa,no_unique_standard_tariff,tarif_non_attribuable,reports/uk/connected-kerb-app-collection-latest.json
P2,Lodge Avenue Shopping Parade,d075a85f-a786-46c0-afab-0f94e118c29f,GB*CK0*E6904,d631556b-1d2d-4d40-a4bb-32cbe1fc1005,no_unique_standard_tariff,tarif_non_attribuable,reports/uk/connected-kerb-app-collection-latest.json
P2,Lodge Avenue Shopping Parade,d075a85f-a786-46c0-afab-0f94e118c29f,GB*CK0*E12104,30b274ec-48a8-4f92-b5b3-843e443beeb9,no_unique_standard_tariff,tarif_non_attribuable,reports/uk/connected-kerb-app-collection-latest.json
P2,Lodge Avenue Shopping Parade,d075a85f-a786-46c0-afab-0f94e118c29f,GB*CK0*E12206,72598a40-ce81-4aac-a987-4bc1ec8fe58a,no_unique_standard_tariff,tarif_non_attribuable,reports/uk/connected-kerb-app-collection-latest.json
P2,Longbridge Rd,9f57c525-e481-4133-bf70-dcc232382055,GB*CK0*E6659,92212164-a67a-495c-b0cc-0923d86ad069,no_unique_standard_tariff,tarif_non_attribuable,reports/uk/connected-kerb-app-collection-latest.json
P2,Longbridge Rd,9f57c525-e481-4133-bf70-dcc232382055,GB*CK0*E6658,4b96dcdf-e50c-470b-9c92-2721f2a4457d,no_unique_standard_tariff,tarif_non_attribuable,reports/uk/connected-kerb-app-collection-latest.json
P2,Longbridge Rd,9f57c525-e481-4133-bf70-dcc232382055,GB*CK0*E12103,bd3e4f78-6951-4990-907a-cc93ca0a3564,no_unique_standard_tariff,tarif_non_attribuable,reports/uk/connected-kerb-app-collection-latest.json
P2,Longbridge Rd,9f57c525-e481-4133-bf70-dcc232382055,GB*CK0*E12102,dad2dd92-959b-4376-a8b7-641559442a70,no_unique_standard_tariff,tarif_non_attribuable,reports/uk/connected-kerb-app-collection-latest.json
P2,Hepworth Gardens,e4dddf24-360e-4cd5-918a-049e17bfa36f,GB*CK0*E6687,1fb07364-e441-4bb7-b308-5216ed2899ef,no_unique_standard_tariff,tarif_non_attribuable,reports/uk/connected-kerb-app-collection-latest.json
P2,Hepworth Gardens,e4dddf24-360e-4cd5-918a-049e17bfa36f,GB*CK0*E6686,10d4d9e0-3cea-4a46-b006-692ed9bbf1e7,no_unique_standard_tariff,tarif_non_attribuable,reports/uk/connected-kerb-app-collection-latest.json
P2,Hepworth Gardens,e4dddf24-360e-4cd5-918a-049e17bfa36f,GB*CK0*E6690,ee0b45d2-71f9-4020-adf6-41fe1c74d718,no_unique_standard_tariff,tarif_non_attribuable,reports/uk/connected-kerb-app-collection-latest.json
P2,Hepworth Gardens,e4dddf24-360e-4cd5-918a-049e17bfa36f,GB*CK0*E6689,5b8c7a56-3434-4759-a254-264b4e2dd0f8,no_unique_standard_tariff,tarif_non_attribuable,reports/uk/connected-kerb-app-collection-latest.json
P2,Junction Road West,3c7b68c5-4867-4477-b1ed-403b4725112f,GB*CK0*E19978,fd21901b-49a8-49fb-bb16-10a4f4ac2372,no_unique_standard_tariff,tarif_non_attribuable,reports/uk/connected-kerb-app-collection-latest.json
P2,Junction Road West,3c7b68c5-4867-4477-b1ed-403b4725112f,GB*CK0*E19977,631b3af4-e15d-4ca8-8341-ef6570925c55,no_unique_standard_tariff,tarif_non_attribuable,reports/uk/connected-kerb-app-collection-latest.json
P2,Junction Road West,3c7b68c5-4867-4477-b1ed-403b4725112f,GB*CK0*E6695,dec29fda-665c-4e2e-8c26-cfd7f4b87dbd,no_unique_standard_tariff,tarif_non_attribuable,reports/uk/connected-kerb-app-collection-latest.json
P2,Junction Road West,3c7b68c5-4867-4477-b1ed-403b4725112f,GB*CK0*E6696,8f909180-ee7e-432e-8e03-b0170147624f,no_unique_standard_tariff,tarif_non_attribuable,reports/uk/connected-kerb-app-collection-latest.json
P2,Weston Green,e32d5180-f051-416f-9aaa-3d4bc74abefd,GB*CK0*E6679,f0dee8a3-6213-4d34-901e-2afa5cb91e31,no_unique_standard_tariff,tarif_non_attribuable,reports/uk/connected-kerb-app-collection-latest.json
P2,Weston Green,e32d5180-f051-416f-9aaa-3d4bc74abefd,GB*CK0*E6680,85ef43db-85a5-4fcf-b1a9-3466d1023cb1,no_unique_standard_tariff,tarif_non_attribuable,reports/uk/connected-kerb-app-collection-latest.json
P2,Weston Green,e32d5180-f051-416f-9aaa-3d4bc74abefd,GB*CK0*E6693,2aa8de3c-2edd-4dc9-b6fc-f35ec8c199b5,no_unique_standard_tariff,tarif_non_attribuable,reports/uk/connected-kerb-app-collection-latest.json
P2,Weston Green,e32d5180-f051-416f-9aaa-3d4bc74abefd,GB*CK0*E6694,71d62b0b-67cf-4f5a-998d-64dbfdc3b831,no_unique_standard_tariff,tarif_non_attribuable,reports/uk/connected-kerb-app-collection-latest.json
P2,Wood Lane,ce3b1121-384b-4b3d-a718-b8e1fa3183c1,GB*CK0*E6670,e4086a26-632d-4140-8c5b-9337159fa51d,no_unique_standard_tariff,tarif_non_attribuable,reports/uk/connected-kerb-app-collection-latest.json
P2,Wood Lane,ce3b1121-384b-4b3d-a718-b8e1fa3183c1,GB*CK0*E6671,a2699c37-f9ba-4672-a365-bbe7c3e071c4,no_unique_standard_tariff,tarif_non_attribuable,reports/uk/connected-kerb-app-collection-latest.json
P2,Wood Lane,ce3b1121-384b-4b3d-a718-b8e1fa3183c1,GB*CK0*E6668,3df3b4d1-a080-4085-abb5-a81fc9990724,no_unique_standard_tariff,tarif_non_attribuable,reports/uk/connected-kerb-app-collection-latest.json
P2,Wood Lane,ce3b1121-384b-4b3d-a718-b8e1fa3183c1,GB*CK0*E6667,3bc6f674-4260-48a6-927a-ecf4096d52c4,no_unique_standard_tariff,tarif_non_attribuable,reports/uk/connected-kerb-app-collection-latest.json
P2,Whiting Avenue,26698bf8-86fb-4ac5-b989-cc395ff0a4d6,GB*CK0*E5951,934a7813-83f0-4b1a-92d1-c514c3942d1e,no_unique_standard_tariff,tarif_non_attribuable,reports/uk/connected-kerb-app-collection-latest.json
P2,Whiting Avenue,26698bf8-86fb-4ac5-b989-cc395ff0a4d6,GB*CK0*E16724,4947b6f7-a93c-4b8b-8f18-8d17fa4e02ac,no_unique_standard_tariff,tarif_non_attribuable,reports/uk/connected-kerb-app-collection-latest.json
P2,Whiting Avenue,26698bf8-86fb-4ac5-b989-cc395ff0a4d6,GB*CK0*E19913,f6a2366d-243f-467b-8e44-2d40b41ece33,no_unique_standard_tariff,tarif_non_attribuable,reports/uk/connected-kerb-app-collection-latest.json
P2,Whiting Avenue,26698bf8-86fb-4ac5-b989-cc395ff0a4d6,GB*CK0*E19914,c3454abf-61cb-4c96-bf51-376efc1cfe7b,no_unique_standard_tariff,tarif_non_attribuable,reports/uk/connected-kerb-app-collection-latest.json
P2,Dagenham Avenue,3ea61c12-aaaa-42bf-82f0-2da36b1bd798,GB*CK0*E7093,84c8ce28-d56f-41b5-9b40-390bf94e5d50,no_unique_standard_tariff,tarif_non_attribuable,reports/uk/connected-kerb-app-collection-latest.json
P2,Dagenham Avenue,3ea61c12-aaaa-42bf-82f0-2da36b1bd798,GB*CK0*E7094,b407c021-3cfe-404f-b930-5a19b679169d,no_unique_standard_tariff,tarif_non_attribuable,reports/uk/connected-kerb-app-collection-latest.json
P2,Dagenham Avenue,3ea61c12-aaaa-42bf-82f0-2da36b1bd798,GB*CK0*E7092,ee5c222b-abf0-483c-81dc-4fad762a3a06,no_unique_standard_tariff,tarif_non_attribuable,reports/uk/connected-kerb-app-collection-latest.json
P2,Dagenham Avenue,3ea61c12-aaaa-42bf-82f0-2da36b1bd798,GB*CK0*E7091,1893b441-7956-4ce5-ae9b-c1782c3b103d,no_unique_standard_tariff,tarif_non_attribuable,reports/uk/connected-kerb-app-collection-latest.json
P2,Loxford Road,4eedfa20-8dc5-484d-bf6d-eda8bc65984e,GB*CK0*E12139,94fedc54-6221-4a68-8677-ab16c41d973c,no_unique_standard_tariff,tarif_non_attribuable,reports/uk/connected-kerb-app-collection-latest.json
P2,Loxford Road,4eedfa20-8dc5-484d-bf6d-eda8bc65984e,GB*CK0*E12140,738862ba-e6c0-4965-acc4-1f20b2bb283e,no_unique_standard_tariff,tarif_non_attribuable,reports/uk/connected-kerb-app-collection-latest.json
P2,Loxford Road,4eedfa20-8dc5-484d-bf6d-eda8bc65984e,GB*CK0*E19892,56a666ae-a5aa-4343-b16c-2c5aa8d68721,no_unique_standard_tariff,tarif_non_attribuable,reports/uk/connected-kerb-app-collection-latest.json
P2,Loxford Road,4eedfa20-8dc5-484d-bf6d-eda8bc65984e,GB*CK0*E19893,4bac8fa3-dd45-4680-ba9f-9c9c9a402972,no_unique_standard_tariff,tarif_non_attribuable,reports/uk/connected-kerb-app-collection-latest.json
P2,Perth Road,d4cba684-2288-4c42-85bc-1d66d53abef3,GB*CK0*E7047,d2dd3cb0-8c93-46dd-ad1c-c9f03d876f56,no_unique_standard_tariff,tarif_non_attribuable,reports/uk/connected-kerb-app-collection-latest.json
P2,Perth Road,d4cba684-2288-4c42-85bc-1d66d53abef3,GB*CK0*E7046,65dab594-9840-41d1-a642-2350794e016f,no_unique_standard_tariff,tarif_non_attribuable,reports/uk/connected-kerb-app-collection-latest.json
P2,Perth Road,d4cba684-2288-4c42-85bc-1d66d53abef3,GB*CK0*E7059,3a72141a-5db9-4def-8031-957da47d6590,no_unique_standard_tariff,tarif_non_attribuable,reports/uk/connected-kerb-app-collection-latest.json
P2,Perth Road,d4cba684-2288-4c42-85bc-1d66d53abef3,GB*CK0*E7058,5e0fbe8b-ced2-4c9b-9355-51b47de15eb8,no_unique_standard_tariff,tarif_non_attribuable,reports/uk/connected-kerb-app-collection-latest.json
P3,Oaklands Road,afe489a9-1ded-401f-9fd6-ad345e72ef80,GB*CK0*E19067,973d4e2f-05be-4df8-8c0a-f560927d0b60,no_unique_exact_qr_and_geo_match,correspondance_non_verifiee,reports/uk/connected-kerb-app-collection-latest.json
P3,Oaklands Road,afe489a9-1ded-401f-9fd6-ad345e72ef80,GB*CK0*E19064,b8b52636-3573-4b87-8b89-057c042ae241,no_unique_exact_qr_and_geo_match,correspondance_non_verifiee,reports/uk/connected-kerb-app-collection-latest.json
P3,Oaklands Road,afe489a9-1ded-401f-9fd6-ad345e72ef80,GB*CK0*E19063,63cbc251-487f-442e-8ff0-50689b213624,no_unique_exact_qr_and_geo_match,correspondance_non_verifiee,reports/uk/connected-kerb-app-collection-latest.json
P3,Oaklands Road,afe489a9-1ded-401f-9fd6-ad345e72ef80,GB*CK0*E31072,17e02f83-a674-4169-9c8a-133cb5d5232e,no_unique_exact_qr_and_geo_match,correspondance_non_verifiee,reports/uk/connected-kerb-app-collection-latest.json
P3,Oaklands Road,afe489a9-1ded-401f-9fd6-ad345e72ef80,GB*CK0*E31071,7b66ce5a-921d-4006-9fd2-d5b663d3d497,no_unique_exact_qr_and_geo_match,correspondance_non_verifiee,reports/uk/connected-kerb-app-collection-latest.json
P3,Oaklands Road,afe489a9-1ded-401f-9fd6-ad345e72ef80,GB*CK0*E31078,de6059e2-0ba4-4f15-95f0-de855076aa55,no_unique_exact_qr_and_geo_match,correspondance_non_verifiee,reports/uk/connected-kerb-app-collection-latest.json
P3,Oaklands Road,afe489a9-1ded-401f-9fd6-ad345e72ef80,GB*CK0*E31077,eefec61b-b288-4979-89ca-7266864ab307,no_unique_exact_qr_and_geo_match,correspondance_non_verifiee,reports/uk/connected-kerb-app-collection-latest.json
P3,Oaklands Road,afe489a9-1ded-401f-9fd6-ad345e72ef80,GB*CK0*E31065,fbdd46b2-dd12-4661-8699-597be5617733,no_unique_exact_qr_and_geo_match,correspondance_non_verifiee,reports/uk/connected-kerb-app-collection-latest.json
P3,Oaklands Road,afe489a9-1ded-401f-9fd6-ad345e72ef80,GB*CK0*E31066,69b2ee84-1718-47b3-a6d7-4c62586bf169,no_unique_exact_qr_and_geo_match,correspondance_non_verifiee,reports/uk/connected-kerb-app-collection-latest.json
P2,Ivyhouse Road,47e9802a-22ca-4d2c-b577-ee407ecc5580,GB*CK0*E12123,fc7d75a0-a602-4ef0-9689-0e3baf02293c,no_unique_standard_tariff,tarif_non_attribuable,reports/uk/connected-kerb-app-collection-latest.json
P2,Ivyhouse Road,47e9802a-22ca-4d2c-b577-ee407ecc5580,GB*CK0*E12124,83b1c2ff-78fa-4af5-a0a6-c56959348172,no_unique_standard_tariff,tarif_non_attribuable,reports/uk/connected-kerb-app-collection-latest.json
P2,Ivyhouse Road,47e9802a-22ca-4d2c-b577-ee407ecc5580,GB*CK0*E12135,2d335f06-65cd-487d-99de-4aa3989cd4a0,no_unique_standard_tariff,tarif_non_attribuable,reports/uk/connected-kerb-app-collection-latest.json
P2,Ivyhouse Road,47e9802a-22ca-4d2c-b577-ee407ecc5580,GB*CK0*E12136,f0edde4e-ac83-448a-8d0c-2d1c6179a9c1,no_unique_standard_tariff,tarif_non_attribuable,reports/uk/connected-kerb-app-collection-latest.json
P2,Alderman Avenue,3b69a0a0-df9c-47b0-b21a-ac7c9bc3d1fe,GB*CK0*E7197,e70a5d4f-0a84-4029-9860-7e8cd841dc40,no_unique_standard_tariff,tarif_non_attribuable,reports/uk/connected-kerb-app-collection-latest.json
P2,Alderman Avenue,3b69a0a0-df9c-47b0-b21a-ac7c9bc3d1fe,GB*CK0*E7045,27bd47e3-663c-47bb-9e23-f467b519b019,no_unique_standard_tariff,tarif_non_attribuable,reports/uk/connected-kerb-app-collection-latest.json
P2,Alderman Avenue,3b69a0a0-df9c-47b0-b21a-ac7c9bc3d1fe,GB*CK0*E7068,035ccc53-455e-45b6-976c-68b32e25e80f,no_unique_standard_tariff,tarif_non_attribuable,reports/uk/connected-kerb-app-collection-latest.json
P2,Alderman Avenue,3b69a0a0-df9c-47b0-b21a-ac7c9bc3d1fe,GB*CK0*E7067,918485e3-5ccf-4ab1-9037-e8c550c81ff7,no_unique_standard_tariff,tarif_non_attribuable,reports/uk/connected-kerb-app-collection-latest.json
P2,Salisbury Avenue,2b170411-11a1-4acf-bf39-714c7d58fd57,GB*CK0*E7073,907d77c6-1cad-477a-845f-f1506f3a0f17,no_unique_standard_tariff,tarif_non_attribuable,reports/uk/connected-kerb-app-collection-latest.json
P2,Salisbury Avenue,2b170411-11a1-4acf-bf39-714c7d58fd57,GB*CK0*E7074,93ff28ff-3968-41e9-b9d0-b5ffef95adfb,no_unique_standard_tariff,tarif_non_attribuable,reports/uk/connected-kerb-app-collection-latest.json
P2,Salisbury Avenue,2b170411-11a1-4acf-bf39-714c7d58fd57,GB*CK0*E12108,8a945067-4ac3-45e0-ad14-504e8a52ecb2,no_unique_standard_tariff,tarif_non_attribuable,reports/uk/connected-kerb-app-collection-latest.json
P2,Salisbury Avenue,2b170411-11a1-4acf-bf39-714c7d58fd57,GB*CK0*E16779,633f42c6-8b5e-4abd-a270-269ce4911465,no_unique_standard_tariff,tarif_non_attribuable,reports/uk/connected-kerb-app-collection-latest.json
P2,Rainham Road,5c04f22d-a399-48d7-a835-a567f1e43dab,GB*CK0*E16778,e57d554f-d944-45a5-aa95-3f86610927e0,no_unique_standard_tariff,tarif_non_attribuable,reports/uk/connected-kerb-app-collection-latest.json
P2,Rainham Road,5c04f22d-a399-48d7-a835-a567f1e43dab,GB*CK0*E12105,81ddd200-131e-4146-9139-9de35a222784,no_unique_standard_tariff,tarif_non_attribuable,reports/uk/connected-kerb-app-collection-latest.json
P2,Rainham Road,5c04f22d-a399-48d7-a835-a567f1e43dab,GB*CK0*E6666,626979a5-0bff-4317-9f0c-391f20c763fa,no_unique_standard_tariff,tarif_non_attribuable,reports/uk/connected-kerb-app-collection-latest.json
P2,Rainham Road,5c04f22d-a399-48d7-a835-a567f1e43dab,GB*CK0*E6665,bbd2b26f-6713-4713-bd9f-b4fcee43d921,no_unique_standard_tariff,tarif_non_attribuable,reports/uk/connected-kerb-app-collection-latest.json
P2,Cowbridge Lane,e9c5cbec-7431-4b58-8e62-b430929f54f5,GB*CK0*E20036,0aef7185-3889-405f-afe2-abe72a6a6f77,no_unique_standard_tariff,tarif_non_attribuable,reports/uk/connected-kerb-app-collection-latest.json
P2,Cowbridge Lane,e9c5cbec-7431-4b58-8e62-b430929f54f5,GB*CK0*E20035,39dbca65-cf25-4cae-993e-95aef2878abe,no_unique_standard_tariff,tarif_non_attribuable,reports/uk/connected-kerb-app-collection-latest.json
P2,Cowbridge Lane,e9c5cbec-7431-4b58-8e62-b430929f54f5,GB*CK0*E20047,d55f8dd5-10f1-4feb-a5a0-83bb744ada8e,no_unique_standard_tariff,tarif_non_attribuable,reports/uk/connected-kerb-app-collection-latest.json
P2,Cowbridge Lane,e9c5cbec-7431-4b58-8e62-b430929f54f5,GB*CK0*E20046,81b4f480-e788-4e6d-a320-54a721938663,no_unique_standard_tariff,tarif_non_attribuable,reports/uk/connected-kerb-app-collection-latest.json
P2,Goresbrook Road,5643a26f-424a-46be-9f5b-ac1ba87c7c0c,GB*CK0*E12107,4f4c7a9c-90d9-4e37-a21a-ec0d2651c73d,no_unique_standard_tariff,tarif_non_attribuable,reports/uk/connected-kerb-app-collection-latest.json
P2,Goresbrook Road,5643a26f-424a-46be-9f5b-ac1ba87c7c0c,GB*CK0*E16713,09dc40dc-b5c4-46a2-9365-2ad70bfb9d89,no_unique_standard_tariff,tarif_non_attribuable,reports/uk/connected-kerb-app-collection-latest.json
P2,Goresbrook Road,5643a26f-424a-46be-9f5b-ac1ba87c7c0c,GB*CK0*E6685,790fa5c9-ec17-4747-9449-fbafaf10bfdb,no_unique_standard_tariff,tarif_non_attribuable,reports/uk/connected-kerb-app-collection-latest.json
P2,Goresbrook Road,5643a26f-424a-46be-9f5b-ac1ba87c7c0c,GB*CK0*E6684,21160593-d204-4e17-aa5c-58e287f1395a,no_unique_standard_tariff,tarif_non_attribuable,reports/uk/connected-kerb-app-collection-latest.json
P2,"Thornhill Gardens, Barking",ba9f4cb5-8369-4118-9f25-0078df9a5b61,GB*CK0*E6781,7bc4b381-40a5-4e0a-b3d9-14a9d1691faf,no_unique_standard_tariff,tarif_non_attribuable,reports/uk/connected-kerb-app-collection-latest.json
P2,"Thornhill Gardens, Barking",ba9f4cb5-8369-4118-9f25-0078df9a5b61,GB*CK0*E6780,8421a47c-9a0b-4700-9602-1981a92ff9dd,no_unique_standard_tariff,tarif_non_attribuable,reports/uk/connected-kerb-app-collection-latest.json
P2,"Thornhill Gardens, Barking",ba9f4cb5-8369-4118-9f25-0078df9a5b61,GB*CK0*E7066,1d4a21ef-2903-4d93-bd74-c4702ec9e08a,no_unique_standard_tariff,tarif_non_attribuable,reports/uk/connected-kerb-app-collection-latest.json
P2,"Thornhill Gardens, Barking",ba9f4cb5-8369-4118-9f25-0078df9a5b61,GB*CK0*E7065,cb79edd5-8675-47ac-824b-4d40d046b300,no_unique_standard_tariff,tarif_non_attribuable,reports/uk/connected-kerb-app-collection-latest.json
P2,Maplestead Road,e458b244-37f3-4ad4-b813-5f7b34b871ad,GB*CK0*E12205,f14befdc-2dc0-4b8c-9125-143acd3af65c,no_unique_standard_tariff,tarif_non_attribuable,reports/uk/connected-kerb-app-collection-latest.json
P2,Maplestead Road,e458b244-37f3-4ad4-b813-5f7b34b871ad,GB*CK0*E16777,4caceda3-4eda-4032-b8ed-b8f303f045e5,no_unique_standard_tariff,tarif_non_attribuable,reports/uk/connected-kerb-app-collection-latest.json
P2,Maplestead Road,e458b244-37f3-4ad4-b813-5f7b34b871ad,GB*CK0*E6660,f3ecdee2-2926-4a55-9ffd-b2f9dc220ac3,no_unique_standard_tariff,tarif_non_attribuable,reports/uk/connected-kerb-app-collection-latest.json
P2,Maplestead Road,e458b244-37f3-4ad4-b813-5f7b34b871ad,GB*CK0*E6663,5eda6ed1-6396-44a9-ace0-21a8cb83898b,no_unique_standard_tariff,tarif_non_attribuable,reports/uk/connected-kerb-app-collection-latest.json
P3,Wythenshawe Road,7c5f03ec-0985-4a84-96ce-d737acd611f8,bd83d642-f658-4dde-9602-f610f47da899,d83f32af-8dea-495f-a7cf-3d066ff028a7,no_unique_exact_socket_match,correspondance_non_verifiee,reports/uk/connected-kerb-app-collection-latest.json
P3,Wythenshawe Road,7c5f03ec-0985-4a84-96ce-d737acd611f8,cf4d7044-b53e-4c67-90c8-b940e3f4d0da,ac5de75d-7fd0-4e02-8d2d-ed713357c077,no_unique_exact_socket_match,correspondance_non_verifiee,reports/uk/connected-kerb-app-collection-latest.json
P2,Wythenshawe Road,7c5f03ec-0985-4a84-96ce-d737acd611f8,GB*CK0*E7040,287a2bd3-f27e-4dfc-be64-a72caf97558c,no_unique_standard_tariff,tarif_non_attribuable,reports/uk/connected-kerb-app-collection-latest.json
P2,Wythenshawe Road,7c5f03ec-0985-4a84-96ce-d737acd611f8,GB*CK0*E7039,220b843a-ed46-448e-8405-944a1cb4dd4c,no_unique_standard_tariff,tarif_non_attribuable,reports/uk/connected-kerb-app-collection-latest.json
P2,Wythenshawe Road,7c5f03ec-0985-4a84-96ce-d737acd611f8,GB*CK0*E7080,6b17bd78-99dc-4668-aa91-4b79064c0f7c,no_unique_standard_tariff,tarif_non_attribuable,reports/uk/connected-kerb-app-collection-latest.json
P2,Wythenshawe Road,7c5f03ec-0985-4a84-96ce-d737acd611f8,GB*CK0*E7079,b5b126dd-40ff-49e4-b52a-76a4cd53d50f,no_unique_standard_tariff,tarif_non_attribuable,reports/uk/connected-kerb-app-collection-latest.json
P2,Hedgemans Road,7ede32cb-e0b1-4727-9eba-885b35b78cd4,GB*CK0*E7050,b928c4f3-34ed-45c3-ac79-31733c40c039,no_unique_standard_tariff,tarif_non_attribuable,reports/uk/connected-kerb-app-collection-latest.json
P2,Hedgemans Road,7ede32cb-e0b1-4727-9eba-885b35b78cd4,GB*CK0*E7051,1a3ea192-612c-4e29-98e7-56a44e558a3b,no_unique_standard_tariff,tarif_non_attribuable,reports/uk/connected-kerb-app-collection-latest.json
P2,Hedgemans Road,7ede32cb-e0b1-4727-9eba-885b35b78cd4,GB*CK0*E7081,b450bde5-64e9-45ce-8a47-fd18d38511fb,no_unique_standard_tariff,tarif_non_attribuable,reports/uk/connected-kerb-app-collection-latest.json
P2,Hedgemans Road,7ede32cb-e0b1-4727-9eba-885b35b78cd4,GB*CK0*E7082,159f6dae-2634-43b9-bcd6-152425415a0c,no_unique_standard_tariff,tarif_non_attribuable,reports/uk/connected-kerb-app-collection-latest.json
P3,Curwood Road,c4d1f50d-3442-41ae-a2c3-654ffd161c2c,GB*CK0*E3204,812ac72d-0040-4c94-a4e4-4706aea3bf19,no_unique_exact_socket_match,correspondance_non_verifiee,reports/uk/connected-kerb-app-collection-latest.json
P3,Curwood Road,c4d1f50d-3442-41ae-a2c3-654ffd161c2c,GB*CK0*E5196,35d631e2-63f4-447c-9dd4-f9862ea55277,no_unique_exact_socket_match,correspondance_non_verifiee,reports/uk/connected-kerb-app-collection-latest.json
P3,Cwmbran Boating Lake Car Park,b21fc4c4-cab6-486e-84a6-4256e17c1186,GB*CK0*E4009,3c20e958-d1c6-4ed8-a616-6437c354e831,no_unique_exact_qr_and_geo_match,correspondance_non_verifiee,reports/uk/connected-kerb-app-collection-latest.json
P3,Cwmbran Boating Lake Car Park,b21fc4c4-cab6-486e-84a6-4256e17c1186,GB*CK0*E4010,840172b2-a4b8-4093-8407-3c8e978c53f1,no_unique_exact_qr_and_geo_match,correspondance_non_verifiee,reports/uk/connected-kerb-app-collection-latest.json
P3,Cwmbran Boating Lake Car Park,b21fc4c4-cab6-486e-84a6-4256e17c1186,GB*CK0*E15440,572f4ee6-5aff-45ff-b5fb-adc7720f133b,no_unique_exact_qr_and_geo_match,correspondance_non_verifiee,reports/uk/connected-kerb-app-collection-latest.json
P3,Cwmbran Boating Lake Car Park,b21fc4c4-cab6-486e-84a6-4256e17c1186,GB*CK0*E15433,85665880-aadd-4dc1-98af-a43b991f8864,no_unique_exact_qr_and_geo_match,correspondance_non_verifiee,reports/uk/connected-kerb-app-collection-latest.json
P3,Cwmbran Boating Lake Car Park,b21fc4c4-cab6-486e-84a6-4256e17c1186,GB*CK0*E19281,6f20a6c7-b8ea-469c-b178-e4b03ec4ac26,no_unique_exact_qr_and_geo_match,correspondance_non_verifiee,reports/uk/connected-kerb-app-collection-latest.json
P3,Fairfield Car Park,08d9c79a-c061-4f49-8b91-ddf918aef7d5,GB*CK0*E19232,6600984b-e4ed-429f-97e4-9bbd74d52c11,no_unique_exact_qr_and_geo_match,correspondance_non_verifiee,reports/uk/connected-kerb-app-collection-latest.json
P3,Fairfield Car Park,08d9c79a-c061-4f49-8b91-ddf918aef7d5,GB*CK0*E20350,b4b07521-fdd6-4970-a345-ad8b5a4c4cae,no_unique_exact_qr_and_geo_match,correspondance_non_verifiee,reports/uk/connected-kerb-app-collection-latest.json
P3,Fairfield Car Park,08d9c79a-c061-4f49-8b91-ddf918aef7d5,GB*CK0*E20354,bbff2cb4-fce1-4528-8a33-b0b942f5752a,no_unique_exact_qr_and_geo_match,correspondance_non_verifiee,reports/uk/connected-kerb-app-collection-latest.json
P3,Fairfield Car Park,08d9c79a-c061-4f49-8b91-ddf918aef7d5,GB*CK0*E20482,0285643e-4ea6-4699-bf5e-09a276cad353,no_unique_exact_qr_and_geo_match,correspondance_non_verifiee,reports/uk/connected-kerb-app-collection-latest.json
P3,Fairfield Car Park,08d9c79a-c061-4f49-8b91-ddf918aef7d5,GB*CK0*E20483,fa386781-f738-47ef-aed5-cec8ffbc9ec8,no_unique_exact_qr_and_geo_match,correspondance_non_verifiee,reports/uk/connected-kerb-app-collection-latest.json
P3,Fairfield Car Park,08d9c79a-c061-4f49-8b91-ddf918aef7d5,GB*CK0*E20352,60eef1eb-99cc-4a47-b301-a335bf23a8fa,no_unique_exact_qr_and_geo_match,correspondance_non_verifiee,reports/uk/connected-kerb-app-collection-latest.json
P3,Fairfield Car Park,08d9c79a-c061-4f49-8b91-ddf918aef7d5,GB*CK0*E21849,fd080b7a-9a56-4bc4-b77c-c04f215e367c,no_unique_exact_qr_and_geo_match,correspondance_non_verifiee,reports/uk/connected-kerb-app-collection-latest.json
P3,Fairfield Car Park,08d9c79a-c061-4f49-8b91-ddf918aef7d5,GB*CK0*E20353,3d7f6a87-6416-4394-bf80-a55a36c24f88,no_unique_exact_qr_and_geo_match,correspondance_non_verifiee,reports/uk/connected-kerb-app-collection-latest.json
P3,Fairfield Car Park,08d9c79a-c061-4f49-8b91-ddf918aef7d5,GB*CK0*E20349,29ae214e-012a-4ab6-93f9-343df043b5e8,no_unique_exact_qr_and_geo_match,correspondance_non_verifiee,reports/uk/connected-kerb-app-collection-latest.json
P3,Fairfield Car Park,08d9c79a-c061-4f49-8b91-ddf918aef7d5,GB*CK0*E20351,aaf82a20-5799-4fc1-9d23-b920b4f50e3d,no_unique_exact_qr_and_geo_match,correspondance_non_verifiee,reports/uk/connected-kerb-app-collection-latest.json
P3,Edinburgh West Retail Park,89d0c99c-be82-42cc-9908-1d8dbd3a79ca,GB*CK0*E9990,a5045ded-f65a-427d-b929-45b13b732568,no_unique_exact_socket_match,correspondance_non_verifiee,reports/uk/connected-kerb-app-collection-latest.json
P3,Edinburgh West Retail Park,89d0c99c-be82-42cc-9908-1d8dbd3a79ca,GB*CK0*E9989**,fbb56544-fe49-437d-bcca-bcaad629fba1,no_unique_exact_socket_match,correspondance_non_verifiee,reports/uk/connected-kerb-app-collection-latest.json
P3,Neath Road Car Park,87c9c5cf-c962-43e1-b94f-6ed488eebf44,GB*CK0*E8705,1f196ce1-5008-4b7b-a441-7b39bda4634f,no_unique_exact_qr_and_geo_match,correspondance_non_verifiee,reports/uk/connected-kerb-app-collection-latest.json
P3,Neath Road Car Park,87c9c5cf-c962-43e1-b94f-6ed488eebf44,GB*CK0*E8706,24fb4bc0-0398-436d-8473-e1d6f6508750,no_unique_exact_qr_and_geo_match,correspondance_non_verifiee,reports/uk/connected-kerb-app-collection-latest.json
P3,Neath Road Car Park,87c9c5cf-c962-43e1-b94f-6ed488eebf44,GB*CK0*E14641*,61be8f27-0b4e-411b-a124-a52ab70073c6,no_unique_exact_qr_and_geo_match,correspondance_non_verifiee,reports/uk/connected-kerb-app-collection-latest.json
P3,Neath Road Car Park,87c9c5cf-c962-43e1-b94f-6ed488eebf44,GB*CK0*E15685,f3f339a6-6314-471a-a99d-5c78e105fb06,no_unique_exact_qr_and_geo_match,correspondance_non_verifiee,reports/uk/connected-kerb-app-collection-latest.json
P3,Neath Road Car Park,87c9c5cf-c962-43e1-b94f-6ed488eebf44,GB*CK0*E21839,3fe7501c-35e8-43e5-947c-f38355ba6a82,no_unique_exact_qr_and_geo_match,correspondance_non_verifiee,reports/uk/connected-kerb-app-collection-latest.json
P3,Neath Road Car Park,87c9c5cf-c962-43e1-b94f-6ed488eebf44,GB*CK0*E14641,c5db28f9-f2ca-4248-a9dd-200fbd1ea16f,no_unique_exact_qr_and_geo_match,correspondance_non_verifiee,reports/uk/connected-kerb-app-collection-latest.json
P3,West Drive,7ad3f94c-2a5a-4a64-b38e-a39266f64347,GB*CK0*E19289,0023df2c-ea26-4867-899d-66282bbf6c0a,no_unique_exact_qr_and_geo_match,correspondance_non_verifiee,reports/uk/connected-kerb-app-collection-latest.json
P3,West Drive,7ad3f94c-2a5a-4a64-b38e-a39266f64347,GB*CK0*E19287,4088bbe4-ae2b-4ae0-84bf-0674f93644a1,no_unique_exact_qr_and_geo_match,correspondance_non_verifiee,reports/uk/connected-kerb-app-collection-latest.json
P3,West Drive,7ad3f94c-2a5a-4a64-b38e-a39266f64347,GB*CK0*E19288,76543230-c568-42de-94cc-8c01be0ef1cd,no_unique_exact_qr_and_geo_match,correspondance_non_verifiee,reports/uk/connected-kerb-app-collection-latest.json
P3,West Drive,7ad3f94c-2a5a-4a64-b38e-a39266f64347,GB*CK0*E19290,eb7ea048-b780-4707-a09c-0183148122be,no_unique_exact_qr_and_geo_match,correspondance_non_verifiee,reports/uk/connected-kerb-app-collection-latest.json
P3,Lower Boyndon Road,9e7ef285-5f68-40e4-89f9-364f6bc4448c,GB*CK0*E19107,3bf2ba58-a4e9-480e-916c-c76f5d642442,no_unique_exact_qr_and_geo_match,correspondance_non_verifiee,reports/uk/connected-kerb-app-collection-latest.json
P3,Lower Boyndon Road,9e7ef285-5f68-40e4-89f9-364f6bc4448c,GB*CK0*E19104,a032b7e2-2e9b-4c05-a5f6-936301448de2,no_unique_exact_qr_and_geo_match,correspondance_non_verifiee,reports/uk/connected-kerb-app-collection-latest.json
P3,Lower Boyndon Road,9e7ef285-5f68-40e4-89f9-364f6bc4448c,GB*CK0*E19106,ac8cbf30-5b7b-4796-a1cd-bbc0107766ad,no_unique_exact_qr_and_geo_match,correspondance_non_verifiee,reports/uk/connected-kerb-app-collection-latest.json
P3,Lower Boyndon Road,9e7ef285-5f68-40e4-89f9-364f6bc4448c,GB*CK0*E19108,73f4894a-7102-4d57-9ec4-fc539d4e0df1,no_unique_exact_qr_and_geo_match,correspondance_non_verifiee,reports/uk/connected-kerb-app-collection-latest.json
P3,Lower Boyndon Road,9e7ef285-5f68-40e4-89f9-364f6bc4448c,GB*CK0*E19105,2fcdd7f7-14db-4e8e-8c33-54c3c118f341,no_unique_exact_qr_and_geo_match,correspondance_non_verifiee,reports/uk/connected-kerb-app-collection-latest.json
P3,West Park Car Park,58e39821-7750-4775-acdb-d9ec8f64fa5b,GB*CK0*E19090,41f97ff3-9905-4496-85ab-f8abb11b9fc0,no_unique_exact_qr_and_geo_match,correspondance_non_verifiee,reports/uk/connected-kerb-app-collection-latest.json
P3,West Park Car Park,58e39821-7750-4775-acdb-d9ec8f64fa5b,GB*CK0*E19088,666460b1-d646-42b0-ac4d-7d723530f0ca,no_unique_exact_qr_and_geo_match,correspondance_non_verifiee,reports/uk/connected-kerb-app-collection-latest.json
P3,West Park Car Park,58e39821-7750-4775-acdb-d9ec8f64fa5b,GB*CK0*E19087,42550d23-a7df-4f7a-aef7-9e6394e31637,no_unique_exact_qr_and_geo_match,correspondance_non_verifiee,reports/uk/connected-kerb-app-collection-latest.json
P3,West Park Car Park,58e39821-7750-4775-acdb-d9ec8f64fa5b,GB*CK0*E19091,bc286de8-8b05-4e99-aaee-aa1e466337ca,no_unique_exact_qr_and_geo_match,correspondance_non_verifiee,reports/uk/connected-kerb-app-collection-latest.json
P3,West Park Car Park,58e39821-7750-4775-acdb-d9ec8f64fa5b,GB*CK0*E19089,c131df6c-b758-4062-8a01-1b14a556c452,no_unique_exact_qr_and_geo_match,correspondance_non_verifiee,reports/uk/connected-kerb-app-collection-latest.json
P3,West Park Car Park,58e39821-7750-4775-acdb-d9ec8f64fa5b,GB*CK0*E19086,9a563880-edd7-4287-8365-84e967fa06ff,no_unique_exact_qr_and_geo_match,correspondance_non_verifiee,reports/uk/connected-kerb-app-collection-latest.json
P3,Carmarthen Road,0c2f2f1d-7214-4b6e-a0d0-c4ca36b9d800,GB*CK0*E18993,306692ed-2678-4d34-b091-d2cbd5d77157,no_unique_exact_qr_and_geo_match,correspondance_non_verifiee,reports/uk/connected-kerb-app-collection-latest.json
P3,Carmarthen Road,0c2f2f1d-7214-4b6e-a0d0-c4ca36b9d800,GB*CK0*E18997,09d2534c-27c5-44ff-8694-da9fd40a1de4,no_unique_exact_qr_and_geo_match,correspondance_non_verifiee,reports/uk/connected-kerb-app-collection-latest.json
P3,Carmarthen Road,0c2f2f1d-7214-4b6e-a0d0-c4ca36b9d800,GB*CK0*E19006,b76a207b-4f2e-4ce0-baa2-a16cac87da71,no_unique_exact_qr_and_geo_match,correspondance_non_verifiee,reports/uk/connected-kerb-app-collection-latest.json
P3,Carmarthen Road,0c2f2f1d-7214-4b6e-a0d0-c4ca36b9d800,GB*CK0*E19003,962cd293-e525-43d3-b2a5-753c38160770,no_unique_exact_qr_and_geo_match,correspondance_non_verifiee,reports/uk/connected-kerb-app-collection-latest.json
P3,Hospital Road,6749eec3-35c5-47a7-be87-31b996f7e1a6,GB*CK0*E2775,a39e3533-8b2c-4f1a-8036-128c229ff495,no_unique_exact_qr_and_geo_match,correspondance_non_verifiee,reports/uk/connected-kerb-app-collection-latest.json
P3,Hospital Road,6749eec3-35c5-47a7-be87-31b996f7e1a6,GB*CK0*E2776,0ca8b32d-3562-479b-a713-6e492b3d7228,no_unique_exact_qr_and_geo_match,correspondance_non_verifiee,reports/uk/connected-kerb-app-collection-latest.json
P3,Hospital Road,6749eec3-35c5-47a7-be87-31b996f7e1a6,GB*CK0*E2767,4cfe6864-aedb-45f3-abc0-6bbc532e4782,no_unique_exact_qr_and_geo_match,correspondance_non_verifiee,reports/uk/connected-kerb-app-collection-latest.json
P3,Hospital Road,6749eec3-35c5-47a7-be87-31b996f7e1a6,GB*CK0*E2768,ca2803cd-abe3-4c42-a927-f9f006c64230,no_unique_exact_qr_and_geo_match,correspondance_non_verifiee,reports/uk/connected-kerb-app-collection-latest.json
P3,Hospital Road,6749eec3-35c5-47a7-be87-31b996f7e1a6,GB*CK0*E3768,9cac4b91-ac67-498a-8a00-80677334f5fe,no_unique_exact_qr_and_geo_match,correspondance_non_verifiee,reports/uk/connected-kerb-app-collection-latest.json
P3,Hospital Road,6749eec3-35c5-47a7-be87-31b996f7e1a6,GB*CK0*E3767,e4824f11-1f74-4a77-a36d-a122bcd74d1a,no_unique_exact_qr_and_geo_match,correspondance_non_verifiee,reports/uk/connected-kerb-app-collection-latest.json
P3,Hospital Road,6749eec3-35c5-47a7-be87-31b996f7e1a6,GB*CK0*E18985,8d516c97-08f6-4ca5-9a86-cf8b66448d3a,no_unique_exact_qr_and_geo_match,correspondance_non_verifiee,reports/uk/connected-kerb-app-collection-latest.json
P3,Hospital Road,6749eec3-35c5-47a7-be87-31b996f7e1a6,GB*CK0*E18994,8f6ade1f-264b-40ad-a241-0f4f688882df,no_unique_exact_qr_and_geo_match,correspondance_non_verifiee,reports/uk/connected-kerb-app-collection-latest.json
P3,Hospital Road,6749eec3-35c5-47a7-be87-31b996f7e1a6,GB*CK0*E18984,93a8ae6e-b036-4f97-8fb2-4343372a0ecd,no_unique_exact_qr_and_geo_match,correspondance_non_verifiee,reports/uk/connected-kerb-app-collection-latest.json
P3,Hospital Road,6749eec3-35c5-47a7-be87-31b996f7e1a6,GB*CK0*E18992,5eb9271e-038e-491e-892a-2bde061b08ed,no_unique_exact_qr_and_geo_match,correspondance_non_verifiee,reports/uk/connected-kerb-app-collection-latest.json
P3,Hospital Road,6749eec3-35c5-47a7-be87-31b996f7e1a6,GB*CK0*E18986,49dc3c6b-abd2-410b-873e-973d3945d17c,no_unique_exact_qr_and_geo_match,correspondance_non_verifiee,reports/uk/connected-kerb-app-collection-latest.json
P3,Hospital Road,6749eec3-35c5-47a7-be87-31b996f7e1a6,GB*CK0*E19004,2a47c959-8844-4683-9563-30b0e21aa21f,no_unique_exact_qr_and_geo_match,correspondance_non_verifiee,reports/uk/connected-kerb-app-collection-latest.json
P3,Andover & Tivoli Road,a0190c41-8595-4eff-a64f-f9300b35ab62,GB*CK0*E15610,403b6482-85b8-4ff3-a453-e61a8e150d72,no_unique_exact_socket_match,correspondance_non_verifiee,reports/uk/connected-kerb-app-collection-latest.json
P3,Andover & Tivoli Road,a0190c41-8595-4eff-a64f-f9300b35ab62,GB*CK0*E15601,862fa8f8-db15-46a4-a423-1acde70e9ab8,no_unique_exact_socket_match,correspondance_non_verifiee,reports/uk/connected-kerb-app-collection-latest.json
P3,Quayside NHS Scanner Car Park,35bfd698-520d-4a1b-85c8-4a67072af4f5,GB*CK0*E10822,39e37e2d-e5c2-4111-90ea-a59d4f95f9eb,no_unique_exact_qr_and_geo_match,correspondance_non_verifiee,reports/uk/connected-kerb-app-collection-latest.json
P3,Quayside NHS Scanner Car Park,35bfd698-520d-4a1b-85c8-4a67072af4f5,GB*CK0*E10823,1f48ee5f-303c-4b49-8f26-e871b659efdd,no_unique_exact_qr_and_geo_match,correspondance_non_verifiee,reports/uk/connected-kerb-app-collection-latest.json
P3,Quayside NHS Scanner Car Park,35bfd698-520d-4a1b-85c8-4a67072af4f5,GB*CK0*E21919,b7299520-42b1-4218-9621-b375563572bc,no_unique_exact_qr_and_geo_match,correspondance_non_verifiee,reports/uk/connected-kerb-app-collection-latest.json
P3,Quayside NHS Scanner Car Park,35bfd698-520d-4a1b-85c8-4a67072af4f5,GB*CK0*E25006,5afa6440-a779-48c5-9fb1-7552bd9fee08,no_unique_exact_qr_and_geo_match,correspondance_non_verifiee,reports/uk/connected-kerb-app-collection-latest.json
P3,Arle Court Transport Hub,08589206-1232-4d6b-be79-4dd2debaa212,GB*CK0*E1784636079EDZWK0F,7a185531-4dc7-44f7-bc27-45af90623905,no_unique_exact_socket_match,correspondance_non_verifiee,reports/uk/connected-kerb-app-collection-latest.json
