ref_site,id_station_itinerance,nom_station,adresse_station,reference,type_connector,power_max,status,pricing_syder,pricing_syder_currency,pricing_duration_syder,tarif_heures_creuses,tarif_heures_pleines,rate,time_threshold,begin_free_hour,end_free_hour,json_path
FR*QOV*01-00001,FRQOV0100001,1689 ROUTE DE SAINT TRIVIER CESSEINS,1689 ROUTE DE SAINT TRIVIER CESSEINS 01090 FRANCHELEINS,,,,,,,,0.2637,0.3182,,,,,$.data
FR*QOV*01-00001,FRQOV0100001,1689 ROUTE DE SAINT TRIVIER CESSEINS,1689 ROUTE DE SAINT TRIVIER CESSEINS 01090 FRANCHELEINS,204513-01,Type 2,22000,Occupied,0.3504,€,,,,,,,,$.data.bornes[0].connectors[0]
FR*QOV*01-00002,FRQOV0100002,500 RUE MALAFRETOISE,500 RUE MALAFRETOISE 01340 MALAFRETAZ,,,,,,,,0.0,0.41,,,,,$.data
FR*QOV*01-00002,FRQOV0100002,500 RUE MALAFRETOISE,500 RUE MALAFRETOISE 01340 MALAFRETAZ,794142-01,Type 2,22000,Available,0.492,€,,,,,,,,$.data.bornes[0].connectors[0]
FR*QOV*01-00002,FRQOV0100002,500 RUE MALAFRETOISE,500 RUE MALAFRETOISE 01340 MALAFRETAZ,793647-01,Type 2,22000,Available,0.492,€,,,,,,,,$.data.bornes[1].connectors[0]
FR*QOV*01-00002,FRQOV0100002,500 RUE MALAFRETOISE,500 RUE MALAFRETOISE 01340 MALAFRETAZ,793521-01,Type 2,22000,Available,0.492,€,,,,,,,,$.data.bornes[2].connectors[0]
FR*QOV*01-00002,FRQOV0100002,500 RUE MALAFRETOISE,500 RUE MALAFRETOISE 01340 MALAFRETAZ,791922-01,Type 2,22000,Available,0.492,€,,,,,,,,$.data.bornes[3].connectors[0]
FR*QOV*01-00002,FRQOV0100002,500 RUE MALAFRETOISE,500 RUE MALAFRETOISE 01340 MALAFRETAZ,794722-01,Type 2,22000,Available,0.492,€,,,,,,,,$.data.bornes[4].connectors[0]
FR*QOV*02-00001,FRQOV0200001,CD24 ROUTE DE LIESSE,CD24 ROUTE DE LIESSE 02820 ST ERME OUTRE ET RAMECOURT,,,,,,,,0.2637,0.3182,,,,,$.data
FR*QOV*02-00001,FRQOV0200001,CD24 ROUTE DE LIESSE,CD24 ROUTE DE LIESSE 02820 ST ERME OUTRE ET RAMECOURT,206720-01,Type 2,22000,Available,0.38184,€,,,,,,,,$.data.bornes[0].connectors[0]
FR*QOV*02-00001,FRQOV0200001,CD24 ROUTE DE LIESSE,CD24 ROUTE DE LIESSE 02820 ST ERME OUTRE ET RAMECOURT,203975-01,Type 2,22000,Available,0.38184,€,,,,,,,,$.data.bornes[1].connectors[0]
FR*QOV*02-00002,FRQOV0200002,139 AVENUE DE SOISSONS,139 AVENUE DE SOISSONS 02400 CHATEAU THIERRY,,,,,,,,0.0,0.41,,,,,$.data
FR*QOV*02-00002,FRQOV0200002,139 AVENUE DE SOISSONS,139 AVENUE DE SOISSONS 02400 CHATEAU THIERRY,748235-01,Type 2,22000,Available,0.492,€,,,,,,,,$.data.bornes[0].connectors[0]
FR*QOV*02-00002,FRQOV0200002,139 AVENUE DE SOISSONS,139 AVENUE DE SOISSONS 02400 CHATEAU THIERRY,791800-01,Type 2,22000,Available,0.492,€,,,,,,,,$.data.bornes[1].connectors[0]
FR*QOV*02-00002,FRQOV0200002,139 AVENUE DE SOISSONS,139 AVENUE DE SOISSONS 02400 CHATEAU THIERRY,755417-01,Type 2,22000,Available,0.492,€,,,,,,,,$.data.bornes[2].connectors[0]
FR*QOV*02-00002,FRQOV0200002,139 AVENUE DE SOISSONS,139 AVENUE DE SOISSONS 02400 CHATEAU THIERRY,752283-01,Type 2,22000,Available,0.492,€,,,,,,,,$.data.bornes[3].connectors[0]
FR*QOV*02-00002,FRQOV0200002,139 AVENUE DE SOISSONS,139 AVENUE DE SOISSONS 02400 CHATEAU THIERRY,1581235-01,Type 2,22000,Available,0.492,€,,,,,,,,$.data.bornes[4].connectors[0]
FR*QOV*06-00001,FRQOV0600001,2229 ROUTE DES CRETES,2229 ROUTE DES CRETES 06560 VALBONNE,,,,,,,,0.2637,0.3182,,,,,$.data
FR*QOV*06-00001,FRQOV0600001,2229 ROUTE DES CRETES,2229 ROUTE DES CRETES 06560 VALBONNE,182621-01,Type 2,22000,Unavailable,0.3504,€,,,,,,,,$.data.bornes[0].connectors[0]
FR*QOV*06-00001,FRQOV0600001,2229 ROUTE DES CRETES,2229 ROUTE DES CRETES 06560 VALBONNE,182589-01,Type 2,22000,Available,0.3504,€,,,,,,,,$.data.bornes[1].connectors[0]
FR*QOV*06-00001,FRQOV0600001,2229 ROUTE DES CRETES,2229 ROUTE DES CRETES 06560 VALBONNE,182822-01,Type 2,22000,Available,0.3504,€,,,,,,,,$.data.bornes[2].connectors[0]
FR*QOV*06-00001,FRQOV0600001,2229 ROUTE DES CRETES,2229 ROUTE DES CRETES 06560 VALBONNE,182082-01,Type 2,22000,Available,0.3504,€,,,,,,,,$.data.bornes[3].connectors[0]
FR*QOV*06-00001,FRQOV0600001,2229 ROUTE DES CRETES,2229 ROUTE DES CRETES 06560 VALBONNE,182432-01,Type 2,22000,Available,0.3504,€,,,,,,,,$.data.bornes[4].connectors[0]
FR*QOV*06-00001,FRQOV0600001,2229 ROUTE DES CRETES,2229 ROUTE DES CRETES 06560 VALBONNE,207355-01,Type 2,22000,Available,0.3504,€,,,,,,,,$.data.bornes[5].connectors[0]
FR*QOV*06-00001,FRQOV0600001,2229 ROUTE DES CRETES,2229 ROUTE DES CRETES 06560 VALBONNE,206738-01,Type 2,22000,Occupied,0.3504,€,,,,,,,,$.data.bornes[6].connectors[0]
FR*QOV*06-00001,FRQOV0600001,2229 ROUTE DES CRETES,2229 ROUTE DES CRETES 06560 VALBONNE,752327-01,Type 2,22000,Available,0.3504,€,,,,,,,,$.data.bornes[7].connectors[0]
FR*QOV*06-00001,FRQOV0600001,2229 ROUTE DES CRETES,2229 ROUTE DES CRETES 06560 VALBONNE,1584218-01,Type 2,22000,Occupied,0.3504,€,,,,,,,,$.data.bornes[8].connectors[0]
FR*QOV*06-00001,FRQOV0600001,2229 ROUTE DES CRETES,2229 ROUTE DES CRETES 06560 VALBONNE,1588020-01,Type 2,22000,Available,0.3504,€,,,,,,,,$.data.bornes[9].connectors[0]
FR*QOV*06-00001,FRQOV0600001,2229 ROUTE DES CRETES,2229 ROUTE DES CRETES 06560 VALBONNE,1588306-01,Type 2,22000,Available,0.3504,€,,,,,,,,$.data.bornes[10].connectors[0]
FR*QOV*06-00001,FRQOV0600001,2229 ROUTE DES CRETES,2229 ROUTE DES CRETES 06560 VALBONNE,1577842-01,Type 2,22000,Available,,€,,,,,,,,$.data.bornes[11].connectors[0]
FR*QOV*06-00009,FRQOV0600009,444bis Route des Dolines,444bis Route des Dolines 06560 VALBONNE,,,,,,,,0.17,0.2276,,,,,$.data
FR*QOV*06-00009,FRQOV0600009,444bis Route des Dolines,444bis Route des Dolines 06560 VALBONNE,V25EL0EU2024470041653a-01,Type 2,22000,Available,0.3504,€,,,,,,,,$.data.bornes[0].connectors[0]
FR*QOV*06-00009,FRQOV0600009,444bis Route des Dolines,444bis Route des Dolines 06560 VALBONNE,V25EL0EU2024470106ecc0-01,Type 2,22000,Available,0.3504,€,,,,,,,,$.data.bornes[1].connectors[0]
FR*QOV*06-00009,FRQOV0600009,444bis Route des Dolines,444bis Route des Dolines 06560 VALBONNE,V25EL0EU20244701396711-01,Type 2,22000,Available,0.3504,€,,,,,,,,$.data.bornes[2].connectors[0]
FR*QOV*06-00009,FRQOV0600009,444bis Route des Dolines,444bis Route des Dolines 06560 VALBONNE,V25EL0EU20245000192532-01,Type 2,22000,Available,0.3504,€,,,,,,,,$.data.bornes[3].connectors[0]
FR*QOV*06-00009,FRQOV0600009,444bis Route des Dolines,444bis Route des Dolines 06560 VALBONNE,V25EL0EU202450000696f0-01,Type 2,22000,Unavailable,0.3504,€,,,,,,,,$.data.bornes[4].connectors[0]
FR*QOV*06-00009,FRQOV0600009,444bis Route des Dolines,444bis Route des Dolines 06560 VALBONNE,V25EL0EU2024470167e653-01,Type 2,22000,Available,0.3504,€,,,,,,,,$.data.bornes[5].connectors[0]
FR*QOV*06-00009,FRQOV0600009,444bis Route des Dolines,444bis Route des Dolines 06560 VALBONNE,V25EL0EU20245000022fae-01,Type 2,22000,Available,0.3504,€,,,,,,,,$.data.bornes[6].connectors[0]
FR*QOV*06-00009,FRQOV0600009,444bis Route des Dolines,444bis Route des Dolines 06560 VALBONNE,V25EL0EU2024500016b209-01,Type 2,22000,Available,0.3504,€,,,,,,,,$.data.bornes[7].connectors[0]
FR*QOV*06-00009,FRQOV0600009,444bis Route des Dolines,444bis Route des Dolines 06560 VALBONNE,V25EL0EU2025100227875e-01,Type 2,22000,Available,0.3504,€,,,,,,,,$.data.bornes[8].connectors[0]
FR*QOV*06-00009,FRQOV0600009,444bis Route des Dolines,444bis Route des Dolines 06560 VALBONNE,V25EL0EU20251200291a41-01,Type 2,22000,Available,0.3504,€,,,,,,,,$.data.bornes[9].connectors[0]
FR*QOV*06-00009,FRQOV0600009,444bis Route des Dolines,444bis Route des Dolines 06560 VALBONNE,V25EL0EU2024470159a136-01,Type 2,22000,Unavailable,0.3504,€,,,,,,,,$.data.bornes[10].connectors[0]
FR*QOV*06-00009,FRQOV0600009,444bis Route des Dolines,444bis Route des Dolines 06560 VALBONNE,V25EL0EU20251001523c86-01,Type 2,22000,Available,0.3504,€,,,,,,,,$.data.bornes[11].connectors[0]
FR*QOV*06-00009,FRQOV0600009,444bis Route des Dolines,444bis Route des Dolines 06560 VALBONNE,PBLR-0041950-01,Type 2,22000,Available,0.27312,€,,,,,,,,$.data.bornes[12].connectors[0]
FR*QOV*06-00009,FRQOV0600009,444bis Route des Dolines,444bis Route des Dolines 06560 VALBONNE,PBLR-0041951-01,Type 2,22000,Available,0.27312,€,,,,,,,,$.data.bornes[13].connectors[0]
FR*QOV*06-00009,FRQOV0600009,444bis Route des Dolines,444bis Route des Dolines 06560 VALBONNE,PBLR-0041935-01,Type 2,22000,Available,0.27312,€,,,,,,,,$.data.bornes[14].connectors[0]
FR*QOV*06-00009,FRQOV0600009,444bis Route des Dolines,444bis Route des Dolines 06560 VALBONNE,PBLR-0041970-01,Type 2,22000,Available,0.27312,€,,,,,,,,$.data.bornes[15].connectors[0]
FR*QOV*06-00009,FRQOV0600009,444bis Route des Dolines,444bis Route des Dolines 06560 VALBONNE,PBLR-0041937-01,Type 2,22000,Available,0.27312,€,,,,,,,,$.data.bornes[16].connectors[0]
FR*QOV*06-00009,FRQOV0600009,444bis Route des Dolines,444bis Route des Dolines 06560 VALBONNE,PBLR-0041953-01,Type 2,22000,Available,0.27312,€,,,,,,,,$.data.bornes[17].connectors[0]
FR*QOV*06-00009,FRQOV0600009,444bis Route des Dolines,444bis Route des Dolines 06560 VALBONNE,PBLR-0041946-01,Type 2,22000,Available,0.27312,€,,,,,,,,$.data.bornes[18].connectors[0]
FR*QOV*06-00009,FRQOV0600009,444bis Route des Dolines,444bis Route des Dolines 06560 VALBONNE,PBLR-0041972-01,Type 2,22000,Available,0.27312,€,,,,,,,,$.data.bornes[19].connectors[0]
FR*QOV*11-00007,FRQOV1100007,110 RUE YVES DE KERGUELEN,110 RUE YVES DE KERGUELEN 11000 CARCASSONNE,,,,,,,,0.0,0.41,,,,,$.data
FR*QOV*11-00007,FRQOV1100007,110 RUE YVES DE KERGUELEN,110 RUE YVES DE KERGUELEN 11000 CARCASSONNE,748686-01,Type 2,22000,Available,0.492,€,,,,,,,,$.data.bornes[0].connectors[0]
FR*QOV*11-00007,FRQOV1100007,110 RUE YVES DE KERGUELEN,110 RUE YVES DE KERGUELEN 11000 CARCASSONNE,796932-01,Type 2,22000,Available,0.492,€,,,,,,,,$.data.bornes[1].connectors[0]
FR*QOV*11-00007,FRQOV1100007,110 RUE YVES DE KERGUELEN,110 RUE YVES DE KERGUELEN 11000 CARCASSONNE,797135-01,Type 2,22000,Available,0.492,€,,,,,,,,$.data.bornes[2].connectors[0]
FR*QOV*11-00007,FRQOV1100007,110 RUE YVES DE KERGUELEN,110 RUE YVES DE KERGUELEN 11000 CARCASSONNE,801260-01,Type 2,22000,Available,0.492,€,,,,,,,,$.data.bornes[3].connectors[0]
FR*QOV*11-00007,FRQOV1100007,110 RUE YVES DE KERGUELEN,110 RUE YVES DE KERGUELEN 11000 CARCASSONNE,800874-01,Type 2,22000,Available,0.492,€,,,,,,,,$.data.bornes[4].connectors[0]
FR*QOV*11-00007,FRQOV1100007,110 RUE YVES DE KERGUELEN,110 RUE YVES DE KERGUELEN 11000 CARCASSONNE,791977-01,Type 2,22000,Available,0.492,€,,,,,,,,$.data.bornes[5].connectors[0]
FR*QOV*11-00007,FRQOV1100007,110 RUE YVES DE KERGUELEN,110 RUE YVES DE KERGUELEN 11000 CARCASSONNE,792406-01,Type 2,22000,Available,0.492,€,,,,,,,,$.data.bornes[6].connectors[0]
FR*QOV*11-00007,FRQOV1100007,110 RUE YVES DE KERGUELEN,110 RUE YVES DE KERGUELEN 11000 CARCASSONNE,793569-01,Type 2,22000,Available,0.492,€,,,,,,,,$.data.bornes[7].connectors[0]
FR*QOV*11-00007,FRQOV1100007,110 RUE YVES DE KERGUELEN,110 RUE YVES DE KERGUELEN 11000 CARCASSONNE,791995-01,Type 2,22000,Unavailable,0.492,€,,,,,,,,$.data.bornes[8].connectors[0]
FR*QOV*11-00007,FRQOV1100007,110 RUE YVES DE KERGUELEN,110 RUE YVES DE KERGUELEN 11000 CARCASSONNE,791200-01,Type 2,22000,Available,0.492,€,,,,,,,,$.data.bornes[9].connectors[0]
FR*QOV*11-00008,FRQOV1100008,2 RUE DARIUS MILHAUD,2 RUE DARIUS MILHAUD 11000 CARCASSONNE,,,,,,,,0.3137,0.3682,,,,,$.data
FR*QOV*11-00008,FRQOV1100008,2 RUE DARIUS MILHAUD,2 RUE DARIUS MILHAUD 11000 CARCASSONNE,800880-01,Type 2,22000,Available,0.44184,€,,,,,,,,$.data.bornes[0].connectors[0]
FR*QOV*11-00008,FRQOV1100008,2 RUE DARIUS MILHAUD,2 RUE DARIUS MILHAUD 11000 CARCASSONNE,793879-01,Type 2,22000,Available,0.44184,€,,,,,,,,$.data.bornes[1].connectors[0]
FR*QOV*11-00008,FRQOV1100008,2 RUE DARIUS MILHAUD,2 RUE DARIUS MILHAUD 11000 CARCASSONNE,793650-01,Type 2,22000,Available,0.44184,€,,,,,,,,$.data.bornes[2].connectors[0]
FR*QOV*11-00008,FRQOV1100008,2 RUE DARIUS MILHAUD,2 RUE DARIUS MILHAUD 11000 CARCASSONNE,794204-01,Type 2,22000,Available,0.44184,€,,,,,,,,$.data.bornes[3].connectors[0]
FR*QOV*11-00008,FRQOV1100008,2 RUE DARIUS MILHAUD,2 RUE DARIUS MILHAUD 11000 CARCASSONNE,790861-01,Type 2,22000,Available,0.44184,€,,,,,,,,$.data.bornes[4].connectors[0]
FR*QOV*11-00008,FRQOV1100008,2 RUE DARIUS MILHAUD,2 RUE DARIUS MILHAUD 11000 CARCASSONNE,793495-01,Type 2,22000,Available,0.44184,€,,,,,,,,$.data.bornes[5].connectors[0]
FR*QOV*11-00008,FRQOV1100008,2 RUE DARIUS MILHAUD,2 RUE DARIUS MILHAUD 11000 CARCASSONNE,793493-01,Type 2,22000,Available,0.44184,€,,,,,,,,$.data.bornes[6].connectors[0]
FR*QOV*11-00008,FRQOV1100008,2 RUE DARIUS MILHAUD,2 RUE DARIUS MILHAUD 11000 CARCASSONNE,1586832-01,Type 2,22000,Available,0.44184,€,,,,,,,,$.data.bornes[7].connectors[0]
FR*QOV*12-00001,FRQOV1200001,1 AVENUE DE L'ENTREPRISE PARC COMMERCIAL DES MOUTIERS,1 AVENUE DE L'ENTREPRISE PARC COMMERCIAL DES MOUTIERS 12000 RODEZ,,,,,,,,0.0,0.41,,,,,$.data
FR*QOV*12-00001,FRQOV1200001,1 AVENUE DE L'ENTREPRISE PARC COMMERCIAL DES MOUTIERS,1 AVENUE DE L'ENTREPRISE PARC COMMERCIAL DES MOUTIERS 12000 RODEZ,749051-01,Type 2,22000,Available,0.492,€,,,,,,,,$.data.bornes[0].connectors[0]
FR*QOV*12-00001,FRQOV1200001,1 AVENUE DE L'ENTREPRISE PARC COMMERCIAL DES MOUTIERS,1 AVENUE DE L'ENTREPRISE PARC COMMERCIAL DES MOUTIERS 12000 RODEZ,798395-01,Type 2,22000,Unavailable,0.492,€,,,,,,,,$.data.bornes[1].connectors[0]
FR*QOV*12-00001,FRQOV1200001,1 AVENUE DE L'ENTREPRISE PARC COMMERCIAL DES MOUTIERS,1 AVENUE DE L'ENTREPRISE PARC COMMERCIAL DES MOUTIERS 12000 RODEZ,798860-01,Type 2,22000,Available,0.492,€,,,,,,,,$.data.bornes[2].connectors[0]
FR*QOV*12-00001,FRQOV1200001,1 AVENUE DE L'ENTREPRISE PARC COMMERCIAL DES MOUTIERS,1 AVENUE DE L'ENTREPRISE PARC COMMERCIAL DES MOUTIERS 12000 RODEZ,798982-01,Type 2,22000,Available,0.492,€,,,,,,,,$.data.bornes[3].connectors[0]
FR*QOV*12-00001,FRQOV1200001,1 AVENUE DE L'ENTREPRISE PARC COMMERCIAL DES MOUTIERS,1 AVENUE DE L'ENTREPRISE PARC COMMERCIAL DES MOUTIERS 12000 RODEZ,798211-01,Type 2,22000,Available,0.492,€,,,,,,,,$.data.bornes[4].connectors[0]
FR*QOV*13-00001,FRQOV1300001,ROUTE DEPARTEMENTALE 113 INTERSECTION CHEMIN DE LA POURRANQUE 246 CHEMIN DES PINCHINADES,ROUTE DEPARTEMENTALE 113 INTERSECTION CHEMIN DE LA POURRANQUE 246 CHEMIN DES PINCHINADES 13170 LES PENNES MIRABEAU,,,,,,,,0.2637,0.3182,,,,,$.data
FR*QOV*13-00001,FRQOV1300001,ROUTE DEPARTEMENTALE 113 INTERSECTION CHEMIN DE LA POURRANQUE 246 CHEMIN DES PINCHINADES,ROUTE DEPARTEMENTALE 113 INTERSECTION CHEMIN DE LA POURRANQUE 246 CHEMIN DES PINCHINADES 13170 LES PENNES MIRABEAU,207575-01,Type 2,22000,Available,0.3504,€,,,,,,,,$.data.bornes[0].connectors[0]
FR*QOV*13-00001,FRQOV1300001,ROUTE DEPARTEMENTALE 113 INTERSECTION CHEMIN DE LA POURRANQUE 246 CHEMIN DES PINCHINADES,ROUTE DEPARTEMENTALE 113 INTERSECTION CHEMIN DE LA POURRANQUE 246 CHEMIN DES PINCHINADES 13170 LES PENNES MIRABEAU,207549-01,Type 2,22000,Available,0.3504,€,,,,,,,,$.data.bornes[1].connectors[0]
FR*QOV*13-00001,FRQOV1300001,ROUTE DEPARTEMENTALE 113 INTERSECTION CHEMIN DE LA POURRANQUE 246 CHEMIN DES PINCHINADES,ROUTE DEPARTEMENTALE 113 INTERSECTION CHEMIN DE LA POURRANQUE 246 CHEMIN DES PINCHINADES 13170 LES PENNES MIRABEAU,207593-01,Type 2,22000,Available,0.3504,€,,,,,,,,$.data.bornes[2].connectors[0]
FR*QOV*13-00001,FRQOV1300001,ROUTE DEPARTEMENTALE 113 INTERSECTION CHEMIN DE LA POURRANQUE 246 CHEMIN DES PINCHINADES,ROUTE DEPARTEMENTALE 113 INTERSECTION CHEMIN DE LA POURRANQUE 246 CHEMIN DES PINCHINADES 13170 LES PENNES MIRABEAU,207591-01,Type 2,22000,Available,0.3504,€,,,,,,,,$.data.bornes[3].connectors[0]
FR*QOV*13-00001,FRQOV1300001,ROUTE DEPARTEMENTALE 113 INTERSECTION CHEMIN DE LA POURRANQUE 246 CHEMIN DES PINCHINADES,ROUTE DEPARTEMENTALE 113 INTERSECTION CHEMIN DE LA POURRANQUE 246 CHEMIN DES PINCHINADES 13170 LES PENNES MIRABEAU,207530-01,Type 2,22000,Available,0.3504,€,,,,,,,,$.data.bornes[4].connectors[0]
FR*QOV*13-00001,FRQOV1300001,ROUTE DEPARTEMENTALE 113 INTERSECTION CHEMIN DE LA POURRANQUE 246 CHEMIN DES PINCHINADES,ROUTE DEPARTEMENTALE 113 INTERSECTION CHEMIN DE LA POURRANQUE 246 CHEMIN DES PINCHINADES 13170 LES PENNES MIRABEAU,207233-01,Type 2,22000,Available,0.3504,€,,,,,,,,$.data.bornes[5].connectors[0]
FR*QOV*13-00001,FRQOV1300001,ROUTE DEPARTEMENTALE 113 INTERSECTION CHEMIN DE LA POURRANQUE 246 CHEMIN DES PINCHINADES,ROUTE DEPARTEMENTALE 113 INTERSECTION CHEMIN DE LA POURRANQUE 246 CHEMIN DES PINCHINADES 13170 LES PENNES MIRABEAU,206724-01,Type 2,22000,Available,0.3504,€,,,,,,,,$.data.bornes[6].connectors[0]
FR*QOV*13-00001,FRQOV1300001,ROUTE DEPARTEMENTALE 113 INTERSECTION CHEMIN DE LA POURRANQUE 246 CHEMIN DES PINCHINADES,ROUTE DEPARTEMENTALE 113 INTERSECTION CHEMIN DE LA POURRANQUE 246 CHEMIN DES PINCHINADES 13170 LES PENNES MIRABEAU,206692-01,Type 2,22000,Available,0.3504,€,,,,,,,,$.data.bornes[7].connectors[0]
FR*QOV*13-00001,FRQOV1300001,ROUTE DEPARTEMENTALE 113 INTERSECTION CHEMIN DE LA POURRANQUE 246 CHEMIN DES PINCHINADES,ROUTE DEPARTEMENTALE 113 INTERSECTION CHEMIN DE LA POURRANQUE 246 CHEMIN DES PINCHINADES 13170 LES PENNES MIRABEAU,204358-01,Type 2,22000,Available,0.3504,€,,,,,,,,$.data.bornes[8].connectors[0]
FR*QOV*13-00001,FRQOV1300001,ROUTE DEPARTEMENTALE 113 INTERSECTION CHEMIN DE LA POURRANQUE 246 CHEMIN DES PINCHINADES,ROUTE DEPARTEMENTALE 113 INTERSECTION CHEMIN DE LA POURRANQUE 246 CHEMIN DES PINCHINADES 13170 LES PENNES MIRABEAU,203137-01,Type 2,22000,Occupied,0.3504,€,,,,,,,,$.data.bornes[9].connectors[0]
FR*QOV*13-00002,FRQOV1300002,276 CHEMIN DU CANAL A PAN BLANC,276 CHEMIN DU CANAL A PAN BLANC 13200 ARLES,,,,,,,,0.2637,0.3182,,,,,$.data
FR*QOV*13-00002,FRQOV1300002,276 CHEMIN DU CANAL A PAN BLANC,276 CHEMIN DU CANAL A PAN BLANC 13200 ARLES,201114-01,Type 2,22000,Available,0.3504,€,,,,,,,,$.data.bornes[0].connectors[0]
FR*QOV*13-00003,FRQOV1300003,994 CHEMIN CROIX BLANCHE,994 CHEMIN CROIX BLANCHE 13300 SALON DE PROVENCE,,,,,,,,0.0,0.41,,,,,$.data
FR*QOV*13-00003,FRQOV1300003,994 CHEMIN CROIX BLANCHE,994 CHEMIN CROIX BLANCHE 13300 SALON DE PROVENCE,749629-01,Type 2,22000,Available,0.492,€,,,,,,,,$.data.bornes[0].connectors[0]
FR*QOV*13-00003,FRQOV1300003,994 CHEMIN CROIX BLANCHE,994 CHEMIN CROIX BLANCHE 13300 SALON DE PROVENCE,1317541-01,Type 2,22000,Available,0.492,€,,,,,,,,$.data.bornes[1].connectors[0]
FR*QOV*13-00003,FRQOV1300003,994 CHEMIN CROIX BLANCHE,994 CHEMIN CROIX BLANCHE 13300 SALON DE PROVENCE,1318609-01,Type 2,22000,Available,0.492,€,,,,,,,,$.data.bornes[2].connectors[0]
FR*QOV*13-00003,FRQOV1300003,994 CHEMIN CROIX BLANCHE,994 CHEMIN CROIX BLANCHE 13300 SALON DE PROVENCE,1583083-01,Type 2,22000,Available,0.492,€,,,,,,,,$.data.bornes[3].connectors[0]
FR*QOV*13-00003,FRQOV1300003,994 CHEMIN CROIX BLANCHE,994 CHEMIN CROIX BLANCHE 13300 SALON DE PROVENCE,1582563-01,Type 2,22000,Available,0.492,€,,,,,,,,$.data.bornes[4].connectors[0]
FR*QOV*13-00003,FRQOV1300003,994 CHEMIN CROIX BLANCHE,994 CHEMIN CROIX BLANCHE 13300 SALON DE PROVENCE,1582535-01,Type 2,22000,Available,0.492,€,,,,,,,,$.data.bornes[5].connectors[0]
FR*QOV*13-00004,FRQOV1300004,184 ROUTE DE CALAS,184 ROUTE DE CALAS 13320 BOUC BEL AIR,,,,,,,,0.0,0.41,,,,,$.data
FR*QOV*13-00004,FRQOV1300004,184 ROUTE DE CALAS,184 ROUTE DE CALAS 13320 BOUC BEL AIR,748544-01,Type 2,22000,Available,0.492,€,,,,,,,,$.data.bornes[0].connectors[0]
FR*QOV*13-00004,FRQOV1300004,184 ROUTE DE CALAS,184 ROUTE DE CALAS 13320 BOUC BEL AIR,800343-01,Type 2,22000,Available,0.492,€,,,,,,,,$.data.bornes[1].connectors[0]
FR*QOV*13-00004,FRQOV1300004,184 ROUTE DE CALAS,184 ROUTE DE CALAS 13320 BOUC BEL AIR,799676-01,Type 2,22000,Available,0.492,€,,,,,,,,$.data.bornes[2].connectors[0]
FR*QOV*13-00004,FRQOV1300004,184 ROUTE DE CALAS,184 ROUTE DE CALAS 13320 BOUC BEL AIR,800657-01,Type 2,22000,Available,0.492,€,,,,,,,,$.data.bornes[3].connectors[0]
FR*QOV*13-00004,FRQOV1300004,184 ROUTE DE CALAS,184 ROUTE DE CALAS 13320 BOUC BEL AIR,800668-01,Type 2,22000,Available,0.492,€,,,,,,,,$.data.bornes[4].connectors[0]
FR*QOV*13-00004,FRQOV1300004,184 ROUTE DE CALAS,184 ROUTE DE CALAS 13320 BOUC BEL AIR,1436086-01,Type 2,22000,Available,0.492,€,,,,,,,,$.data.bornes[5].connectors[0]
FR*QOV*13-00030,FRQOV1300030,62 Avenue de Nice,62 Avenue de Nice 13120 GARDANNE,,,,,,,,0.0,0.41667,,,,,$.data
FR*QOV*13-00030,FRQOV1300030,62 Avenue de Nice,62 Avenue de Nice 13120 GARDANNE,1613051-01,Type 2,22000,Available,0.3504,€,,,,,,,,$.data.bornes[0].connectors[0]
FR*QOV*13-00030,FRQOV1300030,62 Avenue de Nice,62 Avenue de Nice 13120 GARDANNE,1618973-01,Type 2,22000,Occupied,0.3504,€,,,,,,,,$.data.bornes[1].connectors[0]
FR*QOV*13-00030,FRQOV1300030,62 Avenue de Nice,62 Avenue de Nice 13120 GARDANNE,1619053-01,Type 2,22000,Available,0.3504,€,,,,,,,,$.data.bornes[2].connectors[0]
FR*QOV*13-00030,FRQOV1300030,62 Avenue de Nice,62 Avenue de Nice 13120 GARDANNE,1619646-01,Type 2,22000,Available,0.3504,€,,,,,,,,$.data.bornes[3].connectors[0]
FR*QOV*13-00034,FRQOV1300034,47 Av. José Nobre,47 Av. José Nobre 13500 MARTIGUES,,,,,,,,0.0,0.41,,,,,$.data
FR*QOV*13-00034,FRQOV1300034,47 Av. José Nobre,47 Av. José Nobre 13500 MARTIGUES,1434451-01,Type 2,22000,Available,0.3504,€,,,,,,,,$.data.bornes[0].connectors[0]
FR*QOV*13-00034,FRQOV1300034,47 Av. José Nobre,47 Av. José Nobre 13500 MARTIGUES,1586201-01,Type 2,22000,Available,0.3504,€,,,,,,,,$.data.bornes[1].connectors[0]
FR*QOV*13-00034,FRQOV1300034,47 Av. José Nobre,47 Av. José Nobre 13500 MARTIGUES,1622475-01,Type 2,22000,Available,0.3504,€,,,,,,,,$.data.bornes[2].connectors[0]
FR*QOV*13-00034,FRQOV1300034,47 Av. José Nobre,47 Av. José Nobre 13500 MARTIGUES,1622430-01,Type 2,22000,Available,0.3504,€,,,,,,,,$.data.bornes[3].connectors[0]
FR*QOV*13-00034,FRQOV1300034,47 Av. José Nobre,47 Av. José Nobre 13500 MARTIGUES,1581639-01,Type 2,22000,Available,0.3504,€,,,,,,,,$.data.bornes[4].connectors[0]
FR*QOV*14-00001,FRQOV1400001,681 CHEMIN DE LA FOSSE MICHEL,681 CHEMIN DE LA FOSSE MICHEL 14950 ST PIERRE AZIF,,,,,,,,0.2637,0.3182,,,,,$.data
FR*QOV*14-00001,FRQOV1400001,681 CHEMIN DE LA FOSSE MICHEL,681 CHEMIN DE LA FOSSE MICHEL 14950 ST PIERRE AZIF,204464-01,Type 2,22000,Available,0.3504,€,,,,,,,,$.data.bornes[0].connectors[0]
FR*QOV*14-00003,FRQOV1400003,ANGLE DU BOULEVARD MARECHAL LECLERC ET ROUTE DE SAINT LO,ANGLE DU BOULEVARD MARECHAL LECLERC ET ROUTE DE SAINT LO 14400 BAYEUX,,,,,,,,0.0,0.41,,,,,$.data
FR*QOV*14-00003,FRQOV1400003,ANGLE DU BOULEVARD MARECHAL LECLERC ET ROUTE DE SAINT LO,ANGLE DU BOULEVARD MARECHAL LECLERC ET ROUTE DE SAINT LO 14400 BAYEUX,206838-01,Type 2,22000,Available,0.492,€,,,,,,,,$.data.bornes[0].connectors[0]
FR*QOV*14-00003,FRQOV1400003,ANGLE DU BOULEVARD MARECHAL LECLERC ET ROUTE DE SAINT LO,ANGLE DU BOULEVARD MARECHAL LECLERC ET ROUTE DE SAINT LO 14400 BAYEUX,206733-01,Type 2,22000,Available,0.492,€,,,,,,,,$.data.bornes[1].connectors[0]
FR*QOV*14-00003,FRQOV1400003,ANGLE DU BOULEVARD MARECHAL LECLERC ET ROUTE DE SAINT LO,ANGLE DU BOULEVARD MARECHAL LECLERC ET ROUTE DE SAINT LO 14400 BAYEUX,206293-01,Type 2,22000,Available,0.492,€,,,,,,,,$.data.bornes[2].connectors[0]
FR*QOV*14-00003,FRQOV1400003,ANGLE DU BOULEVARD MARECHAL LECLERC ET ROUTE DE SAINT LO,ANGLE DU BOULEVARD MARECHAL LECLERC ET ROUTE DE SAINT LO 14400 BAYEUX,207112-01,Type 2,22000,Available,0.492,€,,,,,,,,$.data.bornes[3].connectors[0]
FR*QOV*14-00003,FRQOV1400003,ANGLE DU BOULEVARD MARECHAL LECLERC ET ROUTE DE SAINT LO,ANGLE DU BOULEVARD MARECHAL LECLERC ET ROUTE DE SAINT LO 14400 BAYEUX,203130-01,Type 2,22000,Available,0.492,€,,,,,,,,$.data.bornes[4].connectors[0]
FR*QOV*14-00003,FRQOV1400003,ANGLE DU BOULEVARD MARECHAL LECLERC ET ROUTE DE SAINT LO,ANGLE DU BOULEVARD MARECHAL LECLERC ET ROUTE DE SAINT LO 14400 BAYEUX,1587335-01,Type 2,22000,Available,0.492,€,,,,,,,,$.data.bornes[5].connectors[0]
FR*QOV*14-00005,FRQOV1400005,13 RUE DE BRUXELLES,13 RUE DE BRUXELLES 14120 MONDEVILLE,,,,,,,,0.0,0.41,,,,,$.data
FR*QOV*14-00005,FRQOV1400005,13 RUE DE BRUXELLES,13 RUE DE BRUXELLES 14120 MONDEVILLE,744699-01,Type 2,22000,Unavailable,0.492,€,,,,,,,,$.data.bornes[0].connectors[0]
FR*QOV*14-00005,FRQOV1400005,13 RUE DE BRUXELLES,13 RUE DE BRUXELLES 14120 MONDEVILLE,746738-01,Type 2,22000,Unavailable,0.492,€,,,,,,,,$.data.bornes[1].connectors[0]
FR*QOV*14-00005,FRQOV1400005,13 RUE DE BRUXELLES,13 RUE DE BRUXELLES 14120 MONDEVILLE,748626-01,Type 2,22000,Occupied,0.492,€,,,,,,,,$.data.bornes[2].connectors[0]
FR*QOV*14-00005,FRQOV1400005,13 RUE DE BRUXELLES,13 RUE DE BRUXELLES 14120 MONDEVILLE,796133-01,Type 2,22000,Unavailable,0.492,€,,,,,,,,$.data.bornes[3].connectors[0]
FR*QOV*14-00005,FRQOV1400005,13 RUE DE BRUXELLES,13 RUE DE BRUXELLES 14120 MONDEVILLE,796240-01,Type 2,22000,Unavailable,0.492,€,,,,,,,,$.data.bornes[4].connectors[0]
FR*QOV*14-00005,FRQOV1400005,13 RUE DE BRUXELLES,13 RUE DE BRUXELLES 14120 MONDEVILLE,796641-01,Type 2,22000,Unavailable,0.492,€,,,,,,,,$.data.bornes[5].connectors[0]
FR*QOV*14-00005,FRQOV1400005,13 RUE DE BRUXELLES,13 RUE DE BRUXELLES 14120 MONDEVILLE,796497-01,Type 2,22000,Unavailable,0.492,€,,,,,,,,$.data.bornes[6].connectors[0]
FR*QOV*14-00005,FRQOV1400005,13 RUE DE BRUXELLES,13 RUE DE BRUXELLES 14120 MONDEVILLE,796815-01,Type 2,22000,Unavailable,0.492,€,,,,,,,,$.data.bornes[7].connectors[0]
FR*QOV*14-00006,FRQOV1400006,AVENUE MICHEL D'ORNANO,AVENUE MICHEL D'ORNANO 14800 ST ARNOULT,,,,,,,,0.0,0.41,,,,,$.data
FR*QOV*14-00006,FRQOV1400006,AVENUE MICHEL D'ORNANO,AVENUE MICHEL D'ORNANO 14800 ST ARNOULT,748559-01,Type 2,22000,Unavailable,0.492,€,,,,,,,,$.data.bornes[0].connectors[0]
FR*QOV*14-00006,FRQOV1400006,AVENUE MICHEL D'ORNANO,AVENUE MICHEL D'ORNANO 14800 ST ARNOULT,796089-01,Type 2,22000,Unavailable,0.492,€,,,,,,,,$.data.bornes[1].connectors[0]
FR*QOV*14-00006,FRQOV1400006,AVENUE MICHEL D'ORNANO,AVENUE MICHEL D'ORNANO 14800 ST ARNOULT,796249-01,Type 2,22000,Unavailable,0.492,€,,,,,,,,$.data.bornes[2].connectors[0]
FR*QOV*14-00006,FRQOV1400006,AVENUE MICHEL D'ORNANO,AVENUE MICHEL D'ORNANO 14800 ST ARNOULT,796386-01,Type 2,22000,Available,0.492,€,,,,,,,,$.data.bornes[3].connectors[0]
FR*QOV*14-00006,FRQOV1400006,AVENUE MICHEL D'ORNANO,AVENUE MICHEL D'ORNANO 14800 ST ARNOULT,796254-01,Type 2,22000,Occupied,0.492,€,,,,,,,,$.data.bornes[4].connectors[0]
FR*QOV*14-00007,FRQOV1400007,177 RUE ROGER AINI,177 RUE ROGER AINI 14100 LISIEUX,,,,,,,,0.0,0.41,,,,,$.data
FR*QOV*14-00007,FRQOV1400007,177 RUE ROGER AINI,177 RUE ROGER AINI 14100 LISIEUX,748620-01,Type 2,22000,Occupied,0.492,€,,,,,,,,$.data.bornes[0].connectors[0]
FR*QOV*14-00007,FRQOV1400007,177 RUE ROGER AINI,177 RUE ROGER AINI 14100 LISIEUX,799931-01,Type 2,22000,Available,0.492,€,,,,,,,,$.data.bornes[1].connectors[0]
FR*QOV*14-00007,FRQOV1400007,177 RUE ROGER AINI,177 RUE ROGER AINI 14100 LISIEUX,799834-01,Type 2,22000,Available,0.492,€,,,,,,,,$.data.bornes[2].connectors[0]
FR*QOV*14-00007,FRQOV1400007,177 RUE ROGER AINI,177 RUE ROGER AINI 14100 LISIEUX,799829-01,Type 2,22000,Occupied,0.492,€,,,,,,,,$.data.bornes[3].connectors[0]
FR*QOV*14-00007,FRQOV1400007,177 RUE ROGER AINI,177 RUE ROGER AINI 14100 LISIEUX,799838-01,Type 2,22000,Occupied,0.492,€,,,,,,,,$.data.bornes[4].connectors[0]
FR*QOV*14-00007,FRQOV1400007,177 RUE ROGER AINI,177 RUE ROGER AINI 14100 LISIEUX,799488-01,Type 2,22000,Available,0.492,€,,,,,,,,$.data.bornes[5].connectors[0]
FR*QOV*14-00007,FRQOV1400007,177 RUE ROGER AINI,177 RUE ROGER AINI 14100 LISIEUX,796492-01,Type 2,22000,Unavailable,0.492,€,,,,,,,,$.data.bornes[6].connectors[0]
FR*QOV*14-00007,FRQOV1400007,177 RUE ROGER AINI,177 RUE ROGER AINI 14100 LISIEUX,1321021-01,Type 2,22000,Available,0.492,€,,,,,,,,$.data.bornes[7].connectors[0]
FR*QOV*14-00008,FRQOV1400008,COURS JEAN DE VIENNE,COURS JEAN DE VIENNE 14600 HONFLEUR,,,,,,,,0.0,0.41,,,,,$.data
FR*QOV*14-00008,FRQOV1400008,COURS JEAN DE VIENNE,COURS JEAN DE VIENNE 14600 HONFLEUR,792623-01,Type 2,22000,Available,0.492,€,,,,,,,,$.data.bornes[0].connectors[0]
FR*QOV*14-00008,FRQOV1400008,COURS JEAN DE VIENNE,COURS JEAN DE VIENNE 14600 HONFLEUR,304000-01,Type 2,22000,Unavailable,0.492,€,,,,,,,,$.data.bornes[1].connectors[0]
FR*QOV*14-00008,FRQOV1400008,COURS JEAN DE VIENNE,COURS JEAN DE VIENNE 14600 HONFLEUR,304424-01,Type 2,22000,Occupied,0.492,€,,,,,,,,$.data.bornes[2].connectors[0]
FR*QOV*14-00008,FRQOV1400008,COURS JEAN DE VIENNE,COURS JEAN DE VIENNE 14600 HONFLEUR,306023-01,Type 2,22000,Available,0.492,€,,,,,,,,$.data.bornes[3].connectors[0]
FR*QOV*14-00008,FRQOV1400008,COURS JEAN DE VIENNE,COURS JEAN DE VIENNE 14600 HONFLEUR,1314761-01,Type 2,22000,Available,0.492,€,,,,,,,,$.data.bornes[4].connectors[0]
FR*QOV*17-00001,FRQOV1700001,LIEU DIT LES CADELIS EST,LIEU DIT LES CADELIS EST 17690 ANGOULINS,,,,,,,,0.0,0.41,,,,,$.data
FR*QOV*17-00001,FRQOV1700001,LIEU DIT LES CADELIS EST,LIEU DIT LES CADELIS EST 17690 ANGOULINS,183696-01,Type 2,22000,Available,0.492,€,,,,,,,,$.data.bornes[0].connectors[0]
FR*QOV*17-00001,FRQOV1700001,LIEU DIT LES CADELIS EST,LIEU DIT LES CADELIS EST 17690 ANGOULINS,751875-01,Type 2,22000,Available,0.492,€,,,,,,,,$.data.bornes[1].connectors[0]
FR*QOV*17-00001,FRQOV1700001,LIEU DIT LES CADELIS EST,LIEU DIT LES CADELIS EST 17690 ANGOULINS,751872-01,Type 2,22000,Available,0.492,€,,,,,,,,$.data.bornes[2].connectors[0]
FR*QOV*17-00001,FRQOV1700001,LIEU DIT LES CADELIS EST,LIEU DIT LES CADELIS EST 17690 ANGOULINS,751611-01,Type 2,22000,Available,0.492,€,,,,,,,,$.data.bornes[3].connectors[0]
FR*QOV*17-00001,FRQOV1700001,LIEU DIT LES CADELIS EST,LIEU DIT LES CADELIS EST 17690 ANGOULINS,752325-01,Type 2,22000,Available,0.492,€,,,,,,,,$.data.bornes[4].connectors[0]
FR*QOV*17-00001,FRQOV1700001,LIEU DIT LES CADELIS EST,LIEU DIT LES CADELIS EST 17690 ANGOULINS,1584581-01,Type 2,22000,Available,0.492,€,,,,,,,,$.data.bornes[5].connectors[0]
FR*QOV*17-00002,FRQOV1700002,1 BOULEVARD DE RECOUVRANCE,1 BOULEVARD DE RECOUVRANCE 17100 SAINTES,,,,,,,,0.0,0.41,,,,,$.data
FR*QOV*17-00002,FRQOV1700002,1 BOULEVARD DE RECOUVRANCE,1 BOULEVARD DE RECOUVRANCE 17100 SAINTES,748001-01,Type 2,22000,Available,0.492,€,,,,,,,,$.data.bornes[0].connectors[0]
FR*QOV*17-00002,FRQOV1700002,1 BOULEVARD DE RECOUVRANCE,1 BOULEVARD DE RECOUVRANCE 17100 SAINTES,747996-01,Type 2,22000,Available,0.492,€,,,,,,,,$.data.bornes[1].connectors[0]
FR*QOV*17-00002,FRQOV1700002,1 BOULEVARD DE RECOUVRANCE,1 BOULEVARD DE RECOUVRANCE 17100 SAINTES,745546-01,Type 2,22000,Unavailable,0.492,€,,,,,,,,$.data.bornes[2].connectors[0]
FR*QOV*17-00002,FRQOV1700002,1 BOULEVARD DE RECOUVRANCE,1 BOULEVARD DE RECOUVRANCE 17100 SAINTES,745717-01,Type 2,22000,Unavailable,0.492,€,,,,,,,,$.data.bornes[3].connectors[0]
FR*QOV*17-00002,FRQOV1700002,1 BOULEVARD DE RECOUVRANCE,1 BOULEVARD DE RECOUVRANCE 17100 SAINTES,745652-01,Type 2,22000,Available,0.492,€,,,,,,,,$.data.bornes[4].connectors[0]
FR*QOV*17-00002,FRQOV1700002,1 BOULEVARD DE RECOUVRANCE,1 BOULEVARD DE RECOUVRANCE 17100 SAINTES,748102-01,Type 2,22000,Occupied,0.492,€,,,,,,,,$.data.bornes[5].connectors[0]
FR*QOV*19-00003,FRQOV1900003,25 Rue de la Xaintrie,25 Rue de la Xaintrie 19220 Saint-Privat,,,,,,,,0.17,0.41,,,,,$.data
FR*QOV*19-00003,FRQOV1900003,25 Rue de la Xaintrie,25 Rue de la Xaintrie 19220 Saint-Privat,1581318-01,Type 2,22000,Available,0.3504,€,,,,,,,,$.data.bornes[0].connectors[0]
FR*QOV*19-00003,FRQOV1900003,25 Rue de la Xaintrie,25 Rue de la Xaintrie 19220 Saint-Privat,1581226-01,Type 2,22000,Available,0.3504,€,,,,,,,,$.data.bornes[1].connectors[0]
FR*QOV*19-00003,FRQOV1900003,25 Rue de la Xaintrie,25 Rue de la Xaintrie 19220 Saint-Privat,1582359-01,Type 2,22000,Available,0.3504,€,,,,,,,,$.data.bornes[2].connectors[0]
FR*QOV*19-00004,FRQOV1900004,Le Bourg - Saint-Dézery,Le Bourg - Saint-Dézery 19200 USSEL,,,,,,,,0.0,0.41,,,,,$.data
FR*QOV*19-00004,FRQOV1900004,Le Bourg - Saint-Dézery,Le Bourg - Saint-Dézery 19200 USSEL,1584251-01,Type 2,22000,Available,0.492,€,,,,,,,,$.data.bornes[0].connectors[0]
FR*QOV*19-00004,FRQOV1900004,Le Bourg - Saint-Dézery,Le Bourg - Saint-Dézery 19200 USSEL,1584588-01,Type 2,22000,Available,0.492,€,,,,,,,,$.data.bornes[1].connectors[0]
FR*QOV*21-00001,FRQOV2100001,10-12 BOULEVARD CARNOT,10-12 BOULEVARD CARNOT 21231 DIJON,,,,,,,,0.2637,0.3182,,,,,$.data
FR*QOV*21-00001,FRQOV2100001,10-12 BOULEVARD CARNOT,10-12 BOULEVARD CARNOT 21231 DIJON,184040-01,Type 2,22000,Occupied,0.3504,€,,,,,,,,$.data.bornes[0].connectors[0]
FR*QOV*21-00001,FRQOV2100001,10-12 BOULEVARD CARNOT,10-12 BOULEVARD CARNOT 21231 DIJON,184130-01,Type 2,22000,Available,0.3504,€,,,,,,,,$.data.bornes[1].connectors[0]
FR*QOV*21-00001,FRQOV2100001,10-12 BOULEVARD CARNOT,10-12 BOULEVARD CARNOT 21231 DIJON,184498-01,Type 2,22000,Available,0.3504,€,,,,,,,,$.data.bornes[2].connectors[0]
FR*QOV*21-00001,FRQOV2100001,10-12 BOULEVARD CARNOT,10-12 BOULEVARD CARNOT 21231 DIJON,183955-01,Type 2,22000,Available,0.3504,€,,,,,,,,$.data.bornes[3].connectors[0]
FR*QOV*21-00001,FRQOV2100001,10-12 BOULEVARD CARNOT,10-12 BOULEVARD CARNOT 21231 DIJON,204171-01,Type 2,22000,Available,0.3504,€,,,,,,,,$.data.bornes[4].connectors[0]
FR*QOV*21-00002,FRQOV2100002,8 RUE DE L'ARGENTINE,8 RUE DE L'ARGENTINE 21120 SAULIEU,,,,,,,,0.1934,0.2334,,,,,$.data
FR*QOV*21-00002,FRQOV2100002,8 RUE DE L'ARGENTINE,8 RUE DE L'ARGENTINE 21120 SAULIEU,QOV0000079-01,Type 2,22000,Available,0.3504,€,,,,,,,,$.data.bornes[0].connectors[0]
FR*QOV*21-00003,FRQOV2100003,12 IMPASSE DU TRI POSAINTAL,12 IMPASSE DU TRI POSAINTAL 21600 LONGVIC,,,,,,,,0.2637,0.3182,,,,,$.data
FR*QOV*21-00003,FRQOV2100003,12 IMPASSE DU TRI POSAINTAL,12 IMPASSE DU TRI POSAINTAL 21600 LONGVIC,207455-01,Type 2,22000,Available,0.3504,€,,,,,,,,$.data.bornes[0].connectors[0]
FR*QOV*21-00003,FRQOV2100003,12 IMPASSE DU TRI POSAINTAL,12 IMPASSE DU TRI POSAINTAL 21600 LONGVIC,206681-01,Type 2,22000,Available,0.3504,€,,,,,,,,$.data.bornes[1].connectors[0]
FR*QOV*21-00003,FRQOV2100003,12 IMPASSE DU TRI POSAINTAL,12 IMPASSE DU TRI POSAINTAL 21600 LONGVIC,206235-01,Type 2,22000,Available,0.3504,€,,,,,,,,$.data.bornes[2].connectors[0]
FR*QOV*21-00003,FRQOV2100003,12 IMPASSE DU TRI POSAINTAL,12 IMPASSE DU TRI POSAINTAL 21600 LONGVIC,206658-01,Type 2,22000,Available,0.3504,€,,,,,,,,$.data.bornes[3].connectors[0]
FR*QOV*21-00003,FRQOV2100003,12 IMPASSE DU TRI POSAINTAL,12 IMPASSE DU TRI POSAINTAL 21600 LONGVIC,204062-01,Type 2,22000,Available,0.3504,€,,,,,,,,$.data.bornes[4].connectors[0]
FR*QOV*21-00004,FRQOV2100004,8 RUE DE L'INGENIEUR JEAN BERTIN (RD26),8 RUE DE L'INGENIEUR JEAN BERTIN (RD26) 21120 SAULIEU,,,,,,,,0.1934,0.2334,,,,,$.data
FR*QOV*21-00004,FRQOV2100004,8 RUE DE L'INGENIEUR JEAN BERTIN (RD26),8 RUE DE L'INGENIEUR JEAN BERTIN (RD26) 21120 SAULIEU,QOV0000023-01,Type 2,22000,Available,0.3504,€,,,,,,,,$.data.bornes[0].connectors[0]
FR*QOV*21-00004,FRQOV2100004,8 RUE DE L'INGENIEUR JEAN BERTIN (RD26),8 RUE DE L'INGENIEUR JEAN BERTIN (RD26) 21120 SAULIEU,QOV0000014-01,Type 2,22000,Occupied,0.3504,€,,,,,,,,$.data.bornes[1].connectors[0]
FR*QOV*21-00004,FRQOV2100004,8 RUE DE L'INGENIEUR JEAN BERTIN (RD26),8 RUE DE L'INGENIEUR JEAN BERTIN (RD26) 21120 SAULIEU,QOV0000003-01,Type 2,22000,Available,0.3504,€,,,,,,,,$.data.bornes[2].connectors[0]
FR*QOV*21-00004,FRQOV2100004,8 RUE DE L'INGENIEUR JEAN BERTIN (RD26),8 RUE DE L'INGENIEUR JEAN BERTIN (RD26) 21120 SAULIEU,QOV0000011-01,Type 2,22000,Available,0.3504,€,,,,,,,,$.data.bornes[3].connectors[0]
FR*QOV*21-00004,FRQOV2100004,8 RUE DE L'INGENIEUR JEAN BERTIN (RD26),8 RUE DE L'INGENIEUR JEAN BERTIN (RD26) 21120 SAULIEU,QOV0000024-01,Type 2,22000,Available,0.3504,€,,,,,,,,$.data.bornes[4].connectors[0]
FR*QOV*21-00004,FRQOV2100004,8 RUE DE L'INGENIEUR JEAN BERTIN (RD26),8 RUE DE L'INGENIEUR JEAN BERTIN (RD26) 21120 SAULIEU,QOV0000070-01,Type 2,22000,Available,0.3504,€,,,,,,,,$.data.bornes[5].connectors[0]
FR*QOV*21-00005,FRQOV2100005,6 ALLEE ALFRED NOBEL,6 ALLEE ALFRED NOBEL 21231 DIJON,,,,,,,,0.0,0.41,,,,,$.data
FR*QOV*21-00005,FRQOV2100005,6 ALLEE ALFRED NOBEL,6 ALLEE ALFRED NOBEL 21231 DIJON,795229-01,Type 2,22000,Available,0.492,€,,,,,,,,$.data.bornes[0].connectors[0]
FR*QOV*21-00005,FRQOV2100005,6 ALLEE ALFRED NOBEL,6 ALLEE ALFRED NOBEL 21231 DIJON,791793-01,Type 2,22000,Available,0.492,€,,,,,,,,$.data.bornes[1].connectors[0]
FR*QOV*21-00005,FRQOV2100005,6 ALLEE ALFRED NOBEL,6 ALLEE ALFRED NOBEL 21231 DIJON,791523-01,Type 2,22000,Unavailable,0.492,€,,,,,,,,$.data.bornes[2].connectors[0]
FR*QOV*21-00005,FRQOV2100005,6 ALLEE ALFRED NOBEL,6 ALLEE ALFRED NOBEL 21231 DIJON,794106-01,Type 2,22000,Occupied,0.492,€,,,,,,,,$.data.bornes[3].connectors[0]
FR*QOV*21-00005,FRQOV2100005,6 ALLEE ALFRED NOBEL,6 ALLEE ALFRED NOBEL 21231 DIJON,792780-01,Type 2,22000,Available,0.492,€,,,,,,,,$.data.bornes[4].connectors[0]
FR*QOV*21-00005,FRQOV2100005,6 ALLEE ALFRED NOBEL,6 ALLEE ALFRED NOBEL 21231 DIJON,792799-01,Type 2,22000,Available,0.492,€,,,,,,,,$.data.bornes[5].connectors[0]
FR*QOV*22-00001,FRQOV2200001,6 RUE JEAN-JACQUES AUDUBON,6 RUE JEAN-JACQUES AUDUBON 22300 LANNION,,,,,,,,0.2637,0.3182,,,,,$.data
FR*QOV*22-00001,FRQOV2200001,6 RUE JEAN-JACQUES AUDUBON,6 RUE JEAN-JACQUES AUDUBON 22300 LANNION,185234-01,Type 2,22000,Available,0.3504,€,,,,,,,,$.data.bornes[0].connectors[0]
FR*QOV*22-00001,FRQOV2200001,6 RUE JEAN-JACQUES AUDUBON,6 RUE JEAN-JACQUES AUDUBON 22300 LANNION,184985-01,Type 2,22000,Available,0.3504,€,,,,,,,,$.data.bornes[1].connectors[0]
FR*QOV*22-00001,FRQOV2200001,6 RUE JEAN-JACQUES AUDUBON,6 RUE JEAN-JACQUES AUDUBON 22300 LANNION,184693-01,Type 2,22000,Available,0.3504,€,,,,,,,,$.data.bornes[2].connectors[0]
FR*QOV*22-00001,FRQOV2200001,6 RUE JEAN-JACQUES AUDUBON,6 RUE JEAN-JACQUES AUDUBON 22300 LANNION,182873-01,Type 2,22000,Available,0.3504,€,,,,,,,,$.data.bornes[3].connectors[0]
FR*QOV*22-00001,FRQOV2200001,6 RUE JEAN-JACQUES AUDUBON,6 RUE JEAN-JACQUES AUDUBON 22300 LANNION,183663-01,Type 2,22000,Available,0.3504,€,,,,,,,,$.data.bornes[4].connectors[0]
FR*QOV*22-00002,FRQOV2200002,52 RUE DU GUE LAMBERT,52 RUE DU GUE LAMBERT 22950 TREGUEUX,,,,,,,,0.0,0.41,,,,,$.data
FR*QOV*22-00002,FRQOV2200002,52 RUE DU GUE LAMBERT,52 RUE DU GUE LAMBERT 22950 TREGUEUX,1611116-01,Type 2,22000,Unavailable,0.492,€,,,,,,,,$.data.bornes[0].connectors[0]
FR*QOV*22-00002,FRQOV2200002,52 RUE DU GUE LAMBERT,52 RUE DU GUE LAMBERT 22950 TREGUEUX,1610925-01,Type 2,22000,Occupied,0.492,€,,,,,,,,$.data.bornes[1].connectors[0]
FR*QOV*22-00002,FRQOV2200002,52 RUE DU GUE LAMBERT,52 RUE DU GUE LAMBERT 22950 TREGUEUX,1611007-01,Type 2,22000,Unavailable,0.492,€,,,,,,,,$.data.bornes[2].connectors[0]
FR*QOV*22-00002,FRQOV2200002,52 RUE DU GUE LAMBERT,52 RUE DU GUE LAMBERT 22950 TREGUEUX,1309931-01,Type 2,22000,Available,0.492,€,,,,,,,,$.data.bornes[3].connectors[0]
FR*QOV*22-00002,FRQOV2200002,52 RUE DU GUE LAMBERT,52 RUE DU GUE LAMBERT 22950 TREGUEUX,1309279-01,Type 2,22000,Available,0.492,€,,,,,,,,$.data.bornes[4].connectors[0]
FR*QOV*25-00001,FRQOV2500001,11 RUE DE LA FONTAINE,11 RUE DE LA FONTAINE 25530 BREMONDANS,,,,,,,,0.2637,0.3182,,,,,$.data
FR*QOV*25-00001,FRQOV2500001,11 RUE DE LA FONTAINE,11 RUE DE LA FONTAINE 25530 BREMONDANS,206016-01,Type 2,22000,Available,0.3504,€,,,,,,,,$.data.bornes[0].connectors[0]
FR*QOV*26-00001,FRQOV2600001,59 AVENUE DES AUREATS,59 AVENUE DES AUREATS 26000 VALENCE,,,,,,,,0.0,0.41,,,,,$.data
FR*QOV*26-00001,FRQOV2600001,59 AVENUE DES AUREATS,59 AVENUE DES AUREATS 26000 VALENCE,750590-01,Type 2,22000,Unavailable,0.492,€,,,,,,,,$.data.bornes[0].connectors[0]
FR*QOV*26-00001,FRQOV2600001,59 AVENUE DES AUREATS,59 AVENUE DES AUREATS 26000 VALENCE,750369-01,Type 2,22000,Available,0.492,€,,,,,,,,$.data.bornes[1].connectors[0]
FR*QOV*26-00001,FRQOV2600001,59 AVENUE DES AUREATS,59 AVENUE DES AUREATS 26000 VALENCE,750373-01,Type 2,22000,Available,0.492,€,,,,,,,,$.data.bornes[2].connectors[0]
FR*QOV*26-00001,FRQOV2600001,59 AVENUE DES AUREATS,59 AVENUE DES AUREATS 26000 VALENCE,749635-01,Type 2,22000,Available,0.492,€,,,,,,,,$.data.bornes[3].connectors[0]
FR*QOV*26-00001,FRQOV2600001,59 AVENUE DES AUREATS,59 AVENUE DES AUREATS 26000 VALENCE,749546-01,Type 2,22000,Available,0.492,€,,,,,,,,$.data.bornes[4].connectors[0]
FR*QOV*27-00001,FRQOV2700001,337 RUE GAY LUSSAC,337 RUE GAY LUSSAC 27000 EVREUX,,,,,,,,0.2637,0.3182,,,,,$.data
FR*QOV*27-00001,FRQOV2700001,337 RUE GAY LUSSAC,337 RUE GAY LUSSAC 27000 EVREUX,183717-01,Type 2,22000,Unavailable,0.3504,€,,,,,,,,$.data.bornes[0].connectors[0]
FR*QOV*27-00001,FRQOV2700001,337 RUE GAY LUSSAC,337 RUE GAY LUSSAC 27000 EVREUX,183468-01,Type 2,22000,Unavailable,0.3504,€,,,,,,,,$.data.bornes[1].connectors[0]
FR*QOV*27-00001,FRQOV2700001,337 RUE GAY LUSSAC,337 RUE GAY LUSSAC 27000 EVREUX,182904-01,Type 2,22000,Available,0.3504,€,,,,,,,,$.data.bornes[2].connectors[0]
FR*QOV*27-00001,FRQOV2700001,337 RUE GAY LUSSAC,337 RUE GAY LUSSAC 27000 EVREUX,184055-01,Type 2,22000,Unavailable,0.3504,€,,,,,,,,$.data.bornes[3].connectors[0]
FR*QOV*27-00006,FRQOV2700006,32 GR GRANDE RUE ECOS,32 GR GRANDE RUE ECOS 27630 VEXIN-SUR-EPTE,,,,,,,,0.0,0.41,,,,,$.data
FR*QOV*27-00006,FRQOV2700006,32 GR GRANDE RUE ECOS,32 GR GRANDE RUE ECOS 27630 VEXIN-SUR-EPTE,V25EL0EU20250600084e41-01,Type 2,22000,Available,0.492,€,,,,,,,,$.data.bornes[0].connectors[0]
FR*QOV*27-00006,FRQOV2700006,32 GR GRANDE RUE ECOS,32 GR GRANDE RUE ECOS 27630 VEXIN-SUR-EPTE,V25EL0EU2025060020b7e5-01,Type 2,22000,Available,0.492,€,,,,,,,,$.data.bornes[1].connectors[0]
FR*QOV*30-00001,FRQOV3000001,LIEU-DIT LE BUISSON,LIEU-DIT LE BUISSON 30170 CROS,,,,,,,,0.2637,0.3182,,,,,$.data
FR*QOV*30-00001,FRQOV3000001,LIEU-DIT LE BUISSON,LIEU-DIT LE BUISSON 30170 CROS,1435990-01,Type 2,22000,Available,0.3504,€,,,,,,,,$.data.bornes[0].connectors[0]
FR*QOV*30-00002,FRQOV3000002,443 RUE DES MARCHANDS,443 RUE DES MARCHANDS 30220 AIGUES MORTES,,,,,,,,0.2637,0.3182,,,,,$.data
FR*QOV*30-00002,FRQOV3000002,443 RUE DES MARCHANDS,443 RUE DES MARCHANDS 30220 AIGUES MORTES,203917-01,Type 2,22000,Unavailable,0.3504,€,,,,,,,,$.data.bornes[0].connectors[0]
FR*QOV*30-00004,FRQOV3000004,1577 CHEMIN DES SPORTS,1577 CHEMIN DES SPORTS 30100 ALES,,,,,,,,0.0,0.41,,,,,$.data
FR*QOV*30-00004,FRQOV3000004,1577 CHEMIN DES SPORTS,1577 CHEMIN DES SPORTS 30100 ALES,748227-01,Type 2,22000,Available,0.492,€,,,,,,,,$.data.bornes[0].connectors[0]
FR*QOV*30-00004,FRQOV3000004,1577 CHEMIN DES SPORTS,1577 CHEMIN DES SPORTS 30100 ALES,797050-01,Type 2,22000,Available,0.492,€,,,,,,,,$.data.bornes[1].connectors[0]
FR*QOV*30-00004,FRQOV3000004,1577 CHEMIN DES SPORTS,1577 CHEMIN DES SPORTS 30100 ALES,797581-01,Type 2,22000,Available,0.492,€,,,,,,,,$.data.bornes[2].connectors[0]
FR*QOV*30-00004,FRQOV3000004,1577 CHEMIN DES SPORTS,1577 CHEMIN DES SPORTS 30100 ALES,800877-01,Type 2,22000,Available,0.492,€,,,,,,,,$.data.bornes[3].connectors[0]
FR*QOV*30-00004,FRQOV3000004,1577 CHEMIN DES SPORTS,1577 CHEMIN DES SPORTS 30100 ALES,800954-01,Type 2,22000,Available,0.492,€,,,,,,,,$.data.bornes[4].connectors[0]
FR*QOV*30-00008,FRQOV3000008,842 CHEMIN DU STADE,842 CHEMIN DU STADE 30360 VEZENOBRES,,,,,,,,0.17,0.2276,,,,,$.data
FR*QOV*30-00008,FRQOV3000008,842 CHEMIN DU STADE,842 CHEMIN DU STADE 30360 VEZENOBRES,1622295-01,Type 2,22000,Occupied,0.3504,€,,,,,,,,$.data.bornes[0].connectors[0]
FR*QOV*31-00001,FRQOV3100001,1 RUE DU POLE,1 RUE DU POLE 31210 TOULOUSE,,,,,,,,0.0,0.41,,,,,$.data
FR*QOV*31-00001,FRQOV3100001,1 RUE DU POLE,1 RUE DU POLE 31210 TOULOUSE,207540-01,Type 2,22000,Unavailable,0.492,€,,,,,,,,$.data.bornes[0].connectors[0]
FR*QOV*31-00001,FRQOV3100001,1 RUE DU POLE,1 RUE DU POLE 31210 TOULOUSE,203235-01,Type 2,22000,Occupied,0.492,€,,,,,,,,$.data.bornes[1].connectors[0]
FR*QOV*31-00001,FRQOV3100001,1 RUE DU POLE,1 RUE DU POLE 31210 TOULOUSE,1583071-01,Type 2,22000,Available,0.492,€,,,,,,,,$.data.bornes[2].connectors[0]
FR*QOV*31-00001,FRQOV3100001,1 RUE DU POLE,1 RUE DU POLE 31210 TOULOUSE,1582829-01,Type 2,22000,Available,0.492,€,,,,,,,,$.data.bornes[3].connectors[0]
FR*QOV*31-00001,FRQOV3100001,1 RUE DU POLE,1 RUE DU POLE 31210 TOULOUSE,1578797-01,Type 2,22000,Available,0.492,€,,,,,,,,$.data.bornes[4].connectors[0]
FR*QOV*31-00002,FRQOV3100002,33 ROUTE DE BAYONNE,33 ROUTE DE BAYONNE 31300 TOULOUSE,,,,,,,,0.0,0.41,,,,,$.data
FR*QOV*31-00002,FRQOV3100002,33 ROUTE DE BAYONNE,33 ROUTE DE BAYONNE 31300 TOULOUSE,207085-01,Type 2,22000,Available,0.492,€,,,,,,,,$.data.bornes[0].connectors[0]
FR*QOV*31-00002,FRQOV3100002,33 ROUTE DE BAYONNE,33 ROUTE DE BAYONNE 31300 TOULOUSE,206740-01,Type 2,22000,Available,0.492,€,,,,,,,,$.data.bornes[1].connectors[0]
FR*QOV*31-00002,FRQOV3100002,33 ROUTE DE BAYONNE,33 ROUTE DE BAYONNE 31300 TOULOUSE,206994-01,Type 2,22000,Available,0.492,€,,,,,,,,$.data.bornes[2].connectors[0]
FR*QOV*31-00002,FRQOV3100002,33 ROUTE DE BAYONNE,33 ROUTE DE BAYONNE 31300 TOULOUSE,205877-01,Type 2,22000,Available,0.492,€,,,,,,,,$.data.bornes[3].connectors[0]
FR*QOV*31-00002,FRQOV3100002,33 ROUTE DE BAYONNE,33 ROUTE DE BAYONNE 31300 TOULOUSE,203127-01,Type 2,22000,Available,0.492,€,,,,,,,,$.data.bornes[4].connectors[0]
FR*QOV*31-00004,FRQOV3100004,AVENUE DU PIC DU MIDI,AVENUE DU PIC DU MIDI 31800 ESTANCARBON,,,,,,,,0.0,0.41,,,,,$.data
FR*QOV*31-00004,FRQOV3100004,AVENUE DU PIC DU MIDI,AVENUE DU PIC DU MIDI 31800 ESTANCARBON,183218-01,Type 2,22000,Available,0.492,€,,,,,,,,$.data.bornes[0].connectors[0]
FR*QOV*31-00004,FRQOV3100004,AVENUE DU PIC DU MIDI,AVENUE DU PIC DU MIDI 31800 ESTANCARBON,207588-01,Type 2,22000,Available,0.492,€,,,,,,,,$.data.bornes[1].connectors[0]
FR*QOV*31-00004,FRQOV3100004,AVENUE DU PIC DU MIDI,AVENUE DU PIC DU MIDI 31800 ESTANCARBON,207546-01,Type 2,22000,Available,0.492,€,,,,,,,,$.data.bornes[2].connectors[0]
FR*QOV*31-00004,FRQOV3100004,AVENUE DU PIC DU MIDI,AVENUE DU PIC DU MIDI 31800 ESTANCARBON,206737-01,Type 2,22000,Available,0.492,€,,,,,,,,$.data.bornes[3].connectors[0]
FR*QOV*31-00004,FRQOV3100004,AVENUE DU PIC DU MIDI,AVENUE DU PIC DU MIDI 31800 ESTANCARBON,203129-01,Type 2,22000,Available,0.492,€,,,,,,,,$.data.bornes[4].connectors[0]
FR*QOV*31-00005,FRQOV3100005,RUE MAURICE HUREL,RUE MAURICE HUREL 31500 TOULOUSE,,,,,,,,0.0,0.41,,,,,$.data
FR*QOV*31-00005,FRQOV3100005,RUE MAURICE HUREL,RUE MAURICE HUREL 31500 TOULOUSE,751043-01,Type 2,22000,Occupied,0.492,€,,,,,,,,$.data.bornes[0].connectors[0]
FR*QOV*31-00005,FRQOV3100005,RUE MAURICE HUREL,RUE MAURICE HUREL 31500 TOULOUSE,751347-01,Type 2,22000,Occupied,0.492,€,,,,,,,,$.data.bornes[1].connectors[0]
FR*QOV*31-00005,FRQOV3100005,RUE MAURICE HUREL,RUE MAURICE HUREL 31500 TOULOUSE,751096-01,Type 2,22000,Available,0.492,€,,,,,,,,$.data.bornes[2].connectors[0]
FR*QOV*31-00005,FRQOV3100005,RUE MAURICE HUREL,RUE MAURICE HUREL 31500 TOULOUSE,744710-01,Type 2,22000,Available,0.492,€,,,,,,,,$.data.bornes[3].connectors[0]
FR*QOV*31-00005,FRQOV3100005,RUE MAURICE HUREL,RUE MAURICE HUREL 31500 TOULOUSE,1320148-01,Type 2,22000,Available,0.492,€,,,,,,,,$.data.bornes[4].connectors[0]
FR*QOV*31-00006,FRQOV3100006,15 RUE DE LA REPUBLIQUE,15 RUE DE LA REPUBLIQUE 31290 VILLEFRANCHE DE LAURAGAIS,,,,,,,,0.0,0.41,,,,,$.data
FR*QOV*31-00006,FRQOV3100006,15 RUE DE LA REPUBLIQUE,15 RUE DE LA REPUBLIQUE 31290 VILLEFRANCHE DE LAURAGAIS,748040-01,Type 2,22000,Available,0.492,€,,,,,,,,$.data.bornes[0].connectors[0]
FR*QOV*31-00006,FRQOV3100006,15 RUE DE LA REPUBLIQUE,15 RUE DE LA REPUBLIQUE 31290 VILLEFRANCHE DE LAURAGAIS,745804-01,Type 2,22000,Available,0.492,€,,,,,,,,$.data.bornes[1].connectors[0]
FR*QOV*31-00006,FRQOV3100006,15 RUE DE LA REPUBLIQUE,15 RUE DE LA REPUBLIQUE 31290 VILLEFRANCHE DE LAURAGAIS,749034-01,Type 2,22000,Available,0.492,€,,,,,,,,$.data.bornes[2].connectors[0]
FR*QOV*31-00007,FRQOV3100007,3 AVENUE DIDIER DAURAT,3 AVENUE DIDIER DAURAT 31700 BLAGNAC,,,,,,,,0.0,0.41,,,,,$.data
FR*QOV*31-00007,FRQOV3100007,3 AVENUE DIDIER DAURAT,3 AVENUE DIDIER DAURAT 31700 BLAGNAC,748297-01,Type 2,22000,Available,0.492,€,,,,,,,,$.data.bornes[0].connectors[0]
FR*QOV*31-00007,FRQOV3100007,3 AVENUE DIDIER DAURAT,3 AVENUE DIDIER DAURAT 31700 BLAGNAC,795922-01,Type 2,22000,Occupied,0.492,€,,,,,,,,$.data.bornes[1].connectors[0]
FR*QOV*31-00007,FRQOV3100007,3 AVENUE DIDIER DAURAT,3 AVENUE DIDIER DAURAT 31700 BLAGNAC,796392-01,Type 2,22000,Available,0.492,€,,,,,,,,$.data.bornes[2].connectors[0]
FR*QOV*31-00007,FRQOV3100007,3 AVENUE DIDIER DAURAT,3 AVENUE DIDIER DAURAT 31700 BLAGNAC,795869-01,Type 2,22000,Available,0.492,€,,,,,,,,$.data.bornes[3].connectors[0]
FR*QOV*31-00007,FRQOV3100007,3 AVENUE DIDIER DAURAT,3 AVENUE DIDIER DAURAT 31700 BLAGNAC,792403-01,Type 2,22000,Available,0.492,€,,,,,,,,$.data.bornes[4].connectors[0]
FR*QOV*31-00008,FRQOV3100008,2480 L'Occitanie Rue du Lac,2480 L'Occitanie Rue du Lac 31670 LABEGE,,,,,,,,0.2637,0.3182,,,,,$.data
FR*QOV*31-00008,FRQOV3100008,2480 L'Occitanie Rue du Lac,2480 L'Occitanie Rue du Lac 31670 LABEGE,792851-01,Type 2,22000,Available,0.3504,€,,,,,,,,$.data.bornes[0].connectors[0]
FR*QOV*31-00008,FRQOV3100008,2480 L'Occitanie Rue du Lac,2480 L'Occitanie Rue du Lac 31670 LABEGE,792944-01,Type 2,22000,Available,0.3504,€,,,,,,,,$.data.bornes[1].connectors[0]
FR*QOV*31-00008,FRQOV3100008,2480 L'Occitanie Rue du Lac,2480 L'Occitanie Rue du Lac 31670 LABEGE,792168-01,Type 2,22000,Available,0.3504,€,,,,,,,,$.data.bornes[2].connectors[0]
FR*QOV*31-00008,FRQOV3100008,2480 L'Occitanie Rue du Lac,2480 L'Occitanie Rue du Lac 31670 LABEGE,792802-01,Type 2,22000,Available,0.3504,€,,,,,,,,$.data.bornes[3].connectors[0]
FR*QOV*31-00008,FRQOV3100008,2480 L'Occitanie Rue du Lac,2480 L'Occitanie Rue du Lac 31670 LABEGE,792342-01,Type 2,22000,Available,0.3504,€,,,,,,,,$.data.bornes[4].connectors[0]
FR*QOV*31-00008,FRQOV3100008,2480 L'Occitanie Rue du Lac,2480 L'Occitanie Rue du Lac 31670 LABEGE,792201-01,Type 2,22000,Available,0.3504,€,,,,,,,,$.data.bornes[5].connectors[0]
FR*QOV*31-00008,FRQOV3100008,2480 L'Occitanie Rue du Lac,2480 L'Occitanie Rue du Lac 31670 LABEGE,792508-01,Type 2,22000,Available,0.3504,€,,,,,,,,$.data.bornes[6].connectors[0]
FR*QOV*31-00008,FRQOV3100008,2480 L'Occitanie Rue du Lac,2480 L'Occitanie Rue du Lac 31670 LABEGE,793978-01,Type 2,22000,Available,0.3504,€,,,,,,,,$.data.bornes[7].connectors[0]
FR*QOV*31-00008,FRQOV3100008,2480 L'Occitanie Rue du Lac,2480 L'Occitanie Rue du Lac 31670 LABEGE,793655-01,Type 2,22000,Available,0.3504,€,,,,,,,,$.data.bornes[8].connectors[0]
FR*QOV*31-00008,FRQOV3100008,2480 L'Occitanie Rue du Lac,2480 L'Occitanie Rue du Lac 31670 LABEGE,750883-01,Type 2,22000,Available,0.3504,€,,,,,,,,$.data.bornes[9].connectors[0]
FR*QOV*31-00010,FRQOV3100010,3-5 BOULEVARD AUGUSTE INGRE,3-5 BOULEVARD AUGUSTE INGRE 31770 COLOMIERS,,,,,,,,0.2637,0.3182,,,,,$.data
FR*QOV*31-00010,FRQOV3100010,3-5 BOULEVARD AUGUSTE INGRE,3-5 BOULEVARD AUGUSTE INGRE 31770 COLOMIERS,748259-01,Type 2,22000,Available,0.3504,€,,,,,,,,$.data.bornes[0].connectors[0]
FR*QOV*31-00010,FRQOV3100010,3-5 BOULEVARD AUGUSTE INGRE,3-5 BOULEVARD AUGUSTE INGRE 31770 COLOMIERS,800948-01,Type 2,22000,Available,0.3504,€,,,,,,,,$.data.bornes[1].connectors[0]
FR*QOV*31-00010,FRQOV3100010,3-5 BOULEVARD AUGUSTE INGRE,3-5 BOULEVARD AUGUSTE INGRE 31770 COLOMIERS,802699-01,Type 2,22000,Available,0.3504,€,,,,,,,,$.data.bornes[2].connectors[0]
FR*QOV*31-00010,FRQOV3100010,3-5 BOULEVARD AUGUSTE INGRE,3-5 BOULEVARD AUGUSTE INGRE 31770 COLOMIERS,802476-01,Type 2,22000,Available,0.3504,€,,,,,,,,$.data.bornes[3].connectors[0]
FR*QOV*31-00010,FRQOV3100010,3-5 BOULEVARD AUGUSTE INGRE,3-5 BOULEVARD AUGUSTE INGRE 31770 COLOMIERS,795437-01,Type 2,22000,Available,0.3504,€,,,,,,,,$.data.bornes[4].connectors[0]
FR*QOV*31-00010,FRQOV3100010,3-5 BOULEVARD AUGUSTE INGRE,3-5 BOULEVARD AUGUSTE INGRE 31770 COLOMIERS,796029-01,Type 2,22000,Available,0.3504,€,,,,,,,,$.data.bornes[5].connectors[0]
FR*QOV*31-00010,FRQOV3100010,3-5 BOULEVARD AUGUSTE INGRE,3-5 BOULEVARD AUGUSTE INGRE 31770 COLOMIERS,794400-01,Type 2,22000,Available,0.3504,€,,,,,,,,$.data.bornes[6].connectors[0]
FR*QOV*32-00001,FRQOV3200001,51 CHEMIN DE NAREOUX,51 CHEMIN DE NAREOUX 32000 AUCH,,,,,,,,0.0,0.41,,,,,$.data
FR*QOV*32-00001,FRQOV3200001,51 CHEMIN DE NAREOUX,51 CHEMIN DE NAREOUX 32000 AUCH,746833-01,Type 2,22000,Unavailable,0.492,€,,,,,,,,$.data.bornes[0].connectors[0]
FR*QOV*32-00001,FRQOV3200001,51 CHEMIN DE NAREOUX,51 CHEMIN DE NAREOUX 32000 AUCH,746918-01,Type 2,22000,Available,0.492,€,,,,,,,,$.data.bornes[1].connectors[0]
FR*QOV*32-00001,FRQOV3200001,51 CHEMIN DE NAREOUX,51 CHEMIN DE NAREOUX 32000 AUCH,747994-01,Type 2,22000,Unavailable,0.492,€,,,,,,,,$.data.bornes[2].connectors[0]
FR*QOV*32-00001,FRQOV3200001,51 CHEMIN DE NAREOUX,51 CHEMIN DE NAREOUX 32000 AUCH,748073-01,Type 2,22000,Available,0.3504,€,,,,,,,,$.data.bornes[3].connectors[0]
FR*QOV*32-00001,FRQOV3200001,51 CHEMIN DE NAREOUX,51 CHEMIN DE NAREOUX 32000 AUCH,748948-01,Type 2,22000,Occupied,0.492,€,,,,,,,,$.data.bornes[4].connectors[0]
FR*QOV*33-00002,FRQOV3300002,15 AVENUE LEONARD DE VINCI,15 AVENUE LEONARD DE VINCI 33600 PESSAC,,,,,,,,0.2637,0.3182,,,,,$.data
FR*QOV*33-00002,FRQOV3300002,15 AVENUE LEONARD DE VINCI,15 AVENUE LEONARD DE VINCI 33600 PESSAC,201597-01,Type 2,22000,Unavailable,0.3504,€,,,,,,,,$.data.bornes[0].connectors[0]
FR*QOV*33-00002,FRQOV3300002,15 AVENUE LEONARD DE VINCI,15 AVENUE LEONARD DE VINCI 33600 PESSAC,1579852-01,Type 2,22000,Available,0.3504,€,,,,,,,,$.data.bornes[1].connectors[0]
FR*QOV*33-00002,FRQOV3300002,15 AVENUE LEONARD DE VINCI,15 AVENUE LEONARD DE VINCI 33600 PESSAC,1579863-01,Type 2,22000,Available,0.3504,€,,,,,,,,$.data.bornes[2].connectors[0]
FR*QOV*33-00002,FRQOV3300002,15 AVENUE LEONARD DE VINCI,15 AVENUE LEONARD DE VINCI 33600 PESSAC,1579872-01,Type 2,22000,Available,0.3504,€,,,,,,,,$.data.bornes[3].connectors[0]
FR*QOV*33-00002,FRQOV3300002,15 AVENUE LEONARD DE VINCI,15 AVENUE LEONARD DE VINCI 33600 PESSAC,1580638-01,Type 2,22000,Available,0.3504,€,,,,,,,,$.data.bornes[4].connectors[0]
FR*QOV*33-00002,FRQOV3300002,15 AVENUE LEONARD DE VINCI,15 AVENUE LEONARD DE VINCI 33600 PESSAC,1580632-01,Type 2,22000,Available,0.3504,€,,,,,,,,$.data.bornes[5].connectors[0]
FR*QOV*33-00002,FRQOV3300002,15 AVENUE LEONARD DE VINCI,15 AVENUE LEONARD DE VINCI 33600 PESSAC,1580104-01,Type 2,22000,Available,0.3504,€,,,,,,,,$.data.bornes[6].connectors[0]
FR*QOV*33-00002,FRQOV3300002,15 AVENUE LEONARD DE VINCI,15 AVENUE LEONARD DE VINCI 33600 PESSAC,1580616-01,Type 2,22000,Available,0.3504,€,,,,,,,,$.data.bornes[7].connectors[0]
FR*QOV*33-00002,FRQOV3300002,15 AVENUE LEONARD DE VINCI,15 AVENUE LEONARD DE VINCI 33600 PESSAC,1579877-01,Type 2,22000,Available,0.3504,€,,,,,,,,$.data.bornes[8].connectors[0]
FR*QOV*33-00003,FRQOV3300003,21 AVENUE NEIL ARMSAINTRONG,21 AVENUE NEIL ARMSAINTRONG 33700 MERIGNAC,,,,,,,,0.0,0.41,,,,,$.data
FR*QOV*33-00003,FRQOV3300003,21 AVENUE NEIL ARMSAINTRONG,21 AVENUE NEIL ARMSAINTRONG 33700 MERIGNAC,9103101050412A00-01,Type 2,22000,Unavailable,0.492,€,,,,,,,,$.data.bornes[0].connectors[0]
FR*QOV*33-00003,FRQOV3300003,21 AVENUE NEIL ARMSAINTRONG,21 AVENUE NEIL ARMSAINTRONG 33700 MERIGNAC,9103101050412A00-02,Type 2,22000,Available,0.3504,€,,,,,,,,$.data.bornes[0].connectors[1]
FR*QOV*33-00003,FRQOV3300003,21 AVENUE NEIL ARMSAINTRONG,21 AVENUE NEIL ARMSAINTRONG 33700 MERIGNAC,5903101050412A00-01,Type 2,22000,Available,0.492,€,,,,,,,,$.data.bornes[1].connectors[0]
FR*QOV*33-00003,FRQOV3300003,21 AVENUE NEIL ARMSAINTRONG,21 AVENUE NEIL ARMSAINTRONG 33700 MERIGNAC,5903101050412A00-02,Type 2,22000,Available,0.3504,€,,,,,,,,$.data.bornes[1].connectors[1]
FR*QOV*33-00003,FRQOV3300003,21 AVENUE NEIL ARMSAINTRONG,21 AVENUE NEIL ARMSAINTRONG 33700 MERIGNAC,4103401050412400-01,Type 2,22000,Available,0.492,€,,,,,,,,$.data.bornes[2].connectors[0]
FR*QOV*33-00003,FRQOV3300003,21 AVENUE NEIL ARMSAINTRONG,21 AVENUE NEIL ARMSAINTRONG 33700 MERIGNAC,4103401050412400-02,Type 2,22000,Available,0.3504,€,,,,,,,,$.data.bornes[2].connectors[1]
FR*QOV*33-00003,FRQOV3300003,21 AVENUE NEIL ARMSAINTRONG,21 AVENUE NEIL ARMSAINTRONG 33700 MERIGNAC,7503101050412A00-01,Type 2,22000,Available,0.3504,€,,,,,,,,$.data.bornes[3].connectors[0]
FR*QOV*33-00003,FRQOV3300003,21 AVENUE NEIL ARMSAINTRONG,21 AVENUE NEIL ARMSAINTRONG 33700 MERIGNAC,7503101050412A00-02,Type 2,22000,Available,0.3504,€,,,,,,,,$.data.bornes[3].connectors[1]
FR*QOV*33-00004,FRQOV3300004,14 RUE FRANCOIS ARAGO,14 RUE FRANCOIS ARAGO 33700 MERIGNAC,,,,,,,,0.2637,0.3182,,,,,$.data
FR*QOV*33-00004,FRQOV3300004,14 RUE FRANCOIS ARAGO,14 RUE FRANCOIS ARAGO 33700 MERIGNAC,201248-01,Type 2,22000,Occupied,0.3504,€,,,,,,,,$.data.bornes[0].connectors[0]
FR*QOV*33-00004,FRQOV3300004,14 RUE FRANCOIS ARAGO,14 RUE FRANCOIS ARAGO 33700 MERIGNAC,201112-01,Type 2,22000,Available,0.3504,€,,,,,,,,$.data.bornes[1].connectors[0]
FR*QOV*33-00004,FRQOV3300004,14 RUE FRANCOIS ARAGO,14 RUE FRANCOIS ARAGO 33700 MERIGNAC,201567-01,Type 2,22000,Available,0.3504,€,,,,,,,,$.data.bornes[2].connectors[0]
FR*QOV*33-00004,FRQOV3300004,14 RUE FRANCOIS ARAGO,14 RUE FRANCOIS ARAGO 33700 MERIGNAC,796086-01,Type 2,22000,Available,0.3504,€,,,,,,,,$.data.bornes[3].connectors[0]
FR*QOV*33-00004,FRQOV3300004,14 RUE FRANCOIS ARAGO,14 RUE FRANCOIS ARAGO 33700 MERIGNAC,1588556-01,Type 2,22000,Available,0.3504,€,,,,,,,,$.data.bornes[4].connectors[0]
FR*QOV*33-00005,FRQOV3300005,11-13 AVENUE NEIL ARMSTRONG,11-13 AVENUE NEIL ARMSTRONG 33700 MERIGNAC,,,,,,,,0.2637,0.3182,,,,,$.data
FR*QOV*33-00005,FRQOV3300005,11-13 AVENUE NEIL ARMSTRONG,11-13 AVENUE NEIL ARMSTRONG 33700 MERIGNAC,183320-01,Type 2,22000,Available,0.3504,€,,,,,,,,$.data.bornes[0].connectors[0]
FR*QOV*33-00005,FRQOV3300005,11-13 AVENUE NEIL ARMSTRONG,11-13 AVENUE NEIL ARMSTRONG 33700 MERIGNAC,183611-01,Type 2,22000,Available,0.3504,€,,,,,,,,$.data.bornes[1].connectors[0]
FR*QOV*33-00005,FRQOV3300005,11-13 AVENUE NEIL ARMSTRONG,11-13 AVENUE NEIL ARMSTRONG 33700 MERIGNAC,201640-01,Type 2,22000,Unavailable,0.3504,€,,,,,,,,$.data.bornes[2].connectors[0]
FR*QOV*33-00005,FRQOV3300005,11-13 AVENUE NEIL ARMSTRONG,11-13 AVENUE NEIL ARMSTRONG 33700 MERIGNAC,201247-01,Type 2,22000,Available,0.3504,€,,,,,,,,$.data.bornes[3].connectors[0]
FR*QOV*33-00005,FRQOV3300005,11-13 AVENUE NEIL ARMSTRONG,11-13 AVENUE NEIL ARMSTRONG 33700 MERIGNAC,1305595-01,Type 2,22000,Unavailable,0.3504,€,,,,,,,,$.data.bornes[4].connectors[0]
FR*QOV*33-00005,FRQOV3300005,11-13 AVENUE NEIL ARMSTRONG,11-13 AVENUE NEIL ARMSTRONG 33700 MERIGNAC,1577677-01,Type 2,22000,Available,0.3504,€,,,,,,,,$.data.bornes[5].connectors[0]
FR*QOV*33-00005,FRQOV3300005,11-13 AVENUE NEIL ARMSTRONG,11-13 AVENUE NEIL ARMSTRONG 33700 MERIGNAC,1578091-01,Type 2,22000,Unavailable,0.3504,€,,,,,,,,$.data.bornes[6].connectors[0]
FR*QOV*33-00005,FRQOV3300005,11-13 AVENUE NEIL ARMSTRONG,11-13 AVENUE NEIL ARMSTRONG 33700 MERIGNAC,1578007-01,Type 2,22000,Available,0.3504,€,,,,,,,,$.data.bornes[7].connectors[0]
FR*QOV*33-00005,FRQOV3300005,11-13 AVENUE NEIL ARMSTRONG,11-13 AVENUE NEIL ARMSTRONG 33700 MERIGNAC,1577924-01,Type 2,22000,Available,0.3504,€,,,,,,,,$.data.bornes[8].connectors[0]
FR*QOV*33-00005,FRQOV3300005,11-13 AVENUE NEIL ARMSTRONG,11-13 AVENUE NEIL ARMSTRONG 33700 MERIGNAC,1577903-01,Type 2,22000,Available,0.3504,€,,,,,,,,$.data.bornes[9].connectors[0]
FR*QOV*33-00006,FRQOV3300006,63 RUE JEAN BRIAUD,63 RUE JEAN BRIAUD 33700 MERIGNAC,,,,,,,,0.2637,0.3182,,,,,$.data
FR*QOV*33-00006,FRQOV3300006,63 RUE JEAN BRIAUD,63 RUE JEAN BRIAUD 33700 MERIGNAC,183057-01,Type 2,22000,Available,0.3504,€,,,,,,,,$.data.bornes[0].connectors[0]
FR*QOV*33-00006,FRQOV3300006,63 RUE JEAN BRIAUD,63 RUE JEAN BRIAUD 33700 MERIGNAC,182917-01,Type 2,22000,Available,0.3504,€,,,,,,,,$.data.bornes[1].connectors[0]
FR*QOV*33-00006,FRQOV3300006,63 RUE JEAN BRIAUD,63 RUE JEAN BRIAUD 33700 MERIGNAC,182774-01,Type 2,22000,Available,0.3504,€,,,,,,,,$.data.bornes[2].connectors[0]
FR*QOV*33-00006,FRQOV3300006,63 RUE JEAN BRIAUD,63 RUE JEAN BRIAUD 33700 MERIGNAC,182523-01,Type 2,22000,Occupied,0.3504,€,,,,,,,,$.data.bornes[3].connectors[0]
FR*QOV*33-00006,FRQOV3300006,63 RUE JEAN BRIAUD,63 RUE JEAN BRIAUD 33700 MERIGNAC,201636-01,Type 2,22000,Available,0.3504,€,,,,,,,,$.data.bornes[4].connectors[0]
FR*QOV*33-00007,FRQOV3300007,1-3 AVENUE HENRI BECQUEREL,1-3 AVENUE HENRI BECQUEREL 33700 MERIGNAC,,,,,,,,0.2637,0.3182,,,,,$.data
FR*QOV*33-00007,FRQOV3300007,1-3 AVENUE HENRI BECQUEREL,1-3 AVENUE HENRI BECQUEREL 33700 MERIGNAC,201570-01,Type 2,22000,Available,0.3504,€,,,,,,,,$.data.bornes[0].connectors[0]
FR*QOV*33-00007,FRQOV3300007,1-3 AVENUE HENRI BECQUEREL,1-3 AVENUE HENRI BECQUEREL 33700 MERIGNAC,201599-01,Type 2,22000,Available,0.3504,€,,,,,,,,$.data.bornes[1].connectors[0]
FR*QOV*33-00007,FRQOV3300007,1-3 AVENUE HENRI BECQUEREL,1-3 AVENUE HENRI BECQUEREL 33700 MERIGNAC,201638-01,Type 2,22000,Available,0.3504,€,,,,,,,,$.data.bornes[2].connectors[0]
FR*QOV*33-00007,FRQOV3300007,1-3 AVENUE HENRI BECQUEREL,1-3 AVENUE HENRI BECQUEREL 33700 MERIGNAC,201108-01,Type 2,22000,Available,0.3504,€,,,,,,,,$.data.bornes[3].connectors[0]
FR*QOV*33-00007,FRQOV3300007,1-3 AVENUE HENRI BECQUEREL,1-3 AVENUE HENRI BECQUEREL 33700 MERIGNAC,201156-01,Type 2,22000,Available,0.3504,€,,,,,,,,$.data.bornes[4].connectors[0]
FR*QOV*33-00007,FRQOV3300007,1-3 AVENUE HENRI BECQUEREL,1-3 AVENUE HENRI BECQUEREL 33700 MERIGNAC,1312068-01,Type 2,22000,Available,0.3504,€,,,,,,,,$.data.bornes[5].connectors[0]
FR*QOV*33-00007,FRQOV3300007,1-3 AVENUE HENRI BECQUEREL,1-3 AVENUE HENRI BECQUEREL 33700 MERIGNAC,1577894-01,Type 2,22000,Available,0.3504,€,,,,,,,,$.data.bornes[6].connectors[0]
FR*QOV*33-00007,FRQOV3300007,1-3 AVENUE HENRI BECQUEREL,1-3 AVENUE HENRI BECQUEREL 33700 MERIGNAC,1577998-01,Type 2,22000,Available,0.3504,€,,,,,,,,$.data.bornes[7].connectors[0]
FR*QOV*33-00008,FRQOV3300008,5 ALLEE DES ACACIAS,5 ALLEE DES ACACIAS 33700 MERIGNAC,,,,,,,,0.2637,0.3182,,,,,$.data
FR*QOV*33-00008,FRQOV3300008,5 ALLEE DES ACACIAS,5 ALLEE DES ACACIAS 33700 MERIGNAC,185248-01,Type 2,22000,Available,0.3504,€,,,,,,,,$.data.bornes[0].connectors[0]
FR*QOV*33-00008,FRQOV3300008,5 ALLEE DES ACACIAS,5 ALLEE DES ACACIAS 33700 MERIGNAC,184086-01,Type 2,22000,Available,0.3504,€,,,,,,,,$.data.bornes[1].connectors[0]
FR*QOV*33-00008,FRQOV3300008,5 ALLEE DES ACACIAS,5 ALLEE DES ACACIAS 33700 MERIGNAC,185233-01,Type 2,22000,Available,0.3504,€,,,,,,,,$.data.bornes[2].connectors[0]
FR*QOV*33-00008,FRQOV3300008,5 ALLEE DES ACACIAS,5 ALLEE DES ACACIAS 33700 MERIGNAC,185236-01,Type 2,22000,Unavailable,0.3504,€,,,,,,,,$.data.bornes[3].connectors[0]
FR*QOV*33-00008,FRQOV3300008,5 ALLEE DES ACACIAS,5 ALLEE DES ACACIAS 33700 MERIGNAC,185237-01,Type 2,22000,Available,0.3504,€,,,,,,,,$.data.bornes[4].connectors[0]
FR*QOV*33-00008,FRQOV3300008,5 ALLEE DES ACACIAS,5 ALLEE DES ACACIAS 33700 MERIGNAC,184475-01,Type 2,22000,Available,0.3504,€,,,,,,,,$.data.bornes[5].connectors[0]
FR*QOV*33-00008,FRQOV3300008,5 ALLEE DES ACACIAS,5 ALLEE DES ACACIAS 33700 MERIGNAC,184984-01,Type 2,22000,Available,0.3504,€,,,,,,,,$.data.bornes[6].connectors[0]
FR*QOV*33-00008,FRQOV3300008,5 ALLEE DES ACACIAS,5 ALLEE DES ACACIAS 33700 MERIGNAC,201363-01,Type 2,22000,Available,0.3504,€,,,,,,,,$.data.bornes[7].connectors[0]
FR*QOV*33-00008,FRQOV3300008,5 ALLEE DES ACACIAS,5 ALLEE DES ACACIAS 33700 MERIGNAC,1617658-01,Type 2,22000,Available,0.3504,€,,,,,,,,$.data.bornes[8].connectors[0]
FR*QOV*33-00009,FRQOV3300009,8 IMPASSE RUDOLF DIESEL,8 IMPASSE RUDOLF DIESEL 33700 MERIGNAC,,,,,,,,0.2637,0.3182,,,,,$.data
FR*QOV*33-00009,FRQOV3300009,8 IMPASSE RUDOLF DIESEL,8 IMPASSE RUDOLF DIESEL 33700 MERIGNAC,183701-01,Type 2,22000,Available,0.3504,€,,,,,,,,$.data.bornes[0].connectors[0]
FR*QOV*33-00009,FRQOV3300009,8 IMPASSE RUDOLF DIESEL,8 IMPASSE RUDOLF DIESEL 33700 MERIGNAC,201654-01,Type 2,22000,Occupied,0.3504,€,,,,,,,,$.data.bornes[1].connectors[0]
FR*QOV*33-00009,FRQOV3300009,8 IMPASSE RUDOLF DIESEL,8 IMPASSE RUDOLF DIESEL 33700 MERIGNAC,201197-01,Type 2,22000,Occupied,0.3504,€,,,,,,,,$.data.bornes[2].connectors[0]
FR*QOV*33-00009,FRQOV3300009,8 IMPASSE RUDOLF DIESEL,8 IMPASSE RUDOLF DIESEL 33700 MERIGNAC,207394-01,Type 2,22000,Occupied,0.3504,€,,,,,,,,$.data.bornes[3].connectors[0]
FR*QOV*33-00009,FRQOV3300009,8 IMPASSE RUDOLF DIESEL,8 IMPASSE RUDOLF DIESEL 33700 MERIGNAC,1435983-01,Type 2,22000,Occupied,0.3504,€,,,,,,,,$.data.bornes[4].connectors[0]
FR*QOV*33-00011,FRQOV3300011,4 VOIE ROMAINE,4 VOIE ROMAINE 33610 CANEJAN,,,,,,,,0.2637,0.3182,,,,,$.data
FR*QOV*33-00011,FRQOV3300011,4 VOIE ROMAINE,4 VOIE ROMAINE 33610 CANEJAN,201620-01,Type 2,22000,Available,0.3504,€,,,,,,,,$.data.bornes[0].connectors[0]
FR*QOV*33-00011,FRQOV3300011,4 VOIE ROMAINE,4 VOIE ROMAINE 33610 CANEJAN,201634-01,Type 2,22000,Available,0.3504,€,,,,,,,,$.data.bornes[1].connectors[0]
FR*QOV*33-00011,FRQOV3300011,4 VOIE ROMAINE,4 VOIE ROMAINE 33610 CANEJAN,207153-01,Type 2,22000,Available,0.3504,€,,,,,,,,$.data.bornes[2].connectors[0]
FR*QOV*33-00011,FRQOV3300011,4 VOIE ROMAINE,4 VOIE ROMAINE 33610 CANEJAN,800838-01,Type 2,22000,Available,0.3504,€,,,,,,,,$.data.bornes[3].connectors[0]
FR*QOV*33-00011,FRQOV3300011,4 VOIE ROMAINE,4 VOIE ROMAINE 33610 CANEJAN,1308670-01,Type 2,22000,Available,0.3504,€,,,,,,,,$.data.bornes[4].connectors[0]
FR*QOV*33-00011,FRQOV3300011,4 VOIE ROMAINE,4 VOIE ROMAINE 33610 CANEJAN,1582370-01,Type 2,22000,Available,0.3504,€,,,,,,,,$.data.bornes[5].connectors[0]
FR*QOV*33-00011,FRQOV3300011,4 VOIE ROMAINE,4 VOIE ROMAINE 33610 CANEJAN,1617583-01,Type 2,22000,Available,,€,,,,,,,,$.data.bornes[6].connectors[0]
FR*QOV*33-00011,FRQOV3300011,4 VOIE ROMAINE,4 VOIE ROMAINE 33610 CANEJAN,1617390-01,Type 2,22000,Available,0.3504,€,,,,,,,,$.data.bornes[7].connectors[0]
FR*QOV*33-00012,FRQOV3300012,BOULEVARD ALFRED DANEY,BOULEVARD ALFRED DANEY 33310 BORDEAUX,,,,,,,,0.2637,0.3182,,,,,$.data
FR*QOV*33-00012,FRQOV3300012,BOULEVARD ALFRED DANEY,BOULEVARD ALFRED DANEY 33310 BORDEAUX,201174-01,Type 2,22000,Unavailable,0.3504,€,,,,,,,,$.data.bornes[0].connectors[0]
FR*QOV*33-00012,FRQOV3300012,BOULEVARD ALFRED DANEY,BOULEVARD ALFRED DANEY 33310 BORDEAUX,206861-01,Type 2,22000,Unavailable,0.3504,€,,,,,,,,$.data.bornes[1].connectors[0]
FR*QOV*33-00012,FRQOV3300012,BOULEVARD ALFRED DANEY,BOULEVARD ALFRED DANEY 33310 BORDEAUX,203694-01,Type 2,22000,Unavailable,0.3504,€,,,,,,,,$.data.bornes[2].connectors[0]
FR*QOV*33-00013,FRQOV3300013,19 ALLEE JAMES WATT,19 ALLEE JAMES WATT 33700 MERIGNAC,,,,,,,,0.2637,0.3182,,,,,$.data
FR*QOV*33-00013,FRQOV3300013,19 ALLEE JAMES WATT,19 ALLEE JAMES WATT 33700 MERIGNAC,207539-01,Type 2,22000,Available,0.3504,€,,,,,,,,$.data.bornes[0].connectors[0]
FR*QOV*33-00013,FRQOV3300013,19 ALLEE JAMES WATT,19 ALLEE JAMES WATT 33700 MERIGNAC,207084-01,Type 2,22000,Available,0.3504,€,,,,,,,,$.data.bornes[1].connectors[0]
FR*QOV*33-00013,FRQOV3300013,19 ALLEE JAMES WATT,19 ALLEE JAMES WATT 33700 MERIGNAC,206723-01,Type 2,22000,Available,0.3504,€,,,,,,,,$.data.bornes[2].connectors[0]
FR*QOV*33-00013,FRQOV3300013,19 ALLEE JAMES WATT,19 ALLEE JAMES WATT 33700 MERIGNAC,206735-01,Type 2,22000,Available,0.3504,€,,,,,,,,$.data.bornes[3].connectors[0]
FR*QOV*33-00013,FRQOV3300013,19 ALLEE JAMES WATT,19 ALLEE JAMES WATT 33700 MERIGNAC,206402-01,Type 2,22000,Available,0.3504,€,,,,,,,,$.data.bornes[4].connectors[0]
FR*QOV*33-00013,FRQOV3300013,19 ALLEE JAMES WATT,19 ALLEE JAMES WATT 33700 MERIGNAC,796842-01,Type 2,22000,Available,0.3504,€,,,,,,,,$.data.bornes[5].connectors[0]
FR*QOV*33-00013,FRQOV3300013,19 ALLEE JAMES WATT,19 ALLEE JAMES WATT 33700 MERIGNAC,791948-01,Type 2,22000,Available,0.3504,€,,,,,,,,$.data.bornes[6].connectors[0]
FR*QOV*33-00013,FRQOV3300013,19 ALLEE JAMES WATT,19 ALLEE JAMES WATT 33700 MERIGNAC,1584543-01,Type 2,22000,Available,0.3504,€,,,,,,,,$.data.bornes[7].connectors[0]
FR*QOV*33-00013,FRQOV3300013,19 ALLEE JAMES WATT,19 ALLEE JAMES WATT 33700 MERIGNAC,1578031-01,Type 2,22000,Unavailable,0.3504,€,,,,,,,,$.data.bornes[8].connectors[0]
FR*QOV*33-00014,FRQOV3300014,4 AVENUE NEIL ARMSTRONG,4 AVENUE NEIL ARMSTRONG 33700 MERIGNAC,,,,,,,,0.2637,0.3182,,,,,$.data
FR*QOV*33-00014,FRQOV3300014,4 AVENUE NEIL ARMSTRONG,4 AVENUE NEIL ARMSTRONG 33700 MERIGNAC,207051-01,Type 2,22000,Available,0.3504,€,,,,,,,,$.data.bornes[0].connectors[0]
FR*QOV*33-00014,FRQOV3300014,4 AVENUE NEIL ARMSTRONG,4 AVENUE NEIL ARMSTRONG 33700 MERIGNAC,207321-01,Type 2,22000,Available,0.3504,€,,,,,,,,$.data.bornes[1].connectors[0]
FR*QOV*33-00014,FRQOV3300014,4 AVENUE NEIL ARMSTRONG,4 AVENUE NEIL ARMSTRONG 33700 MERIGNAC,203198-01,Type 2,22000,Available,0.3504,€,,,,,,,,$.data.bornes[2].connectors[0]
FR*QOV*33-00014,FRQOV3300014,4 AVENUE NEIL ARMSTRONG,4 AVENUE NEIL ARMSTRONG 33700 MERIGNAC,792173-01,Type 2,22000,Available,0.3504,€,,,,,,,,$.data.bornes[3].connectors[0]
FR*QOV*33-00014,FRQOV3300014,4 AVENUE NEIL ARMSTRONG,4 AVENUE NEIL ARMSTRONG 33700 MERIGNAC,1305623-01,Type 2,22000,Occupied,0.3504,€,,,,,,,,$.data.bornes[4].connectors[0]
FR*QOV*33-00015,FRQOV3300015,19 AVENUE NEIL ARMSTRONG,19 AVENUE NEIL ARMSTRONG 33700 MERIGNAC,,,,,,,,0.2637,0.3182,,,,,$.data
FR*QOV*33-00015,FRQOV3300015,19 AVENUE NEIL ARMSTRONG,19 AVENUE NEIL ARMSTRONG 33700 MERIGNAC,207495-01,Type 2,22000,Available,0.3504,€,,,,,,,,$.data.bornes[0].connectors[0]
FR*QOV*33-00015,FRQOV3300015,19 AVENUE NEIL ARMSTRONG,19 AVENUE NEIL ARMSTRONG 33700 MERIGNAC,207049-01,Type 2,22000,Available,0.3504,€,,,,,,,,$.data.bornes[1].connectors[0]
FR*QOV*33-00015,FRQOV3300015,19 AVENUE NEIL ARMSTRONG,19 AVENUE NEIL ARMSTRONG 33700 MERIGNAC,206815-01,Type 2,22000,Available,0.3504,€,,,,,,,,$.data.bornes[2].connectors[0]
FR*QOV*33-00015,FRQOV3300015,19 AVENUE NEIL ARMSTRONG,19 AVENUE NEIL ARMSTRONG 33700 MERIGNAC,799978-01,Type 2,22000,Available,0.3504,€,,,,,,,,$.data.bornes[3].connectors[0]
FR*QOV*33-00015,FRQOV3300015,19 AVENUE NEIL ARMSTRONG,19 AVENUE NEIL ARMSTRONG 33700 MERIGNAC,1584886-01,Type 2,22000,Available,0.3504,€,,,,,,,,$.data.bornes[4].connectors[0]
FR*QOV*33-00017,FRQOV3300017,1 RUE MARCEL DASSAULT,1 RUE MARCEL DASSAULT 33600 PESSAC,,,,,,,,0.0,0.41,,,,,$.data
FR*QOV*33-00017,FRQOV3300017,1 RUE MARCEL DASSAULT,1 RUE MARCEL DASSAULT 33600 PESSAC,749813-01,Type 2,22000,Available,0.492,€,,,,,,,,$.data.bornes[0].connectors[0]
FR*QOV*33-00017,FRQOV3300017,1 RUE MARCEL DASSAULT,1 RUE MARCEL DASSAULT 33600 PESSAC,749688-01,Type 2,22000,Available,0.492,€,,,,,,,,$.data.bornes[1].connectors[0]
FR*QOV*33-00017,FRQOV3300017,1 RUE MARCEL DASSAULT,1 RUE MARCEL DASSAULT 33600 PESSAC,749807-01,Type 2,22000,Available,0.3504,€,,,,,,,,$.data.bornes[2].connectors[0]
FR*QOV*33-00017,FRQOV3300017,1 RUE MARCEL DASSAULT,1 RUE MARCEL DASSAULT 33600 PESSAC,749963-01,Type 2,22000,Available,0.492,€,,,,,,,,$.data.bornes[3].connectors[0]
FR*QOV*33-00017,FRQOV3300017,1 RUE MARCEL DASSAULT,1 RUE MARCEL DASSAULT 33600 PESSAC,749114-01,Type 2,22000,Unavailable,0.492,€,,,,,,,,$.data.bornes[4].connectors[0]
FR*QOV*33-00018,FRQOV3300018,2 RUE JEAN FRAGONARD,2 RUE JEAN FRAGONARD 33140 VILLENAVE D ORNON,,,,,,,,0.0,0.41,,,,,$.data
FR*QOV*33-00018,FRQOV3300018,2 RUE JEAN FRAGONARD,2 RUE JEAN FRAGONARD 33140 VILLENAVE D ORNON,749239-01,Type 2,22000,Available,0.492,€,,,,,,,,$.data.bornes[0].connectors[0]
FR*QOV*33-00018,FRQOV3300018,2 RUE JEAN FRAGONARD,2 RUE JEAN FRAGONARD 33140 VILLENAVE D ORNON,798075-01,Type 2,22000,Available,0.492,€,,,,,,,,$.data.bornes[1].connectors[0]
FR*QOV*33-00018,FRQOV3300018,2 RUE JEAN FRAGONARD,2 RUE JEAN FRAGONARD 33140 VILLENAVE D ORNON,790484-01,Type 2,22000,Available,0.492,€,,,,,,,,$.data.bornes[2].connectors[0]
FR*QOV*33-00018,FRQOV3300018,2 RUE JEAN FRAGONARD,2 RUE JEAN FRAGONARD 33140 VILLENAVE D ORNON,798402-01,Type 2,22000,Available,0.492,€,,,,,,,,$.data.bornes[3].connectors[0]
FR*QOV*33-00018,FRQOV3300018,2 RUE JEAN FRAGONARD,2 RUE JEAN FRAGONARD 33140 VILLENAVE D ORNON,798704-01,Type 2,22000,Available,0.492,€,,,,,,,,$.data.bornes[4].connectors[0]
FR*QOV*33-00019,FRQOV3300019,ALLEE DE L'OISEAU DE FRANCE,ALLEE DE L'OISEAU DE FRANCE 33310 LORMONT,,,,,,,,0.0,0.41,,,,,$.data
FR*QOV*33-00019,FRQOV3300019,ALLEE DE L'OISEAU DE FRANCE,ALLEE DE L'OISEAU DE FRANCE 33310 LORMONT,748679-01,Type 2,22000,Available,0.492,€,,,,,,,,$.data.bornes[0].connectors[0]
FR*QOV*33-00019,FRQOV3300019,ALLEE DE L'OISEAU DE FRANCE,ALLEE DE L'OISEAU DE FRANCE 33310 LORMONT,800959-01,Type 2,22000,Available,0.492,€,,,,,,,,$.data.bornes[1].connectors[0]
FR*QOV*33-00019,FRQOV3300019,ALLEE DE L'OISEAU DE FRANCE,ALLEE DE L'OISEAU DE FRANCE 33310 LORMONT,801111-01,Type 2,22000,Available,0.492,€,,,,,,,,$.data.bornes[2].connectors[0]
FR*QOV*33-00019,FRQOV3300019,ALLEE DE L'OISEAU DE FRANCE,ALLEE DE L'OISEAU DE FRANCE 33310 LORMONT,801118-01,Type 2,22000,Available,0.492,€,,,,,,,,$.data.bornes[3].connectors[0]
FR*QOV*33-00057,FRQOV3300057,15 AVENUE LEONARD DE VINCI,15 AVENUE LEONARD DE VINCI 33600 PESSAC,,,,,,,,0.2637,0.3182,,,,,$.data
FR*QOV*33-00057,FRQOV3300057,15 AVENUE LEONARD DE VINCI,15 AVENUE LEONARD DE VINCI 33600 PESSAC,201597-01,Type 2,22000,Unavailable,0.3504,€,,,,,,,,$.data.bornes[0].connectors[0]
FR*QOV*33-00057,FRQOV3300057,15 AVENUE LEONARD DE VINCI,15 AVENUE LEONARD DE VINCI 33600 PESSAC,1579852-01,Type 2,22000,Available,0.3504,€,,,,,,,,$.data.bornes[1].connectors[0]
FR*QOV*33-00057,FRQOV3300057,15 AVENUE LEONARD DE VINCI,15 AVENUE LEONARD DE VINCI 33600 PESSAC,1579863-01,Type 2,22000,Available,0.3504,€,,,,,,,,$.data.bornes[2].connectors[0]
FR*QOV*33-00057,FRQOV3300057,15 AVENUE LEONARD DE VINCI,15 AVENUE LEONARD DE VINCI 33600 PESSAC,1579872-01,Type 2,22000,Available,0.3504,€,,,,,,,,$.data.bornes[3].connectors[0]
FR*QOV*33-00057,FRQOV3300057,15 AVENUE LEONARD DE VINCI,15 AVENUE LEONARD DE VINCI 33600 PESSAC,1580638-01,Type 2,22000,Available,0.3504,€,,,,,,,,$.data.bornes[4].connectors[0]
FR*QOV*33-00057,FRQOV3300057,15 AVENUE LEONARD DE VINCI,15 AVENUE LEONARD DE VINCI 33600 PESSAC,1580632-01,Type 2,22000,Available,0.3504,€,,,,,,,,$.data.bornes[5].connectors[0]
FR*QOV*33-00057,FRQOV3300057,15 AVENUE LEONARD DE VINCI,15 AVENUE LEONARD DE VINCI 33600 PESSAC,1580104-01,Type 2,22000,Available,0.3504,€,,,,,,,,$.data.bornes[6].connectors[0]
FR*QOV*33-00057,FRQOV3300057,15 AVENUE LEONARD DE VINCI,15 AVENUE LEONARD DE VINCI 33600 PESSAC,1580616-01,Type 2,22000,Available,0.3504,€,,,,,,,,$.data.bornes[7].connectors[0]
FR*QOV*33-00057,FRQOV3300057,15 AVENUE LEONARD DE VINCI,15 AVENUE LEONARD DE VINCI 33600 PESSAC,1579877-01,Type 2,22000,Available,0.3504,€,,,,,,,,$.data.bornes[8].connectors[0]
FR*QOV*34-00001,FRQOV3400001,35 AVENUE DES ORCHIDEES,35 AVENUE DES ORCHIDEES 34980 ST CLEMENT DE RIVIERE,,,,,,,,0.0,0.41,,,,,$.data
FR*QOV*34-00001,FRQOV3400001,35 AVENUE DES ORCHIDEES,35 AVENUE DES ORCHIDEES 34980 ST CLEMENT DE RIVIERE,744694-01,Type 2,22000,Available,0.492,€,,,,,,,,$.data.bornes[0].connectors[0]
FR*QOV*34-00001,FRQOV3400001,35 AVENUE DES ORCHIDEES,35 AVENUE DES ORCHIDEES 34980 ST CLEMENT DE RIVIERE,745209-01,Type 2,22000,Available,0.492,€,,,,,,,,$.data.bornes[1].connectors[0]
FR*QOV*34-00001,FRQOV3400001,35 AVENUE DES ORCHIDEES,35 AVENUE DES ORCHIDEES 34980 ST CLEMENT DE RIVIERE,745474-01,Type 2,22000,Available,0.492,€,,,,,,,,$.data.bornes[2].connectors[0]
FR*QOV*34-00001,FRQOV3400001,35 AVENUE DES ORCHIDEES,35 AVENUE DES ORCHIDEES 34980 ST CLEMENT DE RIVIERE,748083-01,Type 2,22000,Available,0.492,€,,,,,,,,$.data.bornes[3].connectors[0]
FR*QOV*34-00001,FRQOV3400001,35 AVENUE DES ORCHIDEES,35 AVENUE DES ORCHIDEES 34980 ST CLEMENT DE RIVIERE,746836-01,Type 2,22000,Available,0.492,€,,,,,,,,$.data.bornes[4].connectors[0]
FR*QOV*34-00002,FRQOV3400002,273 RUE ROLAND GARROS,273 RUE ROLAND GARROS 34130 MAUGUIO,,,,,,,,0.0,0.41,,,,,$.data
FR*QOV*34-00002,FRQOV3400002,273 RUE ROLAND GARROS,273 RUE ROLAND GARROS 34130 MAUGUIO,750714-01,Type 2,22000,Occupied,0.492,€,,,,,,,,$.data.bornes[0].connectors[0]
FR*QOV*34-00002,FRQOV3400002,273 RUE ROLAND GARROS,273 RUE ROLAND GARROS 34130 MAUGUIO,745148-01,Type 2,22000,Available,0.492,€,,,,,,,,$.data.bornes[1].connectors[0]
FR*QOV*34-00002,FRQOV3400002,273 RUE ROLAND GARROS,273 RUE ROLAND GARROS 34130 MAUGUIO,745808-01,Type 2,22000,Available,0.492,€,,,,,,,,$.data.bornes[2].connectors[0]
FR*QOV*34-00002,FRQOV3400002,273 RUE ROLAND GARROS,273 RUE ROLAND GARROS 34130 MAUGUIO,745798-01,Type 2,22000,Available,0.492,€,,,,,,,,$.data.bornes[3].connectors[0]
FR*QOV*34-00002,FRQOV3400002,273 RUE ROLAND GARROS,273 RUE ROLAND GARROS 34130 MAUGUIO,745910-01,Type 2,22000,Available,0.492,€,,,,,,,,$.data.bornes[4].connectors[0]
FR*QOV*34-00004,FRQOV3400004,CHEMIN DE SAINT HUBERT,CHEMIN DE SAINT HUBERT 34970 LATTES,,,,,,,,0.0,0.41,,,,,$.data
FR*QOV*34-00004,FRQOV3400004,CHEMIN DE SAINT HUBERT,CHEMIN DE SAINT HUBERT 34970 LATTES,304711-01,Type 2,22000,Available,0.492,€,,,,,,,,$.data.bornes[0].connectors[0]
FR*QOV*34-00004,FRQOV3400004,CHEMIN DE SAINT HUBERT,CHEMIN DE SAINT HUBERT 34970 LATTES,304531-01,Type 2,22000,Available,0.492,€,,,,,,,,$.data.bornes[1].connectors[0]
FR*QOV*34-00004,FRQOV3400004,CHEMIN DE SAINT HUBERT,CHEMIN DE SAINT HUBERT 34970 LATTES,304164-01,Type 2,22000,Available,0.492,€,,,,,,,,$.data.bornes[2].connectors[0]
FR*QOV*34-00004,FRQOV3400004,CHEMIN DE SAINT HUBERT,CHEMIN DE SAINT HUBERT 34970 LATTES,304603-01,Type 2,22000,Available,0.492,€,,,,,,,,$.data.bornes[3].connectors[0]
FR*QOV*34-00004,FRQOV3400004,CHEMIN DE SAINT HUBERT,CHEMIN DE SAINT HUBERT 34970 LATTES,306392-01,Type 2,22000,Unavailable,0.492,€,,,,,,,,$.data.bornes[4].connectors[0]
FR*QOV*34-00004,FRQOV3400004,CHEMIN DE SAINT HUBERT,CHEMIN DE SAINT HUBERT 34970 LATTES,1611230-01,Type 2,22000,Available,0.492,€,,,,,,,,$.data.bornes[5].connectors[0]
FR*QOV*35-00001,FRQOV3500001,2 RUE DES COURTILLONS,2 RUE DES COURTILLONS 35170 BRUZ,,,,,,,,0.2637,0.3182,,,,,$.data
FR*QOV*35-00001,FRQOV3500001,2 RUE DES COURTILLONS,2 RUE DES COURTILLONS 35170 BRUZ,184725-01,Type 2,22000,Available,0.3504,€,,,,,,,,$.data.bornes[0].connectors[0]
FR*QOV*35-00001,FRQOV3500001,2 RUE DES COURTILLONS,2 RUE DES COURTILLONS 35170 BRUZ,183281-01,Type 2,22000,Available,0.3504,€,,,,,,,,$.data.bornes[1].connectors[0]
FR*QOV*35-00001,FRQOV3500001,2 RUE DES COURTILLONS,2 RUE DES COURTILLONS 35170 BRUZ,1577520-01,Type 2,22000,Available,0.3504,€,,,,,,,,$.data.bornes[2].connectors[0]
FR*QOV*35-00001,FRQOV3500001,2 RUE DES COURTILLONS,2 RUE DES COURTILLONS 35170 BRUZ,1577801-01,Type 2,22000,Available,0.3504,€,,,,,,,,$.data.bornes[3].connectors[0]
FR*QOV*35-00004,FRQOV3500004,175 RUE DE CHATEAUGIRON,175 RUE DE CHATEAUGIRON 35200 RENNES,,,,,,,,0.2637,0.3182,,,,,$.data
FR*QOV*35-00004,FRQOV3500004,175 RUE DE CHATEAUGIRON,175 RUE DE CHATEAUGIRON 35200 RENNES,1308195-01,Type 2,22000,Unavailable,0.3504,€,,,,,,,,$.data.bornes[0].connectors[0]
FR*QOV*35-00004,FRQOV3500004,175 RUE DE CHATEAUGIRON,175 RUE DE CHATEAUGIRON 35200 RENNES,1313631-01,Type 2,22000,Unavailable,0.3504,€,,,,,,,,$.data.bornes[1].connectors[0]
FR*QOV*35-00008,FRQOV3500008,2 ALLEE DES SAULES,2 ALLEE DES SAULES 35650 LE RHEU,,,,,,,,0.0,0.41,,,,,$.data
FR*QOV*35-00008,FRQOV3500008,2 ALLEE DES SAULES,2 ALLEE DES SAULES 35650 LE RHEU,1301221-01,Type 2,22000,Available,0.492,€,,,,,,,,$.data.bornes[0].connectors[0]
FR*QOV*35-00008,FRQOV3500008,2 ALLEE DES SAULES,2 ALLEE DES SAULES 35650 LE RHEU,1301586-01,Type 2,22000,Available,0.492,€,,,,,,,,$.data.bornes[1].connectors[0]
FR*QOV*35-00008,FRQOV3500008,2 ALLEE DES SAULES,2 ALLEE DES SAULES 35650 LE RHEU,1301040-01,Type 2,22000,Available,0.492,€,,,,,,,,$.data.bornes[2].connectors[0]
FR*QOV*35-00008,FRQOV3500008,2 ALLEE DES SAULES,2 ALLEE DES SAULES 35650 LE RHEU,1300927-01,Type 2,22000,Available,0.492,€,,,,,,,,$.data.bornes[3].connectors[0]
FR*QOV*35-00008,FRQOV3500008,2 ALLEE DES SAULES,2 ALLEE DES SAULES 35650 LE RHEU,1313979-01,Type 2,22000,Available,0.492,€,,,,,,,,$.data.bornes[4].connectors[0]
FR*QOV*35-00011,FRQOV3500011,22 BOULEVARD MERMOZ,22 BOULEVARD MERMOZ 35000 RENNES,,,,,,,,0.17,0.2276,,,,,$.data
FR*QOV*35-00011,FRQOV3500011,22 BOULEVARD MERMOZ,22 BOULEVARD MERMOZ 35000 RENNES,1316232-01,Type 2,22000,Unavailable,0.3504,€,,,,,,,,$.data.bornes[0].connectors[0]
FR*QOV*35-00011,FRQOV3500011,22 BOULEVARD MERMOZ,22 BOULEVARD MERMOZ 35000 RENNES,1619425-01,Type 2,22000,Unavailable,0.3504,€,,,,,,,,$.data.bornes[1].connectors[0]
FR*QOV*40-00001,FRQOV4000001,1255 AVENUE DE LA RESISAINTANCE,1255 AVENUE DE LA RESISAINTANCE 40990 ST PAUL LES DAX,,,,,,,,0.0,0.41,,,,,$.data
FR*QOV*40-00001,FRQOV4000001,1255 AVENUE DE LA RESISAINTANCE,1255 AVENUE DE LA RESISAINTANCE 40990 ST PAUL LES DAX,746949-01,Type 2,22000,Available,0.492,€,,,,,,,,$.data.bornes[0].connectors[0]
FR*QOV*40-00001,FRQOV4000001,1255 AVENUE DE LA RESISAINTANCE,1255 AVENUE DE LA RESISAINTANCE 40990 ST PAUL LES DAX,746691-01,Type 2,22000,Available,0.492,€,,,,,,,,$.data.bornes[1].connectors[0]
FR*QOV*40-00001,FRQOV4000001,1255 AVENUE DE LA RESISAINTANCE,1255 AVENUE DE LA RESISAINTANCE 40990 ST PAUL LES DAX,748052-01,Type 2,22000,Available,0.492,€,,,,,,,,$.data.bornes[2].connectors[0]
FR*QOV*40-00001,FRQOV4000001,1255 AVENUE DE LA RESISAINTANCE,1255 AVENUE DE LA RESISAINTANCE 40990 ST PAUL LES DAX,748049-01,Type 2,22000,Available,0.492,€,,,,,,,,$.data.bornes[3].connectors[0]
FR*QOV*40-00001,FRQOV4000001,1255 AVENUE DE LA RESISAINTANCE,1255 AVENUE DE LA RESISAINTANCE 40990 ST PAUL LES DAX,749310-01,Type 2,22000,Available,0.492,€,,,,,,,,$.data.bornes[4].connectors[0]
FR*QOV*40-00001,FRQOV4000001,1255 AVENUE DE LA RESISAINTANCE,1255 AVENUE DE LA RESISAINTANCE 40990 ST PAUL LES DAX,795792-01,Type 2,22000,Available,0.492,€,,,,,,,,$.data.bornes[5].connectors[0]
FR*QOV*40-00002,FRQOV4000002,71 ALLEE MAMOURA,71 ALLEE MAMOURA 40090 ST AVIT,,,,,,,,0.0,0.41,,,,,$.data
FR*QOV*40-00002,FRQOV4000002,71 ALLEE MAMOURA,71 ALLEE MAMOURA 40090 ST AVIT,748629-01,Type 2,22000,Available,0.492,€,,,,,,,,$.data.bornes[0].connectors[0]
FR*QOV*40-00002,FRQOV4000002,71 ALLEE MAMOURA,71 ALLEE MAMOURA 40090 ST AVIT,796845-01,Type 2,22000,Available,0.492,€,,,,,,,,$.data.bornes[1].connectors[0]
FR*QOV*40-00002,FRQOV4000002,71 ALLEE MAMOURA,71 ALLEE MAMOURA 40090 ST AVIT,796960-01,Type 2,22000,Available,0.492,€,,,,,,,,$.data.bornes[2].connectors[0]
FR*QOV*40-00002,FRQOV4000002,71 ALLEE MAMOURA,71 ALLEE MAMOURA 40090 ST AVIT,797347-01,Type 2,22000,Available,0.492,€,,,,,,,,$.data.bornes[3].connectors[0]
FR*QOV*40-00002,FRQOV4000002,71 ALLEE MAMOURA,71 ALLEE MAMOURA 40090 ST AVIT,797970-01,Type 2,22000,Available,0.492,€,,,,,,,,$.data.bornes[4].connectors[0]
FR*QOV*40-00002,FRQOV4000002,71 ALLEE MAMOURA,71 ALLEE MAMOURA 40090 ST AVIT,791612-01,Type 2,22000,Available,0.492,€,,,,,,,,$.data.bornes[5].connectors[0]
FR*QOV*41-00001,FRQOV4100001,25 BIS RUE DE LA VALLEE MAILLARD,25 BIS RUE DE LA VALLEE MAILLARD 41000 BLOIS,,,,,,,,0.0,0.41,,,,,$.data
FR*QOV*41-00001,FRQOV4100001,25 BIS RUE DE LA VALLEE MAILLARD,25 BIS RUE DE LA VALLEE MAILLARD 41000 BLOIS,745169-01,Type 2,22000,Available,0.492,€,,,,,,,,$.data.bornes[0].connectors[0]
FR*QOV*41-00001,FRQOV4100001,25 BIS RUE DE LA VALLEE MAILLARD,25 BIS RUE DE LA VALLEE MAILLARD 41000 BLOIS,745449-01,Type 2,22000,Available,0.492,€,,,,,,,,$.data.bornes[1].connectors[0]
FR*QOV*41-00001,FRQOV4100001,25 BIS RUE DE LA VALLEE MAILLARD,25 BIS RUE DE LA VALLEE MAILLARD 41000 BLOIS,746740-01,Type 2,22000,Available,0.492,€,,,,,,,,$.data.bornes[2].connectors[0]
FR*QOV*41-00001,FRQOV4100001,25 BIS RUE DE LA VALLEE MAILLARD,25 BIS RUE DE LA VALLEE MAILLARD 41000 BLOIS,746758-01,Type 2,22000,Available,0.492,€,,,,,,,,$.data.bornes[3].connectors[0]
FR*QOV*41-00001,FRQOV4100001,25 BIS RUE DE LA VALLEE MAILLARD,25 BIS RUE DE LA VALLEE MAILLARD 41000 BLOIS,746736-01,Type 2,22000,Occupied,0.492,€,,,,,,,,$.data.bornes[4].connectors[0]
FR*QOV*41-00002,FRQOV4100002,14 AVENUE GAMBETTA,14 AVENUE GAMBETTA 41000 BLOIS,,,,,,,,0.0,0.41,,,,,$.data
FR*QOV*41-00002,FRQOV4100002,14 AVENUE GAMBETTA,14 AVENUE GAMBETTA 41000 BLOIS,201604-01,Type 2,22000,Available,0.492,€,,,,,,,,$.data.bornes[0].connectors[0]
FR*QOV*41-00002,FRQOV4100002,14 AVENUE GAMBETTA,14 AVENUE GAMBETTA 41000 BLOIS,200913-01,Type 2,22000,Available,0.492,€,,,,,,,,$.data.bornes[1].connectors[0]
FR*QOV*41-00002,FRQOV4100002,14 AVENUE GAMBETTA,14 AVENUE GAMBETTA 41000 BLOIS,200863-01,Type 2,22000,Available,0.492,€,,,,,,,,$.data.bornes[2].connectors[0]
FR*QOV*42-00002,FRQOV4200002,77 RUE DE LA MONTAT,77 RUE DE LA MONTAT 42100 SAINT ETIENNE,,,,,,,,0.0,0.41,,,,,$.data
FR*QOV*42-00002,FRQOV4200002,77 RUE DE LA MONTAT,77 RUE DE LA MONTAT 42100 SAINT ETIENNE,185240-01,Type 2,22000,Available,0.492,€,,,,,,,,$.data.bornes[0].connectors[0]
FR*QOV*42-00002,FRQOV4200002,77 RUE DE LA MONTAT,77 RUE DE LA MONTAT 42100 SAINT ETIENNE,206017-01,Type 2,22000,Available,0.492,€,,,,,,,,$.data.bornes[1].connectors[0]
FR*QOV*42-00002,FRQOV4200002,77 RUE DE LA MONTAT,77 RUE DE LA MONTAT 42100 SAINT ETIENNE,205452-01,Type 2,22000,Available,0.492,€,,,,,,,,$.data.bornes[2].connectors[0]
FR*QOV*42-00002,FRQOV4200002,77 RUE DE LA MONTAT,77 RUE DE LA MONTAT 42100 SAINT ETIENNE,204510-01,Type 2,22000,Available,0.492,€,,,,,,,,$.data.bornes[3].connectors[0]
FR*QOV*42-00002,FRQOV4200002,77 RUE DE LA MONTAT,77 RUE DE LA MONTAT 42100 SAINT ETIENNE,204477-01,Type 2,22000,Available,0.492,€,,,,,,,,$.data.bornes[4].connectors[0]
FR*QOV*42-00002,FRQOV4200002,77 RUE DE LA MONTAT,77 RUE DE LA MONTAT 42100 SAINT ETIENNE,204483-01,Type 2,22000,Available,0.492,€,,,,,,,,$.data.bornes[5].connectors[0]
FR*QOV*42-00003,FRQOV4200003,ZAC DU BOURDON,ZAC DU BOURDON 42400 ST CHAMOND,,,,,,,,0.0,0.41,,,,,$.data
FR*QOV*42-00003,FRQOV4200003,ZAC DU BOURDON,ZAC DU BOURDON 42400 ST CHAMOND,748443-01,Type 2,22000,Occupied,0.492,€,,,,,,,,$.data.bornes[0].connectors[0]
FR*QOV*42-00003,FRQOV4200003,ZAC DU BOURDON,ZAC DU BOURDON 42400 ST CHAMOND,797588-01,Type 2,22000,Available,0.492,€,,,,,,,,$.data.bornes[1].connectors[0]
FR*QOV*42-00003,FRQOV4200003,ZAC DU BOURDON,ZAC DU BOURDON 42400 ST CHAMOND,800840-01,Type 2,22000,Available,0.492,€,,,,,,,,$.data.bornes[2].connectors[0]
FR*QOV*42-00003,FRQOV4200003,ZAC DU BOURDON,ZAC DU BOURDON 42400 ST CHAMOND,801257-01,Type 2,22000,Unavailable,0.492,€,,,,,,,,$.data.bornes[3].connectors[0]
FR*QOV*42-00003,FRQOV4200003,ZAC DU BOURDON,ZAC DU BOURDON 42400 ST CHAMOND,1305925-01,Type 2,22000,Available,0.492,€,,,,,,,,$.data.bornes[4].connectors[0]
FR*QOV*44-00001,FRQOV4400001,1 RUE DAGUERRE,1 RUE DAGUERRE 44300 NANTES,,,,,,,,0.2637,0.3182,,,,,$.data
FR*QOV*44-00001,FRQOV4400001,1 RUE DAGUERRE,1 RUE DAGUERRE 44300 NANTES,183373-01,Type 2,22000,Available,0.3504,€,,,,,,,,$.data.bornes[0].connectors[0]
FR*QOV*44-00001,FRQOV4400001,1 RUE DAGUERRE,1 RUE DAGUERRE 44300 NANTES,1613115-01,Type 2,22000,Available,0.3504,€,,,,,,,,$.data.bornes[1].connectors[0]
FR*QOV*44-00001,FRQOV4400001,1 RUE DAGUERRE,1 RUE DAGUERRE 44300 NANTES,1436029-01,Type 2,22000,Available,0.3504,€,,,,,,,,$.data.bornes[2].connectors[0]
FR*QOV*44-00001,FRQOV4400001,1 RUE DAGUERRE,1 RUE DAGUERRE 44300 NANTES,1615347-01,Type 2,22000,Available,0.3504,€,,,,,,,,$.data.bornes[3].connectors[0]
FR*QOV*44-00002,FRQOV4400002,2 - 4 RUE EDOUARD NIGNON,2 - 4 RUE EDOUARD NIGNON 44300 NANTES,,,,,,,,0.2637,0.3182,,,,,$.data
FR*QOV*44-00002,FRQOV4400002,2 - 4 RUE EDOUARD NIGNON,2 - 4 RUE EDOUARD NIGNON 44300 NANTES,183270-01,Type 2,22000,Available,0.3504,€,,,,,,,,$.data.bornes[0].connectors[0]
FR*QOV*44-00002,FRQOV4400002,2 - 4 RUE EDOUARD NIGNON,2 - 4 RUE EDOUARD NIGNON 44300 NANTES,183734-01,Type 2,22000,Available,0.3504,€,,,,,,,,$.data.bornes[1].connectors[0]
FR*QOV*44-00002,FRQOV4400002,2 - 4 RUE EDOUARD NIGNON,2 - 4 RUE EDOUARD NIGNON 44300 NANTES,183227-01,Type 2,22000,Available,0.3504,€,,,,,,,,$.data.bornes[2].connectors[0]
FR*QOV*44-00002,FRQOV4400002,2 - 4 RUE EDOUARD NIGNON,2 - 4 RUE EDOUARD NIGNON 44300 NANTES,1577789-01,Type 2,22000,Available,0.3504,€,,,,,,,,$.data.bornes[3].connectors[0]
FR*QOV*44-00003,FRQOV4400003,5 RUE DAGUERRE,5 RUE DAGUERRE 44300 NANTES,,,,,,,,0.2637,0.3182,,,,,$.data
FR*QOV*44-00003,FRQOV4400003,5 RUE DAGUERRE,5 RUE DAGUERRE 44300 NANTES,183561-01,Type 2,22000,Available,0.3504,€,,,,,,,,$.data.bornes[0].connectors[0]
FR*QOV*44-00003,FRQOV4400003,5 RUE DAGUERRE,5 RUE DAGUERRE 44300 NANTES,183674-01,Type 2,22000,Available,0.3504,€,,,,,,,,$.data.bornes[1].connectors[0]
FR*QOV*44-00003,FRQOV4400003,5 RUE DAGUERRE,5 RUE DAGUERRE 44300 NANTES,183631-01,Type 2,22000,Available,0.3504,€,,,,,,,,$.data.bornes[2].connectors[0]
FR*QOV*44-00003,FRQOV4400003,5 RUE DAGUERRE,5 RUE DAGUERRE 44300 NANTES,183714-01,Type 2,22000,Available,0.3504,€,,,,,,,,$.data.bornes[3].connectors[0]
FR*QOV*44-00004,FRQOV4400004,8 BOULEVARD EINSTEIN BATIMENT B,8 BOULEVARD EINSTEIN BATIMENT B 44300 NANTES,,,,,,,,0.2637,0.3182,,,,,$.data
FR*QOV*44-00004,FRQOV4400004,8 BOULEVARD EINSTEIN BATIMENT B,8 BOULEVARD EINSTEIN BATIMENT B 44300 NANTES,182846-01,Type 2,22000,Available,0.3504,€,,,,,,,,$.data.bornes[0].connectors[0]
FR*QOV*44-00004,FRQOV4400004,8 BOULEVARD EINSTEIN BATIMENT B,8 BOULEVARD EINSTEIN BATIMENT B 44300 NANTES,182507-01,Type 2,22000,Occupied,0.3504,€,,,,,,,,$.data.bornes[1].connectors[0]
FR*QOV*44-00004,FRQOV4400004,8 BOULEVARD EINSTEIN BATIMENT B,8 BOULEVARD EINSTEIN BATIMENT B 44300 NANTES,184366-01,Type 2,22000,Available,0.3504,€,,,,,,,,$.data.bornes[2].connectors[0]
FR*QOV*44-00004,FRQOV4400004,8 BOULEVARD EINSTEIN BATIMENT B,8 BOULEVARD EINSTEIN BATIMENT B 44300 NANTES,1614969-01,Type 2,22000,Available,,€,,,,,,,,$.data.bornes[3].connectors[0]
FR*QOV*44-00005,FRQOV4400005,8 RUE EDOUARD NIGNON,8 RUE EDOUARD NIGNON 44300 NANTES,,,,,,,,0.2637,0.3182,,,,,$.data
FR*QOV*44-00005,FRQOV4400005,8 RUE EDOUARD NIGNON,8 RUE EDOUARD NIGNON 44300 NANTES,183260-01,Type 2,22000,Available,0.3504,€,,,,,,,,$.data.bornes[0].connectors[0]
FR*QOV*44-00005,FRQOV4400005,8 RUE EDOUARD NIGNON,8 RUE EDOUARD NIGNON 44300 NANTES,182700-01,Type 2,22000,Available,0.3504,€,,,,,,,,$.data.bornes[1].connectors[0]
FR*QOV*44-00005,FRQOV4400005,8 RUE EDOUARD NIGNON,8 RUE EDOUARD NIGNON 44300 NANTES,182960-01,Type 2,22000,Available,0.3504,€,,,,,,,,$.data.bornes[2].connectors[0]
FR*QOV*44-00005,FRQOV4400005,8 RUE EDOUARD NIGNON,8 RUE EDOUARD NIGNON 44300 NANTES,183259-01,Type 2,22000,Available,0.3504,€,,,,,,,,$.data.bornes[3].connectors[0]
FR*QOV*44-00006,FRQOV4400006,8 BOULEVARD EINSTEIN BATIMENT A,8 BOULEVARD EINSTEIN BATIMENT A 44300 NANTES,,,,,,,,0.2637,0.3182,,,,,$.data
FR*QOV*44-00006,FRQOV4400006,8 BOULEVARD EINSTEIN BATIMENT A,8 BOULEVARD EINSTEIN BATIMENT A 44300 NANTES,183258-01,Type 2,22000,Occupied,0.3504,€,,,,,,,,$.data.bornes[0].connectors[0]
FR*QOV*44-00006,FRQOV4400006,8 BOULEVARD EINSTEIN BATIMENT A,8 BOULEVARD EINSTEIN BATIMENT A 44300 NANTES,182945-01,Type 2,22000,Available,0.3504,€,,,,,,,,$.data.bornes[1].connectors[0]
FR*QOV*44-00006,FRQOV4400006,8 BOULEVARD EINSTEIN BATIMENT A,8 BOULEVARD EINSTEIN BATIMENT A 44300 NANTES,1611422-01,Type 2,22000,Available,0.3504,€,,,,,,,,$.data.bornes[2].connectors[0]
FR*QOV*44-00006,FRQOV4400006,8 BOULEVARD EINSTEIN BATIMENT A,8 BOULEVARD EINSTEIN BATIMENT A 44300 NANTES,1435114-01,Type 2,22000,Available,0.3504,€,,,,,,,,$.data.bornes[3].connectors[0]
FR*QOV*44-00017,FRQOV4400017,3 IMPASSE CHARLES TRENET,3 IMPASSE CHARLES TRENET 44800 SAINT-HERBLAIN,,,,,,,,0.17,0.2276,,,,,$.data
FR*QOV*44-00017,FRQOV4400017,3 IMPASSE CHARLES TRENET,3 IMPASSE CHARLES TRENET 44800 SAINT-HERBLAIN,V25EL5EU2024470127b916-01,Type 2,22000,Unavailable,0.3504,€,,,,,,,,$.data.bornes[0].connectors[0]
FR*QOV*44-00017,FRQOV4400017,3 IMPASSE CHARLES TRENET,3 IMPASSE CHARLES TRENET 44800 SAINT-HERBLAIN,V25EL5EU20244701388956-01,Type 2,22000,Unavailable,0.3504,€,,,,,,,,$.data.bornes[1].connectors[0]
FR*QOV*44-00018,FRQOV4400018,CHEMIN DU SANDIER,CHEMIN DU SANDIER 44210 PORNIC,,,,,,,,0.17,0.2276,,,,,$.data
FR*QOV*44-00018,FRQOV4400018,CHEMIN DU SANDIER,CHEMIN DU SANDIER 44210 PORNIC,1619247-01,Type 2,22000,Available,0.3504,€,,,,,,,,$.data.bornes[0].connectors[0]
FR*QOV*45-00001,FRQOV4500001,200 RUE LEONARD DE VINCI ZAC DES CHATELIERS,200 RUE LEONARD DE VINCI ZAC DES CHATELIERS 45400 SEMOY,,,,,,,,0.2637,0.3182,,,,,$.data
FR*QOV*45-00001,FRQOV4500001,200 RUE LEONARD DE VINCI ZAC DES CHATELIERS,200 RUE LEONARD DE VINCI ZAC DES CHATELIERS 45400 SEMOY,183651-01,Type 2,22000,Occupied,0.3504,€,,,,,,,,$.data.bornes[0].connectors[0]
FR*QOV*45-00001,FRQOV4500001,200 RUE LEONARD DE VINCI ZAC DES CHATELIERS,200 RUE LEONARD DE VINCI ZAC DES CHATELIERS 45400 SEMOY,1303485-01,Type 2,22000,Available,0.3504,€,,,,,,,,$.data.bornes[1].connectors[0]
FR*QOV*45-00001,FRQOV4500001,200 RUE LEONARD DE VINCI ZAC DES CHATELIERS,200 RUE LEONARD DE VINCI ZAC DES CHATELIERS 45400 SEMOY,1310348-01,Type 2,22000,Available,0.3504,€,,,,,,,,$.data.bornes[2].connectors[0]
FR*QOV*45-00001,FRQOV4500001,200 RUE LEONARD DE VINCI ZAC DES CHATELIERS,200 RUE LEONARD DE VINCI ZAC DES CHATELIERS 45400 SEMOY,1310358-01,Type 2,22000,Unavailable,0.3504,€,,,,,,,,$.data.bornes[3].connectors[0]
FR*QOV*45-00002,FRQOV4500002,6 RUE DES VALETTES,6 RUE DES VALETTES 45140 INGRE,,,,,,,,0.2637,0.3182,,,,,$.data
FR*QOV*45-00002,FRQOV4500002,6 RUE DES VALETTES,6 RUE DES VALETTES 45140 INGRE,206261-01,Type 2,22000,Available,0.3504,€,,,,,,,,$.data.bornes[0].connectors[0]
FR*QOV*45-00003,FRQOV4500003,99 IMPASSE DES MOULINS,99 IMPASSE DES MOULINS 45770 SARAN,,,,,,,,0.0,0.41,,,,,$.data
FR*QOV*45-00003,FRQOV4500003,99 IMPASSE DES MOULINS,99 IMPASSE DES MOULINS 45770 SARAN,203973-01,Type 2,22000,Available,0.492,€,,,,,,,,$.data.bornes[0].connectors[0]
FR*QOV*45-00003,FRQOV4500003,99 IMPASSE DES MOULINS,99 IMPASSE DES MOULINS 45770 SARAN,1319925-01,Type 2,22000,Available,0.3504,€,,,,,,,,$.data.bornes[1].connectors[0]
FR*QOV*45-00003,FRQOV4500003,99 IMPASSE DES MOULINS,99 IMPASSE DES MOULINS 45770 SARAN,1320139-01,Type 2,22000,Available,0.3504,€,,,,,,,,$.data.bornes[2].connectors[0]
FR*QOV*45-00003,FRQOV4500003,99 IMPASSE DES MOULINS,99 IMPASSE DES MOULINS 45770 SARAN,1303047-01,Type 2,22000,Available,0.3504,€,,,,,,,,$.data.bornes[3].connectors[0]
FR*QOV*45-00003,FRQOV4500003,99 IMPASSE DES MOULINS,99 IMPASSE DES MOULINS 45770 SARAN,1312122-01,Type 2,22000,Available,0.3504,€,,,,,,,,$.data.bornes[4].connectors[0]
FR*QOV*45-00004,FRQOV4500004,744 ROUTE NATIONALE 20,744 ROUTE NATIONALE 20 45770 SARAN,,,,,,,,0.0,0.41,,,,,$.data
FR*QOV*45-00004,FRQOV4500004,744 ROUTE NATIONALE 20,744 ROUTE NATIONALE 20 45770 SARAN,203750-01,Type 2,22000,Available,0.492,€,,,,,,,,$.data.bornes[0].connectors[0]
FR*QOV*45-00004,FRQOV4500004,744 ROUTE NATIONALE 20,744 ROUTE NATIONALE 20 45770 SARAN,750943-01,Type 2,22000,Available,0.492,€,,,,,,,,$.data.bornes[1].connectors[0]
FR*QOV*45-00004,FRQOV4500004,744 ROUTE NATIONALE 20,744 ROUTE NATIONALE 20 45770 SARAN,750927-01,Type 2,22000,Available,0.492,€,,,,,,,,$.data.bornes[2].connectors[0]
FR*QOV*45-00004,FRQOV4500004,744 ROUTE NATIONALE 20,744 ROUTE NATIONALE 20 45770 SARAN,750772-01,Type 2,22000,Unavailable,0.492,€,,,,,,,,$.data.bornes[3].connectors[0]
FR*QOV*45-00004,FRQOV4500004,744 ROUTE NATIONALE 20,744 ROUTE NATIONALE 20 45770 SARAN,750875-01,Type 2,22000,Available,0.492,€,,,,,,,,$.data.bornes[4].connectors[0]
FR*QOV*45-00005,FRQOV4500005,9 RUE D'AQUITAINE,9 RUE D'AQUITAINE 45380 LA CHAPELLE ST MESMIN,,,,,,,,0.0,0.41,,,,,$.data
FR*QOV*45-00005,FRQOV4500005,9 RUE D'AQUITAINE,9 RUE D'AQUITAINE 45380 LA CHAPELLE ST MESMIN,203835-01,Type 2,22000,Available,0.492,€,,,,,,,,$.data.bornes[0].connectors[0]
FR*QOV*45-00005,FRQOV4500005,9 RUE D'AQUITAINE,9 RUE D'AQUITAINE 45380 LA CHAPELLE ST MESMIN,750784-01,Type 2,22000,Available,0.492,€,,,,,,,,$.data.bornes[1].connectors[0]
FR*QOV*45-00005,FRQOV4500005,9 RUE D'AQUITAINE,9 RUE D'AQUITAINE 45380 LA CHAPELLE ST MESMIN,751950-01,Type 2,22000,Available,0.492,€,,,,,,,,$.data.bornes[2].connectors[0]
FR*QOV*45-00005,FRQOV4500005,9 RUE D'AQUITAINE,9 RUE D'AQUITAINE 45380 LA CHAPELLE ST MESMIN,751800-01,Type 2,22000,Available,0.492,€,,,,,,,,$.data.bornes[3].connectors[0]
FR*QOV*45-00005,FRQOV4500005,9 RUE D'AQUITAINE,9 RUE D'AQUITAINE 45380 LA CHAPELLE ST MESMIN,751591-01,Type 2,22000,Available,0.492,€,,,,,,,,$.data.bornes[4].connectors[0]
FR*QOV*45-00006,FRQOV4500006,60 BOULEVARD ALEXANDRE MARTIN,60 BOULEVARD ALEXANDRE MARTIN 45000 ORLEANS,,,,,,,,0.17,0.2276,,,,,$.data
FR*QOV*45-00006,FRQOV4500006,60 BOULEVARD ALEXANDRE MARTIN,60 BOULEVARD ALEXANDRE MARTIN 45000 ORLEANS,1619955-01,Type 2,22000,Available,0.3504,€,,,,,,,,$.data.bornes[0].connectors[0]
FR*QOV*47-00001,FRQOV4700001,ZAC D'AGEN SUD RUE DE BELLILE,ZAC D'AGEN SUD RUE DE BELLILE 47000 AGEN,,,,,,,,0.0,0.41,,,,,$.data
FR*QOV*47-00001,FRQOV4700001,ZAC D'AGEN SUD RUE DE BELLILE,ZAC D'AGEN SUD RUE DE BELLILE 47000 AGEN,207048-01,Type 2,22000,Unavailable,0.492,€,,,,,,,,$.data.bornes[0].connectors[0]
FR*QOV*47-00001,FRQOV4700001,ZAC D'AGEN SUD RUE DE BELLILE,ZAC D'AGEN SUD RUE DE BELLILE 47000 AGEN,207004-01,Type 2,22000,Available,0.492,€,,,,,,,,$.data.bornes[1].connectors[0]
FR*QOV*47-00001,FRQOV4700001,ZAC D'AGEN SUD RUE DE BELLILE,ZAC D'AGEN SUD RUE DE BELLILE 47000 AGEN,206289-01,Type 2,22000,Available,0.492,€,,,,,,,,$.data.bornes[2].connectors[0]
FR*QOV*47-00001,FRQOV4700001,ZAC D'AGEN SUD RUE DE BELLILE,ZAC D'AGEN SUD RUE DE BELLILE 47000 AGEN,203793-01,Type 2,22000,Unavailable,0.492,€,,,,,,,,$.data.bornes[3].connectors[0]
FR*QOV*47-00001,FRQOV4700001,ZAC D'AGEN SUD RUE DE BELLILE,ZAC D'AGEN SUD RUE DE BELLILE 47000 AGEN,794792-01,Type 2,22000,Occupied,0.492,€,,,,,,,,$.data.bornes[4].connectors[0]
FR*QOV*47-00002,FRQOV4700002,AVENUE FRANCOIS MITTERRAND D813,AVENUE FRANCOIS MITTERRAND D813 47200 MARMANDE,,,,,,,,0.0,0.41,,,,,$.data
FR*QOV*47-00002,FRQOV4700002,AVENUE FRANCOIS MITTERRAND D813,AVENUE FRANCOIS MITTERRAND D813 47200 MARMANDE,745874-01,Type 2,22000,Available,0.492,€,,,,,,,,$.data.bornes[0].connectors[0]
FR*QOV*47-00002,FRQOV4700002,AVENUE FRANCOIS MITTERRAND D813,AVENUE FRANCOIS MITTERRAND D813 47200 MARMANDE,750454-01,Type 2,22000,Available,0.492,€,,,,,,,,$.data.bornes[1].connectors[0]
FR*QOV*47-00002,FRQOV4700002,AVENUE FRANCOIS MITTERRAND D813,AVENUE FRANCOIS MITTERRAND D813 47200 MARMANDE,750433-01,Type 2,22000,Occupied,0.492,€,,,,,,,,$.data.bornes[2].connectors[0]
FR*QOV*47-00002,FRQOV4700002,AVENUE FRANCOIS MITTERRAND D813,AVENUE FRANCOIS MITTERRAND D813 47200 MARMANDE,750372-01,Type 2,22000,Available,0.492,€,,,,,,,,$.data.bornes[3].connectors[0]
FR*QOV*47-00002,FRQOV4700002,AVENUE FRANCOIS MITTERRAND D813,AVENUE FRANCOIS MITTERRAND D813 47200 MARMANDE,749538-01,Type 2,22000,Available,0.492,€,,,,,,,,$.data.bornes[4].connectors[0]
FR*QOV*49-00001,FRQOV4900001,AVENUE PAUL PROSPER GUILHEM ZAC DE L'HOIRIE,AVENUE PAUL PROSPER GUILHEM ZAC DE L'HOIRIE 49070 BEAUCOUZE,,,,,,,,0.0,0.41,,,,,$.data
FR*QOV*49-00001,FRQOV4900001,AVENUE PAUL PROSPER GUILHEM ZAC DE L'HOIRIE,AVENUE PAUL PROSPER GUILHEM ZAC DE L'HOIRIE 49070 BEAUCOUZE,203972-01,Type 2,22000,Available,0.492,€,,,,,,,,$.data.bornes[0].connectors[0]
FR*QOV*49-00001,FRQOV4900001,AVENUE PAUL PROSPER GUILHEM ZAC DE L'HOIRIE,AVENUE PAUL PROSPER GUILHEM ZAC DE L'HOIRIE 49070 BEAUCOUZE,744698-01,Type 2,22000,Available,0.492,€,,,,,,,,$.data.bornes[1].connectors[0]
FR*QOV*49-00001,FRQOV4900001,AVENUE PAUL PROSPER GUILHEM ZAC DE L'HOIRIE,AVENUE PAUL PROSPER GUILHEM ZAC DE L'HOIRIE 49070 BEAUCOUZE,745160-01,Type 2,22000,Available,0.492,€,,,,,,,,$.data.bornes[2].connectors[0]
FR*QOV*49-00001,FRQOV4900001,AVENUE PAUL PROSPER GUILHEM ZAC DE L'HOIRIE,AVENUE PAUL PROSPER GUILHEM ZAC DE L'HOIRIE 49070 BEAUCOUZE,744897-01,Type 2,22000,Available,0.492,€,,,,,,,,$.data.bornes[3].connectors[0]
FR*QOV*49-00001,FRQOV4900001,AVENUE PAUL PROSPER GUILHEM ZAC DE L'HOIRIE,AVENUE PAUL PROSPER GUILHEM ZAC DE L'HOIRIE 49070 BEAUCOUZE,1305929-01,Type 2,22000,Available,0.492,€,,,,,,,,$.data.bornes[4].connectors[0]
FR*QOV*49-00001,FRQOV4900001,AVENUE PAUL PROSPER GUILHEM ZAC DE L'HOIRIE,AVENUE PAUL PROSPER GUILHEM ZAC DE L'HOIRIE 49070 BEAUCOUZE,1305725-01,Type 2,22000,Available,0.492,€,,,,,,,,$.data.bornes[5].connectors[0]
FR*QOV*49-00002,FRQOV4900002,161 RUE DE L'OREAU,161 RUE DE L'OREAU 49400 SAUMUR,,,,,,,,0.0,0.41,,,,,$.data
FR*QOV*49-00002,FRQOV4900002,161 RUE DE L'OREAU,161 RUE DE L'OREAU 49400 SAUMUR,748734-01,Type 2,22000,Available,0.492,€,,,,,,,,$.data.bornes[0].connectors[0]
FR*QOV*49-00002,FRQOV4900002,161 RUE DE L'OREAU,161 RUE DE L'OREAU 49400 SAUMUR,800603-01,Type 2,22000,Available,0.492,€,,,,,,,,$.data.bornes[1].connectors[0]
FR*QOV*49-00002,FRQOV4900002,161 RUE DE L'OREAU,161 RUE DE L'OREAU 49400 SAUMUR,800527-01,Type 2,22000,Available,0.492,€,,,,,,,,$.data.bornes[2].connectors[0]
FR*QOV*49-00002,FRQOV4900002,161 RUE DE L'OREAU,161 RUE DE L'OREAU 49400 SAUMUR,800216-01,Type 2,22000,Available,0.492,€,,,,,,,,$.data.bornes[3].connectors[0]
FR*QOV*49-00002,FRQOV4900002,161 RUE DE L'OREAU,161 RUE DE L'OREAU 49400 SAUMUR,800348-01,Type 2,22000,Available,0.492,€,,,,,,,,$.data.bornes[4].connectors[0]
FR*QOV*49-00002,FRQOV4900002,161 RUE DE L'OREAU,161 RUE DE L'OREAU 49400 SAUMUR,800591-01,Type 2,22000,Available,0.492,€,,,,,,,,$.data.bornes[5].connectors[0]
FR*QOV*49-00006,FRQOV4900006,"ZI DU BOMPAS, RUE DU CHALET","ZI DU BOMPAS, RUE DU CHALET 49120 CHEMILLE EN ANJOU",,,,,,,,0.17,0.2276,,,,,$.data
FR*QOV*49-00006,FRQOV4900006,"ZI DU BOMPAS, RUE DU CHALET","ZI DU BOMPAS, RUE DU CHALET 49120 CHEMILLE EN ANJOU",1314155-01,Type 2,22000,Available,0.3504,€,,,,,,,,$.data.bornes[0].connectors[0]
FR*QOV*49-00006,FRQOV4900006,"ZI DU BOMPAS, RUE DU CHALET","ZI DU BOMPAS, RUE DU CHALET 49120 CHEMILLE EN ANJOU",1434571-01,Type 2,22000,Available,0.3504,€,,,,,,,,$.data.bornes[1].connectors[0]
FR*QOV*51-00002,FRQOV5100002,RUE JEAN XXIII RUE DE LA FERME PIERQUIN,RUE JEAN XXIII RUE DE LA FERME PIERQUIN 51450 BETHENY,,,,,,,,0.0,0.41,,,,,$.data
FR*QOV*51-00002,FRQOV5100002,RUE JEAN XXIII RUE DE LA FERME PIERQUIN,RUE JEAN XXIII RUE DE LA FERME PIERQUIN 51450 BETHENY,182085-01,Type 2,22000,Unavailable,0.492,€,,,,,,,,$.data.bornes[0].connectors[0]
FR*QOV*51-00002,FRQOV5100002,RUE JEAN XXIII RUE DE LA FERME PIERQUIN,RUE JEAN XXIII RUE DE LA FERME PIERQUIN 51450 BETHENY,207318-01,Type 2,22000,Available,0.492,€,,,,,,,,$.data.bornes[1].connectors[0]
FR*QOV*51-00002,FRQOV5100002,RUE JEAN XXIII RUE DE LA FERME PIERQUIN,RUE JEAN XXIII RUE DE LA FERME PIERQUIN 51450 BETHENY,207088-01,Type 2,22000,Available,0.492,€,,,,,,,,$.data.bornes[2].connectors[0]
FR*QOV*51-00002,FRQOV5100002,RUE JEAN XXIII RUE DE LA FERME PIERQUIN,RUE JEAN XXIII RUE DE LA FERME PIERQUIN 51450 BETHENY,207253-01,Type 2,22000,Available,0.492,€,,,,,,,,$.data.bornes[3].connectors[0]
FR*QOV*51-00002,FRQOV5100002,RUE JEAN XXIII RUE DE LA FERME PIERQUIN,RUE JEAN XXIII RUE DE LA FERME PIERQUIN 51450 BETHENY,207003-01,Type 2,22000,Occupied,0.492,€,,,,,,,,$.data.bornes[4].connectors[0]
FR*QOV*51-00002,FRQOV5100002,RUE JEAN XXIII RUE DE LA FERME PIERQUIN,RUE JEAN XXIII RUE DE LA FERME PIERQUIN 51450 BETHENY,203933-01,Type 2,22000,Occupied,0.492,€,,,,,,,,$.data.bornes[5].connectors[0]
FR*QOV*51-00003,FRQOV5100003,70 IMPASSE DES TERRES ROUGES,70 IMPASSE DES TERRES ROUGES 51530 DIZY,,,,,,,,0.0,0.41,,,,,$.data
FR*QOV*51-00003,FRQOV5100003,70 IMPASSE DES TERRES ROUGES,70 IMPASSE DES TERRES ROUGES 51530 DIZY,748676-01,Type 2,22000,Available,0.492,€,,,,,,,,$.data.bornes[0].connectors[0]
FR*QOV*51-00003,FRQOV5100003,70 IMPASSE DES TERRES ROUGES,70 IMPASSE DES TERRES ROUGES 51530 DIZY,796840-01,Type 2,22000,Available,0.492,€,,,,,,,,$.data.bornes[1].connectors[0]
FR*QOV*51-00003,FRQOV5100003,70 IMPASSE DES TERRES ROUGES,70 IMPASSE DES TERRES ROUGES 51530 DIZY,791942-01,Type 2,22000,Available,0.492,€,,,,,,,,$.data.bornes[2].connectors[0]
FR*QOV*51-00003,FRQOV5100003,70 IMPASSE DES TERRES ROUGES,70 IMPASSE DES TERRES ROUGES 51530 DIZY,791155-01,Type 2,22000,Available,0.492,€,,,,,,,,$.data.bornes[3].connectors[0]
FR*QOV*52-00001,FRQOV5200001,FAUBOURG DU MOULIN NEUF,FAUBOURG DU MOULIN NEUF 52006 CHAUMONT,,,,,,,,0.2637,0.3182,,,,,$.data
FR*QOV*52-00001,FRQOV5200001,FAUBOURG DU MOULIN NEUF,FAUBOURG DU MOULIN NEUF 52006 CHAUMONT,184586-01,Type 2,22000,Available,0.3504,€,,,,,,,,$.data.bornes[0].connectors[0]
FR*QOV*52-00001,FRQOV5200001,FAUBOURG DU MOULIN NEUF,FAUBOURG DU MOULIN NEUF 52006 CHAUMONT,183559-01,Type 2,22000,Available,0.3504,€,,,,,,,,$.data.bornes[1].connectors[0]
FR*QOV*52-00001,FRQOV5200001,FAUBOURG DU MOULIN NEUF,FAUBOURG DU MOULIN NEUF 52006 CHAUMONT,1616616-01,Type 2,22000,Available,0.3504,€,,,,,,,,$.data.bornes[2].connectors[0]
FR*QOV*52-00001,FRQOV5200001,FAUBOURG DU MOULIN NEUF,FAUBOURG DU MOULIN NEUF 52006 CHAUMONT,1616769-01,Type 2,22000,Available,0.3504,€,,,,,,,,$.data.bornes[3].connectors[0]
FR*QOV*54-00001,FRQOV5400001,20 RUE BLAISE PASCAL,20 RUE BLAISE PASCAL 54320 MAXEVILLE,,,,,,,,0.2637,0.3182,,,,,$.data
FR*QOV*54-00001,FRQOV5400001,20 RUE BLAISE PASCAL,20 RUE BLAISE PASCAL 54320 MAXEVILLE,201518-01,Type 2,22000,Available,0.3504,€,,,,,,,,$.data.bornes[0].connectors[0]
FR*QOV*54-00001,FRQOV5400001,20 RUE BLAISE PASCAL,20 RUE BLAISE PASCAL 54320 MAXEVILLE,201641-01,Type 2,22000,Available,0.3504,€,,,,,,,,$.data.bornes[1].connectors[0]
FR*QOV*54-00001,FRQOV5400001,20 RUE BLAISE PASCAL,20 RUE BLAISE PASCAL 54320 MAXEVILLE,201630-01,Type 2,22000,Available,0.3504,€,,,,,,,,$.data.bornes[2].connectors[0]
FR*QOV*54-00001,FRQOV5400001,20 RUE BLAISE PASCAL,20 RUE BLAISE PASCAL 54320 MAXEVILLE,201631-01,Type 2,22000,Available,0.3504,€,,,,,,,,$.data.bornes[3].connectors[0]
FR*QOV*54-00001,FRQOV5400001,20 RUE BLAISE PASCAL,20 RUE BLAISE PASCAL 54320 MAXEVILLE,201110-01,Type 2,22000,Available,0.3504,€,,,,,,,,$.data.bornes[4].connectors[0]
FR*QOV*54-00003,FRQOV5400003,32 RUE DE REMENAUVILLE,32 RUE DE REMENAUVILLE 54000 NANCY,,,,,,,,0.2637,0.3182,,,,,$.data
FR*QOV*54-00003,FRQOV5400003,32 RUE DE REMENAUVILLE,32 RUE DE REMENAUVILLE 54000 NANCY,201605-01,Type 2,22000,Unavailable,0.3504,€,,,,,,,,$.data.bornes[0].connectors[0]
FR*QOV*54-00003,FRQOV5400003,32 RUE DE REMENAUVILLE,32 RUE DE REMENAUVILLE 54000 NANCY,201623-01,Type 2,22000,Available,0.3504,€,,,,,,,,$.data.bornes[1].connectors[0]
FR*QOV*54-00003,FRQOV5400003,32 RUE DE REMENAUVILLE,32 RUE DE REMENAUVILLE 54000 NANCY,201653-01,Type 2,22000,Available,0.3504,€,,,,,,,,$.data.bornes[2].connectors[0]
FR*QOV*54-00003,FRQOV5400003,32 RUE DE REMENAUVILLE,32 RUE DE REMENAUVILLE 54000 NANCY,201039-01,Type 2,22000,Available,0.3504,€,,,,,,,,$.data.bornes[3].connectors[0]
FR*QOV*54-00003,FRQOV5400003,32 RUE DE REMENAUVILLE,32 RUE DE REMENAUVILLE 54000 NANCY,1611220-01,Type 2,22000,Available,0.3504,€,,,,,,,,$.data.bornes[4].connectors[0]
FR*QOV*54-00004,FRQOV5400004,9 ALLEE DE LONGCHAMP,9 ALLEE DE LONGCHAMP 54600 VILLERS LES NANCY,,,,,,,,0.2637,0.3182,,,,,$.data
FR*QOV*54-00004,FRQOV5400004,9 ALLEE DE LONGCHAMP,9 ALLEE DE LONGCHAMP 54600 VILLERS LES NANCY,185244-01,Type 2,22000,Occupied,0.3504,€,,,,,,,,$.data.bornes[0].connectors[0]
FR*QOV*54-00004,FRQOV5400004,9 ALLEE DE LONGCHAMP,9 ALLEE DE LONGCHAMP 54600 VILLERS LES NANCY,184844-01,Type 2,22000,Available,0.3504,€,,,,,,,,$.data.bornes[1].connectors[0]
FR*QOV*54-00004,FRQOV5400004,9 ALLEE DE LONGCHAMP,9 ALLEE DE LONGCHAMP 54600 VILLERS LES NANCY,184047-01,Type 2,22000,Unavailable,0.3504,€,,,,,,,,$.data.bornes[2].connectors[0]
FR*QOV*54-00004,FRQOV5400004,9 ALLEE DE LONGCHAMP,9 ALLEE DE LONGCHAMP 54600 VILLERS LES NANCY,185235-01,Type 2,22000,Available,0.3504,€,,,,,,,,$.data.bornes[3].connectors[0]
FR*QOV*54-00004,FRQOV5400004,9 ALLEE DE LONGCHAMP,9 ALLEE DE LONGCHAMP 54600 VILLERS LES NANCY,1588006-01,Type 2,22000,Unavailable,0.3504,€,,,,,,,,$.data.bornes[4].connectors[0]
FR*QOV*54-00005,FRQOV5400005,ZA DE LESMENILS,ZA DE LESMENILS 54700 LESMENILS,,,,,,,,0.0,0.41,,,,,$.data
FR*QOV*54-00005,FRQOV5400005,ZA DE LESMENILS,ZA DE LESMENILS 54700 LESMENILS,750344-01,Type 2,22000,Available,0.492,€,,,,,,,,$.data.bornes[0].connectors[0]
FR*QOV*54-00005,FRQOV5400005,ZA DE LESMENILS,ZA DE LESMENILS 54700 LESMENILS,749686-01,Type 2,22000,Occupied,0.492,€,,,,,,,,$.data.bornes[1].connectors[0]
FR*QOV*54-00005,FRQOV5400005,ZA DE LESMENILS,ZA DE LESMENILS 54700 LESMENILS,749543-01,Type 2,22000,Unavailable,0.492,€,,,,,,,,$.data.bornes[2].connectors[0]
FR*QOV*54-00005,FRQOV5400005,ZA DE LESMENILS,ZA DE LESMENILS 54700 LESMENILS,1315593-01,Type 2,22000,Occupied,0.492,€,,,,,,,,$.data.bornes[3].connectors[0]
FR*QOV*56-00001,FRQOV5600001,1 LE POINT DU JOUR,1 LE POINT DU JOUR 56800 GUILLAC,,,,,,,,0.2637,0.3182,,,,,$.data
FR*QOV*56-00001,FRQOV5600001,1 LE POINT DU JOUR,1 LE POINT DU JOUR 56800 GUILLAC,203796-01,Type 2,22000,Available,0.3504,€,,,,,,,,$.data.bornes[0].connectors[0]
FR*QOV*56-00005,FRQOV5600005,2 LIEU DIT PEN MANÉ,2 LIEU DIT PEN MANÉ 56620 PONT SCORFF,,,,,,,,0.0,0.225,,,,,$.data
FR*QOV*56-00005,FRQOV5600005,2 LIEU DIT PEN MANÉ,2 LIEU DIT PEN MANÉ 56620 PONT SCORFF,V25EL0EU2024470010f8e6-01,Type 2,22000,Available,,€,,,,,,,,$.data.bornes[0].connectors[0]
FR*QOV*57-00004,FRQOV5700004,PARC D'ACTIVITE NORD D55B,PARC D'ACTIVITE NORD D55B 57525 TALANGE,,,,,,,,0.0,0.41,,,,,$.data
FR*QOV*57-00004,FRQOV5700004,PARC D'ACTIVITE NORD D55B,PARC D'ACTIVITE NORD D55B 57525 TALANGE,1305837-01,Type 2,22000,Available,0.492,€,,,,,,,,$.data.bornes[0].connectors[0]
FR*QOV*57-00004,FRQOV5700004,PARC D'ACTIVITE NORD D55B,PARC D'ACTIVITE NORD D55B 57525 TALANGE,1321111-01,Type 2,22000,Available,0.492,€,,,,,,,,$.data.bornes[1].connectors[0]
FR*QOV*57-00004,FRQOV5700004,PARC D'ACTIVITE NORD D55B,PARC D'ACTIVITE NORD D55B 57525 TALANGE,1320960-01,Type 2,22000,Available,0.492,€,,,,,,,,$.data.bornes[2].connectors[0]
FR*QOV*57-00004,FRQOV5700004,PARC D'ACTIVITE NORD D55B,PARC D'ACTIVITE NORD D55B 57525 TALANGE,1320955-01,Type 2,22000,Available,0.492,€,,,,,,,,$.data.bornes[3].connectors[0]
FR*QOV*57-00004,FRQOV5700004,PARC D'ACTIVITE NORD D55B,PARC D'ACTIVITE NORD D55B 57525 TALANGE,1321188-01,Type 2,22000,Available,0.492,€,,,,,,,,$.data.bornes[4].connectors[0]
FR*QOV*59-00001,FRQOV5900001,17 RUE DU VERTUQUET,17 RUE DU VERTUQUET 59960 NEUVILLE EN FERRAIN,,,,,,,,0.2637,0.3182,,,,,$.data
FR*QOV*59-00001,FRQOV5900001,17 RUE DU VERTUQUET,17 RUE DU VERTUQUET 59960 NEUVILLE EN FERRAIN,184044-01,Type 2,22000,Available,0.3504,€,,,,,,,,$.data.bornes[0].connectors[0]
FR*QOV*59-00001,FRQOV5900001,17 RUE DU VERTUQUET,17 RUE DU VERTUQUET 59960 NEUVILLE EN FERRAIN,182619-01,Type 2,22000,Available,0.3504,€,,,,,,,,$.data.bornes[1].connectors[0]
FR*QOV*59-00001,FRQOV5900001,17 RUE DU VERTUQUET,17 RUE DU VERTUQUET 59960 NEUVILLE EN FERRAIN,182458-01,Type 2,22000,Available,0.3504,€,,,,,,,,$.data.bornes[2].connectors[0]
FR*QOV*59-00001,FRQOV5900001,17 RUE DU VERTUQUET,17 RUE DU VERTUQUET 59960 NEUVILLE EN FERRAIN,182563-01,Type 2,22000,Available,0.3504,€,,,,,,,,$.data.bornes[3].connectors[0]
FR*QOV*59-00001,FRQOV5900001,17 RUE DU VERTUQUET,17 RUE DU VERTUQUET 59960 NEUVILLE EN FERRAIN,182543-01,Type 2,22000,Available,0.3504,€,,,,,,,,$.data.bornes[4].connectors[0]
FR*QOV*59-00001,FRQOV5900001,17 RUE DU VERTUQUET,17 RUE DU VERTUQUET 59960 NEUVILLE EN FERRAIN,183852-01,Type 2,22000,Available,0.3504,€,,,,,,,,$.data.bornes[5].connectors[0]
FR*QOV*59-00002,FRQOV5900002,1 BIS RUE DU MOLINEL,1 BIS RUE DU MOLINEL 59290 WASQUEHAL,,,,,,,,0.2637,0.3182,,,,,$.data
FR*QOV*59-00002,FRQOV5900002,1 BIS RUE DU MOLINEL,1 BIS RUE DU MOLINEL 59290 WASQUEHAL,182640-01,Type 2,22000,Unavailable,0.3504,€,,,,,,,,$.data.bornes[0].connectors[0]
FR*QOV*59-00002,FRQOV5900002,1 BIS RUE DU MOLINEL,1 BIS RUE DU MOLINEL 59290 WASQUEHAL,182699-01,Type 2,22000,Available,0.3504,€,,,,,,,,$.data.bornes[1].connectors[0]
FR*QOV*59-00002,FRQOV5900002,1 BIS RUE DU MOLINEL,1 BIS RUE DU MOLINEL 59290 WASQUEHAL,184188-01,Type 2,22000,Available,0.3504,€,,,,,,,,$.data.bornes[2].connectors[0]
FR*QOV*59-00002,FRQOV5900002,1 BIS RUE DU MOLINEL,1 BIS RUE DU MOLINEL 59290 WASQUEHAL,1578793-01,Type 2,22000,Occupied,0.3504,€,,,,,,,,$.data.bornes[3].connectors[0]
FR*QOV*59-00004,FRQOV5900004,30 RUE PAUL LANGEVIN,30 RUE PAUL LANGEVIN 59260 LEZENNES,,,,,,,,0.2637,0.3182,,,,,$.data
FR*QOV*59-00004,FRQOV5900004,30 RUE PAUL LANGEVIN,30 RUE PAUL LANGEVIN 59260 LEZENNES,185055-01,Type 2,22000,Unavailable,0.3504,€,,,,,,,,$.data.bornes[0].connectors[0]
FR*QOV*59-00004,FRQOV5900004,30 RUE PAUL LANGEVIN,30 RUE PAUL LANGEVIN 59260 LEZENNES,182688-01,Type 2,22000,Available,0.3504,€,,,,,,,,$.data.bornes[1].connectors[0]
FR*QOV*59-00004,FRQOV5900004,30 RUE PAUL LANGEVIN,30 RUE PAUL LANGEVIN 59260 LEZENNES,182958-01,Type 2,22000,Unavailable,0.3504,€,,,,,,,,$.data.bornes[2].connectors[0]
FR*QOV*59-00004,FRQOV5900004,30 RUE PAUL LANGEVIN,30 RUE PAUL LANGEVIN 59260 LEZENNES,183418-01,Type 2,22000,Available,0.3504,€,,,,,,,,$.data.bornes[3].connectors[0]
FR*QOV*59-00006,FRQOV5900006,41 RUE SIMON VOLLANT,41 RUE SIMON VOLLANT 59130 LAMBERSART,,,,,,,,0.2637,0.3182,,,,,$.data
FR*QOV*59-00006,FRQOV5900006,41 RUE SIMON VOLLANT,41 RUE SIMON VOLLANT 59130 LAMBERSART,184381-01,Type 2,22000,Available,0.3504,€,,,,,,,,$.data.bornes[0].connectors[0]
FR*QOV*59-00006,FRQOV5900006,41 RUE SIMON VOLLANT,41 RUE SIMON VOLLANT 59130 LAMBERSART,183579-01,Type 2,22000,Available,0.3504,€,,,,,,,,$.data.bornes[1].connectors[0]
FR*QOV*59-00006,FRQOV5900006,41 RUE SIMON VOLLANT,41 RUE SIMON VOLLANT 59130 LAMBERSART,183046-01,Type 2,22000,Available,0.3504,€,,,,,,,,$.data.bornes[2].connectors[0]
FR*QOV*59-00006,FRQOV5900006,41 RUE SIMON VOLLANT,41 RUE SIMON VOLLANT 59130 LAMBERSART,183608-01,Type 2,22000,Available,0.3504,€,,,,,,,,$.data.bornes[3].connectors[0]
FR*QOV*59-00007,FRQOV5900007,5 ALLEE DU PROGRES,5 ALLEE DU PROGRES 59320 ENGLOS,,,,,,,,0.2637,0.3182,,,,,$.data
FR*QOV*59-00007,FRQOV5900007,5 ALLEE DU PROGRES,5 ALLEE DU PROGRES 59320 ENGLOS,203200-01,Type 2,22000,Available,0.3504,€,,,,,,,,$.data.bornes[0].connectors[0]
FR*QOV*59-00007,FRQOV5900007,5 ALLEE DU PROGRES,5 ALLEE DU PROGRES 59320 ENGLOS,799311-01,Type 2,22000,Available,0.3504,€,,,,,,,,$.data.bornes[1].connectors[0]
FR*QOV*59-00008,FRQOV5900008,68 RUE DU LAPIN BLANC,68 RUE DU LAPIN BLANC 59640 DUNKERQUE,,,,,,,,0.2637,0.3182,,,,,$.data
FR*QOV*59-00008,FRQOV5900008,68 RUE DU LAPIN BLANC,68 RUE DU LAPIN BLANC 59640 DUNKERQUE,207357-01,Type 2,22000,Available,0.3504,€,,,,,,,,$.data.bornes[0].connectors[0]
FR*QOV*59-00008,FRQOV5900008,68 RUE DU LAPIN BLANC,68 RUE DU LAPIN BLANC 59640 DUNKERQUE,207254-01,Type 2,22000,Available,0.3504,€,,,,,,,,$.data.bornes[1].connectors[0]
FR*QOV*59-00008,FRQOV5900008,68 RUE DU LAPIN BLANC,68 RUE DU LAPIN BLANC 59640 DUNKERQUE,207111-01,Type 2,22000,Available,0.3504,€,,,,,,,,$.data.bornes[2].connectors[0]
FR*QOV*59-00008,FRQOV5900008,68 RUE DU LAPIN BLANC,68 RUE DU LAPIN BLANC 59640 DUNKERQUE,1305611-01,Type 2,22000,Available,0.3504,€,,,,,,,,$.data.bornes[3].connectors[0]
FR*QOV*59-00010,FRQOV5900010,76 RUE DES FRERES LUMIERE,76 RUE DES FRERES LUMIERE 59560 COMINES,,,,,,,,0.2637,0.3182,,,,,$.data
FR*QOV*59-00010,FRQOV5900010,76 RUE DES FRERES LUMIERE,76 RUE DES FRERES LUMIERE 59560 COMINES,185195-01,Type 2,22000,Available,0.3504,€,,,,,,,,$.data.bornes[0].connectors[0]
FR*QOV*59-00010,FRQOV5900010,76 RUE DES FRERES LUMIERE,76 RUE DES FRERES LUMIERE 59560 COMINES,182084-01,Type 2,22000,Available,0.3504,€,,,,,,,,$.data.bornes[1].connectors[0]
FR*QOV*59-00010,FRQOV5900010,76 RUE DES FRERES LUMIERE,76 RUE DES FRERES LUMIERE 59560 COMINES,206700-01,Type 2,22000,Available,0.3504,€,,,,,,,,$.data.bornes[2].connectors[0]
FR*QOV*59-00010,FRQOV5900010,76 RUE DES FRERES LUMIERE,76 RUE DES FRERES LUMIERE 59560 COMINES,205325-01,Type 2,22000,Available,0.3504,€,,,,,,,,$.data.bornes[3].connectors[0]
FR*QOV*59-00011,FRQOV5900011,20 RUE LOUIS DACQUIN,20 RUE LOUIS DACQUIN 59220 ROUVIGNIES,,,,,,,,0.0,0.41,,,,,$.data
FR*QOV*59-00011,FRQOV5900011,20 RUE LOUIS DACQUIN,20 RUE LOUIS DACQUIN 59220 ROUVIGNIES,749231-01,Type 2,22000,Available,0.492,€,,,,,,,,$.data.bornes[0].connectors[0]
FR*QOV*59-00011,FRQOV5900011,20 RUE LOUIS DACQUIN,20 RUE LOUIS DACQUIN 59220 ROUVIGNIES,798891-01,Type 2,22000,Available,0.492,€,,,,,,,,$.data.bornes[1].connectors[0]
FR*QOV*59-00011,FRQOV5900011,20 RUE LOUIS DACQUIN,20 RUE LOUIS DACQUIN 59220 ROUVIGNIES,798691-01,Type 2,22000,Available,0.492,€,,,,,,,,$.data.bornes[2].connectors[0]
FR*QOV*59-00011,FRQOV5900011,20 RUE LOUIS DACQUIN,20 RUE LOUIS DACQUIN 59220 ROUVIGNIES,799066-01,Type 2,22000,Available,0.492,€,,,,,,,,$.data.bornes[3].connectors[0]
FR*QOV*59-00011,FRQOV5900011,20 RUE LOUIS DACQUIN,20 RUE LOUIS DACQUIN 59220 ROUVIGNIES,798597-01,Type 2,22000,Available,0.492,€,,,,,,,,$.data.bornes[4].connectors[0]
FR*QOV*59-00013,FRQOV5900013,RUE CHANZY,RUE CHANZY 59260 LEZENNES,,,,,,,,0.0,0.41,,,,,$.data
FR*QOV*59-00013,FRQOV5900013,RUE CHANZY,RUE CHANZY 59260 LEZENNES,748730-01,Type 2,22000,Available,0.3504,€,,,,,,,,$.data.bornes[0].connectors[0]
FR*QOV*59-00013,FRQOV5900013,RUE CHANZY,RUE CHANZY 59260 LEZENNES,799075-01,Type 2,22000,Available,0.492,€,,,,,,,,$.data.bornes[1].connectors[0]
FR*QOV*59-00013,FRQOV5900013,RUE CHANZY,RUE CHANZY 59260 LEZENNES,796791-01,Type 2,22000,Available,0.492,€,,,,,,,,$.data.bornes[2].connectors[0]
FR*QOV*59-00013,FRQOV5900013,RUE CHANZY,RUE CHANZY 59260 LEZENNES,796645-01,Type 2,22000,Available,0.492,€,,,,,,,,$.data.bornes[3].connectors[0]
FR*QOV*59-00013,FRQOV5900013,RUE CHANZY,RUE CHANZY 59260 LEZENNES,796729-01,Type 2,22000,Available,0.3504,€,,,,,,,,$.data.bornes[4].connectors[0]
FR*QOV*59-00014,FRQOV5900014,17 RUE DU CAPITAINE PICAVET,17 RUE DU CAPITAINE PICAVET 59115 LEERS,,,,,,,,0.2637,0.3182,,,,,$.data
FR*QOV*59-00014,FRQOV5900014,17 RUE DU CAPITAINE PICAVET,17 RUE DU CAPITAINE PICAVET 59115 LEERS,750643-01,Type 2,22000,Available,0.3504,€,,,,,,,,$.data.bornes[0].connectors[0]
FR*QOV*59-00017,FRQOV5900017,51 RUE DE L'HOTELLERIE,51 RUE DE L'HOTELLERIE 59113 SECLIN,,,,,,,,0.0,0.41,,,,,$.data
FR*QOV*59-00017,FRQOV5900017,51 RUE DE L'HOTELLERIE,51 RUE DE L'HOTELLERIE 59113 SECLIN,795543-01,Type 2,22000,Available,0.492,€,,,,,,,,$.data.bornes[0].connectors[0]
FR*QOV*59-00017,FRQOV5900017,51 RUE DE L'HOTELLERIE,51 RUE DE L'HOTELLERIE 59113 SECLIN,793987-01,Type 2,22000,Available,0.492,€,,,,,,,,$.data.bornes[1].connectors[0]
FR*QOV*59-00017,FRQOV5900017,51 RUE DE L'HOTELLERIE,51 RUE DE L'HOTELLERIE 59113 SECLIN,791057-01,Type 2,22000,Unavailable,0.492,€,,,,,,,,$.data.bornes[2].connectors[0]
FR*QOV*59-00017,FRQOV5900017,51 RUE DE L'HOTELLERIE,51 RUE DE L'HOTELLERIE 59113 SECLIN,791294-01,Type 2,22000,Available,0.492,€,,,,,,,,$.data.bornes[3].connectors[0]
FR*QOV*59-00017,FRQOV5900017,51 RUE DE L'HOTELLERIE,51 RUE DE L'HOTELLERIE 59113 SECLIN,793459-01,Type 2,22000,Available,0.492,€,,,,,,,,$.data.bornes[4].connectors[0]
FR*QOV*59-00017,FRQOV5900017,51 RUE DE L'HOTELLERIE,51 RUE DE L'HOTELLERIE 59113 SECLIN,1309955-01,Type 2,22000,Available,0.492,€,,,,,,,,$.data.bornes[5].connectors[0]
FR*QOV*60-00001,FRQOV6000001,3 RUE DU MARAIS,3 RUE DU MARAIS 60870 ST PAUL,,,,,,,,0.0,0.41,,,,,$.data
FR*QOV*60-00001,FRQOV6000001,3 RUE DU MARAIS,3 RUE DU MARAIS 60870 ST PAUL,207573-01,Type 2,22000,Available,0.492,€,,,,,,,,$.data.bornes[0].connectors[0]
FR*QOV*60-00001,FRQOV6000001,3 RUE DU MARAIS,3 RUE DU MARAIS 60870 ST PAUL,207319-01,Type 2,22000,Available,0.492,€,,,,,,,,$.data.bornes[1].connectors[0]
FR*QOV*60-00001,FRQOV6000001,3 RUE DU MARAIS,3 RUE DU MARAIS 60870 ST PAUL,207110-01,Type 2,22000,Available,0.492,€,,,,,,,,$.data.bornes[2].connectors[0]
FR*QOV*60-00001,FRQOV6000001,3 RUE DU MARAIS,3 RUE DU MARAIS 60870 ST PAUL,206742-01,Type 2,22000,Available,0.492,€,,,,,,,,$.data.bornes[3].connectors[0]
FR*QOV*60-00001,FRQOV6000001,3 RUE DU MARAIS,3 RUE DU MARAIS 60870 ST PAUL,206812-01,Type 2,22000,Unavailable,0.492,€,,,,,,,,$.data.bornes[4].connectors[0]
FR*QOV*60-00001,FRQOV6000001,3 RUE DU MARAIS,3 RUE DU MARAIS 60870 ST PAUL,204013-01,Type 2,22000,Available,0.492,€,,,,,,,,$.data.bornes[5].connectors[0]
FR*QOV*60-00002,FRQOV6000002,RUE DES FOUGERES,RUE DES FOUGERES 60500 CHANTILLY,,,,,,,,0.0,0.41,,,,,$.data
FR*QOV*60-00002,FRQOV6000002,RUE DES FOUGERES,RUE DES FOUGERES 60500 CHANTILLY,750140-01,Type 2,22000,Available,0.492,€,,,,,,,,$.data.bornes[0].connectors[0]
FR*QOV*60-00002,FRQOV6000002,RUE DES FOUGERES,RUE DES FOUGERES 60500 CHANTILLY,750295-01,Type 2,22000,Available,0.492,€,,,,,,,,$.data.bornes[1].connectors[0]
FR*QOV*60-00002,FRQOV6000002,RUE DES FOUGERES,RUE DES FOUGERES 60500 CHANTILLY,750290-01,Type 2,22000,Available,0.492,€,,,,,,,,$.data.bornes[2].connectors[0]
FR*QOV*60-00002,FRQOV6000002,RUE DES FOUGERES,RUE DES FOUGERES 60500 CHANTILLY,750293-01,Type 2,22000,Unavailable,0.492,€,,,,,,,,$.data.bornes[3].connectors[0]
FR*QOV*60-00002,FRQOV6000002,RUE DES FOUGERES,RUE DES FOUGERES 60500 CHANTILLY,750334-01,Type 2,22000,Available,0.492,€,,,,,,,,$.data.bornes[4].connectors[0]
FR*QOV*60-00003,FRQOV6000003,18 RUE GAY LUSSAC,18 RUE GAY LUSSAC 60000 BEAUVAIS,,,,,,,,0.3137,0.3682,,,,,$.data
FR*QOV*60-00003,FRQOV6000003,18 RUE GAY LUSSAC,18 RUE GAY LUSSAC 60000 BEAUVAIS,744895-01,Type 2,22000,Available,0.3504,€,,,,,,,,$.data.bornes[0].connectors[0]
FR*QOV*60-00003,FRQOV6000003,18 RUE GAY LUSSAC,18 RUE GAY LUSSAC 60000 BEAUVAIS,746915-01,Type 2,22000,Available,0.3504,€,,,,,,,,$.data.bornes[1].connectors[0]
FR*QOV*60-00003,FRQOV6000003,18 RUE GAY LUSSAC,18 RUE GAY LUSSAC 60000 BEAUVAIS,748086-01,Type 2,22000,Available,0.3504,€,,,,,,,,$.data.bornes[2].connectors[0]
FR*QOV*60-00003,FRQOV6000003,18 RUE GAY LUSSAC,18 RUE GAY LUSSAC 60000 BEAUVAIS,748216-01,Type 2,22000,Available,0.3504,€,,,,,,,,$.data.bornes[3].connectors[0]
FR*QOV*60-00003,FRQOV6000003,18 RUE GAY LUSSAC,18 RUE GAY LUSSAC 60000 BEAUVAIS,748215-01,Type 2,22000,Available,0.3504,€,,,,,,,,$.data.bornes[4].connectors[0]
FR*QOV*60-00003,FRQOV6000003,18 RUE GAY LUSSAC,18 RUE GAY LUSSAC 60000 BEAUVAIS,749973-01,Type 2,22000,Available,0.3504,€,,,,,,,,$.data.bornes[5].connectors[0]
FR*QOV*60-00004,FRQOV6000004,16 RUE DES FOUGERES,16 RUE DES FOUGERES 60500 CHANTILLY,,,,,,,,0.0,0.41,,,,,$.data
FR*QOV*60-00004,FRQOV6000004,16 RUE DES FOUGERES,16 RUE DES FOUGERES 60500 CHANTILLY,751351-01,Type 2,22000,Available,0.492,€,,,,,,,,$.data.bornes[0].connectors[0]
FR*QOV*60-00004,FRQOV6000004,16 RUE DES FOUGERES,16 RUE DES FOUGERES 60500 CHANTILLY,751023-01,Type 2,22000,Available,0.492,€,,,,,,,,$.data.bornes[1].connectors[0]
FR*QOV*60-00004,FRQOV6000004,16 RUE DES FOUGERES,16 RUE DES FOUGERES 60500 CHANTILLY,745462-01,Type 2,22000,Occupied,0.492,€,,,,,,,,$.data.bornes[2].connectors[0]
FR*QOV*60-00004,FRQOV6000004,16 RUE DES FOUGERES,16 RUE DES FOUGERES 60500 CHANTILLY,746689-01,Type 2,22000,Unavailable,0.492,€,,,,,,,,$.data.bornes[3].connectors[0]
FR*QOV*60-00004,FRQOV6000004,16 RUE DES FOUGERES,16 RUE DES FOUGERES 60500 CHANTILLY,746760-01,Type 2,22000,Available,0.492,€,,,,,,,,$.data.bornes[4].connectors[0]
FR*QOV*60-00012,FRQOV6000012,200 RUE RAYMOND POINCARE,200 RUE RAYMOND POINCARE 60750 CHOISY AU BAC,,,,,,,,0.0,0.225,,,,,$.data
FR*QOV*60-00012,FRQOV6000012,200 RUE RAYMOND POINCARE,200 RUE RAYMOND POINCARE 60750 CHOISY AU BAC,V25NL0EU2024500183534a-01,Type 2,22000,Available,0.3504,€,,,,,,,,$.data.bornes[0].connectors[0]
FR*QOV*61-00002,FRQOV6100002,LA PERDRIERE,LA PERDRIERE 61320 LA LANDE DE GOULT,,,,,,,,0.2637,0.3182,,,,,$.data
FR*QOV*61-00002,FRQOV6100002,LA PERDRIERE,LA PERDRIERE 61320 LA LANDE DE GOULT,201622-01,Type 2,22000,Unavailable,0.3504,€,,,,,,,,$.data.bornes[0].connectors[0]
FR*QOV*61-00002,FRQOV6100002,LA PERDRIERE,LA PERDRIERE 61320 LA LANDE DE GOULT,203289-01,Type 2,22000,Available,0.3504,€,,,,,,,,$.data.bornes[1].connectors[0]
FR*QOV*61-00003,FRQOV6100003,La Cage Aux Oiseaux - La Perdière,La Cage Aux Oiseaux - La Perdière 61320 LA LANDE DE GOULT,,,,,,,,0.2637,0.3182,,,,,$.data
FR*QOV*61-00003,FRQOV6100003,La Cage Aux Oiseaux - La Perdière,La Cage Aux Oiseaux - La Perdière 61320 LA LANDE DE GOULT,200836-01,Type 2,22000,Available,0.3504,€,,,,,,,,$.data.bornes[0].connectors[0]
FR*QOV*61-00003,FRQOV6100003,La Cage Aux Oiseaux - La Perdière,La Cage Aux Oiseaux - La Perdière 61320 LA LANDE DE GOULT,201666-01,Type 2,22000,Available,0.3504,€,,,,,,,,$.data.bornes[1].connectors[0]
FR*QOV*61-00004,FRQOV6100004,"Les Terrasses d'Ecouves , Momont","Les Terrasses d'Ecouves , Momont 61320 La Lande-de-Goult",,,,,,,,0.2637,0.3182,,,,,$.data
FR*QOV*61-00004,FRQOV6100004,"Les Terrasses d'Ecouves , Momont","Les Terrasses d'Ecouves , Momont 61320 La Lande-de-Goult",205869-01,Type 2,22000,Available,0.3504,€,,,,,,,,$.data.bornes[0].connectors[0]
FR*QOV*61-00005,FRQOV6100005,7 ROUTE DES MOULINS LA TOURELLE,7 ROUTE DES MOULINS LA TOURELLE 61170 ST AGNAN SUR SARTHE,,,,,,,,0.2637,0.3182,,,,,$.data
FR*QOV*61-00005,FRQOV6100005,7 ROUTE DES MOULINS LA TOURELLE,7 ROUTE DES MOULINS LA TOURELLE 61170 ST AGNAN SUR SARTHE,201445-01,Type 2,22000,Available,0.3504,€,,,,,,,,$.data.bornes[0].connectors[0]
FR*QOV*61-00006,FRQOV6100006,7 ROUTE DES MOULINS LA TOURELLE,7 ROUTE DES MOULINS LA TOURELLE 61170 ST AGNAN SUR SARTHE,,,,,,,,0.2637,0.3182,,,,,$.data
FR*QOV*61-00006,FRQOV6100006,7 ROUTE DES MOULINS LA TOURELLE,7 ROUTE DES MOULINS LA TOURELLE 61170 ST AGNAN SUR SARTHE,204512-01,Type 2,22000,Available,0.3504,€,,,,,,,,$.data.bornes[0].connectors[0]
FR*QOV*62-00001,FRQOV6200001,13 RUE DE JUDEE,13 RUE DE JUDEE 62100 CALAIS,,,,,,,,0.2637,0.3182,,,,,$.data
FR*QOV*62-00001,FRQOV6200001,13 RUE DE JUDEE,13 RUE DE JUDEE 62100 CALAIS,184694-01,Type 2,22000,Available,0.3504,€,,,,,,,,$.data.bornes[0].connectors[0]
FR*QOV*62-00001,FRQOV6200001,13 RUE DE JUDEE,13 RUE DE JUDEE 62100 CALAIS,185238-01,Type 2,22000,Available,0.3504,€,,,,,,,,$.data.bornes[1].connectors[0]
FR*QOV*62-00001,FRQOV6200001,13 RUE DE JUDEE,13 RUE DE JUDEE 62100 CALAIS,184003-01,Type 2,22000,Available,0.3504,€,,,,,,,,$.data.bornes[2].connectors[0]
FR*QOV*62-00001,FRQOV6200001,13 RUE DE JUDEE,13 RUE DE JUDEE 62100 CALAIS,183513-01,Type 2,22000,Available,0.3504,€,,,,,,,,$.data.bornes[3].connectors[0]
FR*QOV*62-00002,FRQOV6200002,170 BASSE RUE,170 BASSE RUE 62600 GROFFLIERS,,,,,,,,0.2637,0.3182,,,,,$.data
FR*QOV*62-00002,FRQOV6200002,170 BASSE RUE,170 BASSE RUE 62600 GROFFLIERS,203237-01,Type 2,22000,Available,0.3504,€,,,,,,,,$.data.bornes[0].connectors[0]
FR*QOV*62-00004,FRQOV6200004,ALLEE DU VELODROME PARC DES ROSATI,ALLEE DU VELODROME PARC DES ROSATI 62223 SAINT-LAURENT-BLANGY,,,,,,,,0.0,0.41,,,,,$.data
FR*QOV*62-00004,FRQOV6200004,ALLEE DU VELODROME PARC DES ROSATI,ALLEE DU VELODROME PARC DES ROSATI 62223 SAINT-LAURENT-BLANGY,1319907-01,Type 2,22000,Available,0.492,€,,,,,,,,$.data.bornes[0].connectors[0]
FR*QOV*62-00004,FRQOV6200004,ALLEE DU VELODROME PARC DES ROSATI,ALLEE DU VELODROME PARC DES ROSATI 62223 SAINT-LAURENT-BLANGY,1321020-01,Type 2,22000,Available,0.492,€,,,,,,,,$.data.bornes[1].connectors[0]
FR*QOV*62-00004,FRQOV6200004,ALLEE DU VELODROME PARC DES ROSATI,ALLEE DU VELODROME PARC DES ROSATI 62223 SAINT-LAURENT-BLANGY,1321211-01,Type 2,22000,Available,0.492,€,,,,,,,,$.data.bornes[2].connectors[0]
FR*QOV*62-00004,FRQOV6200004,ALLEE DU VELODROME PARC DES ROSATI,ALLEE DU VELODROME PARC DES ROSATI 62223 SAINT-LAURENT-BLANGY,1611936-01,Type 2,22000,Available,0.492,€,,,,,,,,$.data.bornes[3].connectors[0]
FR*QOV*62-00004,FRQOV6200004,ALLEE DU VELODROME PARC DES ROSATI,ALLEE DU VELODROME PARC DES ROSATI 62223 SAINT-LAURENT-BLANGY,1612031-01,Type 2,22000,Available,0.492,€,,,,,,,,$.data.bornes[4].connectors[0]
FR*QOV*63-00001,FRQOV6300001,AVENUE LAVOISIER,AVENUE LAVOISIER 63170 AUBIERE,,,,,,,,0.0,0.41,,,,,$.data
FR*QOV*63-00001,FRQOV6300001,AVENUE LAVOISIER,AVENUE LAVOISIER 63170 AUBIERE,207594-01,Type 2,22000,Available,0.492,€,,,,,,,,$.data.bornes[0].connectors[0]
FR*QOV*63-00001,FRQOV6300001,AVENUE LAVOISIER,AVENUE LAVOISIER 63170 AUBIERE,207456-01,Type 2,22000,Available,0.492,€,,,,,,,,$.data.bornes[1].connectors[0]
FR*QOV*63-00001,FRQOV6300001,AVENUE LAVOISIER,AVENUE LAVOISIER 63170 AUBIERE,207426-01,Type 2,22000,Available,0.492,€,,,,,,,,$.data.bornes[2].connectors[0]
FR*QOV*63-00001,FRQOV6300001,AVENUE LAVOISIER,AVENUE LAVOISIER 63170 AUBIERE,207283-01,Type 2,22000,Occupied,0.492,€,,,,,,,,$.data.bornes[3].connectors[0]
FR*QOV*63-00001,FRQOV6300001,AVENUE LAVOISIER,AVENUE LAVOISIER 63170 AUBIERE,206937-01,Type 2,22000,Available,0.492,€,,,,,,,,$.data.bornes[4].connectors[0]
FR*QOV*63-00001,FRQOV6300001,AVENUE LAVOISIER,AVENUE LAVOISIER 63170 AUBIERE,203135-01,Type 2,22000,Available,0.492,€,,,,,,,,$.data.bornes[5].connectors[0]
FR*QOV*63-00002,FRQOV6300002,2 RUE DU DEVOIR,2 RUE DU DEVOIR 63100 CLERMONT FERRAND,,,,,,,,0.0,0.41,,,,,$.data
FR*QOV*63-00002,FRQOV6300002,2 RUE DU DEVOIR,2 RUE DU DEVOIR 63100 CLERMONT FERRAND,1300155-01,Type 2,22000,Available,0.3504,€,,,,,,,,$.data.bornes[0].connectors[0]
FR*QOV*63-00002,FRQOV6300002,2 RUE DU DEVOIR,2 RUE DU DEVOIR 63100 CLERMONT FERRAND,1612342-01,Type 2,22000,Available,0.492,€,,,,,,,,$.data.bornes[1].connectors[0]
FR*QOV*63-00002,FRQOV6300002,2 RUE DU DEVOIR,2 RUE DU DEVOIR 63100 CLERMONT FERRAND,1312219-01,Type 2,22000,Available,0.492,€,,,,,,,,$.data.bornes[2].connectors[0]
FR*QOV*63-00002,FRQOV6300002,2 RUE DU DEVOIR,2 RUE DU DEVOIR 63100 CLERMONT FERRAND,1583849-01,Type 2,22000,Available,0.492,€,,,,,,,,$.data.bornes[3].connectors[0]
FR*QOV*63-00002,FRQOV6300002,2 RUE DU DEVOIR,2 RUE DU DEVOIR 63100 CLERMONT FERRAND,1582796-01,Type 2,22000,Available,0.492,€,,,,,,,,$.data.bornes[4].connectors[0]
FR*QOV*64-00001,FRQOV6400001,102 RUE DE BEHOBIE,102 RUE DE BEHOBIE 64700 HENDAYE,,,,,,,,0.0,0.41,,,,,$.data
FR*QOV*64-00001,FRQOV6400001,102 RUE DE BEHOBIE,102 RUE DE BEHOBIE 64700 HENDAYE,745215-01,Type 2,22000,Available,0.492,€,,,,,,,,$.data.bornes[0].connectors[0]
FR*QOV*64-00001,FRQOV6400001,102 RUE DE BEHOBIE,102 RUE DE BEHOBIE 64700 HENDAYE,744877-01,Type 2,22000,Available,0.492,€,,,,,,,,$.data.bornes[1].connectors[0]
FR*QOV*64-00001,FRQOV6400001,102 RUE DE BEHOBIE,102 RUE DE BEHOBIE 64700 HENDAYE,744695-01,Type 2,22000,Available,0.492,€,,,,,,,,$.data.bornes[2].connectors[0]
FR*QOV*65-00001,FRQOV6500001,VOIE DU PAPE,VOIE DU PAPE 65290 JUILLAN,,,,,,,,0.2637,0.3182,,,,,$.data
FR*QOV*65-00001,FRQOV6500001,VOIE DU PAPE,VOIE DU PAPE 65290 JUILLAN,207571-01,Type 2,22000,Available,0.3504,€,,,,,,,,$.data.bornes[0].connectors[0]
FR*QOV*65-00001,FRQOV6500001,VOIE DU PAPE,VOIE DU PAPE 65290 JUILLAN,207589-01,Type 2,22000,Available,0.3504,€,,,,,,,,$.data.bornes[1].connectors[0]
FR*QOV*65-00001,FRQOV6500001,VOIE DU PAPE,VOIE DU PAPE 65290 JUILLAN,207587-01,Type 2,22000,Available,0.3504,€,,,,,,,,$.data.bornes[2].connectors[0]
FR*QOV*65-00001,FRQOV6500001,VOIE DU PAPE,VOIE DU PAPE 65290 JUILLAN,207392-01,Type 2,22000,Available,0.3504,€,,,,,,,,$.data.bornes[3].connectors[0]
FR*QOV*65-00001,FRQOV6500001,VOIE DU PAPE,VOIE DU PAPE 65290 JUILLAN,205327-01,Type 2,22000,Available,0.3504,€,,,,,,,,$.data.bornes[4].connectors[0]
FR*QOV*66-00001,FRQOV6600001,313 CHEMIN DU MAS PALEGRY,313 CHEMIN DU MAS PALEGRY 66000 PERPIGNAN,,,,,,,,0.0,0.41,,,,,$.data
FR*QOV*66-00001,FRQOV6600001,313 CHEMIN DU MAS PALEGRY,313 CHEMIN DU MAS PALEGRY 66000 PERPIGNAN,748298-01,Type 2,22000,Available,0.492,€,,,,,,,,$.data.bornes[0].connectors[0]
FR*QOV*66-00001,FRQOV6600001,313 CHEMIN DU MAS PALEGRY,313 CHEMIN DU MAS PALEGRY 66000 PERPIGNAN,795733-01,Type 2,22000,Available,0.492,€,,,,,,,,$.data.bornes[1].connectors[0]
FR*QOV*66-00001,FRQOV6600001,313 CHEMIN DU MAS PALEGRY,313 CHEMIN DU MAS PALEGRY 66000 PERPIGNAN,795953-01,Type 2,22000,Available,0.492,€,,,,,,,,$.data.bornes[2].connectors[0]
FR*QOV*66-00001,FRQOV6600001,313 CHEMIN DU MAS PALEGRY,313 CHEMIN DU MAS PALEGRY 66000 PERPIGNAN,795891-01,Type 2,22000,Available,0.492,€,,,,,,,,$.data.bornes[3].connectors[0]
FR*QOV*66-00001,FRQOV6600001,313 CHEMIN DU MAS PALEGRY,313 CHEMIN DU MAS PALEGRY 66000 PERPIGNAN,794404-01,Type 2,22000,Available,0.492,€,,,,,,,,$.data.bornes[4].connectors[0]
FR*QOV*67-00001,FRQOV6700001,9 RUE DE CHERBOURG,9 RUE DE CHERBOURG 67000 STRASBOURG,,,,,,,,0.2637,0.3182,,,,,$.data
FR*QOV*67-00001,FRQOV6700001,9 RUE DE CHERBOURG,9 RUE DE CHERBOURG 67000 STRASBOURG,201289-01,Type 2,22000,Available,0.3504,€,,,,,,,,$.data.bornes[0].connectors[0]
FR*QOV*67-00002,FRQOV6700002,7 RUE ICARE,7 RUE ICARE 67960 ENTZHEIM,,,,,,,,0.2637,0.3182,,,,,$.data
FR*QOV*67-00002,FRQOV6700002,7 RUE ICARE,7 RUE ICARE 67960 ENTZHEIM,184843-01,Type 2,22000,Available,0.3504,€,,,,,,,,$.data.bornes[0].connectors[0]
FR*QOV*67-00002,FRQOV6700002,7 RUE ICARE,7 RUE ICARE 67960 ENTZHEIM,184170-01,Type 2,22000,Available,0.3504,€,,,,,,,,$.data.bornes[1].connectors[0]
FR*QOV*67-00002,FRQOV6700002,7 RUE ICARE,7 RUE ICARE 67960 ENTZHEIM,182902-01,Type 2,22000,Unavailable,0.3504,€,,,,,,,,$.data.bornes[2].connectors[0]
FR*QOV*67-00002,FRQOV6700002,7 RUE ICARE,7 RUE ICARE 67960 ENTZHEIM,182649-01,Type 2,22000,Available,0.3504,€,,,,,,,,$.data.bornes[3].connectors[0]
FR*QOV*67-00002,FRQOV6700002,7 RUE ICARE,7 RUE ICARE 67960 ENTZHEIM,1314606-01,Type 2,22000,Available,0.3504,€,,,,,,,,$.data.bornes[4].connectors[0]
FR*QOV*67-00004,FRQOV6700004,41 RUE DES VOSGES,41 RUE DES VOSGES 67110 REICHSHOFFEN,,,,,,,,0.2637,0.3182,,,,,$.data
FR*QOV*67-00004,FRQOV6700004,41 RUE DES VOSGES,41 RUE DES VOSGES 67110 REICHSHOFFEN,205721-01,Type 2,22000,Unavailable,0.3504,€,,,,,,,,$.data.bornes[0].connectors[0]
FR*QOV*67-00005,FRQOV6700005,8 RUE DE COPENHAGUE BATIMENT H3,8 RUE DE COPENHAGUE BATIMENT H3 67300 SCHILTIGHEIM,,,,,,,,0.2637,0.3182,,,,,$.data
FR*QOV*67-00005,FRQOV6700005,8 RUE DE COPENHAGUE BATIMENT H3,8 RUE DE COPENHAGUE BATIMENT H3 67300 SCHILTIGHEIM,184085-01,Type 2,22000,Available,0.3504,€,,,,,,,,$.data.bornes[0].connectors[0]
FR*QOV*67-00005,FRQOV6700005,8 RUE DE COPENHAGUE BATIMENT H3,8 RUE DE COPENHAGUE BATIMENT H3 67300 SCHILTIGHEIM,182847-01,Type 2,22000,Available,0.3504,€,,,,,,,,$.data.bornes[1].connectors[0]
FR*QOV*67-00005,FRQOV6700005,8 RUE DE COPENHAGUE BATIMENT H3,8 RUE DE COPENHAGUE BATIMENT H3 67300 SCHILTIGHEIM,182508-01,Type 2,22000,Available,0.3504,€,,,,,,,,$.data.bornes[2].connectors[0]
FR*QOV*67-00006,FRQOV6700006,8 RUE DES HERONS,8 RUE DES HERONS 67960 ENTZHEIM,,,,,,,,0.2637,0.3182,,,,,$.data
FR*QOV*67-00006,FRQOV6700006,8 RUE DES HERONS,8 RUE DES HERONS 67960 ENTZHEIM,184773-01,Type 2,22000,Available,0.3504,€,,,,,,,,$.data.bornes[0].connectors[0]
FR*QOV*67-00006,FRQOV6700006,8 RUE DES HERONS,8 RUE DES HERONS 67960 ENTZHEIM,184562-01,Type 2,22000,Available,0.3504,€,,,,,,,,$.data.bornes[1].connectors[0]
FR*QOV*67-00006,FRQOV6700006,8 RUE DES HERONS,8 RUE DES HERONS 67960 ENTZHEIM,207541-01,Type 2,22000,Occupied,0.3504,€,,,,,,,,$.data.bornes[2].connectors[0]
FR*QOV*67-00006,FRQOV6700006,8 RUE DES HERONS,8 RUE DES HERONS 67960 ENTZHEIM,800819-01,Type 2,22000,Available,0.3504,€,,,,,,,,$.data.bornes[3].connectors[0]
FR*QOV*67-00006,FRQOV6700006,8 RUE DES HERONS,8 RUE DES HERONS 67960 ENTZHEIM,1619741-01,Type 2,22000,Unavailable,0.3504,€,,,,,,,,$.data.bornes[4].connectors[0]
FR*QOV*67-00007,FRQOV6700007,6 RUE DE ROCHEFORT,6 RUE DE ROCHEFORT 67100 STRASBOURG,,,,,,,,0.2637,0.3182,,,,,$.data
FR*QOV*67-00007,FRQOV6700007,6 RUE DE ROCHEFORT,6 RUE DE ROCHEFORT 67100 STRASBOURG,207150-01,Type 2,22000,Available,0.3504,€,,,,,,,,$.data.bornes[0].connectors[0]
FR*QOV*67-00007,FRQOV6700007,6 RUE DE ROCHEFORT,6 RUE DE ROCHEFORT 67100 STRASBOURG,206706-01,Type 2,22000,Available,0.3504,€,,,,,,,,$.data.bornes[1].connectors[0]
FR*QOV*67-00007,FRQOV6700007,6 RUE DE ROCHEFORT,6 RUE DE ROCHEFORT 67100 STRASBOURG,206149-01,Type 2,22000,Available,0.3504,€,,,,,,,,$.data.bornes[2].connectors[0]
FR*QOV*67-00007,FRQOV6700007,6 RUE DE ROCHEFORT,6 RUE DE ROCHEFORT 67100 STRASBOURG,204406-01,Type 2,22000,Available,0.3504,€,,,,,,,,$.data.bornes[3].connectors[0]
FR*QOV*67-00007,FRQOV6700007,6 RUE DE ROCHEFORT,6 RUE DE ROCHEFORT 67100 STRASBOURG,203915-01,Type 2,22000,Available,0.3504,€,,,,,,,,$.data.bornes[4].connectors[0]
FR*QOV*67-00008,FRQOV6700008,6 RUE DU RHEINFELD,6 RUE DU RHEINFELD 67100 STRASBOURG,,,,,,,,0.2637,0.3182,,,,,$.data
FR*QOV*67-00008,FRQOV6700008,6 RUE DU RHEINFELD,6 RUE DU RHEINFELD 67100 STRASBOURG,206199-01,Type 2,22000,Available,0.3504,€,,,,,,,,$.data.bornes[0].connectors[0]
FR*QOV*67-00008,FRQOV6700008,6 RUE DU RHEINFELD,6 RUE DU RHEINFELD 67100 STRASBOURG,203746-01,Type 2,22000,Available,0.3504,€,,,,,,,,$.data.bornes[1].connectors[0]
FR*QOV*67-00009,FRQOV6700009,4 RUE JEAN SAPIDUS,4 RUE JEAN SAPIDUS 67400 ILLKIRCH GRAFFENSTADEN,,,,,,,,0.2637,0.3182,,,,,$.data
FR*QOV*67-00009,FRQOV6700009,4 RUE JEAN SAPIDUS,4 RUE JEAN SAPIDUS 67400 ILLKIRCH GRAFFENSTADEN,206689-01,Type 2,22000,Available,0.3504,€,,,,,,,,$.data.bornes[0].connectors[0]
FR*QOV*67-00009,FRQOV6700009,4 RUE JEAN SAPIDUS,4 RUE JEAN SAPIDUS 67400 ILLKIRCH GRAFFENSTADEN,206708-01,Type 2,22000,Available,0.3504,€,,,,,,,,$.data.bornes[1].connectors[0]
FR*QOV*67-00009,FRQOV6700009,4 RUE JEAN SAPIDUS,4 RUE JEAN SAPIDUS 67400 ILLKIRCH GRAFFENSTADEN,206352-01,Type 2,22000,Available,0.3504,€,,,,,,,,$.data.bornes[2].connectors[0]
FR*QOV*67-00009,FRQOV6700009,4 RUE JEAN SAPIDUS,4 RUE JEAN SAPIDUS 67400 ILLKIRCH GRAFFENSTADEN,203748-01,Type 2,22000,Available,0.3504,€,,,,,,,,$.data.bornes[3].connectors[0]
FR*QOV*67-00009,FRQOV6700009,4 RUE JEAN SAPIDUS,4 RUE JEAN SAPIDUS 67400 ILLKIRCH GRAFFENSTADEN,745665-01,Type 2,22000,Available,0.3504,€,,,,,,,,$.data.bornes[4].connectors[0]
FR*QOV*67-00010,FRQOV6700010,13 RUE DE LA HAYE,13 RUE DE LA HAYE 67300 SHILTIGHEIM,,,,,,,,0.2637,0.3182,,,,,$.data
FR*QOV*67-00010,FRQOV6700010,13 RUE DE LA HAYE,13 RUE DE LA HAYE 67300 SHILTIGHEIM,207151-01,Type 2,22000,Available,0.3504,€,,,,,,,,$.data.bornes[0].connectors[0]
FR*QOV*67-00010,FRQOV6700010,13 RUE DE LA HAYE,13 RUE DE LA HAYE 67300 SHILTIGHEIM,206736-01,Type 2,22000,Occupied,0.3504,€,,,,,,,,$.data.bornes[1].connectors[0]
FR*QOV*67-00010,FRQOV6700010,13 RUE DE LA HAYE,13 RUE DE LA HAYE 67300 SHILTIGHEIM,206446-01,Type 2,22000,Available,0.3504,€,,,,,,,,$.data.bornes[2].connectors[0]
FR*QOV*67-00010,FRQOV6700010,13 RUE DE LA HAYE,13 RUE DE LA HAYE 67300 SHILTIGHEIM,203199-01,Type 2,22000,Available,0.3504,€,,,,,,,,$.data.bornes[3].connectors[0]
FR*QOV*68-00001,FRQOV6800001,50 RUE MARC SEGUIN,50 RUE MARC SEGUIN 68200 MULHOUSE,,,,,,,,0.2637,0.3182,,,,,$.data
FR*QOV*68-00001,FRQOV6800001,50 RUE MARC SEGUIN,50 RUE MARC SEGUIN 68200 MULHOUSE,184448-01,Type 2,22000,Available,0.3504,€,,,,,,,,$.data.bornes[0].connectors[0]
FR*QOV*68-00001,FRQOV6800001,50 RUE MARC SEGUIN,50 RUE MARC SEGUIN 68200 MULHOUSE,183185-01,Type 2,22000,Available,0.3504,€,,,,,,,,$.data.bornes[1].connectors[0]
FR*QOV*68-00001,FRQOV6800001,50 RUE MARC SEGUIN,50 RUE MARC SEGUIN 68200 MULHOUSE,183001-01,Type 2,22000,Available,0.3504,€,,,,,,,,$.data.bornes[2].connectors[0]
FR*QOV*68-00001,FRQOV6800001,50 RUE MARC SEGUIN,50 RUE MARC SEGUIN 68200 MULHOUSE,182724-01,Type 2,22000,Available,0.3504,€,,,,,,,,$.data.bornes[3].connectors[0]
FR*QOV*68-00001,FRQOV6800001,50 RUE MARC SEGUIN,50 RUE MARC SEGUIN 68200 MULHOUSE,1617067-01,Type 2,22000,Available,0.3504,€,,,,,,,,$.data.bornes[4].connectors[0]
FR*QOV*69-00001,FRQOV6900001,67 ALLEE ALEXANDRE BORODINE,67 ALLEE ALEXANDRE BORODINE 69800 SAINT-PRIEST,,,,,,,,0.2637,0.3182,,,,,$.data
FR*QOV*69-00001,FRQOV6900001,67 ALLEE ALEXANDRE BORODINE,67 ALLEE ALEXANDRE BORODINE 69800 SAINT-PRIEST,183459-01,Type 2,22000,Available,0.3504,€,,,,,,,,$.data.bornes[0].connectors[0]
FR*QOV*69-00001,FRQOV6900001,67 ALLEE ALEXANDRE BORODINE,67 ALLEE ALEXANDRE BORODINE 69800 SAINT-PRIEST,201159-01,Type 2,22000,Available,0.3504,€,,,,,,,,$.data.bornes[1].connectors[0]
FR*QOV*69-00001,FRQOV6900001,67 ALLEE ALEXANDRE BORODINE,67 ALLEE ALEXANDRE BORODINE 69800 SAINT-PRIEST,201214-01,Type 2,22000,Unavailable,0.3504,€,,,,,,,,$.data.bornes[2].connectors[0]
FR*QOV*69-00001,FRQOV6900001,67 ALLEE ALEXANDRE BORODINE,67 ALLEE ALEXANDRE BORODINE 69800 SAINT-PRIEST,201212-01,Type 2,22000,Available,0.3504,€,,,,,,,,$.data.bornes[3].connectors[0]
FR*QOV*69-00001,FRQOV6900001,67 ALLEE ALEXANDRE BORODINE,67 ALLEE ALEXANDRE BORODINE 69800 SAINT-PRIEST,201619-01,Type 2,22000,Available,0.3504,€,,,,,,,,$.data.bornes[4].connectors[0]
FR*QOV*69-00004,FRQOV6900004,29 CHEMIN DE FROMENTEAU,29 CHEMIN DE FROMENTEAU 69380 LISSIEU,,,,,,,,0.2637,0.3182,,,,,$.data
FR*QOV*69-00004,FRQOV6900004,29 CHEMIN DE FROMENTEAU,29 CHEMIN DE FROMENTEAU 69380 LISSIEU,751010-01,Type 2,22000,Unavailable,0.3504,€,,,,,,,,$.data.bornes[0].connectors[0]
FR*QOV*69-00004,FRQOV6900004,29 CHEMIN DE FROMENTEAU,29 CHEMIN DE FROMENTEAU 69380 LISSIEU,745729-01,Type 2,22000,Unavailable,0.3504,€,,,,,,,,$.data.bornes[1].connectors[0]
FR*QOV*69-00005,FRQOV6900005,1 QUAI GEORGES LEVY,1 QUAI GEORGES LEVY 69700 GIVORS,,,,,,,,0.0,0.41,,,,,$.data
FR*QOV*69-00005,FRQOV6900005,1 QUAI GEORGES LEVY,1 QUAI GEORGES LEVY 69700 GIVORS,752247-01,Type 2,22000,Available,0.492,€,,,,,,,,$.data.bornes[0].connectors[0]
FR*QOV*69-00005,FRQOV6900005,1 QUAI GEORGES LEVY,1 QUAI GEORGES LEVY 69700 GIVORS,752103-01,Type 2,22000,Occupied,0.492,€,,,,,,,,$.data.bornes[1].connectors[0]
FR*QOV*69-00005,FRQOV6900005,1 QUAI GEORGES LEVY,1 QUAI GEORGES LEVY 69700 GIVORS,752107-01,Type 2,22000,Available,0.492,€,,,,,,,,$.data.bornes[2].connectors[0]
FR*QOV*69-00005,FRQOV6900005,1 QUAI GEORGES LEVY,1 QUAI GEORGES LEVY 69700 GIVORS,745615-01,Type 2,22000,Available,0.492,€,,,,,,,,$.data.bornes[3].connectors[0]
FR*QOV*69-00005,FRQOV6900005,1 QUAI GEORGES LEVY,1 QUAI GEORGES LEVY 69700 GIVORS,745394-01,Type 2,22000,Available,0.492,€,,,,,,,,$.data.bornes[4].connectors[0]
FR*QOV*69-00005,FRQOV6900005,1 QUAI GEORGES LEVY,1 QUAI GEORGES LEVY 69700 GIVORS,745346-01,Type 2,22000,Available,0.492,€,,,,,,,,$.data.bornes[5].connectors[0]
FR*QOV*69-00005,FRQOV6900005,1 QUAI GEORGES LEVY,1 QUAI GEORGES LEVY 69700 GIVORS,746069-01,Type 2,22000,Available,0.492,€,,,,,,,,$.data.bornes[6].connectors[0]
FR*QOV*69-00005,FRQOV6900005,1 QUAI GEORGES LEVY,1 QUAI GEORGES LEVY 69700 GIVORS,746258-01,Type 2,22000,Available,0.492,€,,,,,,,,$.data.bornes[7].connectors[0]
FR*QOV*73-00007,FRQOV7300007,Rue des Almes,Rue des Almes 73320 TIGNES,,,,,,,,0.0,0.41,,,,,$.data
FR*QOV*73-00007,FRQOV7300007,Rue des Almes,Rue des Almes 73320 TIGNES,205585-01,Type 2,22000,Available,0.492,€,,,,,,,,$.data.bornes[0].connectors[0]
FR*QOV*73-00009,FRQOV7300009,Rue des Almes,Rue des Almes 73320 TIGNES,,,,,,,,0.0,0.41,,,,,$.data
FR*QOV*73-00009,FRQOV7300009,Rue des Almes,Rue des Almes 73320 TIGNES,205585-01,Type 2,22000,Available,0.492,€,,,,,,,,$.data.bornes[0].connectors[0]
FR*QOV*73-00010,FRQOV7300010,318 Rue des Almes,318 Rue des Almes 73320 TIGNES,,,,,,,,0.0,0.41,,,,,$.data
FR*QOV*73-00010,FRQOV7300010,318 Rue des Almes,318 Rue des Almes 73320 TIGNES,205726-01,Type 2,22000,Available,0.492,€,,,,,,,,$.data.bornes[0].connectors[0]
FR*QOV*73-00010,FRQOV7300010,318 Rue des Almes,318 Rue des Almes 73320 TIGNES,205790-01,Type 2,22000,Available,0.492,€,,,,,,,,$.data.bornes[1].connectors[0]
FR*QOV*74-00001,FRQOV7400001,281 CHEMIN DE JALAVOIR,281 CHEMIN DE JALAVOIR 74910 CHALLONGES,,,,,,,,0.2637,0.3182,,,,,$.data
FR*QOV*74-00001,FRQOV7400001,281 CHEMIN DE JALAVOIR,281 CHEMIN DE JALAVOIR 74910 CHALLONGES,204699-01,Type 2,22000,Unavailable,0.3504,€,,,,,,,,$.data.bornes[0].connectors[0]
FR*QOV*75-00014,FRQOV7500014,147-151 AVENUE DE FLANDRE,147-151 AVENUE DE FLANDRE 75019 PARIS,,,,,,,,0.0,0.41,,,,,$.data
FR*QOV*75-00014,FRQOV7500014,147-151 AVENUE DE FLANDRE,147-151 AVENUE DE FLANDRE 75019 PARIS,201127-01,Type 2,22000,Available,0.492,€,,,,,,,,$.data.bornes[0].connectors[0]
FR*QOV*75-00014,FRQOV7500014,147-151 AVENUE DE FLANDRE,147-151 AVENUE DE FLANDRE 75019 PARIS,200920-01,Type 2,22000,Available,0.492,€,,,,,,,,$.data.bornes[1].connectors[0]
FR*QOV*75-00014,FRQOV7500014,147-151 AVENUE DE FLANDRE,147-151 AVENUE DE FLANDRE 75019 PARIS,204104-01,Type 2,22000,Available,0.492,€,,,,,,,,$.data.bornes[2].connectors[0]
FR*QOV*75-00062,FRQOV7500062,66 Rue de la Fédération,66 Rue de la Fédération 75015 PARIS,,,,,,,,0.17,0.2276,,,,,$.data
FR*QOV*75-00062,FRQOV7500062,66 Rue de la Fédération,66 Rue de la Fédération 75015 PARIS,V25EL5EU20250601137ba0-01,Type 2,22000,Available,0.3504,€,,,,,,,,$.data.bornes[0].connectors[0]
FR*QOV*76-00001,FRQOV7600001,12 RUE ERNEST RENAN,12 RUE ERNEST RENAN 76800 SAINT-ETIENNE DE ROUVRAY,,,,,,,,0.2637,0.3182,,,,,$.data
FR*QOV*76-00001,FRQOV7600001,12 RUE ERNEST RENAN,12 RUE ERNEST RENAN 76800 SAINT-ETIENNE DE ROUVRAY,1316047-01,Type 2,22000,Available,0.3504,€,,,,,,,,$.data.bornes[0].connectors[0]
FR*QOV*76-00001,FRQOV7600001,12 RUE ERNEST RENAN,12 RUE ERNEST RENAN 76800 SAINT-ETIENNE DE ROUVRAY,1316039-01,Type 2,22000,Available,0.3504,€,,,,,,,,$.data.bornes[1].connectors[0]
FR*QOV*76-00001,FRQOV7600001,12 RUE ERNEST RENAN,12 RUE ERNEST RENAN 76800 SAINT-ETIENNE DE ROUVRAY,1316626-01,Type 2,22000,Available,0.3504,€,,,,,,,,$.data.bornes[2].connectors[0]
FR*QOV*76-00001,FRQOV7600001,12 RUE ERNEST RENAN,12 RUE ERNEST RENAN 76800 SAINT-ETIENNE DE ROUVRAY,1316623-01,Type 2,22000,Available,0.3504,€,,,,,,,,$.data.bornes[3].connectors[0]
FR*QOV*76-00003,FRQOV7600003,236 RUE DENIS PAPIN,236 RUE DENIS PAPIN 76360 BARENTIN,,,,,,,,0.0,0.41,,,,,$.data
FR*QOV*76-00003,FRQOV7600003,236 RUE DENIS PAPIN,236 RUE DENIS PAPIN 76360 BARENTIN,1319351-01,Type 2,22000,Available,0.492,€,,,,,,,,$.data.bornes[0].connectors[0]
FR*QOV*76-00003,FRQOV7600003,236 RUE DENIS PAPIN,236 RUE DENIS PAPIN 76360 BARENTIN,1299805-01,Type 2,22000,Available,0.492,€,,,,,,,,$.data.bornes[1].connectors[0]
FR*QOV*76-00003,FRQOV7600003,236 RUE DENIS PAPIN,236 RUE DENIS PAPIN 76360 BARENTIN,1612136-01,Type 2,22000,Available,0.492,€,,,,,,,,$.data.bornes[2].connectors[0]
FR*QOV*76-00003,FRQOV7600003,236 RUE DENIS PAPIN,236 RUE DENIS PAPIN 76360 BARENTIN,1612338-01,Type 2,22000,Available,0.492,€,,,,,,,,$.data.bornes[3].connectors[0]
FR*QOV*76-00003,FRQOV7600003,236 RUE DENIS PAPIN,236 RUE DENIS PAPIN 76360 BARENTIN,1612153-01,Type 2,22000,Available,0.492,€,,,,,,,,$.data.bornes[4].connectors[0]
FR*QOV*77-00003,FRQOV7700003,4 RUE GUSTAVE EIFFEL,4 RUE GUSTAVE EIFFEL 77140 NEMOURS,,,,,,,,0.2637,0.3182,,,,,$.data
FR*QOV*77-00003,FRQOV7700003,4 RUE GUSTAVE EIFFEL,4 RUE GUSTAVE EIFFEL 77140 NEMOURS,206134-01,Type 2,22000,Available,0.3504,€,,,,,,,,$.data.bornes[0].connectors[0]
FR*QOV*77-00003,FRQOV7700003,4 RUE GUSTAVE EIFFEL,4 RUE GUSTAVE EIFFEL 77140 NEMOURS,206659-01,Type 2,22000,Available,0.3504,€,,,,,,,,$.data.bornes[1].connectors[0]
FR*QOV*77-00003,FRQOV7700003,4 RUE GUSTAVE EIFFEL,4 RUE GUSTAVE EIFFEL 77140 NEMOURS,206197-01,Type 2,22000,Available,0.3504,€,,,,,,,,$.data.bornes[2].connectors[0]
FR*QOV*77-00003,FRQOV7700003,4 RUE GUSTAVE EIFFEL,4 RUE GUSTAVE EIFFEL 77140 NEMOURS,203132-01,Type 2,22000,Available,0.3504,€,,,,,,,,$.data.bornes[3].connectors[0]
FR*QOV*77-00003,FRQOV7700003,4 RUE GUSTAVE EIFFEL,4 RUE GUSTAVE EIFFEL 77140 NEMOURS,1318760-01,Type 2,22000,Available,0.3504,€,,,,,,,,$.data.bornes[4].connectors[0]
FR*QOV*77-00005,FRQOV7700005,114 RUE BERTAUX,114 RUE BERTAUX 77610 FONTENAY TRESIGNY,,,,,,,,0.0,0.41,,,,,$.data
FR*QOV*77-00005,FRQOV7700005,114 RUE BERTAUX,114 RUE BERTAUX 77610 FONTENAY TRESIGNY,750689-01,Type 2,22000,Available,0.492,€,,,,,,,,$.data.bornes[0].connectors[0]
FR*QOV*77-00005,FRQOV7700005,114 RUE BERTAUX,114 RUE BERTAUX 77610 FONTENAY TRESIGNY,751408-01,Type 2,22000,Available,0.492,€,,,,,,,,$.data.bornes[1].connectors[0]
FR*QOV*77-00005,FRQOV7700005,114 RUE BERTAUX,114 RUE BERTAUX 77610 FONTENAY TRESIGNY,751270-01,Type 2,22000,Available,0.492,€,,,,,,,,$.data.bornes[2].connectors[0]
FR*QOV*77-00005,FRQOV7700005,114 RUE BERTAUX,114 RUE BERTAUX 77610 FONTENAY TRESIGNY,745149-01,Type 2,22000,Available,0.492,€,,,,,,,,$.data.bornes[3].connectors[0]
FR*QOV*77-00005,FRQOV7700005,114 RUE BERTAUX,114 RUE BERTAUX 77610 FONTENAY TRESIGNY,745357-01,Type 2,22000,Available,0.492,€,,,,,,,,$.data.bornes[4].connectors[0]
FR*QOV*77-00005,FRQOV7700005,114 RUE BERTAUX,114 RUE BERTAUX 77610 FONTENAY TRESIGNY,746545-01,Type 2,22000,Available,0.492,€,,,,,,,,$.data.bornes[5].connectors[0]
FR*QOV*77-00006,FRQOV7700006,10 AVENUE DE LA FOSSE DES PRESSOIRS,10 AVENUE DE LA FOSSE DES PRESSOIRS 77700 MAGNY LE HONGRE,,,,,,,,0.0,0.41,,,,,$.data
FR*QOV*77-00006,FRQOV7700006,10 AVENUE DE LA FOSSE DES PRESSOIRS,10 AVENUE DE LA FOSSE DES PRESSOIRS 77700 MAGNY LE HONGRE,748758-01,Type 2,22000,Available,0.492,€,,,,,,,,$.data.bornes[0].connectors[0]
FR*QOV*77-00006,FRQOV7700006,10 AVENUE DE LA FOSSE DES PRESSOIRS,10 AVENUE DE LA FOSSE DES PRESSOIRS 77700 MAGNY LE HONGRE,796486-01,Type 2,22000,Available,0.492,€,,,,,,,,$.data.bornes[1].connectors[0]
FR*QOV*77-00006,FRQOV7700006,10 AVENUE DE LA FOSSE DES PRESSOIRS,10 AVENUE DE LA FOSSE DES PRESSOIRS 77700 MAGNY LE HONGRE,796804-01,Type 2,22000,Available,0.492,€,,,,,,,,$.data.bornes[2].connectors[0]
FR*QOV*77-00006,FRQOV7700006,10 AVENUE DE LA FOSSE DES PRESSOIRS,10 AVENUE DE LA FOSSE DES PRESSOIRS 77700 MAGNY LE HONGRE,796638-01,Type 2,22000,Available,0.492,€,,,,,,,,$.data.bornes[3].connectors[0]
FR*QOV*77-00006,FRQOV7700006,10 AVENUE DE LA FOSSE DES PRESSOIRS,10 AVENUE DE LA FOSSE DES PRESSOIRS 77700 MAGNY LE HONGRE,1310864-01,Type 2,22000,Available,0.492,€,,,,,,,,$.data.bornes[4].connectors[0]
FR*QOV*77-00017,FRQOV7700017,39 avenue du Maréchal Leclerc,39 avenue du Maréchal Leclerc 77460 SOUPPES SUR LONG,,,,,,,,0.17,0.2276,,,,,$.data
FR*QOV*77-00017,FRQOV7700017,39 avenue du Maréchal Leclerc,39 avenue du Maréchal Leclerc 77460 SOUPPES SUR LONG,1622100-01,Type 2,22000,Occupied,0.3504,€,,,,,,,,$.data.bornes[0].connectors[0]
FR*QOV*78-00003,FRQOV7800003,7 RUE AUGUSTIN FRESNEL,7 RUE AUGUSTIN FRESNEL 78410 AUBERGENVILLE,,,,,,,,0.2637,0.3182,,,,,$.data
FR*QOV*78-00003,FRQOV7800003,7 RUE AUGUSTIN FRESNEL,7 RUE AUGUSTIN FRESNEL 78410 AUBERGENVILLE,183629-01,Type 2,22000,Available,0.3504,€,,,,,,,,$.data.bornes[0].connectors[0]
FR*QOV*78-00003,FRQOV7800003,7 RUE AUGUSTIN FRESNEL,7 RUE AUGUSTIN FRESNEL 78410 AUBERGENVILLE,182871-01,Type 2,22000,Available,0.3504,€,,,,,,,,$.data.bornes[1].connectors[0]
FR*QOV*78-00003,FRQOV7800003,7 RUE AUGUSTIN FRESNEL,7 RUE AUGUSTIN FRESNEL 78410 AUBERGENVILLE,182642-01,Type 2,22000,Available,0.3504,€,,,,,,,,$.data.bornes[2].connectors[0]
FR*QOV*78-00003,FRQOV7800003,7 RUE AUGUSTIN FRESNEL,7 RUE AUGUSTIN FRESNEL 78410 AUBERGENVILLE,201544-01,Type 2,22000,Available,0.3504,€,,,,,,,,$.data.bornes[3].connectors[0]
FR*QOV*78-00003,FRQOV7800003,7 RUE AUGUSTIN FRESNEL,7 RUE AUGUSTIN FRESNEL 78410 AUBERGENVILLE,201618-01,Type 2,22000,Available,0.3504,€,,,,,,,,$.data.bornes[4].connectors[0]
FR*QOV*78-00009,FRQOV7800009,86 RUE DES POIRIERS,86 RUE DES POIRIERS 78370 PLAISIR,,,,,,,,0.0,0.41,,,,,$.data
FR*QOV*78-00009,FRQOV7800009,86 RUE DES POIRIERS,86 RUE DES POIRIERS 78370 PLAISIR,792617-01,Type 2,22000,Available,0.492,€,,,,,,,,$.data.bornes[0].connectors[0]
FR*QOV*78-00009,FRQOV7800009,86 RUE DES POIRIERS,86 RUE DES POIRIERS 78370 PLAISIR,304286-01,Type 2,22000,Unavailable,0.492,€,,,,,,,,$.data.bornes[1].connectors[0]
FR*QOV*78-00009,FRQOV7800009,86 RUE DES POIRIERS,86 RUE DES POIRIERS 78370 PLAISIR,304758-01,Type 2,22000,Available,0.492,€,,,,,,,,$.data.bornes[2].connectors[0]
FR*QOV*78-00009,FRQOV7800009,86 RUE DES POIRIERS,86 RUE DES POIRIERS 78370 PLAISIR,303952-01,Type 2,22000,Available,0.492,€,,,,,,,,$.data.bornes[3].connectors[0]
FR*QOV*78-00009,FRQOV7800009,86 RUE DES POIRIERS,86 RUE DES POIRIERS 78370 PLAISIR,304596-01,Type 2,22000,Available,0.492,€,,,,,,,,$.data.bornes[4].connectors[0]
FR*QOV*78-00027,FRQOV7800027,Aérodrome de Toussus-Le-Noble Zone Sud - Batiment 245,Aérodrome de Toussus-Le-Noble Zone Sud - Batiment 245 78117 TOUSSUS-LE-NOBLE,,,,,,,,0.17,0.2276,,,,,$.data
FR*QOV*78-00027,FRQOV7800027,Aérodrome de Toussus-Le-Noble Zone Sud - Batiment 245,Aérodrome de Toussus-Le-Noble Zone Sud - Batiment 245 78117 TOUSSUS-LE-NOBLE,V25EL5EU20245001266e36-01,Type 2,22000,Available,0.3504,€,,,,,,,,$.data.bornes[0].connectors[0]
FR*QOV*80-00001,FRQOV8000001,PARC D'ACTIVITE RUE HENRY POTEZ,PARC D'ACTIVITE RUE HENRY POTEZ 80300 ALBERT,,,,,,,,0.0,0.41,,,,,$.data
FR*QOV*80-00001,FRQOV8000001,PARC D'ACTIVITE RUE HENRY POTEZ,PARC D'ACTIVITE RUE HENRY POTEZ 80300 ALBERT,746831-01,Type 2,22000,Available,0.492,€,,,,,,,,$.data.bornes[0].connectors[0]
FR*QOV*80-00001,FRQOV8000001,PARC D'ACTIVITE RUE HENRY POTEZ,PARC D'ACTIVITE RUE HENRY POTEZ 80300 ALBERT,746064-01,Type 2,22000,Available,0.492,€,,,,,,,,$.data.bornes[1].connectors[0]
FR*QOV*80-00001,FRQOV8000001,PARC D'ACTIVITE RUE HENRY POTEZ,PARC D'ACTIVITE RUE HENRY POTEZ 80300 ALBERT,746256-01,Type 2,22000,Occupied,0.492,€,,,,,,,,$.data.bornes[2].connectors[0]
FR*QOV*80-00001,FRQOV8000001,PARC D'ACTIVITE RUE HENRY POTEZ,PARC D'ACTIVITE RUE HENRY POTEZ 80300 ALBERT,749169-01,Type 2,22000,Available,0.492,€,,,,,,,,$.data.bornes[3].connectors[0]
FR*QOV*80-00001,FRQOV8000001,PARC D'ACTIVITE RUE HENRY POTEZ,PARC D'ACTIVITE RUE HENRY POTEZ 80300 ALBERT,1320941-01,Type 2,22000,Available,0.492,€,,,,,,,,$.data.bornes[4].connectors[0]
FR*QOV*80-00007,FRQOV8000007,4 Rue de Ponthoile,4 Rue de Ponthoile 80860 Noyelles-sur-Mer,,,,,,,,0.0,0.44,,,,,$.data
FR*QOV*80-00007,FRQOV8000007,4 Rue de Ponthoile,4 Rue de Ponthoile 80860 Noyelles-sur-Mer,QOV0000107-01,Type 2,22000,Available,0.528,€,,,,,,,,$.data.bornes[0].connectors[0]
FR*QOV*81-00001,FRQOV8100001,1 AVENUE GEORGES POMPIDOU,1 AVENUE GEORGES POMPIDOU 81500 LAVAUR,,,,,,,,0.0,0.41,,,,,$.data
FR*QOV*81-00001,FRQOV8100001,1 AVENUE GEORGES POMPIDOU,1 AVENUE GEORGES POMPIDOU 81500 LAVAUR,201117-01,Type 2,22000,Available,0.492,€,,,,,,,,$.data.bornes[0].connectors[0]
FR*QOV*81-00001,FRQOV8100001,1 AVENUE GEORGES POMPIDOU,1 AVENUE GEORGES POMPIDOU 81500 LAVAUR,200919-01,Type 2,22000,Available,0.492,€,,,,,,,,$.data.bornes[1].connectors[0]
FR*QOV*81-00001,FRQOV8100001,1 AVENUE GEORGES POMPIDOU,1 AVENUE GEORGES POMPIDOU 81500 LAVAUR,206294-01,Type 2,22000,Available,0.492,€,,,,,,,,$.data.bornes[2].connectors[0]
FR*QOV*81-00001,FRQOV8100001,1 AVENUE GEORGES POMPIDOU,1 AVENUE GEORGES POMPIDOU 81500 LAVAUR,205517-01,Type 2,22000,Available,0.492,€,,,,,,,,$.data.bornes[3].connectors[0]
FR*QOV*81-00001,FRQOV8100001,1 AVENUE GEORGES POMPIDOU,1 AVENUE GEORGES POMPIDOU 81500 LAVAUR,1578408-01,Type 2,22000,Occupied,0.492,€,,,,,,,,$.data.bornes[4].connectors[0]
FR*QOV*82-00001,FRQOV8200001,ZAC DU PROUXET,ZAC DU PROUXET 82400 VALENCE,,,,,,,,0.2637,0.3182,,,,,$.data
FR*QOV*82-00001,FRQOV8200001,ZAC DU PROUXET,ZAC DU PROUXET 82400 VALENCE,206741-01,Type 2,22000,Unavailable,0.3504,€,,,,,,,,$.data.bornes[0].connectors[0]
FR*QOV*82-00001,FRQOV8200001,ZAC DU PROUXET,ZAC DU PROUXET 82400 VALENCE,206693-01,Type 2,22000,Available,0.3504,€,,,,,,,,$.data.bornes[1].connectors[0]
FR*QOV*82-00001,FRQOV8200001,ZAC DU PROUXET,ZAC DU PROUXET 82400 VALENCE,206796-01,Type 2,22000,Available,0.3504,€,,,,,,,,$.data.bornes[2].connectors[0]
FR*QOV*82-00001,FRQOV8200001,ZAC DU PROUXET,ZAC DU PROUXET 82400 VALENCE,206380-01,Type 2,22000,Available,0.3504,€,,,,,,,,$.data.bornes[3].connectors[0]
FR*QOV*82-00001,FRQOV8200001,ZAC DU PROUXET,ZAC DU PROUXET 82400 VALENCE,203791-01,Type 2,22000,Available,0.3504,€,,,,,,,,$.data.bornes[4].connectors[0]
FR*QOV*82-00005,FRQOV8200005,15 RUE SEPAT,15 RUE SEPAT 82370 CAMPSAS,,,,,,,,0.17,0.2276,,,,,$.data
FR*QOV*82-00005,FRQOV8200005,15 RUE SEPAT,15 RUE SEPAT 82370 CAMPSAS,V25EL5EU202506013790dd-01,Type 2,22000,Unavailable,0.3504,€,,,,,,,,$.data.bornes[0].connectors[0]
FR*QOV*83-00021,FRQOV8300021,1388 Boulevard des Graviers,1388 Boulevard des Graviers 83150 BANDOL,,,,,,,,0.17,0.2276,,,,,$.data
FR*QOV*83-00021,FRQOV8300021,1388 Boulevard des Graviers,1388 Boulevard des Graviers 83150 BANDOL,1618087-01,Type 2,22000,Occupied,0.3504,€,,,,,,,,$.data.bornes[0].connectors[0]
FR*QOV*83-00021,FRQOV8300021,1388 Boulevard des Graviers,1388 Boulevard des Graviers 83150 BANDOL,1617911-01,Type 2,22000,Available,0.3504,€,,,,,,,,$.data.bornes[1].connectors[0]
FR*QOV*83-00021,FRQOV8300021,1388 Boulevard des Graviers,1388 Boulevard des Graviers 83150 BANDOL,1617957-01,Type 2,22000,Occupied,0.3504,€,,,,,,,,$.data.bornes[2].connectors[0]
FR*QOV*84-00002,FRQOV8400002,601 AVENUE BOSCODOMINI,601 AVENUE BOSCODOMINI 84300 CAVAILLON,,,,,,,,0.0,0.41,,,,,$.data
FR*QOV*84-00002,FRQOV8400002,601 AVENUE BOSCODOMINI,601 AVENUE BOSCODOMINI 84300 CAVAILLON,748233-01,Type 2,22000,Available,0.492,€,,,,,,,,$.data.bornes[0].connectors[0]
FR*QOV*84-00002,FRQOV8400002,601 AVENUE BOSCODOMINI,601 AVENUE BOSCODOMINI 84300 CAVAILLON,795553-01,Type 2,22000,Occupied,0.492,€,,,,,,,,$.data.bornes[1].connectors[0]
FR*QOV*84-00002,FRQOV8400002,601 AVENUE BOSCODOMINI,601 AVENUE BOSCODOMINI 84300 CAVAILLON,795346-01,Type 2,22000,Available,0.492,€,,,,,,,,$.data.bornes[2].connectors[0]
FR*QOV*84-00002,FRQOV8400002,601 AVENUE BOSCODOMINI,601 AVENUE BOSCODOMINI 84300 CAVAILLON,795507-01,Type 2,22000,Unavailable,0.492,€,,,,,,,,$.data.bornes[3].connectors[0]
FR*QOV*84-00002,FRQOV8400002,601 AVENUE BOSCODOMINI,601 AVENUE BOSCODOMINI 84300 CAVAILLON,1584103-01,Type 2,22000,Available,0.492,€,,,,,,,,$.data.bornes[4].connectors[0]
FR*QOV*84-00003,FRQOV8400003,517 VOIE DOMITIENNE,517 VOIE DOMITIENNE 84400 APT,,,,,,,,0.0,0.41,,,,,$.data
FR*QOV*84-00003,FRQOV8400003,517 VOIE DOMITIENNE,517 VOIE DOMITIENNE 84400 APT,750955-01,Type 2,22000,Unavailable,0.492,€,,,,,,,,$.data.bornes[0].connectors[0]
FR*QOV*84-00003,FRQOV8400003,517 VOIE DOMITIENNE,517 VOIE DOMITIENNE 84400 APT,752329-01,Type 2,22000,Unavailable,0.492,€,,,,,,,,$.data.bornes[1].connectors[0]
FR*QOV*84-00003,FRQOV8400003,517 VOIE DOMITIENNE,517 VOIE DOMITIENNE 84400 APT,751966-01,Type 2,22000,Available,0.492,€,,,,,,,,$.data.bornes[2].connectors[0]
FR*QOV*84-00003,FRQOV8400003,517 VOIE DOMITIENNE,517 VOIE DOMITIENNE 84400 APT,745408-01,Type 2,22000,Available,0.492,€,,,,,,,,$.data.bornes[3].connectors[0]
FR*QOV*84-00003,FRQOV8400003,517 VOIE DOMITIENNE,517 VOIE DOMITIENNE 84400 APT,745327-01,Type 2,22000,Available,0.492,€,,,,,,,,$.data.bornes[4].connectors[0]
FR*QOV*87-00002,FRQOV8700002,DOMAINE DU VIGNAU - LIEU-DIT LE VIGNAU DU HAUT,DOMAINE DU VIGNAU - LIEU-DIT LE VIGNAU DU HAUT 87340 LA JONCHERE ST MAURICE,,,,,,,,0.2637,0.3182,,,,,$.data
FR*QOV*87-00002,FRQOV8700002,DOMAINE DU VIGNAU - LIEU-DIT LE VIGNAU DU HAUT,DOMAINE DU VIGNAU - LIEU-DIT LE VIGNAU DU HAUT 87340 LA JONCHERE ST MAURICE,203338-01,Type 2,22000,Available,0.3504,€,,,,,,,,$.data.bornes[0].connectors[0]
FR*QOV*87-00002,FRQOV8700002,DOMAINE DU VIGNAU - LIEU-DIT LE VIGNAU DU HAUT,DOMAINE DU VIGNAU - LIEU-DIT LE VIGNAU DU HAUT 87340 LA JONCHERE ST MAURICE,204696-01,Type 2,22000,Available,0.3504,€,,,,,,,,$.data.bornes[1].connectors[0]
FR*QOV*87-00005,FRQOV8700005,14 RUE GEORGES BRIQUET,14 RUE GEORGES BRIQUET 87100 LIMOGES,,,,,,,,0.2637,0.3182,,,,,$.data
FR*QOV*87-00005,FRQOV8700005,14 RUE GEORGES BRIQUET,14 RUE GEORGES BRIQUET 87100 LIMOGES,750335-01,Type 2,22000,Available,0.3504,€,,,,,,,,$.data.bornes[0].connectors[0]
FR*QOV*87-00005,FRQOV8700005,14 RUE GEORGES BRIQUET,14 RUE GEORGES BRIQUET 87100 LIMOGES,749119-01,Type 2,22000,Available,0.3504,€,,,,,,,,$.data.bornes[1].connectors[0]
FR*QOV*87-00005,FRQOV8700005,14 RUE GEORGES BRIQUET,14 RUE GEORGES BRIQUET 87100 LIMOGES,749096-01,Type 2,22000,Available,0.3504,€,,,,,,,,$.data.bornes[2].connectors[0]
FR*QOV*87-00005,FRQOV8700005,14 RUE GEORGES BRIQUET,14 RUE GEORGES BRIQUET 87100 LIMOGES,749186-01,Type 2,22000,Available,0.3504,€,,,,,,,,$.data.bornes[3].connectors[0]
FR*QOV*87-00005,FRQOV8700005,14 RUE GEORGES BRIQUET,14 RUE GEORGES BRIQUET 87100 LIMOGES,749194-01,Type 2,22000,Available,0.3504,€,,,,,,,,$.data.bornes[4].connectors[0]
FR*QOV*87-00005,FRQOV8700005,14 RUE GEORGES BRIQUET,14 RUE GEORGES BRIQUET 87100 LIMOGES,749371-01,Type 2,22000,Available,0.3504,€,,,,,,,,$.data.bornes[5].connectors[0]
FR*QOV*87-00005,FRQOV8700005,14 RUE GEORGES BRIQUET,14 RUE GEORGES BRIQUET 87100 LIMOGES,749313-01,Type 2,22000,Available,0.3504,€,,,,,,,,$.data.bornes[6].connectors[0]
FR*QOV*87-00005,FRQOV8700005,14 RUE GEORGES BRIQUET,14 RUE GEORGES BRIQUET 87100 LIMOGES,749381-01,Type 2,22000,Available,0.3504,€,,,,,,,,$.data.bornes[7].connectors[0]
FR*QOV*87-00005,FRQOV8700005,14 RUE GEORGES BRIQUET,14 RUE GEORGES BRIQUET 87100 LIMOGES,749455-01,Type 2,22000,Available,0.3504,€,,,,,,,,$.data.bornes[8].connectors[0]
FR*QOV*87-00007,FRQOV8700007,15-17 RUE D'ISLY,15-17 RUE D'ISLY 87100 LIMOGES,,,,,,,,0.17,0.2276,,,,,$.data
FR*QOV*87-00007,FRQOV8700007,15-17 RUE D'ISLY,15-17 RUE D'ISLY 87100 LIMOGES,1311688-01,Type 2,22000,Available,0.3504,€,,,,,,,,$.data.bornes[0].connectors[0]
FR*QOV*87-00007,FRQOV8700007,15-17 RUE D'ISLY,15-17 RUE D'ISLY 87100 LIMOGES,1310907-01,Type 2,22000,Available,0.3504,€,,,,,,,,$.data.bornes[1].connectors[0]
FR*QOV*87-00007,FRQOV8700007,15-17 RUE D'ISLY,15-17 RUE D'ISLY 87100 LIMOGES,1311981-01,Type 2,22000,Unavailable,0.3504,€,,,,,,,,$.data.bornes[2].connectors[0]
FR*QOV*87-00007,FRQOV8700007,15-17 RUE D'ISLY,15-17 RUE D'ISLY 87100 LIMOGES,1314166-01,Type 2,22000,Available,0.3504,€,,,,,,,,$.data.bornes[3].connectors[0]
FR*QOV*87-00007,FRQOV8700007,15-17 RUE D'ISLY,15-17 RUE D'ISLY 87100 LIMOGES,1434480-01,Type 2,22000,Available,0.3504,€,,,,,,,,$.data.bornes[4].connectors[0]
FR*QOV*87-00007,FRQOV8700007,15-17 RUE D'ISLY,15-17 RUE D'ISLY 87100 LIMOGES,1434735-01,Type 2,22000,Available,0.3504,€,,,,,,,,$.data.bornes[5].connectors[0]
FR*QOV*87-00007,FRQOV8700007,15-17 RUE D'ISLY,15-17 RUE D'ISLY 87100 LIMOGES,1434742-01,Type 2,22000,Available,0.3504,€,,,,,,,,$.data.bornes[6].connectors[0]
FR*QOV*87-00007,FRQOV8700007,15-17 RUE D'ISLY,15-17 RUE D'ISLY 87100 LIMOGES,1434569-01,Type 2,22000,Unavailable,0.3504,€,,,,,,,,$.data.bornes[7].connectors[0]
FR*QOV*87-00007,FRQOV8700007,15-17 RUE D'ISLY,15-17 RUE D'ISLY 87100 LIMOGES,1434660-01,Type 2,22000,Available,0.3504,€,,,,,,,,$.data.bornes[8].connectors[0]
FR*QOV*87-00007,FRQOV8700007,15-17 RUE D'ISLY,15-17 RUE D'ISLY 87100 LIMOGES,1434556-01,Type 2,22000,Available,0.3504,€,,,,,,,,$.data.bornes[9].connectors[0]
FR*QOV*87-00007,FRQOV8700007,15-17 RUE D'ISLY,15-17 RUE D'ISLY 87100 LIMOGES,1434688-01,Type 2,22000,Available,0.3504,€,,,,,,,,$.data.bornes[10].connectors[0]
FR*QOV*87-00007,FRQOV8700007,15-17 RUE D'ISLY,15-17 RUE D'ISLY 87100 LIMOGES,1583508-01,Type 2,22000,Available,0.3504,€,,,,,,,,$.data.bornes[11].connectors[0]
FR*QOV*88-00001,FRQOV8800001,54 ROUTE DE JEUXEY,54 ROUTE DE JEUXEY 88000 EPINAL,,,,,,,,0.0,0.41,,,,,$.data
FR*QOV*88-00001,FRQOV8800001,54 ROUTE DE JEUXEY,54 ROUTE DE JEUXEY 88000 EPINAL,745593-01,Type 2,22000,Available,0.492,€,,,,,,,,$.data.bornes[0].connectors[0]
FR*QOV*88-00001,FRQOV8800001,54 ROUTE DE JEUXEY,54 ROUTE DE JEUXEY 88000 EPINAL,745534-01,Type 2,22000,Available,0.492,€,,,,,,,,$.data.bornes[1].connectors[0]
FR*QOV*88-00001,FRQOV8800001,54 ROUTE DE JEUXEY,54 ROUTE DE JEUXEY 88000 EPINAL,745526-01,Type 2,22000,Available,0.492,€,,,,,,,,$.data.bornes[2].connectors[0]
FR*QOV*88-00001,FRQOV8800001,54 ROUTE DE JEUXEY,54 ROUTE DE JEUXEY 88000 EPINAL,749802-01,Type 2,22000,Available,0.492,€,,,,,,,,$.data.bornes[3].connectors[0]
FR*QOV*88-00001,FRQOV8800001,54 ROUTE DE JEUXEY,54 ROUTE DE JEUXEY 88000 EPINAL,749967-01,Type 2,22000,Occupied,0.492,€,,,,,,,,$.data.bornes[4].connectors[0]
FR*QOV*88-00001,FRQOV8800001,54 ROUTE DE JEUXEY,54 ROUTE DE JEUXEY 88000 EPINAL,749464-01,Type 2,22000,Available,0.492,€,,,,,,,,$.data.bornes[5].connectors[0]
FR*QOV*88-00005,FRQOV8800005,2 La Moineaudiere,2 La Moineaudiere 88400 Xonrupt-Longemer,,,,,,,,0.17,0.44,,,,,$.data
FR*QOV*88-00005,FRQOV8800005,2 La Moineaudiere,2 La Moineaudiere 88400 Xonrupt-Longemer,1306323-01,Type 2,22000,Available,0.492,€,,,,,,,,$.data.bornes[0].connectors[0]
FR*QOV*88-00005,FRQOV8800005,2 La Moineaudiere,2 La Moineaudiere 88400 Xonrupt-Longemer,1618968-01,Type 2,22000,Available,0.3504,€,,,,,,,,$.data.bornes[1].connectors[0]
FR*QOV*88-00005,FRQOV8800005,2 La Moineaudiere,2 La Moineaudiere 88400 Xonrupt-Longemer,1581635-01,Type 2,22000,Available,0.3504,€,,,,,,,,$.data.bornes[2].connectors[0]
FR*QOV*88-00005,FRQOV8800005,2 La Moineaudiere,2 La Moineaudiere 88400 Xonrupt-Longemer,1581324-01,Type 2,22000,Available,0.3504,€,,,,,,,,$.data.bornes[3].connectors[0]
FR*QOV*89-00001,FRQOV8900001,2 RUE DES FONDRIERES,2 RUE DES FONDRIERES 89100 ST CLEMENT,,,,,,,,0.0,0.41,,,,,$.data
FR*QOV*89-00001,FRQOV8900001,2 RUE DES FONDRIERES,2 RUE DES FONDRIERES 89100 ST CLEMENT,748753-01,Type 2,22000,Available,0.492,€,,,,,,,,$.data.bornes[0].connectors[0]
FR*QOV*89-00001,FRQOV8900001,2 RUE DES FONDRIERES,2 RUE DES FONDRIERES 89100 ST CLEMENT,800662-01,Type 2,22000,Unavailable,0.492,€,,,,,,,,$.data.bornes[1].connectors[0]
FR*QOV*89-00001,FRQOV8900001,2 RUE DES FONDRIERES,2 RUE DES FONDRIERES 89100 ST CLEMENT,800818-01,Type 2,22000,Available,0.492,€,,,,,,,,$.data.bornes[2].connectors[0]
FR*QOV*89-00001,FRQOV8900001,2 RUE DES FONDRIERES,2 RUE DES FONDRIERES 89100 ST CLEMENT,800843-01,Type 2,22000,Available,0.492,€,,,,,,,,$.data.bornes[3].connectors[0]
FR*QOV*89-00001,FRQOV8900001,2 RUE DES FONDRIERES,2 RUE DES FONDRIERES 89100 ST CLEMENT,799597-01,Type 2,22000,Occupied,0.492,€,,,,,,,,$.data.bornes[4].connectors[0]
FR*QOV*91-00004,FRQOV9100004,14 RUE DE LA REUNION,14 RUE DE LA REUNION 91140 LES ULIS,,,,,,,,0.0,0.41,,,,,$.data
FR*QOV*91-00004,FRQOV9100004,14 RUE DE LA REUNION,14 RUE DE LA REUNION 91140 LES ULIS,744790-01,Type 2,22000,Available,0.492,€,,,,,,,,$.data.bornes[0].connectors[0]
FR*QOV*91-00004,FRQOV9100004,14 RUE DE LA REUNION,14 RUE DE LA REUNION 91140 LES ULIS,744697-01,Type 2,22000,Available,0.492,€,,,,,,,,$.data.bornes[1].connectors[0]
FR*QOV*91-00004,FRQOV9100004,14 RUE DE LA REUNION,14 RUE DE LA REUNION 91140 LES ULIS,744803-01,Type 2,22000,Unavailable,0.492,€,,,,,,,,$.data.bornes[2].connectors[0]
FR*QOV*91-00004,FRQOV9100004,14 RUE DE LA REUNION,14 RUE DE LA REUNION 91140 LES ULIS,744797-01,Type 2,22000,Available,0.492,€,,,,,,,,$.data.bornes[3].connectors[0]
FR*QOV*91-00004,FRQOV9100004,14 RUE DE LA REUNION,14 RUE DE LA REUNION 91140 LES ULIS,745287-01,Type 2,22000,Available,0.492,€,,,,,,,,$.data.bornes[4].connectors[0]
FR*QOV*91-00006,FRQOV9100006,6 RUE LOUISE DE VILMORIN,6 RUE LOUISE DE VILMORIN 91630 AVRAINVILLE,,,,,,,,0.2637,0.3182,,,,,$.data
FR*QOV*91-00006,FRQOV9100006,6 RUE LOUISE DE VILMORIN,6 RUE LOUISE DE VILMORIN 91630 AVRAINVILLE,750745-01,Type 2,22000,Available,0.3504,€,,,,,,,,$.data.bornes[0].connectors[0]
FR*QOV*91-00006,FRQOV9100006,6 RUE LOUISE DE VILMORIN,6 RUE LOUISE DE VILMORIN 91630 AVRAINVILLE,751970-01,Type 2,22000,Available,0.3504,€,,,,,,,,$.data.bornes[1].connectors[0]
FR*QOV*91-00006,FRQOV9100006,6 RUE LOUISE DE VILMORIN,6 RUE LOUISE DE VILMORIN 91630 AVRAINVILLE,751413-01,Type 2,22000,Available,0.3504,€,,,,,,,,$.data.bornes[2].connectors[0]
FR*QOV*91-00006,FRQOV9100006,6 RUE LOUISE DE VILMORIN,6 RUE LOUISE DE VILMORIN 91630 AVRAINVILLE,751793-01,Type 2,22000,Available,0.3504,€,,,,,,,,$.data.bornes[3].connectors[0]
FR*QOV*91-00006,FRQOV9100006,6 RUE LOUISE DE VILMORIN,6 RUE LOUISE DE VILMORIN 91630 AVRAINVILLE,745151-01,Type 2,22000,Unavailable,0.3504,€,,,,,,,,$.data.bornes[4].connectors[0]
FR*QOV*91-00006,FRQOV9100006,6 RUE LOUISE DE VILMORIN,6 RUE LOUISE DE VILMORIN 91630 AVRAINVILLE,744883-01,Type 2,22000,Unavailable,0.3504,€,,,,,,,,$.data.bornes[5].connectors[0]
FR*QOV*92-00001,FRQOV9200001,2A RUE DANTON,2A RUE DANTON 92120 MONTROUGE,,,,,,,,0.2637,0.3182,,,,,$.data
FR*QOV*92-00001,FRQOV9200001,2A RUE DANTON,2A RUE DANTON 92120 MONTROUGE,184056-01,Type 2,22000,Available,0.3504,€,,,,,,,,$.data.bornes[0].connectors[0]
FR*QOV*92-00001,FRQOV9200001,2A RUE DANTON,2A RUE DANTON 92120 MONTROUGE,184523-01,Type 2,22000,Available,0.3504,€,,,,,,,,$.data.bornes[1].connectors[0]
FR*QOV*92-00001,FRQOV9200001,2A RUE DANTON,2A RUE DANTON 92120 MONTROUGE,184131-01,Type 2,22000,Available,0.3504,€,,,,,,,,$.data.bornes[2].connectors[0]
FR*QOV*92-00001,FRQOV9200001,2A RUE DANTON,2A RUE DANTON 92120 MONTROUGE,184478-01,Type 2,22000,Available,0.3504,€,,,,,,,,$.data.bornes[3].connectors[0]
FR*QOV*92-00001,FRQOV9200001,2A RUE DANTON,2A RUE DANTON 92120 MONTROUGE,205917-01,Type 2,22000,Available,0.3504,€,,,,,,,,$.data.bornes[4].connectors[0]
FR*QOV*92-00023,FRQOV9200023,32 Avenue Aristide Briand,32 Avenue Aristide Briand 94110 ARCUEIL,,,,,,,,0.0,0.27,,,,,$.data
FR*QOV*92-00023,FRQOV9200023,32 Avenue Aristide Briand,32 Avenue Aristide Briand 94110 ARCUEIL,PBLR0022846-01,Type 2,22000,Unavailable,0.3504,€,,,,,,,,$.data.bornes[0].connectors[0]
FR*QOV*92-00028,FRQOV9200028,7-9 rue des Quatres Cheminée,7-9 rue des Quatres Cheminée 92100 BOULOGNE-BILLANCOURT,,,,,,,,0.17,0.2276,,,,,$.data
FR*QOV*92-00028,FRQOV9200028,7-9 rue des Quatres Cheminée,7-9 rue des Quatres Cheminée 92100 BOULOGNE-BILLANCOURT,1434803-01,Type 2,22000,Available,0.3504,€,,,,,,,,$.data.bornes[0].connectors[0]
FR*QOV*94-00002,FRQOV9400002,55 AVENUE DU PRESIDENT WILSON,55 AVENUE DU PRESIDENT WILSON 94230 CACHAN,,,,,,,,0.2637,0.3182,,,,,$.data
FR*QOV*94-00002,FRQOV9400002,55 AVENUE DU PRESIDENT WILSON,55 AVENUE DU PRESIDENT WILSON 94230 CACHAN,207590-01,Type 2,22000,Occupied,0.3504,€,,,,,,,,$.data.bornes[0].connectors[0]
FR*QOV*94-00002,FRQOV9400002,55 AVENUE DU PRESIDENT WILSON,55 AVENUE DU PRESIDENT WILSON 94230 CACHAN,207422-01,Type 2,22000,Available,0.3504,€,,,,,,,,$.data.bornes[1].connectors[0]
FR*QOV*94-00002,FRQOV9400002,55 AVENUE DU PRESIDENT WILSON,55 AVENUE DU PRESIDENT WILSON 94230 CACHAN,206679-01,Type 2,22000,Available,0.3504,€,,,,,,,,$.data.bornes[2].connectors[0]
FR*QOV*94-00002,FRQOV9400002,55 AVENUE DU PRESIDENT WILSON,55 AVENUE DU PRESIDENT WILSON 94230 CACHAN,203935-01,Type 2,22000,Available,0.3504,€,,,,,,,,$.data.bornes[3].connectors[0]
FR*QOV*94-00037,FRQOV9400037,32 Avenue Aristide Briand,32 Avenue Aristide Briand 94110 ARCUEIL,,,,,,,,0.0,0.292,,,,,$.data
FR*QOV*94-00037,FRQOV9400037,32 Avenue Aristide Briand,32 Avenue Aristide Briand 94110 ARCUEIL,LCTC*1234*13305*1*01,Type 2,22000,Available,0.3504,€,,,,,,,,$.data.bornes[0].connectors[0]
FR*QOV*94-00037,FRQOV9400037,32 Avenue Aristide Briand,32 Avenue Aristide Briand 94110 ARCUEIL,LCTC*1234*13305*1*02,Type 2,22000,Available,0.3504,€,,,,,,,,$.data.bornes[0].connectors[1]
FR*QOV*94-00037,FRQOV9400037,32 Avenue Aristide Briand,32 Avenue Aristide Briand 94110 ARCUEIL,CPVM000001-04,Type 2,22000,Unavailable,0.27312,€,,,,,,,,$.data.bornes[1].connectors[0]
FR*QOV*94-00037,FRQOV9400037,32 Avenue Aristide Briand,32 Avenue Aristide Briand 94110 ARCUEIL,CPVM000001-03,Type 2,22000,Unavailable,0.27312,€,,,,,,,,$.data.bornes[1].connectors[1]
FR*QOV*94-00037,FRQOV9400037,32 Avenue Aristide Briand,32 Avenue Aristide Briand 94110 ARCUEIL,CPVM000001-01,Type 2,22000,Available,0.27312,€,,,,,,,,$.data.bornes[1].connectors[2]
FR*QOV*94-00037,FRQOV9400037,32 Avenue Aristide Briand,32 Avenue Aristide Briand 94110 ARCUEIL,CPVM000001-02,Type 2,22000,Available,0.27312,€,,,,,,,,$.data.bornes[1].connectors[3]
FR*QOV*94-00037,FRQOV9400037,32 Avenue Aristide Briand,32 Avenue Aristide Briand 94110 ARCUEIL,KRN000001-01,Type 2,22000,Unavailable,0.27312,€,,,,,,,,$.data.bornes[2].connectors[0]
FR*QOV*94-00037,FRQOV9400037,32 Avenue Aristide Briand,32 Avenue Aristide Briand 94110 ARCUEIL,KRN000001-02,Type 2,22000,Unavailable,0.27312,€,,,,,,,,$.data.bornes[2].connectors[1]
FR*QOV*95-00001,FRQOV9500001,1 AVENUE DE LA DEMI-LUNE,1 AVENUE DE LA DEMI-LUNE 95700 ROISSY EN FRANCE,,,,,,,,0.2637,0.3182,,,,,$.data
FR*QOV*95-00001,FRQOV9500001,1 AVENUE DE LA DEMI-LUNE,1 AVENUE DE LA DEMI-LUNE 95700 ROISSY EN FRANCE,206680-01,Type 2,22000,Available,0.3504,€,,,,,,,,$.data.bornes[0].connectors[0]
FR*QOV*95-00001,FRQOV9500001,1 AVENUE DE LA DEMI-LUNE,1 AVENUE DE LA DEMI-LUNE 95700 ROISSY EN FRANCE,206734-01,Type 2,22000,Available,0.3504,€,,,,,,,,$.data.bornes[1].connectors[0]
FR*QOV*95-00001,FRQOV9500001,1 AVENUE DE LA DEMI-LUNE,1 AVENUE DE LA DEMI-LUNE 95700 ROISSY EN FRANCE,206674-01,Type 2,22000,Available,0.3504,€,,,,,,,,$.data.bornes[2].connectors[0]
FR*QOV*95-00001,FRQOV9500001,1 AVENUE DE LA DEMI-LUNE,1 AVENUE DE LA DEMI-LUNE 95700 ROISSY EN FRANCE,204437-01,Type 2,22000,Occupied,0.3504,€,,,,,,,,$.data.bornes[3].connectors[0]
FR*QOV*95-00001,FRQOV9500001,1 AVENUE DE LA DEMI-LUNE,1 AVENUE DE LA DEMI-LUNE 95700 ROISSY EN FRANCE,203134-01,Type 2,22000,Available,0.3504,€,,,,,,,,$.data.bornes[4].connectors[0]
FR*QOV*95-00003,FRQOV9500003,16 RUE AMPERE,16 RUE AMPERE 95300 PONTOISE,,,,,,,,0.2637,0.3182,,,,,$.data
FR*QOV*95-00003,FRQOV9500003,16 RUE AMPERE,16 RUE AMPERE 95300 PONTOISE,795739-01,Type 2,22000,Available,0.3504,€,,,,,,,,$.data.bornes[0].connectors[0]
FR*QOV*95-00003,FRQOV9500003,16 RUE AMPERE,16 RUE AMPERE 95300 PONTOISE,792303-01,Type 2,22000,Available,0.3504,€,,,,,,,,$.data.bornes[1].connectors[0]
